# Blender 5.0.0
# www.blender.org
mtllib Cloud.mtl
o clouds_1_2.012
v 28.678946 16.220589 -34.912376
v 28.678946 17.628876 -34.912376
v 30.301632 16.184406 -34.912384
v 30.184334 16.095768 -35.663979
v 29.820431 16.294392 -36.280563
v 29.298691 16.227512 -36.709167
v 28.678961 16.047749 -36.884422
v 28.056957 16.153732 -36.719593
v 27.527023 16.105610 -36.300636
v 27.202724 16.508087 -35.640743
v 27.042816 16.006748 -34.912350
v 27.173681 16.097515 -34.160873
v 27.534309 16.236412 -33.538124
v 28.056862 16.149136 -33.104752
v 28.678940 16.158558 -32.957088
v 29.299332 16.206585 -33.112598
v 29.829346 16.133011 -33.527046
v 30.169971 16.299900 -34.172230
v 31.633404 16.586796 -34.912376
v 31.419792 16.527771 -36.268867
v 30.763744 16.622467 -37.394405
v 29.814674 16.526299 -38.189438
v 28.678946 16.558296 -38.448093
v 27.536945 16.442085 -38.218048
v 26.534956 16.199978 -37.506527
v 25.919109 16.426003 -36.283817
v 25.725542 16.591969 -34.912376
v 25.990997 16.811245 -33.597519
v 26.568497 16.439381 -32.381760
v 27.541786 16.507050 -31.628777
v 28.678946 16.671856 -31.418098
v 29.856571 15.963832 -31.444227
v 30.806118 16.320023 -32.350086
v 31.390316 16.685738 -33.579086
v 32.442879 16.961990 -34.912376
v 32.263504 16.720261 -36.687885
v 31.472273 16.570095 -38.285694
v 30.136890 16.874039 -39.078182
v 28.678946 16.734066 -39.541634
v 27.162750 16.543720 -39.339931
v 25.959656 16.794701 -38.148026
v 25.201010 16.963524 -36.605854
v 24.705046 16.523407 -34.912376
v 24.919130 16.320408 -33.002033
v 25.930304 16.705654 -31.622150
v 27.210848 16.816467 -30.700951
v 28.678946 16.814060 -30.351543
v 30.194050 16.549919 -30.489731
v 31.473217 16.567238 -31.537310
v 32.426739 16.347839 -33.011284
v 32.837421 16.960812 -34.912376
v 32.615479 16.960812 -36.877502
v 31.811226 16.960808 -38.763996
v 30.359394 16.960808 -39.880062
v 28.678946 16.960808 -40.349270
v 27.025585 16.960808 -39.758957
v 25.626112 16.960808 -38.617359
v 24.612938 16.960812 -36.976086
v 24.380655 16.960812 -34.912376
v 24.460245 16.960812 -32.732403
v 25.865044 16.960812 -31.648413
v 26.922234 16.960812 -29.603695
v 28.678946 16.960812 -29.639736
v 30.270266 16.960812 -30.343204
v 31.892780 16.960812 -30.910231
v 32.427063 16.960812 -33.090710
v 32.608192 17.304939 -34.912376
v 32.383865 17.475964 -36.780483
v 31.521576 17.501095 -38.377373
v 30.156216 17.157154 -39.165016
v 28.678946 17.603508 -39.897427
v 27.217007 17.070225 -39.096130
v 25.953814 17.144634 -38.158886
v 25.093378 17.203659 -36.688660
v 24.676853 17.457104 -34.912376
v 24.992817 17.433094 -33.058727
v 25.874714 17.384609 -31.518784
v 27.179951 17.280369 -30.562105
v 28.678946 17.417633 -30.086325
v 30.189962 17.348526 -30.508097
v 31.437328 17.245510 -31.604042
v 32.208008 17.074738 -33.179565
v 31.750046 17.907547 -34.912376
v 31.447432 17.541958 -36.290623
v 30.777771 17.399269 -37.420975
v 29.845753 17.812546 -38.331188
v 28.678946 17.582703 -38.528137
v 27.527943 17.600399 -38.259113
v 26.511711 17.887547 -37.550552
v 25.930119 17.436615 -36.275150
v 25.669716 17.603767 -34.912376
v 25.888359 17.660404 -33.516735
v 26.611370 17.176239 -32.462967
v 27.513538 17.793774 -31.499949
v 28.678946 17.347469 -31.382450
v 29.842756 17.772320 -31.507238
v 30.815735 17.670231 -32.331871
v 31.489904 17.769569 -33.500702
v 30.288345 17.588524 -34.912376
v 30.198978 17.953304 -35.675774
v 29.835442 17.857334 -36.309563
v 29.291595 17.494854 -36.676174
v 28.678946 17.665684 -36.852627
v 28.065121 17.527367 -36.681644
v 27.542603 17.561836 -36.270603
v 27.192539 17.582607 -35.648792
v 27.104095 17.238930 -34.912376
v 27.176357 17.761024 -34.162975
v 27.533445 17.696110 -33.536446
v 28.062008 17.613491 -33.128620
v 28.678946 17.693504 -32.967113
v 29.299580 17.715683 -33.111423
v 29.822475 17.667183 -33.540260
v 30.166048 17.590275 -34.175404
vn 0.3046 -0.9524 0.0100
vn 0.3309 -0.9430 0.0341
vn 0.3535 -0.9338 0.0550
vn 0.1644 -0.9576 -0.2364
vn 0.0826 -0.9608 -0.2648
vn -0.0183 -0.9548 -0.2967
vn 0.2052 -0.9715 -0.1186
vn 0.2108 -0.9703 -0.1185
vn 0.2212 -0.9680 -0.1183
vn 0.1299 -0.9645 -0.2298
vn 0.1862 -0.9509 -0.2472
vn 0.3416 -0.8934 -0.2917
vn -0.0936 -0.9614 -0.2587
vn -0.0418 -0.9694 -0.2419
vn -0.2372 -0.9235 -0.3015
vn 0.0269 -0.9846 -0.1726
vn 0.0659 -0.9829 -0.1721
vn -0.0473 -0.9838 -0.1729
vn -0.2737 -0.9284 0.2513
vn -0.1510 -0.9652 0.2134
vn -0.4428 -0.8456 0.2981
vn 0.0206 -0.9513 -0.3077
vn -0.2363 -0.9663 -0.1018
vn 0.3002 -0.8152 -0.4952
vn -0.4064 -0.8873 0.2178
vn -0.4259 -0.8825 0.1993
vn -0.4426 -0.8779 0.1831
vn -0.3961 -0.9173 0.0415
vn -0.2024 -0.9722 0.1180
vn 0.0329 -0.9794 0.1994
vn -0.1120 -0.9838 0.1399
vn -0.1701 -0.9756 0.1389
vn -0.2720 -0.9526 0.1361
vn 0.0405 -0.9585 0.2821
vn 0.0145 -0.9566 0.2911
vn -0.0606 -0.9469 0.3158
vn -0.2250 -0.9575 0.1805
vn -0.3195 -0.9371 0.1403
vn 0.1510 -0.9378 0.3128
vn 0.0175 -0.9965 -0.0812
vn 0.1387 -0.9869 -0.0820
vn -0.1958 -0.9776 -0.0768
vn 0.3155 -0.9437 -0.0997
vn 0.3332 -0.9369 -0.1060
vn 0.2927 -0.9518 -0.0917
vn 0.2403 -0.9568 0.1636
vn 0.2698 -0.9530 0.1381
vn 0.2122 -0.9591 0.1874
vn 0.3207 -0.9462 0.0427
vn 0.3422 -0.9383 0.0509
vn 0.2257 -0.9742 0.0069
vn 0.0416 -0.9989 -0.0199
vn 0.0937 -0.9954 -0.0185
vn -0.1031 -0.9944 -0.0235
vn 0.1094 -0.9763 -0.1866
vn -0.0334 -0.9902 -0.1355
vn 0.3027 -0.9197 -0.2501
vn 0.0720 -0.9750 -0.2103
vn 0.1349 -0.9561 -0.2602
vn 0.0083 -0.9873 -0.1587
vn 0.0965 -0.9862 -0.1343
vn 0.0834 -0.9858 -0.1455
vn 0.0683 -0.9850 -0.1583
vn -0.2872 -0.9189 -0.2706
vn -0.1175 -0.9680 -0.2217
vn 0.1406 -0.9807 -0.1357
vn -0.5690 -0.8043 -0.1714
vn -0.5809 -0.7960 -0.1701
vn -0.6132 -0.7723 -0.1661
vn -0.2246 -0.9641 -0.1419
vn -0.2961 -0.9480 -0.1163
vn -0.6025 -0.7980 0.0115
vn 0.2522 -0.9672 -0.0310
vn 0.2566 -0.9661 -0.0290
vn 0.4429 -0.8946 0.0598
vn -0.0230 -0.9983 -0.0541
vn 0.0895 -0.9947 -0.0504
vn -0.4457 -0.8931 -0.0614
vn -0.1244 -0.9570 0.2622
vn -0.1122 -0.9596 0.2581
vn -0.1408 -0.9532 0.2677
vn 0.0512 -0.9804 0.1901
vn -0.0176 -0.9685 0.2485
vn 0.1183 -0.9843 0.1312
vn -0.3359 -0.8335 0.4387
vn -0.2419 -0.9313 0.2724
vn -0.4110 -0.7049 0.5781
vn 0.3011 -0.9293 0.2139
vn 0.4089 -0.8796 0.2432
vn 0.5601 -0.7795 0.2806
vn -0.0185 -0.9982 -0.0572
vn 0.0772 -0.9952 -0.0609
vn 0.4201 -0.9048 -0.0696
vn 0.1259 -0.9865 -0.1050
vn 0.0769 -0.9866 -0.1437
vn 0.4162 -0.8980 0.1425
vn 0.4780 -0.8773 0.0425
vn 0.1135 -0.9935 0.0106
vn 0.5823 -0.8113 0.0516
vn 0.5658 -0.7959 -0.2155
vn 0.5020 -0.8398 -0.2067
vn 0.5888 -0.7782 -0.2184
vn -0.0316 -0.9756 -0.2171
vn 0.2397 -0.8909 -0.3857
vn -0.1375 -0.9800 -0.1442
vn 0.1393 -0.9642 -0.2256
vn 0.0560 -0.9897 -0.1318
vn 0.1756 -0.9478 -0.2661
vn -0.0301 -0.7974 -0.6026
vn -0.0837 -0.9365 -0.3405
vn -0.0047 -0.7095 -0.7047
vn -0.2521 -0.9313 -0.2628
vn -0.5213 -0.7420 -0.4214
vn -0.5944 -0.6588 -0.4612
vn -0.0668 -0.9977 -0.0128
vn -0.2622 -0.9635 -0.0541
vn -0.3586 -0.9305 -0.0745
vn -0.5853 -0.7592 -0.2848
vn -0.1738 -0.9810 -0.0858
vn -0.7483 -0.5550 -0.3634
vn -0.8058 -0.5915 0.0282
vn -0.8041 -0.5939 0.0289
vn -0.8070 -0.5899 0.0277
vn -0.7199 -0.2796 0.6353
vn -0.5254 -0.5663 0.6351
vn -0.7804 -0.1368 0.6101
vn -0.1225 -0.9754 0.1835
vn -0.7766 -0.4520 0.4388
vn -0.0068 -0.9917 0.1287
vn -0.0341 -0.9829 0.1808
vn -0.0061 -0.9897 0.1430
vn -0.0496 -0.9782 0.2017
vn 0.0463 -0.5491 0.8345
vn 0.0862 -0.9510 0.2968
vn 0.0264 -0.3401 0.9400
vn 0.2235 -0.8363 0.5007
vn 0.5001 -0.5357 0.6804
vn 0.5926 -0.3658 0.7176
vn 0.8542 -0.2303 0.4662
vn 0.6780 -0.6947 0.2403
vn 0.8423 0.0688 0.5346
vn 0.2725 -0.9622 0.0010
vn 0.9825 -0.1863 0.0084
vn 1.0000 0.0006 0.0087
vn 0.8911 0.4476 -0.0751
vn 0.8490 0.5210 -0.0881
vn 0.8286 0.5519 -0.0936
vn 0.7278 0.5828 -0.3615
vn 0.7959 0.4891 -0.3568
vn 0.8269 0.4382 -0.3525
vn 0.0492 0.9272 -0.3714
vn 0.3497 0.7623 -0.5446
vn 0.4543 0.6665 -0.5910
vn 0.4215 0.6490 -0.6334
vn 0.1604 0.9218 -0.3530
vn 0.0687 0.9668 -0.2460
vn -0.1577 0.9507 -0.2669
vn -0.4745 0.6355 -0.6091
vn -0.0528 0.9876 -0.1478
vn -0.1712 0.9592 -0.2249
vn -0.0812 0.9826 -0.1673
vn -0.1964 0.9505 -0.2407
vn -0.3245 0.9232 -0.2059
vn -0.2816 0.9393 -0.1961
vn -0.3386 0.9174 -0.2091
vn -0.7470 0.6296 -0.2136
vn -0.5393 0.8359 -0.1021
vn -0.4275 0.9027 -0.0481
vn -0.7081 0.7040 0.0545
vn -0.7944 0.5973 0.1102
vn -0.6551 0.7552 0.0239
vn -0.8261 0.1202 0.5506
vn -0.5019 0.6777 0.5374
vn -0.3843 0.7774 0.4980
vn -0.4493 0.8429 0.2959
vn -0.6519 0.1727 0.7383
vn -0.3828 0.9024 0.1979
vn -0.1983 0.7807 0.5926
vn -0.0398 0.9224 0.3842
vn 0.0065 0.9481 0.3179
vn 0.3404 0.4819 0.8074
vn 0.2503 0.6439 0.7230
vn 0.3655 0.4274 0.8269
vn 0.1821 0.9094 0.3739
vn 0.5174 0.5965 0.6136
vn 0.1100 0.9428 0.3147
vn 0.4197 0.9014 0.1068
vn 0.4134 0.9048 0.1020
vn 0.4122 0.9055 0.1010
vn 0.7777 0.5990 0.1905
vn 0.4807 0.8517 0.2087
vn 0.8180 0.5449 0.1843
vn 0.2801 0.9518 -0.1248
vn 0.3310 0.9378 -0.1044
vn 0.5747 0.8184 0.0059
vn -0.0595 0.9980 -0.0217
vn -0.0304 0.9993 -0.0206
vn 0.0612 0.9980 -0.0174
vn 0.3157 0.9180 -0.2400
vn 0.0755 0.9836 -0.1635
vn -0.2110 0.9756 -0.0602
vn 0.0528 0.9839 -0.1707
vn 0.2525 0.9165 -0.3104
vn 0.4527 0.7751 -0.4407
vn -0.3366 0.9119 -0.2348
vn -0.1752 0.9770 -0.1212
vn -0.4796 0.8108 -0.3354
vn -0.2841 0.7879 -0.5463
vn -0.2269 0.8143 -0.5342
vn -0.3727 0.7392 -0.5610
vn -0.4465 0.8834 -0.1425
vn -0.5448 0.8276 -0.1351
vn -0.1943 0.9690 -0.1526
vn -0.1635 0.9725 -0.1660
vn -0.1683 0.9719 -0.1643
vn -0.1439 0.9744 -0.1728
vn -0.1957 0.9805 0.0188
vn -0.1882 0.9819 0.0217
vn -0.1460 0.9886 0.0377
vn 0.1640 0.9770 0.1360
vn 0.0630 0.9886 0.1369
vn -0.1792 0.9747 0.1333
vn -0.3856 0.9204 0.0649
vn -0.1399 0.9901 -0.0124
vn 0.1512 0.9835 -0.0991
vn 0.1688 0.9782 0.1211
vn -0.0193 0.9621 0.2719
vn -0.2115 0.8871 0.4104
vn -0.0228 0.9742 0.2245
vn -0.1807 0.9788 0.0963
vn 0.1389 0.9281 0.3454
vn 0.3157 0.9100 0.2688
vn 0.3189 0.9086 0.2697
vn 0.3103 0.9123 0.2674
vn 0.5134 0.8234 0.2417
vn 0.4720 0.8463 0.2469
vn 0.6241 0.7485 0.2241
vn 0.5941 0.7750 0.2154
vn 0.5975 0.7729 0.2136
vn 0.5586 0.7955 0.2347
vn -0.0467 0.9962 -0.0730
vn 0.2136 0.9658 0.1470
vn -0.2086 0.9557 -0.2077
vn 0.1911 0.9521 -0.2388
vn 0.1836 0.9528 -0.2416
vn 0.1969 0.9514 -0.2367
vn 0.1062 0.9941 -0.0215
vn -0.1392 0.9900 -0.0226
vn 0.4199 0.9074 -0.0180
vn -0.0538 0.9964 0.0651
vn 0.0357 0.9987 0.0356
vn -0.2107 0.9707 0.1158
vn -0.1043 0.9945 -0.0049
vn -0.0621 0.9980 0.0093
vn 0.0242 0.9990 0.0380
vn 0.1714 0.9850 0.0178
vn 0.2261 0.9739 0.0172
vn 0.2825 0.9591 0.0165
vn 0.0364 0.9887 0.1455
vn -0.1113 0.9743 0.1961
vn -0.2246 0.9464 0.2322
vn -0.0853 0.9730 0.2146
vn 0.1248 0.9915 0.0363
vn 0.2459 0.9667 -0.0716
vn 0.0924 0.9208 -0.3789
vn -0.0095 0.9823 -0.1869
vn -0.0909 0.9955 -0.0262
vn 0.0085 0.9447 0.3278
vn -0.1067 0.9506 0.2915
vn 0.1053 0.9291 0.3546
vn -0.3259 0.9442 -0.0485
vn -0.1610 0.9858 -0.0488
vn -0.5305 0.8464 -0.0458
vn 0.1884 0.9786 0.0825
vn 0.1038 0.9881 0.1138
vn 0.3561 0.9343 0.0165
vn -0.1715 0.9743 0.1459
vn -0.2232 0.9666 0.1257
vn -0.3342 0.9391 0.0800
vn 0.0544 0.9972 -0.0521
vn 0.0572 0.9970 -0.0521
vn 0.0604 0.9968 -0.0522
vn -0.0013 0.9991 -0.0429
vn -0.0814 0.9966 -0.0145
vn -0.1368 0.9906 0.0053
vn -0.1557 0.9878 0.0058
vn -0.1936 0.9803 0.0391
vn -0.2129 0.9755 0.0561
vn -0.0221 -0.9925 0.1205
vn 0.0226 0.9031 0.4289
vn -0.1812 -0.9623 -0.2031
vn -0.2192 0.9754 -0.0220
vn 0.1018 -0.9943 0.0313
vn -0.4355 0.8735 -0.2176
vn 0.2555 -0.9631 0.0844
vn 0.2637 0.9644 0.0183
vn -0.1450 -0.9856 0.0864
vn -0.2149 0.9765 0.0185
vn 0.0940 -0.9956 0.0045
vn 0.0163 0.9979 -0.0629
vn -0.3459 -0.8670 0.3588
vn -0.0114 0.9991 -0.0398
vn 0.1085 -0.8298 -0.5474
vn -0.2213 0.8936 0.3905
vn 0.1290 -0.9869 0.0967
vn -0.2012 0.8127 -0.5468
vn 0.1468 -0.9801 0.1336
vn 0.1168 0.9920 0.0489
vn 0.1080 0.9933 0.0414
vn 0.1084 0.9932 0.0419
vn -0.1036 -0.9918 -0.0749
vn 0.1172 0.9919 0.0491
vn 0.0227 -0.9992 -0.0317
vn -0.1201 0.9922 -0.0330
vn 0.0693 -0.9971 -0.0316
vn -0.0434 0.9985 -0.0332
vn -0.1133 -0.9931 0.0313
vn 0.0414 0.9972 -0.0623
vn 0.1401 -0.9740 -0.1780
vn 0.0674 0.9942 -0.0839
vn -0.0220 -0.9884 0.1503
vn 0.0251 0.9997 0.0018
vn 0.2892 -0.9573 -0.0039
vn 0.2280 -0.9501 -0.2128
vn 0.1981 -0.9730 -0.1188
vn 0.0162 -0.9812 -0.1924
vn 0.0575 -0.9765 -0.2079
vn 0.1149 -0.9785 -0.1711
vn -0.0225 -0.9851 0.1707
vn -0.4054 -0.9126 0.0532
vn -0.3953 -0.8898 0.2282
vn -0.5213 -0.8533 -0.0134
vn -0.0398 -0.9893 0.1404
vn 0.0902 -0.9602 0.2643
vn -0.5139 -0.8565 0.0470
vn 0.2811 -0.9562 -0.0813
vn 0.3484 -0.9307 -0.1113
vn 0.2870 -0.9500 0.1228
vn 0.4192 -0.9043 0.0808
vn 0.2154 -0.9764 -0.0149
vn -0.1750 -0.9812 -0.0815
vn 0.1850 -0.9361 -0.2992
vn 0.1072 -0.9863 -0.1251
vn -0.4857 -0.8139 -0.3189
vn -0.5386 -0.8242 -0.1747
vn 0.0652 -0.9703 -0.2331
vn 0.0666 -0.9914 -0.1128
vn 0.3991 -0.9162 -0.0367
vn -0.0993 -0.9621 0.2538
vn -0.0712 -0.9536 0.2926
vn -0.1587 -0.9787 0.1305
vn 0.1529 -0.9734 0.1706
vn -0.2879 -0.9567 -0.0438
vn -0.1397 -0.9419 -0.3055
vn -0.0030 -1.0000 0.0003
vn 0.4757 -0.8559 -0.2028
vn 0.3382 -0.8319 -0.4399
vn 0.0279 -0.9946 -0.0999
vn -0.0961 -0.9583 -0.2690
vn -0.1756 -0.9607 -0.2152
vn 0.0033 -1.0000 0.0021
vn 0.0043 -1.0000 0.0005
vn -0.8029 -0.5954 0.0293
vn -0.4838 -0.6106 0.6270
vn -0.8743 -0.1771 0.4520
vn 0.0027 -0.9914 0.1311
vn 0.0889 -0.9755 0.2011
vn 0.1565 -0.8803 0.4478
vn 0.5607 -0.8166 0.1374
vn -0.0030 -1.0000 -0.0007
vn 0.9048 0.4200 -0.0702
vn 0.6887 0.6282 -0.3620
vn -0.0768 0.9557 -0.2842
vn 0.5013 0.4976 -0.7078
vn -0.5498 0.4804 -0.6833
vn -0.0517 0.9876 -0.1481
vn -0.2625 0.9457 -0.1916
vn -0.8281 0.4942 -0.2647
vn -0.8488 0.5066 0.1512
vn -0.8622 -0.1301 0.4896
vn -0.5877 -0.2244 0.7774
vn -0.2794 0.6712 0.6866
vn 0.2256 0.6810 0.6966
vn 0.6203 0.4123 0.6673
vn 0.4233 0.8993 0.1096
vn 0.3835 0.8998 0.2081
vn -0.0593 0.9680 -0.2438
vn -0.1674 0.9856 -0.0252
vn 0.6286 0.7078 -0.3223
vn -0.1957 0.9806 0.0149
vn 0.0189 0.9997 0.0152
vn -0.1084 0.8575 -0.5029
vn -0.7491 0.6532 -0.1107
vn -0.1928 0.9688 -0.1557
vn -0.2464 0.9692 -0.0007
vn 0.4174 0.8998 0.1271
vn -0.6682 0.7266 0.1601
vn 0.3616 0.9310 -0.0504
vn -0.3473 0.9364 -0.0507
vn 0.3250 0.9060 0.2713
vn 0.3177 0.9117 0.2607
vn 0.6373 0.7467 0.1904
vn 0.4423 0.8283 0.3440
vn 0.1749 0.9537 -0.2447
vn -0.5445 0.8385 -0.0214
vn 0.2810 0.9585 -0.0475
vn -0.2323 0.9715 -0.0481
vn 0.0805 0.9966 0.0187
vn 0.2052 0.9752 0.0829
vn -0.2885 0.8805 0.3763
vn 0.2020 0.7943 -0.5729
vn -0.2499 0.9381 0.2396
vn 0.1882 0.9811 -0.0452
vn -0.1796 0.9611 0.2099
vn 0.0147 0.9769 0.2133
vn 0.0498 0.9974 -0.0521
vn 0.0864 0.9935 -0.0735
vn -0.1228 0.9922 -0.0227
vt 0.062500 0.250000
vt 0.000000 0.125000
vt 0.062500 0.125000
vt 0.125000 0.250000
vt 0.125000 0.125000
vt 0.187500 0.250000
vt 0.187500 0.125000
vt 0.250000 0.250000
vt 0.250000 0.125000
vt 0.312500 0.125000
vt 0.375000 0.125000
vt 0.312500 0.250000
vt 0.437500 0.125000
vt 0.375000 0.250000
vt 0.500000 0.125000
vt 0.437500 0.250000
vt 0.562500 0.250000
vt 0.562500 0.125000
vt 0.625000 0.250000
vt 0.625000 0.125000
vt 0.687500 0.250000
vt 0.687500 0.125000
vt 0.750000 0.250000
vt 0.750000 0.125000
vt 0.812500 0.125000
vt 0.875000 0.125000
vt 0.812500 0.250000
vt 0.937500 0.125000
vt 0.875000 0.250000
vt 1.000000 0.125000
vt 0.937500 0.250000
vt 0.062500 0.375000
vt 0.000000 0.250000
vt 0.125000 0.375000
vt 0.187500 0.375000
vt 0.250000 0.375000
vt 0.312500 0.375000
vt 0.375000 0.375000
vt 0.500000 0.250000
vt 0.437500 0.375000
vt 0.562500 0.375000
vt 0.625000 0.375000
vt 0.687500 0.375000
vt 0.750000 0.375000
vt 0.812500 0.375000
vt 0.875000 0.375000
vt 1.000000 0.375000
vt 1.000000 0.250000
vt 0.062500 0.500000
vt 0.000000 0.375000
vt 0.125000 0.500000
vt 0.187500 0.500000
vt 0.250000 0.500000
vt 0.312500 0.500000
vt 0.375000 0.500000
vt 0.500000 0.500000
vt 0.500000 0.375000
vt 0.562500 0.500000
vt 0.625000 0.500000
vt 0.687500 0.500000
vt 0.750000 0.500000
vt 0.812500 0.500000
vt 0.937500 0.500000
vt 0.937500 0.375000
vt 0.000000 0.625000
vt 0.000000 0.500000
vt 0.062500 0.625000
vt 0.125000 0.625000
vt 0.187500 0.625000
vt 0.312500 0.625000
vt 0.375000 0.625000
vt 0.437500 0.625000
vt 0.437500 0.500000
vt 0.562500 0.625000
vt 0.687500 0.625000
vt 0.812500 0.625000
vt 0.875000 0.625000
vt 0.875000 0.500000
vt 1.000000 0.625000
vt 1.000000 0.500000
vt 0.000000 0.750000
vt 0.062500 0.750000
vt 0.125000 0.750000
vt 0.250000 0.625000
vt 0.187500 0.750000
vt 0.312500 0.750000
vt 0.375000 0.750000
vt 0.437500 0.750000
vt 0.500000 0.750000
vt 0.500000 0.625000
vt 0.625000 0.625000
vt 0.562500 0.750000
vt 0.625000 0.750000
vt 0.750000 0.625000
vt 0.687500 0.750000
vt 0.812500 0.750000
vt 0.875000 0.750000
vt 0.937500 0.750000
vt 0.937500 0.625000
vt 1.000000 0.750000
vt 0.000000 0.875000
vt 0.062500 0.875000
vt 0.125000 0.875000
vt 0.250000 0.750000
vt 0.187500 0.875000
vt 0.312500 0.875000
vt 0.375000 0.875000
vt 0.437500 0.875000
vt 0.500000 0.875000
vt 0.562500 0.875000
vt 0.625000 0.875000
vt 0.750000 0.750000
vt 0.687500 0.875000
vt 0.812500 0.875000
vt 0.875000 0.875000
vt 0.937500 0.875000
vt 1.000000 0.875000
vt 0.000000 0.000000
vt 0.000000 1.000000
vt 0.062500 0.000000
vt 0.062500 1.000000
vt 0.125000 0.000000
vt 0.125000 1.000000
vt 0.187500 0.000000
vt 0.187500 1.000000
vt 0.250000 0.875000
vt 0.250000 0.000000
vt 0.250000 1.000000
vt 0.312500 0.000000
vt 0.312500 1.000000
vt 0.375000 0.000000
vt 0.375000 1.000000
vt 0.437500 0.000000
vt 0.437500 1.000000
vt 0.500000 0.000000
vt 0.500000 1.000000
vt 0.562500 0.000000
vt 0.562500 1.000000
vt 0.625000 0.000000
vt 0.625000 1.000000
vt 0.687500 0.000000
vt 0.687500 1.000000
vt 0.750000 0.875000
vt 0.750000 0.000000
vt 0.750000 1.000000
vt 0.812500 0.000000
vt 0.812500 1.000000
vt 0.875000 0.000000
vt 0.875000 1.000000
vt 0.937500 0.000000
vt 0.937500 1.000000
s 1
usemtl Arancio.012
f 20/1/1 3/2/2 4/3/3
f 21/4/4 4/3/5 5/5/6
f 22/6/7 5/5/8 6/7/9
f 23/8/10 6/7/11 7/9/12
f 8/10/13 23/8/14 7/9/15
f 9/11/16 24/12/17 8/10/18
f 10/13/19 25/14/20 9/11/21
f 11/15/22 26/16/23 10/13/24
f 28/17/25 11/15/26 12/18/27
f 29/19/28 12/18/29 13/20/30
f 30/21/31 13/20/32 14/22/33
f 31/23/34 14/22/35 15/24/36
f 16/25/37 31/23/38 15/24/39
f 17/26/40 32/27/41 16/25/42
f 18/28/43 33/29/44 17/26/45
f 3/30/46 34/31/47 18/28/48
f 36/32/49 19/33/50 20/1/51
f 37/34/52 20/1/53 21/4/54
f 38/35/55 21/4/56 22/6/57
f 39/36/58 22/6/59 23/8/60
f 24/12/61 39/36/62 23/8/63
f 25/14/64 40/37/65 24/12/66
f 26/16/67 41/38/68 25/14/69
f 27/39/70 42/40/71 26/16/72
f 44/41/73 27/39/74 28/17/75
f 45/42/76 28/17/77 29/19/78
f 46/43/79 29/19/80 30/21/81
f 47/44/82 30/21/83 31/23/84
f 48/45/85 31/23/86 32/27/87
f 33/29/88 48/45/89 32/27/90
f 34/31/91 49/46/92 33/29/93
f 35/47/94 34/31/95 19/48/96
f 52/49/97 35/50/98 36/32/99
f 53/51/100 36/32/101 37/34/102
f 54/52/103 37/34/104 38/35/105
f 55/53/106 38/35/107 39/36/108
f 56/54/109 39/36/110 40/37/111
f 41/38/112 56/54/113 40/37/114
f 42/40/115 57/55/116 41/38/117
f 59/56/118 42/40/119 43/57/120
f 60/58/121 43/57/122 44/41/123
f 61/59/124 44/41/125 45/42/126
f 62/60/127 45/42/128 46/43/129
f 63/61/130 46/43/131 47/44/132
f 64/62/133 47/44/134 48/45/135
f 49/46/136 64/62/137 48/45/138
f 66/63/139 49/46/140 50/64/141
f 35/47/142 66/63/143 50/64/144
f 52/49/145 67/65/146 51/66/147
f 53/51/148 68/67/149 52/49/150
f 54/52/151 69/68/152 53/51/153
f 55/53/154 70/69/155 54/52/156
f 72/70/157 55/53/158 56/54/159
f 73/71/160 56/54/161 57/55/162
f 74/72/163 57/55/164 58/73/165
f 59/56/166 74/72/167 58/73/168
f 76/74/169 59/56/170 60/58/171
f 61/59/172 76/74/173 60/58/174
f 78/75/175 61/59/176 62/60/177
f 63/61/178 78/75/179 62/60/180
f 80/76/181 63/61/182 64/62/183
f 81/77/184 64/62/185 65/78/186
f 66/63/187 81/77/188 65/78/189
f 67/79/190 66/63/191 51/80/192
f 68/67/193 83/81/194 67/65/195
f 69/68/196 84/82/197 68/67/198
f 70/69/199 85/83/200 69/68/201
f 71/84/202 86/85/203 70/69/204
f 88/86/205 71/84/206 72/70/207
f 89/87/208 72/70/209 73/71/210
f 90/88/211 73/71/212 74/72/213
f 91/89/214 74/72/215 75/90/216
f 76/74/217 91/89/218 75/90/219
f 77/91/220 92/92/221 76/74/222
f 78/75/223 93/93/224 77/91/225
f 79/94/226 94/95/227 78/75/228
f 96/96/229 79/94/230 80/76/231
f 97/97/232 80/76/233 81/77/234
f 98/98/235 81/77/236 82/99/237
f 83/100/238 82/99/239 67/79/240
f 84/82/241 99/101/242 83/81/243
f 85/83/244 100/102/245 84/82/246
f 86/85/247 101/103/248 85/83/249
f 87/104/250 102/105/251 86/85/252
f 104/106/253 87/104/254 88/86/255
f 105/107/256 88/86/257 89/87/258
f 106/108/259 89/87/260 90/88/261
f 107/109/262 90/88/263 91/89/264
f 108/110/265 91/89/266 92/92/267
f 93/93/268 108/110/269 92/92/270
f 94/95/271 109/111/272 93/93/273
f 95/112/274 110/113/275 94/95/276
f 112/114/277 95/112/278 96/96/279
f 113/115/280 96/96/281 97/97/282
f 114/116/283 97/97/284 98/98/285
f 99/117/286 98/98/287 83/100/288
f 4/3/289 3/2/289 1/118/289
f 2/119/290 99/101/290 100/102/290
f 5/5/291 4/3/291 1/120/291
f 2/121/292 100/102/292 101/103/292
f 6/7/293 5/5/293 1/122/293
f 2/123/294 101/103/294 102/105/294
f 7/9/295 6/7/295 1/124/295
f 2/125/296 102/105/296 103/126/296
f 8/10/297 7/9/297 1/127/297
f 2/128/298 103/126/298 104/106/298
f 9/11/299 8/10/299 1/129/299
f 2/130/300 104/106/300 105/107/300
f 10/13/301 9/11/301 1/131/301
f 2/132/302 105/107/302 106/108/302
f 11/15/303 10/13/303 1/133/303
f 2/134/304 106/108/304 107/109/304
f 12/18/305 11/15/305 1/135/305
f 2/136/306 107/109/306 108/110/306
f 13/20/307 12/18/307 1/137/307
f 2/138/308 108/110/309 109/111/310
f 14/22/311 13/20/311 1/139/311
f 2/140/308 109/111/310 110/113/312
f 15/24/313 14/22/313 1/141/313
f 2/142/314 110/113/314 111/143/314
f 16/25/315 15/24/315 1/144/315
f 2/145/316 111/143/316 112/114/316
f 17/26/317 16/25/317 1/146/317
f 2/147/318 112/114/318 113/115/318
f 18/28/319 17/26/319 1/148/319
f 2/149/320 113/115/320 114/116/320
f 3/30/321 18/28/321 1/150/321
f 2/151/322 114/116/322 99/117/322
f 20/1/1 19/33/323 3/2/2
f 21/4/4 20/1/324 4/3/5
f 22/6/7 21/4/325 5/5/8
f 23/8/10 22/6/326 6/7/11
f 8/10/13 24/12/327 23/8/14
f 9/11/16 25/14/328 24/12/17
f 10/13/19 26/16/329 25/14/20
f 11/15/22 27/39/330 26/16/23
f 28/17/25 27/39/331 11/15/26
f 29/19/28 28/17/332 12/18/29
f 30/21/31 29/19/333 13/20/32
f 31/23/34 30/21/334 14/22/35
f 16/25/37 32/27/335 31/23/38
f 17/26/40 33/29/336 32/27/41
f 18/28/43 34/31/337 33/29/44
f 3/30/46 19/48/338 34/31/47
f 36/32/49 35/50/339 19/33/50
f 37/34/52 36/32/340 20/1/53
f 38/35/55 37/34/341 21/4/56
f 39/36/58 38/35/342 22/6/59
f 24/12/61 40/37/343 39/36/62
f 25/14/64 41/38/344 40/37/65
f 26/16/67 42/40/345 41/38/68
f 27/39/70 43/57/346 42/40/71
f 44/41/73 43/57/347 27/39/74
f 45/42/76 44/41/348 28/17/77
f 46/43/79 45/42/349 29/19/80
f 47/44/82 46/43/350 30/21/83
f 48/45/85 47/44/351 31/23/86
f 33/29/88 49/46/352 48/45/89
f 34/31/91 50/64/353 49/46/92
f 35/47/94 50/64/354 34/31/95
f 52/49/97 51/66/355 35/50/98
f 53/51/100 52/49/356 36/32/101
f 54/52/103 53/51/357 37/34/104
f 55/53/106 54/52/358 38/35/107
f 56/54/109 55/53/359 39/36/110
f 41/38/112 57/55/360 56/54/113
f 42/40/115 58/73/361 57/55/116
f 59/56/118 58/73/362 42/40/119
f 60/58/121 59/56/363 43/57/122
f 61/59/124 60/58/364 44/41/125
f 62/60/127 61/59/365 45/42/128
f 63/61/130 62/60/366 46/43/131
f 64/62/133 63/61/367 47/44/134
f 49/46/136 65/78/368 64/62/137
f 66/63/139 65/78/369 49/46/140
f 35/47/142 51/80/370 66/63/143
f 52/49/145 68/67/371 67/65/146
f 53/51/148 69/68/372 68/67/149
f 54/52/151 70/69/373 69/68/152
f 55/53/154 71/84/374 70/69/155
f 72/70/157 71/84/375 55/53/158
f 73/71/160 72/70/376 56/54/161
f 74/72/163 73/71/377 57/55/164
f 59/56/166 75/90/378 74/72/167
f 76/74/169 75/90/379 59/56/170
f 61/59/172 77/91/380 76/74/173
f 78/75/175 77/91/381 61/59/176
f 63/61/178 79/94/382 78/75/179
f 80/76/181 79/94/383 63/61/182
f 81/77/184 80/76/384 64/62/185
f 66/63/187 82/99/385 81/77/188
f 67/79/190 82/99/386 66/63/191
f 68/67/193 84/82/387 83/81/194
f 69/68/196 85/83/388 84/82/197
f 70/69/199 86/85/389 85/83/200
f 71/84/202 87/104/390 86/85/203
f 88/86/205 87/104/391 71/84/206
f 89/87/208 88/86/392 72/70/209
f 90/88/211 89/87/393 73/71/212
f 91/89/214 90/88/394 74/72/215
f 76/74/217 92/92/395 91/89/218
f 77/91/220 93/93/396 92/92/221
f 78/75/223 94/95/397 93/93/224
f 79/94/226 95/112/398 94/95/227
f 96/96/229 95/112/399 79/94/230
f 97/97/232 96/96/400 80/76/233
f 98/98/235 97/97/401 81/77/236
f 83/100/238 98/98/402 82/99/239
f 84/82/241 100/102/403 99/101/242
f 85/83/244 101/103/404 100/102/245
f 86/85/247 102/105/405 101/103/248
f 87/104/250 103/126/406 102/105/251
f 104/106/253 103/126/407 87/104/254
f 105/107/256 104/106/408 88/86/257
f 106/108/259 105/107/409 89/87/260
f 107/109/262 106/108/410 90/88/263
f 108/110/265 107/109/411 91/89/266
f 93/93/268 109/111/412 108/110/269
f 94/95/271 110/113/413 109/111/272
f 95/112/274 111/143/414 110/113/275
f 112/114/277 111/143/415 95/112/278
f 113/115/280 112/114/416 96/96/281
f 114/116/283 113/115/417 97/97/284
f 99/117/286 114/116/418 98/98/287
o clouds_1_2.003
v -2.534576 26.182585 -42.674126
v -2.534576 27.590872 -42.674126
v -1.299313 26.146404 -43.726376
v -1.875984 26.057764 -44.222466
v -2.552837 26.256388 -44.455864
v -3.227943 26.189508 -44.443810
v -3.813358 26.009747 -44.175354
v -4.179974 26.115728 -43.646530
v -4.311707 26.067608 -42.983959
v -4.130665 26.470083 -42.271324
v -3.780064 25.968744 -41.613144
v -3.193138 26.059513 -41.125938
v -2.514782 26.198410 -40.885727
v -1.835968 26.111132 -40.894676
v -1.266655 26.120556 -41.185661
v -0.895226 26.168583 -41.706341
v -0.760506 26.095009 -42.365532
v -0.919579 26.261896 -43.077560
v -0.285500 26.548794 -44.589973
v -1.327740 26.489769 -45.484081
v -2.557022 26.584463 -45.915474
v -3.795048 26.488300 -45.905258
v -4.827347 26.520296 -45.365685
v -5.547520 26.404085 -44.450024
v -5.848888 26.161974 -43.258625
v -5.524822 26.387997 -41.928490
v -4.782852 26.553965 -40.758961
v -3.728142 26.773243 -39.930164
v -2.500149 26.401379 -39.379158
v -1.270954 26.469046 -39.437084
v -0.268673 26.633852 -40.014107
v 0.610847 25.925831 -40.797642
v 0.746273 26.282019 -42.102970
v 0.394035 26.647736 -43.417374
v 0.330711 26.923986 -45.114883
v -0.957180 26.682259 -46.350170
v -2.595619 26.532095 -47.053421
v -4.126076 26.836040 -46.790756
v -5.536465 26.696066 -46.198143
v -6.559872 26.505722 -45.061405
v -6.702824 26.756701 -43.373909
v -6.280304 26.925520 -41.707981
v -5.559704 26.485403 -40.097210
v -4.157951 26.282406 -38.781788
v -2.493397 26.667652 -38.387058
v -0.921219 26.778463 -38.516178
v 0.422943 26.776056 -39.202194
v 1.486706 26.511917 -40.289875
v 1.781158 26.529234 -41.916828
v 1.551208 26.309837 -43.657215
v 0.631058 26.922808 -45.370731
v -0.812202 26.922808 -46.722759
v -2.647755 26.922808 -47.637325
v -4.476685 26.922808 -47.545471
v -6.060184 26.922808 -46.812954
v -6.936008 26.922808 -45.291439
v -7.261074 26.922808 -43.514896
v -6.968056 26.922808 -41.608479
v -5.806644 26.922808 -39.886856
v -4.332432 26.922808 -38.278965
v -2.560104 26.922808 -38.364731
v -0.429401 26.922812 -37.493736
v 0.884521 26.922808 -38.660332
v 1.639740 26.922808 -40.227753
v 2.507187 26.922808 -41.711536
v 1.499950 26.922808 -43.717888
v 0.456558 27.266937 -45.222084
v -0.925602 27.437962 -46.498711
v -2.617538 27.463097 -47.155182
v -4.167671 27.119154 -46.869392
v -5.767181 27.565510 -46.468990
v -6.360474 27.032225 -44.910995
v -6.714314 27.106634 -43.378387
v -6.415936 27.165657 -41.701221
v -5.581165 27.419102 -40.078930
v -4.138618 27.395090 -38.872730
v -2.468681 27.346607 -38.272324
v -0.854706 27.242367 -38.390446
v 0.594929 27.379629 -39.000298
v 1.471684 27.310524 -40.301205
v 1.710564 27.207506 -41.944359
v 1.275574 27.036736 -43.643482
v -0.196705 27.869545 -44.665611
v -1.320808 27.503956 -45.518562
v -2.563572 27.361265 -45.944794
v -3.863308 27.774548 -46.033318
v -4.879253 27.544703 -45.426620
v -5.581001 27.562399 -44.475445
v -5.895134 27.849543 -43.277069
v -5.510822 27.398613 -41.929031
v -4.825348 27.565763 -40.722759
v -3.753891 27.622402 -39.802113
v -2.520172 27.138237 -39.468777
v -1.208916 27.755772 -39.320698
v -0.245560 27.309465 -39.986969
v 0.559471 27.734316 -40.836651
v 0.765404 27.632229 -42.095341
v 0.520676 27.731567 -43.422283
v -1.309422 27.550522 -43.717758
v -1.872486 27.915302 -44.240936
v -2.560215 27.819332 -44.487675
v -3.211948 27.456850 -44.414093
v -3.792751 27.627682 -44.151138
v -4.149147 27.489363 -43.622936
v -4.280373 27.523834 -42.971199
v -4.143639 27.544605 -42.270844
v -3.733433 27.200926 -41.652897
v -3.192467 27.723021 -41.129276
v -2.514355 27.658108 -40.883888
v -1.847527 27.575489 -40.916183
v -1.273151 27.655502 -41.193295
v -0.894276 27.677681 -41.705608
v -0.774303 27.629181 -42.371136
v -0.924625 27.552273 -43.077431
vn 0.2384 -0.9524 -0.1899
vn 0.2740 -0.9430 -0.1887
vn 0.3047 -0.9338 -0.1874
vn -0.0282 -0.9576 -0.2866
vn -0.1089 -0.9608 -0.2551
vn -0.2064 -0.9548 -0.2140
vn 0.0793 -0.9715 -0.2234
vn 0.0839 -0.9702 -0.2271
vn 0.0917 -0.9680 -0.2335
vn -0.0501 -0.9645 -0.2591
vn -0.0186 -0.9509 -0.3090
vn 0.0709 -0.8934 -0.4436
vn -0.2391 -0.9614 -0.1362
vn -0.1887 -0.9694 -0.1571
vn -0.3761 -0.9235 -0.0757
vn -0.0915 -0.9846 -0.1489
vn -0.0615 -0.9829 -0.1738
vn -0.1482 -0.9838 -0.1009
vn -0.0454 -0.9284 0.3688
vn 0.0234 -0.9652 0.2604
vn -0.1438 -0.8456 0.5141
vn -0.1838 -0.9513 -0.2476
vn -0.2459 -0.9663 0.0758
vn -0.0926 -0.8153 -0.5717
vn -0.1681 -0.8873 0.4294
vn -0.1950 -0.8825 0.4279
vn -0.2182 -0.8779 0.4264
vn -0.2746 -0.9173 0.2885
vn -0.0776 -0.9722 0.2210
vn 0.1543 -0.9794 0.1304
vn 0.0054 -0.9838 0.1791
vn -0.0394 -0.9756 0.2161
vn -0.1188 -0.9526 0.2800
vn 0.2138 -0.9585 0.1885
vn 0.1998 -0.9566 0.2122
vn 0.1586 -0.9469 0.2797
vn -0.0542 -0.9575 0.2833
vn -0.1522 -0.9371 0.3140
vn 0.3178 -0.9378 0.1402
vn -0.0394 -0.9965 -0.0731
vn 0.0524 -0.9869 -0.1523
vn -0.1989 -0.9776 0.0685
vn 0.1755 -0.9437 -0.2805
vn 0.1849 -0.9369 -0.2968
vn 0.1634 -0.9518 -0.2596
vn 0.2890 -0.9568 -0.0313
vn 0.2949 -0.9530 -0.0698
vn 0.2830 -0.9591 0.0051
vn 0.2718 -0.9462 -0.1755
vn 0.2935 -0.9383 -0.1831
vn 0.1762 -0.9742 -0.1411
vn 0.0188 -0.9989 -0.0421
vn 0.0594 -0.9954 -0.0748
vn -0.0938 -0.9944 0.0489
vn -0.0377 -0.9763 -0.2130
vn -0.1133 -0.9902 -0.0815
vn 0.0682 -0.9197 -0.3867
vn -0.0816 -0.9750 -0.2068
vn -0.0660 -0.9561 -0.2856
vn -0.0966 -0.9873 -0.1262
vn -0.0137 -0.9862 -0.1648
vn -0.0308 -0.9858 -0.1649
vn -0.0506 -0.9850 -0.1648
vn -0.3942 -0.9188 -0.0197
vn -0.2332 -0.9680 -0.0926
vn 0.0190 -0.9807 -0.1945
vn -0.5443 -0.8043 0.2384
vn -0.5525 -0.7960 0.2472
vn -0.5745 -0.7723 0.2712
vn -0.2630 -0.9641 0.0376
vn -0.3008 -0.9481 0.1035
vn -0.4512 -0.7980 0.3995
vn 0.1719 -0.9672 -0.1872
vn 0.1765 -0.9661 -0.1885
vn 0.3759 -0.8946 -0.2417
vn -0.0526 -0.9983 -0.0263
vn 0.0355 -0.9947 -0.0964
vn -0.3791 -0.8931 0.2423
vn 0.0753 -0.9570 0.2803
vn 0.0820 -0.9596 0.2692
vn 0.0664 -0.9532 0.2951
vn 0.1622 -0.9804 0.1115
vn 0.1477 -0.9685 0.2006
vn 0.1752 -0.9843 0.0232
vn 0.0288 -0.8335 0.5518
vn -0.0075 -0.9313 0.3642
vn 0.0620 -0.7049 0.7066
vn 0.3679 -0.9293 -0.0324
vn 0.4690 -0.8796 -0.0800
vn 0.6083 -0.7795 -0.1496
vn -0.0512 -0.9982 -0.0315
vn 0.0193 -0.9952 -0.0964
vn 0.2747 -0.9048 -0.3254
vn 0.0278 -0.9865 -0.1616
vn -0.0347 -0.9866 -0.1593
vn 0.4093 -0.8980 -0.1614
vn 0.3914 -0.8774 -0.2776
vn 0.0933 -0.9935 -0.0656
vn 0.4768 -0.8113 -0.3383
vn 0.2910 -0.7959 -0.5310
vn 0.2481 -0.8398 -0.4828
vn 0.3066 -0.7782 -0.5481
vn -0.1648 -0.9756 -0.1448
vn -0.0676 -0.8909 -0.4491
vn -0.1982 -0.9800 -0.0206
vn -0.0402 -0.9642 -0.2621
vn -0.0428 -0.9897 -0.1366
vn -0.0389 -0.9478 -0.3164
vn -0.4137 -0.7974 -0.4392
vn -0.2845 -0.9365 -0.2050
vn -0.4605 -0.7095 -0.5334
vn -0.3623 -0.9313 -0.0366
vn -0.6701 -0.7420 0.0172
vn -0.7515 -0.6588 0.0343
vn -0.0592 -0.9977 0.0336
vn -0.2347 -0.9635 0.1288
vn -0.3213 -0.9305 0.1758
vn -0.6302 -0.7592 0.1628
vn -0.1879 -0.9810 0.0474
vn -0.8053 -0.5550 0.2086
vn -0.5955 -0.5910 0.5441
vn -0.5934 -0.5939 0.5434
vn -0.5963 -0.5899 0.5444
vn -0.1360 -0.2796 0.9504
vn 0.0118 -0.5663 0.8241
vn -0.1985 -0.1368 0.9705
vn 0.0257 -0.9753 0.2192
vn -0.3067 -0.4520 0.8377
vn 0.0783 -0.9917 0.1023
vn 0.0913 -0.9829 0.1597
vn 0.0881 -0.9897 0.1128
vn 0.0930 -0.9782 0.1857
vn 0.5763 -0.5492 0.6052
vn 0.2580 -0.9511 0.1700
vn 0.6297 -0.3401 0.6984
vn 0.4948 -0.8363 0.2363
vn 0.8219 -0.5357 0.1936
vn 0.9165 -0.3658 0.1620
vn 0.9526 -0.2303 -0.1990
vn 0.6719 -0.6947 -0.2567
vn 0.9879 0.0688 -0.1392
vn 0.2080 -0.9622 -0.1759
vn 0.7533 -0.1863 -0.6307
vn 0.7668 0.0006 -0.6418
vn 0.6296 0.4476 -0.6350
vn 0.5892 0.5210 -0.6176
vn 0.5701 0.5520 -0.6086
vn 0.3196 0.5828 -0.7471
vn 0.3745 0.4891 -0.7877
vn 0.4009 0.4382 -0.8046
vn -0.2034 0.9271 -0.3147
vn -0.0869 0.7623 -0.6413
vn -0.0374 0.6665 -0.7446
vn -0.0899 0.6490 -0.7555
vn -0.1067 0.9218 -0.3727
vn -0.1072 0.9668 -0.2318
vn -0.2931 0.9507 -0.1010
vn -0.7562 0.6355 -0.1560
vn -0.1360 0.9876 -0.0783
vn -0.2762 0.9592 -0.0602
vn -0.1703 0.9826 -0.0747
vn -0.3056 0.9505 -0.0559
vn -0.3805 0.9232 0.0537
vn -0.3416 0.9393 0.0335
vn -0.3934 0.9174 0.0605
vn -0.7071 0.6296 0.3217
vn -0.4768 0.8359 0.2720
vn -0.3566 0.9027 0.2406
vn -0.5037 0.7040 0.5006
vn -0.5333 0.5973 0.5990
vn -0.4831 0.7552 0.4430
vn -0.2718 0.1202 0.9548
vn -0.0336 0.6777 0.7345
vn 0.0304 0.7774 0.6283
vn -0.1502 0.8429 0.5167
vn -0.0175 0.1727 0.9848
vn -0.1631 0.9024 0.3989
vn 0.2334 0.7807 0.5797
vn 0.2189 0.9224 0.3183
vn 0.2111 0.9481 0.2378
vn 0.7827 0.4819 0.3939
vn 0.6593 0.6440 0.3881
vn 0.8145 0.4274 0.3924
vn 0.3810 0.9094 0.1665
vn 0.7917 0.5965 0.1316
vn 0.2878 0.9428 0.1682
vn 0.3888 0.9013 -0.1909
vn 0.3808 0.9048 -0.1905
vn 0.3793 0.9055 -0.1904
vn 0.7156 0.5990 -0.3593
vn 0.5013 0.8517 -0.1529
vn 0.7422 0.5449 -0.3902
vn 0.1323 0.9518 -0.2767
vn 0.1843 0.9378 -0.2941
vn 0.4413 0.8184 -0.3682
vn -0.0593 0.9980 0.0221
vn -0.0365 0.9993 0.0040
vn 0.0354 0.9980 -0.0529
vn 0.0847 0.9180 -0.3874
vn -0.0485 0.9837 -0.1734
vn -0.1997 0.9756 0.0910
vn -0.0705 0.9839 -0.1642
vn -0.0091 0.9164 -0.4001
vn 0.0588 0.7751 -0.6290
vn -0.4085 0.9119 0.0396
vn -0.2120 0.9770 0.0213
vn -0.5826 0.8108 0.0557
vn -0.5705 0.7879 -0.2317
vn -0.5191 0.8144 -0.2595
vn -0.6475 0.7392 -0.1854
vn -0.4323 0.8834 0.1810
vn -0.5024 0.8276 0.2504
vn -0.2469 0.9690 0.0098
vn -0.2321 0.9725 -0.0203
vn -0.2347 0.9719 -0.0159
vn -0.2216 0.9744 -0.0382
vn -0.1368 0.9805 0.1412
vn -0.1292 0.9819 0.1386
vn -0.0867 0.9886 0.1234
vn 0.2130 0.9770 -0.0028
vn 0.1367 0.9886 0.0634
vn -0.0500 0.9747 0.2177
vn -0.2514 0.9204 0.2995
vn -0.1145 0.9901 0.0813
vn 0.0508 0.9835 -0.1735
vn 0.2070 0.9782 -0.0173
vn 0.1616 0.9621 0.2196
vn 0.1051 0.8871 0.4495
vn 0.1282 0.9742 0.1857
vn -0.0752 0.9788 0.1905
vn 0.3297 0.9281 0.1729
vn 0.4146 0.9100 -0.0001
vn 0.4177 0.9086 -0.0015
vn 0.4096 0.9123 0.0023
vn 0.5476 0.8234 -0.1489
vn 0.5194 0.8463 -0.1181
vn 0.6204 0.7485 -0.2341
vn 0.5920 0.7750 -0.2213
vn 0.5933 0.7729 -0.2249
vn 0.5774 0.7955 -0.1836
vn -0.0829 0.9962 -0.0252
vn 0.2579 0.9658 -0.0266
vn -0.2935 0.9557 -0.0229
vn -0.0093 0.9521 -0.3058
vn -0.0169 0.9528 -0.3030
vn -0.0036 0.9514 -0.3079
vn 0.0669 0.9941 -0.0852
vn -0.1207 0.9900 0.0730
vn 0.3080 0.9074 -0.2860
vn 0.0012 0.9964 0.0844
vn 0.0502 0.9987 0.0039
vn -0.0854 0.9707 0.2248
vn -0.0826 0.9945 0.0639
vn -0.0412 0.9980 0.0473
vn 0.0431 0.9990 0.0132
vn 0.1420 0.9851 -0.0975
vn 0.1833 0.9739 -0.1335
vn 0.2258 0.9591 -0.1706
vn 0.1221 0.9887 0.0872
vn 0.0424 0.9743 0.2214
vn -0.0205 0.9464 0.3224
vn 0.0743 0.9730 0.2186
vn 0.1186 0.9915 -0.0533
vn 0.1408 0.9667 -0.2139
vn -0.1754 0.9208 -0.3483
vn -0.1285 0.9823 -0.1361
vn -0.0862 0.9955 0.0390
vn 0.2190 0.9447 0.2440
vn 0.1078 0.9506 0.2911
vn 0.3101 0.9291 0.2016
vn -0.2796 0.9441 0.1745
vn -0.1542 0.9858 0.0672
vn -0.4335 0.8464 0.3092
vn 0.1969 0.9786 -0.0594
vn 0.1529 0.9881 0.0193
vn 0.2818 0.9343 -0.2184
vn -0.0360 0.9743 0.2223
vn -0.0884 0.9666 0.2405
vn -0.2025 0.9391 0.2776
vn 0.0076 0.9972 -0.0749
vn 0.0098 0.9970 -0.0768
vn 0.0122 0.9968 -0.0789
vn -0.0288 0.9991 -0.0317
vn -0.0714 0.9966 0.0417
vn -0.1008 0.9906 0.0927
vn -0.1147 0.9878 0.1054
vn -0.1221 0.9803 0.1553
vn -0.1257 0.9755 0.1808
vn 0.0613 -0.9925 0.1061
vn 0.2953 0.9031 0.3118
vn -0.2696 -0.9623 -0.0371
vn -0.1811 0.9754 0.1254
vn 0.0977 -0.9943 -0.0422
vn -0.4726 0.8735 0.1167
vn 0.2492 -0.9631 -0.1014
vn 0.2126 0.9644 -0.1570
vn -0.0544 -0.9856 0.1598
vn -0.1516 0.9765 0.1534
vn 0.0744 -0.9956 -0.0575
vn -0.0284 0.9979 -0.0585
vn -0.0306 -0.8670 0.4974
vn -0.0345 0.9991 -0.0229
vn -0.2724 -0.8298 -0.4870
vn 0.0848 0.8936 0.4407
vn 0.1609 -0.9869 -0.0100
vn -0.5078 0.8127 -0.2858
vn 0.1984 -0.9801 0.0065
vn 0.1206 0.9920 -0.0382
vn 0.1090 0.9933 -0.0385
vn 0.1097 0.9932 -0.0383
vn -0.1274 -0.9918 0.0102
vn 0.1210 0.9919 -0.0386
vn -0.0033 -0.9992 -0.0388
vn -0.1128 0.9922 0.0528
vn 0.0322 -0.9971 -0.0690
vn -0.0545 0.9985 0.0029
vn -0.0660 -0.9931 0.0974
vn -0.0089 0.9972 -0.0743
vn -0.0087 -0.9740 -0.2263
vn -0.0031 0.9942 -0.1076
vn 0.0807 -0.9884 0.1287
vn 0.0202 0.9997 -0.0149
vn 0.2177 -0.9573 -0.1905
vn 0.0356 -0.9501 -0.3099
vn 0.0738 -0.9730 -0.2189
vn -0.1125 -0.9812 -0.1570
vn -0.0910 -0.9765 -0.1955
vn -0.0235 -0.9785 -0.2048
vn 0.0936 -0.9851 0.1446
vn -0.2741 -0.9126 0.3034
vn -0.1529 -0.8898 0.4300
vn -0.4055 -0.8533 0.3279
vn 0.0607 -0.9893 0.1327
vn 0.2401 -0.9602 0.1427
vn -0.3607 -0.8565 0.3691
vn 0.1612 -0.9562 -0.2442
vn 0.1930 -0.9307 -0.3107
vn 0.2982 -0.9500 -0.0926
vn 0.3715 -0.9043 -0.2103
vn 0.1543 -0.9764 -0.1510
vn -0.1860 -0.9812 0.0515
vn -0.0532 -0.9361 -0.3477
vn 0.0005 -0.9863 -0.1647
vn -0.5766 -0.8139 0.0722
vn -0.5233 -0.8242 0.2163
vn -0.1015 -0.9703 -0.2197
vn -0.0224 -0.9914 -0.1291
vn 0.2800 -0.9162 -0.2868
vn 0.0890 -0.9621 0.2576
vn 0.1355 -0.9536 0.2689
vn -0.0362 -0.9787 0.2023
vn 0.2270 -0.9734 0.0307
vn -0.2476 -0.9567 0.1533
vn -0.3045 -0.9419 -0.1419
vn -0.0021 -1.0000 0.0022
vn 0.2306 -0.8559 -0.4629
vn -0.0278 -0.8319 -0.5542
vn -0.0435 -0.9946 -0.0941
vn -0.2476 -0.9583 -0.1425
vn -0.2732 -0.9607 -0.0500
vn 0.0039 -1.0000 -0.0006
vn 0.0036 -1.0000 -0.0024
vn -0.5922 -0.5954 0.5429
vn 0.0383 -0.6106 0.7910
vn -0.3724 -0.1771 0.9110
vn 0.0871 -0.9914 0.0981
vn 0.1981 -0.9755 0.0954
vn 0.4095 -0.8803 0.2394
vn 0.5159 -0.8166 -0.2590
vn -0.0027 -1.0000 0.0014
vn 0.6433 0.4200 -0.6402
vn 0.2895 0.6282 -0.7221
vn -0.2428 0.9557 -0.1666
vn -0.0774 0.4976 -0.8639
vn -0.8616 0.4804 -0.1637
vn -0.1354 0.9876 -0.0792
vn -0.3240 0.9457 0.0244
vn -0.8020 0.4942 0.3355
vn -0.5481 0.5066 0.6656
vn -0.3388 -0.1301 0.9318
vn 0.0567 -0.2244 0.9729
vn 0.2325 0.6712 0.7038
vn 0.6235 0.6810 0.3840
vn 0.9049 0.4123 0.1057
vn 0.3933 0.8993 -0.1911
vn 0.4269 0.8998 -0.0903
vn -0.2032 0.9680 -0.1471
vn -0.1438 0.9856 0.0893
vn 0.2695 0.7078 -0.6530
vn -0.1393 0.9806 0.1382
vn 0.0243 0.9997 -0.0007
vn -0.4086 0.8575 -0.3126
vn -0.6420 0.6532 0.4015
vn -0.2477 0.9688 0.0065
vn -0.1880 0.9692 0.1592
vn 0.4001 0.8998 -0.1739
vn -0.4049 0.7266 0.5552
vn 0.2426 0.9310 -0.2729
vn -0.2972 0.9364 0.1866
vn 0.4234 0.9060 -0.0042
vn 0.4109 0.9117 -0.0075
vn 0.6087 0.7467 -0.2683
vn 0.5598 0.8283 -0.0250
vn -0.0255 0.9537 -0.2997
vn -0.4283 0.8385 0.3368
vn 0.1831 0.9585 -0.2183
vn -0.2080 0.9715 0.1140
vn 0.0734 0.9966 -0.0379
vn 0.2099 0.9752 -0.0699
vn 0.0244 0.8805 0.4735
vn -0.2177 0.7943 -0.5671
vn -0.0349 0.9381 0.3445
vn 0.1140 0.9811 -0.1565
vn -0.0006 0.9611 0.2762
vn 0.1495 0.9769 0.1529
vn 0.0041 0.9974 -0.0719
vn 0.0181 0.9935 -0.1120
vn -0.1082 0.9922 0.0623
vt 0.062500 0.250000
vt 0.000000 0.125000
vt 0.062500 0.125000
vt 0.125000 0.250000
vt 0.125000 0.125000
vt 0.187500 0.250000
vt 0.187500 0.125000
vt 0.250000 0.250000
vt 0.250000 0.125000
vt 0.312500 0.125000
vt 0.375000 0.125000
vt 0.312500 0.250000
vt 0.437500 0.125000
vt 0.375000 0.250000
vt 0.500000 0.125000
vt 0.437500 0.250000
vt 0.562500 0.250000
vt 0.562500 0.125000
vt 0.625000 0.250000
vt 0.625000 0.125000
vt 0.687500 0.250000
vt 0.687500 0.125000
vt 0.750000 0.250000
vt 0.750000 0.125000
vt 0.812500 0.125000
vt 0.875000 0.125000
vt 0.812500 0.250000
vt 0.937500 0.125000
vt 0.875000 0.250000
vt 1.000000 0.125000
vt 0.937500 0.250000
vt 0.062500 0.375000
vt 0.000000 0.250000
vt 0.125000 0.375000
vt 0.187500 0.375000
vt 0.250000 0.375000
vt 0.312500 0.375000
vt 0.375000 0.375000
vt 0.500000 0.250000
vt 0.437500 0.375000
vt 0.562500 0.375000
vt 0.625000 0.375000
vt 0.687500 0.375000
vt 0.750000 0.375000
vt 0.812500 0.375000
vt 0.875000 0.375000
vt 1.000000 0.375000
vt 1.000000 0.250000
vt 0.062500 0.500000
vt 0.000000 0.375000
vt 0.125000 0.500000
vt 0.187500 0.500000
vt 0.250000 0.500000
vt 0.312500 0.500000
vt 0.375000 0.500000
vt 0.500000 0.500000
vt 0.500000 0.375000
vt 0.562500 0.500000
vt 0.625000 0.500000
vt 0.687500 0.500000
vt 0.750000 0.500000
vt 0.812500 0.500000
vt 0.937500 0.500000
vt 0.937500 0.375000
vt 0.000000 0.625000
vt 0.000000 0.500000
vt 0.062500 0.625000
vt 0.125000 0.625000
vt 0.187500 0.625000
vt 0.312500 0.625000
vt 0.375000 0.625000
vt 0.437500 0.625000
vt 0.437500 0.500000
vt 0.562500 0.625000
vt 0.687500 0.625000
vt 0.812500 0.625000
vt 0.875000 0.625000
vt 0.875000 0.500000
vt 1.000000 0.625000
vt 1.000000 0.500000
vt 0.000000 0.750000
vt 0.062500 0.750000
vt 0.125000 0.750000
vt 0.250000 0.625000
vt 0.187500 0.750000
vt 0.312500 0.750000
vt 0.375000 0.750000
vt 0.437500 0.750000
vt 0.500000 0.750000
vt 0.500000 0.625000
vt 0.625000 0.625000
vt 0.562500 0.750000
vt 0.625000 0.750000
vt 0.750000 0.625000
vt 0.687500 0.750000
vt 0.812500 0.750000
vt 0.875000 0.750000
vt 0.937500 0.750000
vt 0.937500 0.625000
vt 1.000000 0.750000
vt 0.000000 0.875000
vt 0.062500 0.875000
vt 0.125000 0.875000
vt 0.250000 0.750000
vt 0.187500 0.875000
vt 0.312500 0.875000
vt 0.375000 0.875000
vt 0.437500 0.875000
vt 0.500000 0.875000
vt 0.562500 0.875000
vt 0.625000 0.875000
vt 0.750000 0.750000
vt 0.687500 0.875000
vt 0.812500 0.875000
vt 0.875000 0.875000
vt 0.937500 0.875000
vt 1.000000 0.875000
vt 0.000000 0.000000
vt 0.000000 1.000000
vt 0.062500 0.000000
vt 0.062500 1.000000
vt 0.125000 0.000000
vt 0.125000 1.000000
vt 0.187500 0.000000
vt 0.187500 1.000000
vt 0.250000 0.875000
vt 0.250000 0.000000
vt 0.250000 1.000000
vt 0.312500 0.000000
vt 0.312500 1.000000
vt 0.375000 0.000000
vt 0.375000 1.000000
vt 0.437500 0.000000
vt 0.437500 1.000000
vt 0.500000 0.000000
vt 0.500000 1.000000
vt 0.562500 0.000000
vt 0.562500 1.000000
vt 0.625000 0.000000
vt 0.625000 1.000000
vt 0.687500 0.000000
vt 0.687500 1.000000
vt 0.750000 0.875000
vt 0.750000 0.000000
vt 0.750000 1.000000
vt 0.812500 0.000000
vt 0.812500 1.000000
vt 0.875000 0.000000
vt 0.875000 1.000000
vt 0.937500 0.000000
vt 0.937500 1.000000
s 1
usemtl Arancio.7
f 134/152/419 117/153/420 118/154/421
f 135/155/422 118/154/423 119/156/424
f 136/157/425 119/156/426 120/158/427
f 137/159/428 120/158/429 121/160/430
f 122/161/431 137/159/432 121/160/433
f 123/162/434 138/163/435 122/161/436
f 124/164/437 139/165/438 123/162/439
f 125/166/440 140/167/441 124/164/442
f 142/168/443 125/166/444 126/169/445
f 143/170/446 126/169/447 127/171/448
f 144/172/449 127/171/450 128/173/451
f 145/174/452 128/173/453 129/175/454
f 130/176/455 145/174/456 129/175/457
f 131/177/458 146/178/459 130/176/460
f 132/179/461 147/180/462 131/177/463
f 117/181/464 148/182/465 132/179/466
f 150/183/467 133/184/468 134/152/469
f 151/185/470 134/152/471 135/155/472
f 152/186/473 135/155/474 136/157/475
f 153/187/476 136/157/477 137/159/478
f 138/163/479 153/187/480 137/159/481
f 139/165/482 154/188/483 138/163/484
f 140/167/485 155/189/486 139/165/487
f 141/190/488 156/191/489 140/167/490
f 158/192/491 141/190/492 142/168/493
f 159/193/494 142/168/495 143/170/496
f 160/194/497 143/170/498 144/172/499
f 161/195/500 144/172/501 145/174/502
f 162/196/503 145/174/504 146/178/505
f 147/180/506 162/196/507 146/178/508
f 148/182/509 163/197/510 147/180/511
f 149/198/512 148/182/513 133/199/514
f 166/200/515 149/201/516 150/183/517
f 167/202/518 150/183/519 151/185/520
f 168/203/521 151/185/522 152/186/523
f 169/204/524 152/186/525 153/187/526
f 170/205/527 153/187/528 154/188/529
f 155/189/530 170/205/531 154/188/532
f 156/191/533 171/206/534 155/189/535
f 173/207/536 156/191/537 157/208/538
f 174/209/539 157/208/540 158/192/541
f 175/210/542 158/192/543 159/193/544
f 176/211/545 159/193/546 160/194/547
f 177/212/548 160/194/549 161/195/550
f 178/213/551 161/195/552 162/196/553
f 163/197/554 178/213/555 162/196/556
f 180/214/557 163/197/558 164/215/559
f 149/198/560 180/214/561 164/215/562
f 166/200/563 181/216/564 165/217/565
f 167/202/566 182/218/567 166/200/568
f 168/203/569 183/219/570 167/202/571
f 169/204/572 184/220/573 168/203/574
f 186/221/575 169/204/576 170/205/577
f 187/222/578 170/205/579 171/206/580
f 188/223/581 171/206/582 172/224/583
f 173/207/584 188/223/585 172/224/586
f 190/225/587 173/207/588 174/209/589
f 175/210/590 190/225/591 174/209/592
f 192/226/593 175/210/594 176/211/595
f 177/212/596 192/226/597 176/211/598
f 194/227/599 177/212/600 178/213/601
f 195/228/602 178/213/603 179/229/604
f 180/214/605 195/228/606 179/229/607
f 181/230/608 180/214/609 165/231/610
f 182/218/611 197/232/612 181/216/613
f 183/219/614 198/233/615 182/218/616
f 184/220/617 199/234/618 183/219/619
f 185/235/620 200/236/621 184/220/622
f 202/237/623 185/235/624 186/221/625
f 203/238/626 186/221/627 187/222/628
f 204/239/629 187/222/630 188/223/631
f 205/240/632 188/223/633 189/241/634
f 190/225/635 205/240/636 189/241/637
f 191/242/638 206/243/639 190/225/640
f 192/226/641 207/244/642 191/242/643
f 193/245/644 208/246/645 192/226/646
f 210/247/647 193/245/648 194/227/649
f 211/248/650 194/227/651 195/228/652
f 212/249/653 195/228/654 196/250/655
f 197/251/656 196/250/657 181/230/658
f 198/233/659 213/252/660 197/232/661
f 199/234/662 214/253/663 198/233/664
f 200/236/665 215/254/666 199/234/667
f 201/255/668 216/256/669 200/236/670
f 218/257/671 201/255/672 202/237/673
f 219/258/674 202/237/675 203/238/676
f 220/259/677 203/238/678 204/239/679
f 221/260/680 204/239/681 205/240/682
f 222/261/683 205/240/684 206/243/685
f 207/244/686 222/261/687 206/243/688
f 208/246/689 223/262/690 207/244/691
f 209/263/692 224/264/693 208/246/694
f 226/265/695 209/263/696 210/247/697
f 227/266/698 210/247/699 211/248/700
f 228/267/701 211/248/702 212/249/703
f 213/268/704 212/249/705 197/251/706
f 118/154/707 117/153/707 115/269/707
f 116/270/708 213/252/708 214/253/708
f 119/156/709 118/154/709 115/271/709
f 116/272/710 214/253/710 215/254/710
f 120/158/711 119/156/711 115/273/711
f 116/274/712 215/254/712 216/256/712
f 121/160/713 120/158/713 115/275/713
f 116/276/714 216/256/714 217/277/714
f 122/161/715 121/160/715 115/278/715
f 116/279/716 217/277/716 218/257/716
f 123/162/717 122/161/717 115/280/717
f 116/281/718 218/257/718 219/258/718
f 124/164/719 123/162/719 115/282/719
f 116/283/720 219/258/720 220/259/720
f 125/166/721 124/164/721 115/284/721
f 116/285/722 220/259/722 221/260/722
f 126/169/723 125/166/723 115/286/723
f 116/287/724 221/260/724 222/261/724
f 127/171/725 126/169/725 115/288/725
f 116/289/726 222/261/727 223/262/728
f 128/173/729 127/171/729 115/290/729
f 116/291/726 223/262/728 224/264/730
f 129/175/731 128/173/731 115/292/731
f 116/293/732 224/264/732 225/294/732
f 130/176/733 129/175/733 115/295/733
f 116/296/734 225/294/734 226/265/734
f 131/177/735 130/176/735 115/297/735
f 116/298/736 226/265/736 227/266/736
f 132/179/737 131/177/737 115/299/737
f 116/300/738 227/266/738 228/267/738
f 117/181/739 132/179/739 115/301/739
f 116/302/740 228/267/740 213/268/740
f 134/152/419 133/184/741 117/153/420
f 135/155/422 134/152/742 118/154/423
f 136/157/425 135/155/743 119/156/426
f 137/159/428 136/157/744 120/158/429
f 122/161/431 138/163/745 137/159/432
f 123/162/434 139/165/746 138/163/435
f 124/164/437 140/167/747 139/165/438
f 125/166/440 141/190/748 140/167/441
f 142/168/443 141/190/749 125/166/444
f 143/170/446 142/168/750 126/169/447
f 144/172/449 143/170/751 127/171/450
f 145/174/452 144/172/752 128/173/453
f 130/176/455 146/178/753 145/174/456
f 131/177/458 147/180/754 146/178/459
f 132/179/461 148/182/755 147/180/462
f 117/181/464 133/199/756 148/182/465
f 150/183/467 149/201/757 133/184/468
f 151/185/470 150/183/758 134/152/471
f 152/186/473 151/185/759 135/155/474
f 153/187/476 152/186/760 136/157/477
f 138/163/479 154/188/761 153/187/480
f 139/165/482 155/189/762 154/188/483
f 140/167/485 156/191/763 155/189/486
f 141/190/488 157/208/764 156/191/489
f 158/192/491 157/208/765 141/190/492
f 159/193/494 158/192/766 142/168/495
f 160/194/497 159/193/767 143/170/498
f 161/195/500 160/194/768 144/172/501
f 162/196/503 161/195/769 145/174/504
f 147/180/506 163/197/770 162/196/507
f 148/182/509 164/215/771 163/197/510
f 149/198/512 164/215/772 148/182/513
f 166/200/515 165/217/773 149/201/516
f 167/202/518 166/200/774 150/183/519
f 168/203/521 167/202/775 151/185/522
f 169/204/524 168/203/776 152/186/525
f 170/205/527 169/204/777 153/187/528
f 155/189/530 171/206/778 170/205/531
f 156/191/533 172/224/779 171/206/534
f 173/207/536 172/224/780 156/191/537
f 174/209/539 173/207/781 157/208/540
f 175/210/542 174/209/782 158/192/543
f 176/211/545 175/210/783 159/193/546
f 177/212/548 176/211/784 160/194/549
f 178/213/551 177/212/785 161/195/552
f 163/197/554 179/229/786 178/213/555
f 180/214/557 179/229/787 163/197/558
f 149/198/560 165/231/788 180/214/561
f 166/200/563 182/218/789 181/216/564
f 167/202/566 183/219/790 182/218/567
f 168/203/569 184/220/791 183/219/570
f 169/204/572 185/235/792 184/220/573
f 186/221/575 185/235/793 169/204/576
f 187/222/578 186/221/794 170/205/579
f 188/223/581 187/222/795 171/206/582
f 173/207/584 189/241/796 188/223/585
f 190/225/587 189/241/797 173/207/588
f 175/210/590 191/242/798 190/225/591
f 192/226/593 191/242/799 175/210/594
f 177/212/596 193/245/800 192/226/597
f 194/227/599 193/245/801 177/212/600
f 195/228/602 194/227/802 178/213/603
f 180/214/605 196/250/803 195/228/606
f 181/230/608 196/250/804 180/214/609
f 182/218/611 198/233/805 197/232/612
f 183/219/614 199/234/806 198/233/615
f 184/220/617 200/236/807 199/234/618
f 185/235/620 201/255/808 200/236/621
f 202/237/623 201/255/809 185/235/624
f 203/238/626 202/237/810 186/221/627
f 204/239/629 203/238/811 187/222/630
f 205/240/632 204/239/812 188/223/633
f 190/225/635 206/243/813 205/240/636
f 191/242/638 207/244/814 206/243/639
f 192/226/641 208/246/815 207/244/642
f 193/245/644 209/263/816 208/246/645
f 210/247/647 209/263/817 193/245/648
f 211/248/650 210/247/818 194/227/651
f 212/249/653 211/248/819 195/228/654
f 197/251/656 212/249/820 196/250/657
f 198/233/659 214/253/821 213/252/660
f 199/234/662 215/254/822 214/253/663
f 200/236/665 216/256/823 215/254/666
f 201/255/668 217/277/824 216/256/669
f 218/257/671 217/277/825 201/255/672
f 219/258/674 218/257/826 202/237/675
f 220/259/677 219/258/827 203/238/678
f 221/260/680 220/259/828 204/239/681
f 222/261/683 221/260/829 205/240/684
f 207/244/686 223/262/830 222/261/687
f 208/246/689 224/264/831 223/262/690
f 209/263/692 225/294/832 224/264/693
f 226/265/695 225/294/833 209/263/696
f 227/266/698 226/265/834 210/247/699
f 228/267/701 227/266/835 211/248/702
f 213/268/704 228/267/836 212/249/705
o clouds_1_2.004
v 25.540932 19.588877 -56.022896
v 25.540932 20.997164 -56.022896
v 26.863518 19.552696 -56.963043
v 26.332457 19.464056 -57.507679
v 25.678617 19.662680 -57.799400
v 25.005047 19.595800 -57.846455
v 24.398392 19.416039 -57.630241
v 23.986917 19.522020 -57.135525
v 23.797722 19.473900 -56.487019
v 23.915724 19.876375 -55.761276
v 24.207399 19.375036 -55.074944
v 24.749449 19.465805 -54.538261
v 25.404188 19.604702 -54.239624
v 26.081184 19.517424 -54.189152
v 26.673771 19.526848 -54.429211
v 27.089331 19.574875 -54.915401
v 27.281202 19.501301 -55.560280
v 27.185032 19.668188 -56.283493
v 27.948997 19.955086 -57.734631
v 26.988974 19.896061 -58.716496
v 25.802147 19.990755 -59.253780
v 24.567974 19.894592 -59.351913
v 23.492430 19.926588 -58.904720
v 22.694908 19.810377 -58.055576
v 22.290464 19.568266 -56.895115
v 22.496918 19.794289 -55.541725
v 23.133724 19.960257 -54.311768
v 24.111883 20.179535 -53.393875
v 25.286959 19.807671 -52.737549
v 26.516512 19.875338 -52.687714
v 27.565430 20.040144 -53.174839
v 28.510128 19.332123 -53.878426
v 28.759233 19.688311 -55.166901
v 28.523340 20.054028 -56.507080
v 28.608768 20.330278 -58.203621
v 27.433886 20.088551 -59.546844
v 25.863253 19.938387 -60.390739
v 24.315687 20.242332 -60.262978
v 22.858860 20.102358 -59.796024
v 21.739927 19.912014 -58.753181
v 21.449890 20.162992 -57.084663
v 21.725042 20.331812 -55.388157
v 22.301958 19.891695 -53.720520
v 23.583252 19.688698 -52.287506
v 25.206892 20.073944 -51.748661
v 26.784336 20.184755 -51.739742
v 28.183363 20.182348 -52.305534
v 29.338203 19.918209 -53.295979
v 29.773863 19.935526 -54.890934
v 29.697058 19.716129 -56.644764
v 28.930346 20.329100 -58.432209
v 27.610905 20.329100 -59.905319
v 25.862404 20.329100 -60.976967
v 24.032450 20.329100 -61.045475
v 22.390936 20.329100 -60.454296
v 21.385355 20.329100 -59.015244
v 20.906113 20.329100 -57.273949
v 21.031223 20.329100 -55.349205
v 22.037560 20.329100 -53.532578
v 23.365450 20.329100 -51.801876
v 25.138487 20.329100 -51.732258
v 27.184818 20.329100 -50.678196
v 28.595766 20.329100 -51.725365
v 29.485218 20.329100 -53.220703
v 30.479149 20.329100 -54.622910
v 29.651306 20.329100 -56.709686
v 28.743509 20.673229 -58.299400
v 27.478336 20.844254 -59.692055
v 25.850321 20.869389 -60.494030
v 24.281128 20.525446 -60.344948
v 22.652721 20.971802 -60.086018
v 21.925402 20.438517 -58.585903
v 21.438835 20.512926 -57.090130
v 21.589340 20.571949 -55.393291
v 22.278978 20.825394 -53.704185
v 23.610466 20.801382 -52.376408
v 25.221472 20.752899 -51.632206
v 26.839594 20.648659 -51.608673
v 28.337025 20.785921 -52.089363
v 29.324232 20.716816 -53.308578
v 29.705948 20.613798 -54.924534
v 29.421278 20.443027 -56.655197
v 28.044067 21.275837 -57.802212
v 26.998898 20.910248 -58.750240
v 25.798187 20.767557 -59.283562
v 24.511181 21.180840 -59.485455
v 23.446053 20.950994 -58.969963
v 22.663780 20.968691 -58.083832
v 22.246010 21.255835 -56.917534
v 22.510912 20.804905 -55.541039
v 23.088223 20.972055 -54.279427
v 24.075029 21.028694 -53.268570
v 25.274855 20.544529 -52.828575
v 26.568127 21.162064 -52.566345
v 27.586082 20.715757 -53.145786
v 28.462360 21.140608 -53.921776
v 28.777624 21.038521 -55.157623
v 28.649923 21.137859 -56.500893
v 26.852692 20.956814 -56.955341
v 26.337559 21.321594 -57.525776
v 25.674055 21.225624 -57.831734
v 25.018381 20.863142 -57.815453
v 24.416800 21.033974 -57.604321
v 24.015560 20.895655 -57.109322
v 23.827820 20.930126 -56.471565
v 23.902760 20.950897 -55.761932
v 24.257330 20.607218 -55.110466
v 24.750412 21.129313 -54.541527
v 25.404455 21.064400 -54.237755
v 26.071552 20.981781 -54.211586
v 26.667967 21.061794 -54.437386
v 27.090212 21.083973 -54.914589
v 27.267946 21.035473 -55.567070
v 27.179995 20.958565 -56.283806
vn 0.2541 -0.9524 -0.1683
vn 0.2895 -0.9430 -0.1640
vn 0.3199 -0.9338 -0.1600
vn -0.0030 -0.9576 -0.2880
vn -0.0861 -0.9608 -0.2637
vn -0.1869 -0.9548 -0.2312
vn 0.0984 -0.9715 -0.2156
vn 0.1034 -0.9702 -0.2189
vn 0.1118 -0.9680 -0.2246
vn -0.0273 -0.9645 -0.2625
vn 0.0085 -0.9509 -0.3094
vn 0.1094 -0.8934 -0.4357
vn -0.2262 -0.9614 -0.1566
vn -0.1742 -0.9694 -0.1730
vn -0.3681 -0.9235 -0.1083
vn -0.0781 -0.9846 -0.1563
vn -0.0460 -0.9829 -0.1785
vn -0.1388 -0.9838 -0.1135
vn -0.0775 -0.9284 0.3634
vn 0.0006 -0.9652 0.2615
vn -0.1882 -0.8456 0.4995
vn -0.1615 -0.9513 -0.2627
vn -0.2516 -0.9663 0.0540
vn -0.0422 -0.8153 -0.5776
vn -0.2051 -0.8873 0.4130
vn -0.2317 -0.8825 0.4092
vn -0.2546 -0.8778 0.4056
vn -0.2988 -0.9173 0.2633
vn -0.0966 -0.9722 0.2134
vn 0.1423 -0.9794 0.1434
vn -0.0103 -0.9838 0.1789
vn -0.0581 -0.9756 0.2118
vn -0.1428 -0.9526 0.2685
vn 0.1965 -0.9585 0.2064
vn 0.1805 -0.9566 0.2289
vn 0.1336 -0.9469 0.2925
vn -0.0788 -0.9575 0.2775
vn -0.1791 -0.9371 0.2995
vn 0.3043 -0.9378 0.1674
vn -0.0328 -0.9965 -0.0763
vn 0.0655 -0.9869 -0.1472
vn -0.2041 -0.9776 0.0508
vn 0.1994 -0.9437 -0.2640
vn 0.2102 -0.9369 -0.2795
vn 0.1854 -0.9518 -0.2443
vn 0.2906 -0.9568 -0.0059
vn 0.2999 -0.9530 -0.0438
vn 0.2815 -0.9591 0.0298
vn 0.2861 -0.9462 -0.1510
vn 0.3084 -0.9383 -0.1568
vn 0.1879 -0.9742 -0.1252
vn 0.0224 -0.9989 -0.0403
vn 0.0657 -0.9954 -0.0694
vn -0.0977 -0.9944 0.0406
vn -0.0190 -0.9763 -0.2154
vn -0.1057 -0.9902 -0.0911
vn 0.1018 -0.9197 -0.3792
vn -0.0632 -0.9750 -0.2131
vn -0.0408 -0.9561 -0.2902
vn -0.0852 -0.9873 -0.1342
vn 0.0008 -0.9862 -0.1654
vn -0.0163 -0.9858 -0.1669
vn -0.0360 -0.9850 -0.1686
vn -0.3909 -0.9188 -0.0542
vn -0.2242 -0.9680 -0.1126
vn 0.0359 -0.9807 -0.1921
vn -0.5631 -0.8043 0.1899
vn -0.5720 -0.7960 0.1979
vn -0.5960 -0.7723 0.2199
vn -0.2653 -0.9641 0.0145
vn -0.3087 -0.9481 0.0767
vn -0.4844 -0.7980 0.3585
vn 0.1876 -0.9672 -0.1714
vn 0.1923 -0.9661 -0.1723
vn 0.3956 -0.8946 -0.2079
vn -0.0501 -0.9983 -0.0308
vn 0.0438 -0.9947 -0.0930
vn -0.3989 -0.8931 0.2082
vn 0.0505 -0.9570 0.2858
vn 0.0581 -0.9596 0.2754
vn 0.0403 -0.9532 0.2997
vn 0.1519 -0.9804 0.1253
vn 0.1296 -0.9685 0.2128
vn 0.1725 -0.9843 0.0384
vn -0.0196 -0.8335 0.5522
vn -0.0393 -0.9313 0.3622
vn -0.0000 -0.7049 0.7093
vn 0.3693 -0.9293 -0.0001
vn 0.4742 -0.8796 -0.0387
vn 0.6191 -0.7795 -0.0958
vn -0.0482 -0.9982 -0.0359
vn 0.0277 -0.9951 -0.0944
vn 0.3021 -0.9048 -0.3001
vn 0.0418 -0.9865 -0.1585
vn -0.0206 -0.9866 -0.1617
vn 0.4218 -0.8980 -0.1250
vn 0.4142 -0.8774 -0.2423
vn 0.0987 -0.9935 -0.0572
vn 0.5045 -0.8113 -0.2953
vn 0.3364 -0.7958 -0.5035
vn 0.2894 -0.8398 -0.4593
vn 0.3534 -0.7782 -0.5192
vn -0.1515 -0.9756 -0.1586
vn -0.0280 -0.8910 -0.4532
vn -0.1956 -0.9800 -0.0379
vn -0.0172 -0.9642 -0.2646
vn -0.0307 -0.9897 -0.1398
vn -0.0111 -0.9478 -0.3186
vn -0.3737 -0.7974 -0.4737
vn -0.2655 -0.9365 -0.2291
vn -0.4121 -0.7095 -0.5717
vn -0.3577 -0.9313 -0.0682
vn -0.6691 -0.7421 -0.0415
vn -0.7516 -0.6588 -0.0316
vn -0.0619 -0.9977 0.0283
vn -0.2451 -0.9635 0.1078
vn -0.3354 -0.9305 0.1470
vn -0.6420 -0.7592 0.1070
vn -0.1913 -0.9810 0.0308
vn -0.8205 -0.5550 0.1374
vn -0.6408 -0.5910 0.4899
vn -0.6387 -0.5937 0.4894
vn -0.6417 -0.5899 0.4902
vn -0.2186 -0.2796 0.9349
vn -0.0603 -0.5663 0.8220
vn -0.2826 -0.1368 0.9494
vn 0.0064 -0.9753 0.2206
vn -0.3788 -0.4520 0.8076
vn 0.0690 -0.9917 0.1088
vn 0.0770 -0.9829 0.1671
vn 0.0779 -0.9897 0.1201
vn 0.0764 -0.9782 0.1931
vn 0.5212 -0.5489 0.6535
vn 0.2421 -0.9511 0.1920
vn 0.5662 -0.3401 0.7508
vn 0.4722 -0.8363 0.2787
vn 0.8018 -0.5357 0.2648
vn 0.8988 -0.3658 0.2415
vn 0.9663 -0.2303 -0.1149
vn 0.6918 -0.6947 -0.1970
vn 0.9963 0.0688 -0.0522
vn 0.2226 -0.9622 -0.1570
vn 0.8056 -0.1863 -0.5624
vn 0.8201 0.0006 -0.5723
vn 0.6828 0.4476 -0.5775
vn 0.6410 0.5210 -0.5637
vn 0.6211 0.5520 -0.5564
vn 0.3838 0.5828 -0.7163
vn 0.4420 0.4891 -0.7519
vn 0.4697 0.4382 -0.7664
vn -0.1751 0.9271 -0.3313
vn -0.0305 0.7623 -0.6465
vn 0.0279 0.6665 -0.7450
vn -0.0234 0.6490 -0.7604
vn -0.0737 0.9218 -0.3806
vn -0.0865 0.9668 -0.2403
vn -0.2832 0.9507 -0.1262
vn -0.7397 0.6355 -0.2215
vn -0.1286 0.9876 -0.0899
vn -0.2698 0.9592 -0.0841
vn -0.1631 0.9826 -0.0893
vn -0.2995 0.9505 -0.0824
vn -0.3836 0.9233 0.0202
vn -0.3432 0.9392 0.0034
vn -0.3971 0.9174 0.0258
vn -0.7326 0.6296 0.2586
vn -0.4988 0.8359 0.2292
vn -0.3763 0.9027 0.2085
vn -0.5456 0.7040 0.4546
vn -0.5837 0.5973 0.5500
vn -0.5201 0.7552 0.3990
vn -0.3543 0.1202 0.9274
vn -0.0977 0.6777 0.7288
vn -0.0247 0.7774 0.6285
vn -0.1948 0.8429 0.5015
vn -0.1036 0.1727 0.9795
vn -0.1973 0.9024 0.3831
vn 0.1818 0.7807 0.5979
vn 0.1902 0.9224 0.3362
vn 0.1895 0.9481 0.2553
vn 0.7452 0.4819 0.4609
vn 0.6228 0.6440 0.4443
vn 0.7770 0.4274 0.4622
vn 0.3650 0.9094 0.1992
vn 0.7772 0.5965 0.2004
vn 0.2720 0.9428 0.1928
vn 0.4041 0.9013 -0.1561
vn 0.3959 0.9049 -0.1564
vn 0.3945 0.9055 -0.1565
vn 0.7443 0.5990 -0.2953
vn 0.5127 0.8517 -0.1084
vn 0.7735 0.5449 -0.3237
vn 0.1560 0.9518 -0.2641
vn 0.2093 0.9378 -0.2768
vn 0.4718 0.8184 -0.3281
vn -0.0610 0.9980 0.0168
vn -0.0367 0.9993 0.0008
vn 0.0399 0.9980 -0.0496
vn 0.1183 0.9180 -0.3785
vn -0.0332 0.9836 -0.1770
vn -0.2069 0.9756 0.0732
vn -0.0558 0.9839 -0.1697
vn 0.0260 0.9165 -0.3993
vn 0.1136 0.7751 -0.6215
vn -0.4104 0.9119 0.0037
vn -0.2131 0.9770 0.0027
vn -0.5853 0.8108 0.0045
vn -0.5481 0.7879 -0.2807
vn -0.4944 0.8144 -0.3039
vn -0.6288 0.7392 -0.2413
vn -0.4465 0.8834 0.1425
vn -0.5223 0.8276 0.2055
vn -0.2468 0.9690 -0.0118
vn -0.2294 0.9725 -0.0406
vn -0.2324 0.9719 -0.0364
vn -0.2174 0.9744 -0.0574
vn -0.1486 0.9805 0.1287
vn -0.1409 0.9819 0.1267
vn -0.0972 0.9886 0.1153
vn 0.2125 0.9770 0.0158
vn 0.1306 0.9886 0.0751
vn -0.0688 0.9747 0.2125
vn -0.2767 0.9204 0.2763
vn -0.1212 0.9901 0.0710
vn 0.0658 0.9835 -0.1684
vn 0.2078 0.9782 0.0009
vn 0.1418 0.9621 0.2329
vn 0.0654 0.8871 0.4570
vn 0.1114 0.9742 0.1962
vn -0.0915 0.9788 0.1832
vn 0.3133 0.9281 0.2011
vn 0.4128 0.9101 0.0363
vn 0.4162 0.9086 0.0350
vn 0.4078 0.9123 0.0382
vn 0.5585 0.8234 -0.1004
vn 0.5277 0.8463 -0.0722
vn 0.6385 0.7485 -0.1789
vn 0.6091 0.7750 -0.1686
vn 0.6107 0.7729 -0.1721
vn 0.5913 0.7955 -0.1324
vn -0.0803 0.9962 -0.0324
vn 0.2593 0.9658 -0.0039
vn -0.2903 0.9557 -0.0484
vn 0.0173 0.9521 -0.3054
vn 0.0097 0.9528 -0.3033
vn 0.0233 0.9514 -0.3070
vn 0.0741 0.9941 -0.0790
vn -0.1266 0.9900 0.0622
vn 0.3318 0.9074 -0.2579
vn -0.0062 0.9964 0.0842
vn 0.0497 0.9987 0.0083
vn -0.1047 0.9707 0.2165
vn -0.0879 0.9945 0.0565
vn -0.0452 0.9980 0.0435
vn 0.0418 0.9990 0.0169
vn 0.1500 0.9851 -0.0847
vn 0.1943 0.9739 -0.1170
vn 0.2398 0.9591 -0.1502
vn 0.1140 0.9887 0.0975
vn 0.0229 0.9743 0.2243
vn -0.0486 0.9464 0.3194
vn 0.0548 0.9730 0.2243
vn 0.1228 0.9915 -0.0427
vn 0.1589 0.9667 -0.2008
vn -0.1443 0.9208 -0.3623
vn -0.1161 0.9823 -0.1468
vn -0.0892 0.9955 0.0313
vn 0.1968 0.9447 0.2622
vn 0.0819 0.9506 0.2994
vn 0.2913 0.9291 0.2280
vn -0.2937 0.9442 0.1493
vn -0.1595 0.9858 0.0534
vn -0.4589 0.8464 0.2701
vn 0.2014 0.9786 -0.0419
vn 0.1506 0.9881 0.0326
vn 0.2998 0.9343 -0.1929
vn -0.0553 0.9743 0.2183
vn -0.1091 0.9666 0.2318
vn -0.2261 0.9391 0.2589
vn 0.0141 0.9972 -0.0740
vn 0.0164 0.9970 -0.0757
vn 0.0190 0.9968 -0.0775
vn -0.0259 0.9991 -0.0341
vn -0.0747 0.9966 0.0353
vn -0.1085 0.9906 0.0836
vn -0.1235 0.9878 0.0949
vn -0.1352 0.9803 0.1440
vn -0.1410 0.9755 0.1691
vn 0.0518 -0.9925 0.1110
vn 0.2669 0.9031 0.3364
vn -0.2653 -0.9623 -0.0605
vn -0.1914 0.9754 0.1091
vn 0.1011 -0.9943 -0.0335
vn -0.4810 0.8735 0.0749
vn 0.2572 -0.9631 -0.0792
vn 0.2255 0.9644 -0.1378
vn -0.0682 -0.9856 0.1544
vn -0.1644 0.9765 0.1396
vn 0.0792 -0.9956 -0.0508
vn -0.0231 0.9979 -0.0608
vn -0.0740 -0.8670 0.4928
vn -0.0323 0.9991 -0.0258
vn -0.2287 -0.8298 -0.5090
vn 0.0459 0.8936 0.4465
vn 0.1612 -0.9869 0.0041
vn -0.4808 0.8127 -0.3291
vn 0.1971 -0.9801 0.0238
vn 0.1236 0.9919 -0.0284
vn 0.1120 0.9933 -0.0289
vn 0.1127 0.9932 -0.0291
vn -0.1278 -0.9918 -0.0010
vn 0.1239 0.9919 -0.0279
vn 0.0001 -0.9992 -0.0390
vn -0.1170 0.9922 0.0427
vn 0.0381 -0.9971 -0.0659
vn -0.0546 0.9985 -0.0019
vn -0.0742 -0.9931 0.0912
vn -0.0024 0.9972 -0.0748
vn 0.0111 -0.9740 -0.2262
vn 0.0063 0.9942 -0.1075
vn 0.0691 -0.9884 0.1353
vn 0.0215 0.9997 -0.0131
vn 0.2335 -0.9573 -0.1707
vn 0.0625 -0.9501 -0.3056
vn 0.0926 -0.9730 -0.2116
vn -0.0983 -0.9812 -0.1662
vn -0.0736 -0.9765 -0.2027
vn -0.0055 -0.9785 -0.2061
vn 0.0805 -0.9851 0.1522
vn -0.2996 -0.9126 0.2783
vn -0.1900 -0.8898 0.4150
vn -0.4326 -0.8533 0.2911
vn 0.0489 -0.9893 0.1375
vn 0.2267 -0.9602 0.1632
vn -0.3916 -0.8565 0.3361
vn 0.1820 -0.9562 -0.2292
vn 0.2194 -0.9307 -0.2926
vn 0.3051 -0.9500 -0.0662
vn 0.3884 -0.9043 -0.1770
vn 0.1669 -0.9764 -0.1369
vn -0.1898 -0.9812 0.0350
vn -0.0226 -0.9361 -0.3510
vn 0.0149 -0.9863 -0.1641
vn -0.5807 -0.8139 0.0215
vn -0.5402 -0.8242 0.1696
vn -0.0819 -0.9703 -0.2277
vn -0.0111 -0.9914 -0.1305
vn 0.3041 -0.9162 -0.2612
vn 0.0661 -0.9621 0.2644
vn 0.1115 -0.9536 0.2797
vn -0.0538 -0.9787 0.1983
vn 0.2234 -0.9734 0.0505
vn -0.2600 -0.9567 0.1311
vn -0.2909 -0.9419 -0.1680
vn -0.0022 -1.0000 0.0020
vn 0.2702 -0.8559 -0.4409
vn 0.0208 -0.8319 -0.5545
vn -0.0351 -0.9946 -0.0976
vn -0.2342 -0.9583 -0.1636
vn -0.2678 -0.9607 -0.0737
vn 0.0039 -1.0000 -0.0003
vn 0.0038 -1.0000 -0.0021
vn -0.6374 -0.5954 0.4891
vn -0.0311 -0.6106 0.7913
vn -0.4507 -0.1771 0.8749
vn 0.0782 -0.9914 0.1053
vn 0.1890 -0.9755 0.1124
vn 0.3870 -0.8803 0.2743
vn 0.5366 -0.8166 -0.2129
vn -0.0028 -1.0000 0.0012
vn 0.6968 0.4200 -0.5814
vn 0.3516 0.6282 -0.6940
vn -0.2273 0.9557 -0.1872
vn -0.0015 0.4976 -0.8674
vn -0.8440 0.4804 -0.2384
vn -0.1279 0.9876 -0.0908
vn -0.3249 0.9457 -0.0041
vn -0.8283 0.4942 0.2640
vn -0.6042 0.5066 0.6151
vn -0.4190 -0.1301 0.8986
vn -0.0286 -0.2244 0.9741
vn 0.1701 0.6712 0.7215
vn 0.5875 0.6810 0.4371
vn 0.8922 0.4123 0.1845
vn 0.4085 0.8993 -0.1559
vn 0.4332 0.8998 -0.0526
vn -0.1896 0.9680 -0.1643
vn -0.1511 0.9856 0.0764
vn 0.3256 0.7078 -0.6269
vn -0.1509 0.9806 0.1255
vn 0.0242 0.9997 0.0014
vn -0.3797 0.8575 -0.3471
vn -0.6747 0.6532 0.3438
vn -0.2473 0.9688 -0.0152
vn -0.2012 0.9692 0.1421
vn 0.4138 0.8998 -0.1383
vn -0.4519 0.7266 0.5176
vn 0.2655 0.9310 -0.2506
vn -0.3124 0.9364 0.1599
vn 0.4221 0.9060 0.0328
vn 0.4100 0.9117 0.0284
vn 0.6298 0.7467 -0.2140
vn 0.5598 0.8283 0.0241
vn 0.0008 0.9537 -0.3008
vn -0.4562 0.8385 0.2981
vn 0.2015 0.9585 -0.2015
vn -0.2172 0.9715 0.0954
vn 0.0765 0.9966 -0.0314
vn 0.2153 0.9752 -0.0513
vn -0.0172 0.8805 0.4738
vn -0.1672 0.7943 -0.5840
vn -0.0649 0.9381 0.3401
vn 0.1272 0.9811 -0.1459
vn -0.0248 0.9611 0.2751
vn 0.1356 0.9769 0.1654
vn 0.0104 0.9974 -0.0713
vn 0.0278 0.9935 -0.1100
vn -0.1133 0.9922 0.0526
vt 0.062500 0.250000
vt 0.000000 0.125000
vt 0.062500 0.125000
vt 0.125000 0.250000
vt 0.125000 0.125000
vt 0.187500 0.250000
vt 0.187500 0.125000
vt 0.250000 0.250000
vt 0.250000 0.125000
vt 0.312500 0.125000
vt 0.375000 0.125000
vt 0.312500 0.250000
vt 0.437500 0.125000
vt 0.375000 0.250000
vt 0.500000 0.125000
vt 0.437500 0.250000
vt 0.562500 0.250000
vt 0.562500 0.125000
vt 0.625000 0.250000
vt 0.625000 0.125000
vt 0.687500 0.250000
vt 0.687500 0.125000
vt 0.750000 0.250000
vt 0.750000 0.125000
vt 0.812500 0.125000
vt 0.875000 0.125000
vt 0.812500 0.250000
vt 0.937500 0.125000
vt 0.875000 0.250000
vt 1.000000 0.125000
vt 0.937500 0.250000
vt 0.062500 0.375000
vt 0.000000 0.250000
vt 0.125000 0.375000
vt 0.187500 0.375000
vt 0.250000 0.375000
vt 0.312500 0.375000
vt 0.375000 0.375000
vt 0.500000 0.250000
vt 0.437500 0.375000
vt 0.562500 0.375000
vt 0.625000 0.375000
vt 0.687500 0.375000
vt 0.750000 0.375000
vt 0.812500 0.375000
vt 0.875000 0.375000
vt 1.000000 0.375000
vt 1.000000 0.250000
vt 0.062500 0.500000
vt 0.000000 0.375000
vt 0.125000 0.500000
vt 0.187500 0.500000
vt 0.250000 0.500000
vt 0.312500 0.500000
vt 0.375000 0.500000
vt 0.500000 0.500000
vt 0.500000 0.375000
vt 0.562500 0.500000
vt 0.625000 0.500000
vt 0.687500 0.500000
vt 0.750000 0.500000
vt 0.812500 0.500000
vt 0.937500 0.500000
vt 0.937500 0.375000
vt 0.000000 0.625000
vt 0.000000 0.500000
vt 0.062500 0.625000
vt 0.125000 0.625000
vt 0.187500 0.625000
vt 0.312500 0.625000
vt 0.375000 0.625000
vt 0.437500 0.625000
vt 0.437500 0.500000
vt 0.562500 0.625000
vt 0.687500 0.625000
vt 0.812500 0.625000
vt 0.875000 0.625000
vt 0.875000 0.500000
vt 1.000000 0.625000
vt 1.000000 0.500000
vt 0.000000 0.750000
vt 0.062500 0.750000
vt 0.125000 0.750000
vt 0.250000 0.625000
vt 0.187500 0.750000
vt 0.312500 0.750000
vt 0.375000 0.750000
vt 0.437500 0.750000
vt 0.500000 0.750000
vt 0.500000 0.625000
vt 0.625000 0.625000
vt 0.562500 0.750000
vt 0.625000 0.750000
vt 0.750000 0.625000
vt 0.687500 0.750000
vt 0.812500 0.750000
vt 0.875000 0.750000
vt 0.937500 0.750000
vt 0.937500 0.625000
vt 1.000000 0.750000
vt 0.000000 0.875000
vt 0.062500 0.875000
vt 0.125000 0.875000
vt 0.250000 0.750000
vt 0.187500 0.875000
vt 0.312500 0.875000
vt 0.375000 0.875000
vt 0.437500 0.875000
vt 0.500000 0.875000
vt 0.562500 0.875000
vt 0.625000 0.875000
vt 0.750000 0.750000
vt 0.687500 0.875000
vt 0.812500 0.875000
vt 0.875000 0.875000
vt 0.937500 0.875000
vt 1.000000 0.875000
vt 0.000000 0.000000
vt 0.000000 1.000000
vt 0.062500 0.000000
vt 0.062500 1.000000
vt 0.125000 0.000000
vt 0.125000 1.000000
vt 0.187500 0.000000
vt 0.187500 1.000000
vt 0.250000 0.875000
vt 0.250000 0.000000
vt 0.250000 1.000000
vt 0.312500 0.000000
vt 0.312500 1.000000
vt 0.375000 0.000000
vt 0.375000 1.000000
vt 0.437500 0.000000
vt 0.437500 1.000000
vt 0.500000 0.000000
vt 0.500000 1.000000
vt 0.562500 0.000000
vt 0.562500 1.000000
vt 0.625000 0.000000
vt 0.625000 1.000000
vt 0.687500 0.000000
vt 0.687500 1.000000
vt 0.750000 0.875000
vt 0.750000 0.000000
vt 0.750000 1.000000
vt 0.812500 0.000000
vt 0.812500 1.000000
vt 0.875000 0.000000
vt 0.875000 1.000000
vt 0.937500 0.000000
vt 0.937500 1.000000
s 1
usemtl Arancio.008
f 248/303/837 231/304/838 232/305/839
f 249/306/840 232/305/841 233/307/842
f 250/308/843 233/307/844 234/309/845
f 251/310/846 234/309/847 235/311/848
f 236/312/849 251/310/850 235/311/851
f 237/313/852 252/314/853 236/312/854
f 238/315/855 253/316/856 237/313/857
f 239/317/858 254/318/859 238/315/860
f 256/319/861 239/317/862 240/320/863
f 257/321/864 240/320/865 241/322/866
f 258/323/867 241/322/868 242/324/869
f 259/325/870 242/324/871 243/326/872
f 244/327/873 259/325/874 243/326/875
f 245/328/876 260/329/877 244/327/878
f 246/330/879 261/331/880 245/328/881
f 231/332/882 262/333/883 246/330/884
f 264/334/885 247/335/886 248/303/887
f 265/336/888 248/303/889 249/306/890
f 266/337/891 249/306/892 250/308/893
f 267/338/894 250/308/895 251/310/896
f 252/314/897 267/338/898 251/310/899
f 253/316/900 268/339/901 252/314/902
f 254/318/903 269/340/904 253/316/905
f 255/341/906 270/342/907 254/318/908
f 272/343/909 255/341/910 256/319/911
f 273/344/912 256/319/913 257/321/914
f 274/345/915 257/321/916 258/323/917
f 275/346/918 258/323/919 259/325/920
f 276/347/921 259/325/922 260/329/923
f 261/331/924 276/347/925 260/329/926
f 262/333/927 277/348/928 261/331/929
f 263/349/930 262/333/931 247/350/932
f 280/351/933 263/352/934 264/334/935
f 281/353/936 264/334/937 265/336/938
f 282/354/939 265/336/940 266/337/941
f 283/355/942 266/337/943 267/338/944
f 284/356/945 267/338/946 268/339/947
f 269/340/948 284/356/949 268/339/950
f 270/342/951 285/357/952 269/340/953
f 287/358/954 270/342/955 271/359/956
f 288/360/957 271/359/958 272/343/959
f 289/361/960 272/343/961 273/344/962
f 290/362/963 273/344/964 274/345/965
f 291/363/966 274/345/967 275/346/968
f 292/364/969 275/346/970 276/347/971
f 277/348/972 292/364/973 276/347/974
f 294/365/975 277/348/976 278/366/977
f 263/349/978 294/365/979 278/366/980
f 280/351/981 295/367/982 279/368/983
f 281/353/984 296/369/985 280/351/986
f 282/354/987 297/370/988 281/353/989
f 283/355/990 298/371/991 282/354/992
f 300/372/993 283/355/994 284/356/995
f 301/373/996 284/356/997 285/357/998
f 302/374/999 285/357/1000 286/375/1001
f 287/358/1002 302/374/1003 286/375/1004
f 304/376/1005 287/358/1006 288/360/1007
f 289/361/1008 304/376/1009 288/360/1010
f 306/377/1011 289/361/1012 290/362/1013
f 291/363/1014 306/377/1015 290/362/1016
f 308/378/1017 291/363/1018 292/364/1019
f 309/379/1020 292/364/1021 293/380/1022
f 294/365/1023 309/379/1024 293/380/1025
f 295/381/1026 294/365/1027 279/382/1028
f 296/369/1029 311/383/1030 295/367/1031
f 297/370/1032 312/384/1033 296/369/1034
f 298/371/1035 313/385/1036 297/370/1037
f 299/386/1038 314/387/1039 298/371/1040
f 316/388/1041 299/386/1042 300/372/1043
f 317/389/1044 300/372/1045 301/373/1046
f 318/390/1047 301/373/1048 302/374/1049
f 319/391/1050 302/374/1051 303/392/1052
f 304/376/1053 319/391/1054 303/392/1055
f 305/393/1056 320/394/1057 304/376/1058
f 306/377/1059 321/395/1060 305/393/1061
f 307/396/1062 322/397/1063 306/377/1064
f 324/398/1065 307/396/1066 308/378/1067
f 325/399/1068 308/378/1069 309/379/1070
f 326/400/1071 309/379/1072 310/401/1073
f 311/402/1074 310/401/1075 295/381/1076
f 312/384/1077 327/403/1078 311/383/1079
f 313/385/1080 328/404/1081 312/384/1082
f 314/387/1083 329/405/1084 313/385/1085
f 315/406/1086 330/407/1087 314/387/1088
f 332/408/1089 315/406/1090 316/388/1091
f 333/409/1092 316/388/1093 317/389/1094
f 334/410/1095 317/389/1096 318/390/1097
f 335/411/1098 318/390/1099 319/391/1100
f 336/412/1101 319/391/1102 320/394/1103
f 321/395/1104 336/412/1105 320/394/1106
f 322/397/1107 337/413/1108 321/395/1109
f 323/414/1110 338/415/1111 322/397/1112
f 340/416/1113 323/414/1114 324/398/1115
f 341/417/1116 324/398/1117 325/399/1118
f 342/418/1119 325/399/1120 326/400/1121
f 327/419/1122 326/400/1123 311/402/1124
f 232/305/1125 231/304/1125 229/420/1125
f 230/421/1126 327/403/1126 328/404/1126
f 233/307/1127 232/305/1127 229/422/1127
f 230/423/1128 328/404/1128 329/405/1128
f 234/309/1129 233/307/1129 229/424/1129
f 230/425/1130 329/405/1130 330/407/1130
f 235/311/1131 234/309/1131 229/426/1131
f 230/427/1132 330/407/1132 331/428/1132
f 236/312/1133 235/311/1133 229/429/1133
f 230/430/1134 331/428/1134 332/408/1134
f 237/313/1135 236/312/1135 229/431/1135
f 230/432/1136 332/408/1136 333/409/1136
f 238/315/1137 237/313/1137 229/433/1137
f 230/434/1138 333/409/1138 334/410/1138
f 239/317/1139 238/315/1139 229/435/1139
f 230/436/1140 334/410/1140 335/411/1140
f 240/320/1141 239/317/1141 229/437/1141
f 230/438/1142 335/411/1142 336/412/1142
f 241/322/1143 240/320/1143 229/439/1143
f 230/440/1144 336/412/1145 337/413/1146
f 242/324/1147 241/322/1147 229/441/1147
f 230/442/1144 337/413/1146 338/415/1148
f 243/326/1149 242/324/1149 229/443/1149
f 230/444/1150 338/415/1150 339/445/1150
f 244/327/1151 243/326/1151 229/446/1151
f 230/447/1152 339/445/1152 340/416/1152
f 245/328/1153 244/327/1153 229/448/1153
f 230/449/1154 340/416/1154 341/417/1154
f 246/330/1155 245/328/1155 229/450/1155
f 230/451/1156 341/417/1156 342/418/1156
f 231/332/1157 246/330/1157 229/452/1157
f 230/453/1158 342/418/1158 327/419/1158
f 248/303/837 247/335/1159 231/304/838
f 249/306/840 248/303/1160 232/305/841
f 250/308/843 249/306/1161 233/307/844
f 251/310/846 250/308/1162 234/309/847
f 236/312/849 252/314/1163 251/310/850
f 237/313/852 253/316/1164 252/314/853
f 238/315/855 254/318/1165 253/316/856
f 239/317/858 255/341/1166 254/318/859
f 256/319/861 255/341/1167 239/317/862
f 257/321/864 256/319/1168 240/320/865
f 258/323/867 257/321/1169 241/322/868
f 259/325/870 258/323/1170 242/324/871
f 244/327/873 260/329/1171 259/325/874
f 245/328/876 261/331/1172 260/329/877
f 246/330/879 262/333/1173 261/331/880
f 231/332/882 247/350/1174 262/333/883
f 264/334/885 263/352/1175 247/335/886
f 265/336/888 264/334/1176 248/303/889
f 266/337/891 265/336/1177 249/306/892
f 267/338/894 266/337/1178 250/308/895
f 252/314/897 268/339/1179 267/338/898
f 253/316/900 269/340/1180 268/339/901
f 254/318/903 270/342/1181 269/340/904
f 255/341/906 271/359/1182 270/342/907
f 272/343/909 271/359/1183 255/341/910
f 273/344/912 272/343/1184 256/319/913
f 274/345/915 273/344/1185 257/321/916
f 275/346/918 274/345/1186 258/323/919
f 276/347/921 275/346/1187 259/325/922
f 261/331/924 277/348/1188 276/347/925
f 262/333/927 278/366/1189 277/348/928
f 263/349/930 278/366/1190 262/333/931
f 280/351/933 279/368/1191 263/352/934
f 281/353/936 280/351/1192 264/334/937
f 282/354/939 281/353/1193 265/336/940
f 283/355/942 282/354/1194 266/337/943
f 284/356/945 283/355/1195 267/338/946
f 269/340/948 285/357/1196 284/356/949
f 270/342/951 286/375/1197 285/357/952
f 287/358/954 286/375/1198 270/342/955
f 288/360/957 287/358/1199 271/359/958
f 289/361/960 288/360/1200 272/343/961
f 290/362/963 289/361/1201 273/344/964
f 291/363/966 290/362/1202 274/345/967
f 292/364/969 291/363/1203 275/346/970
f 277/348/972 293/380/1204 292/364/973
f 294/365/975 293/380/1205 277/348/976
f 263/349/978 279/382/1206 294/365/979
f 280/351/981 296/369/1207 295/367/982
f 281/353/984 297/370/1208 296/369/985
f 282/354/987 298/371/1209 297/370/988
f 283/355/990 299/386/1210 298/371/991
f 300/372/993 299/386/1211 283/355/994
f 301/373/996 300/372/1212 284/356/997
f 302/374/999 301/373/1213 285/357/1000
f 287/358/1002 303/392/1214 302/374/1003
f 304/376/1005 303/392/1215 287/358/1006
f 289/361/1008 305/393/1216 304/376/1009
f 306/377/1011 305/393/1217 289/361/1012
f 291/363/1014 307/396/1218 306/377/1015
f 308/378/1017 307/396/1219 291/363/1018
f 309/379/1020 308/378/1220 292/364/1021
f 294/365/1023 310/401/1221 309/379/1024
f 295/381/1026 310/401/1222 294/365/1027
f 296/369/1029 312/384/1223 311/383/1030
f 297/370/1032 313/385/1224 312/384/1033
f 298/371/1035 314/387/1225 313/385/1036
f 299/386/1038 315/406/1226 314/387/1039
f 316/388/1041 315/406/1227 299/386/1042
f 317/389/1044 316/388/1228 300/372/1045
f 318/390/1047 317/389/1229 301/373/1048
f 319/391/1050 318/390/1230 302/374/1051
f 304/376/1053 320/394/1231 319/391/1054
f 305/393/1056 321/395/1232 320/394/1057
f 306/377/1059 322/397/1233 321/395/1060
f 307/396/1062 323/414/1234 322/397/1063
f 324/398/1065 323/414/1235 307/396/1066
f 325/399/1068 324/398/1236 308/378/1069
f 326/400/1071 325/399/1237 309/379/1072
f 311/402/1074 326/400/1238 310/401/1075
f 312/384/1077 328/404/1239 327/403/1078
f 313/385/1080 329/405/1240 328/404/1081
f 314/387/1083 330/407/1241 329/405/1084
f 315/406/1086 331/428/1242 330/407/1087
f 332/408/1089 331/428/1243 315/406/1090
f 333/409/1092 332/408/1244 316/388/1093
f 334/410/1095 333/409/1245 317/389/1096
f 335/411/1098 334/410/1246 318/390/1099
f 336/412/1101 335/411/1247 319/391/1102
f 321/395/1104 337/413/1248 336/412/1105
f 322/397/1107 338/415/1249 337/413/1108
f 323/414/1110 339/445/1250 338/415/1111
f 340/416/1113 339/445/1251 323/414/1114
f 341/417/1116 340/416/1252 324/398/1117
f 342/418/1119 341/417/1253 325/399/1120
f 327/419/1122 342/418/1254 326/400/1123
o clouds_1_2.005
v -14.321053 26.778313 -34.912376
v -14.321053 28.186600 -34.912376
v -12.698368 26.742130 -34.912384
v -12.815666 26.653492 -35.663979
v -13.179569 26.852116 -36.280563
v -13.701309 26.785236 -36.709167
v -14.321037 26.605474 -36.884422
v -14.943043 26.711456 -36.719593
v -15.472977 26.663336 -36.300636
v -15.797276 27.065811 -35.640743
v -15.957184 26.564472 -34.912350
v -15.826317 26.655241 -34.160873
v -15.465691 26.794138 -33.538124
v -14.943138 26.706860 -33.104752
v -14.321060 26.716284 -32.957088
v -13.700668 26.764311 -33.112598
v -13.170654 26.690737 -33.527046
v -12.830029 26.857624 -34.172230
v -11.366596 27.144522 -34.912376
v -11.580208 27.085497 -36.268867
v -12.236256 27.180191 -37.394405
v -13.185326 27.084024 -38.189438
v -14.321053 27.116020 -38.448093
v -15.463055 26.999809 -38.218048
v -16.465042 26.757702 -37.506527
v -17.080891 26.983727 -36.283817
v -17.274460 27.149693 -34.912376
v -17.009003 27.368971 -33.597519
v -16.431503 26.997107 -32.381760
v -15.458214 27.064774 -31.628777
v -14.321053 27.229580 -31.418098
v -13.143429 26.521557 -31.444227
v -12.193882 26.877747 -32.350086
v -11.609684 27.243464 -33.579086
v -10.557121 27.519714 -34.912376
v -10.736496 27.277987 -36.687885
v -11.527725 27.127819 -38.285694
v -12.863110 27.431765 -39.078182
v -14.321053 27.291790 -39.541634
v -15.837250 27.101446 -39.339931
v -17.040344 27.352425 -38.148026
v -17.798988 27.521248 -36.605854
v -18.294952 27.081131 -34.912376
v -18.080872 26.878134 -33.002033
v -17.069695 27.263380 -31.622150
v -15.789154 27.374191 -30.700951
v -14.321053 27.371784 -30.351543
v -12.805950 27.107645 -30.489731
v -11.526783 27.124962 -31.537310
v -10.573261 26.905565 -33.011284
v -10.162579 27.518536 -34.912376
v -10.384521 27.518536 -36.877502
v -11.188774 27.518532 -38.763996
v -12.640606 27.518532 -39.880062
v -14.321053 27.518532 -40.349270
v -15.974415 27.518532 -39.758957
v -17.373886 27.518532 -38.617359
v -18.387062 27.518536 -36.976086
v -18.619347 27.518536 -34.912376
v -18.539757 27.518536 -32.732403
v -17.134956 27.518536 -31.648413
v -16.077766 27.518536 -29.603695
v -14.321053 27.518536 -29.639736
v -12.729736 27.518536 -30.343204
v -11.107220 27.518536 -30.910231
v -10.572937 27.518536 -33.090710
v -10.391808 27.862665 -34.912376
v -10.616135 28.033689 -36.780483
v -11.478424 28.058821 -38.377373
v -12.843784 27.714878 -39.165016
v -14.321053 28.161234 -39.897427
v -15.782993 27.627949 -39.096130
v -17.046188 27.702358 -38.158886
v -17.906624 27.761385 -36.688660
v -18.323147 28.014830 -34.912376
v -18.007183 27.990818 -33.058727
v -17.125286 27.942335 -31.518784
v -15.820049 27.838095 -30.562105
v -14.321053 27.975357 -30.086325
v -12.810036 27.906252 -30.508097
v -11.562672 27.803234 -31.604042
v -10.791992 27.632463 -33.179565
v -11.249954 28.465273 -34.912376
v -11.552567 28.099684 -36.290623
v -12.222229 27.956993 -37.420975
v -13.154247 28.370270 -38.331188
v -14.321053 28.140427 -38.528137
v -15.472057 28.158123 -38.259113
v -16.488289 28.445271 -37.550552
v -17.069881 27.994341 -36.275150
v -17.330284 28.161491 -34.912376
v -17.111641 28.218130 -33.516735
v -16.388630 27.733965 -32.462967
v -15.486462 28.351500 -31.499949
v -14.321053 27.905193 -31.382450
v -13.157242 28.330044 -31.507238
v -12.184265 28.227955 -32.331871
v -11.510094 28.327295 -33.500702
v -12.711655 28.146250 -34.912376
v -12.801022 28.511030 -35.675774
v -13.164558 28.415060 -36.309563
v -13.708405 28.052578 -36.676174
v -14.321053 28.223410 -36.852627
v -14.934879 28.085091 -36.681644
v -15.457397 28.119562 -36.270603
v -15.807461 28.140333 -35.648792
v -15.895905 27.796654 -34.912376
v -15.823643 28.318748 -34.162975
v -15.466553 28.253836 -33.536446
v -14.937992 28.171217 -33.128620
v -14.321053 28.251230 -32.967113
v -13.700420 28.273409 -33.111423
v -13.177525 28.224909 -33.540260
v -12.833954 28.148001 -34.175404
vn 0.3046 -0.9524 0.0100
vn 0.3309 -0.9430 0.0341
vn 0.3535 -0.9338 0.0550
vn 0.1644 -0.9576 -0.2364
vn 0.0826 -0.9608 -0.2648
vn -0.0183 -0.9548 -0.2967
vn 0.2050 -0.9716 -0.1186
vn 0.2112 -0.9702 -0.1185
vn 0.2212 -0.9680 -0.1183
vn 0.1299 -0.9645 -0.2298
vn 0.1862 -0.9509 -0.2472
vn 0.3416 -0.8934 -0.2917
vn -0.0936 -0.9614 -0.2587
vn -0.0418 -0.9694 -0.2419
vn -0.2372 -0.9235 -0.3015
vn 0.0269 -0.9846 -0.1726
vn 0.0659 -0.9829 -0.1721
vn -0.0473 -0.9838 -0.1729
vn -0.2737 -0.9284 0.2513
vn -0.1510 -0.9652 0.2134
vn -0.4428 -0.8456 0.2981
vn 0.0206 -0.9513 -0.3077
vn -0.2363 -0.9663 -0.1018
vn 0.3002 -0.8152 -0.4952
vn -0.4064 -0.8873 0.2178
vn -0.4259 -0.8825 0.1993
vn -0.4426 -0.8779 0.1831
vn -0.3961 -0.9173 0.0415
vn -0.2024 -0.9722 0.1180
vn 0.0329 -0.9794 0.1994
vn -0.1120 -0.9838 0.1399
vn -0.1701 -0.9756 0.1389
vn -0.2720 -0.9526 0.1361
vn 0.0405 -0.9585 0.2821
vn 0.0145 -0.9566 0.2911
vn -0.0606 -0.9469 0.3158
vn -0.2250 -0.9575 0.1805
vn -0.3195 -0.9371 0.1403
vn 0.1510 -0.9378 0.3128
vn 0.0175 -0.9965 -0.0812
vn 0.1387 -0.9869 -0.0820
vn -0.1958 -0.9776 -0.0768
vn 0.3155 -0.9437 -0.0997
vn 0.3332 -0.9369 -0.1060
vn 0.2927 -0.9518 -0.0917
vn 0.2403 -0.9568 0.1636
vn 0.2698 -0.9530 0.1381
vn 0.2122 -0.9591 0.1874
vn 0.3207 -0.9462 0.0427
vn 0.3422 -0.9383 0.0509
vn 0.2257 -0.9742 0.0069
vn 0.0416 -0.9989 -0.0199
vn 0.0937 -0.9954 -0.0185
vn -0.1031 -0.9944 -0.0235
vn 0.1094 -0.9763 -0.1866
vn -0.0334 -0.9902 -0.1355
vn 0.3027 -0.9197 -0.2501
vn 0.0720 -0.9750 -0.2103
vn 0.1349 -0.9561 -0.2602
vn 0.0083 -0.9873 -0.1587
vn 0.0965 -0.9862 -0.1343
vn 0.0834 -0.9858 -0.1455
vn 0.0683 -0.9850 -0.1583
vn -0.2872 -0.9189 -0.2706
vn -0.1175 -0.9680 -0.2217
vn 0.1406 -0.9807 -0.1357
vn -0.5690 -0.8043 -0.1714
vn -0.5809 -0.7960 -0.1701
vn -0.6132 -0.7723 -0.1661
vn -0.2246 -0.9641 -0.1419
vn -0.2961 -0.9480 -0.1163
vn -0.6025 -0.7980 0.0115
vn 0.2522 -0.9672 -0.0310
vn 0.2566 -0.9661 -0.0290
vn 0.4429 -0.8946 0.0598
vn -0.0230 -0.9983 -0.0541
vn 0.0895 -0.9947 -0.0504
vn -0.4457 -0.8931 -0.0614
vn -0.1244 -0.9570 0.2622
vn -0.1122 -0.9596 0.2581
vn -0.1408 -0.9532 0.2677
vn 0.0512 -0.9804 0.1901
vn -0.0176 -0.9685 0.2485
vn 0.1183 -0.9843 0.1312
vn -0.3359 -0.8335 0.4387
vn -0.2419 -0.9313 0.2724
vn -0.4110 -0.7049 0.5781
vn 0.3011 -0.9293 0.2139
vn 0.4089 -0.8796 0.2432
vn 0.5601 -0.7795 0.2806
vn -0.0185 -0.9982 -0.0572
vn 0.0772 -0.9952 -0.0609
vn 0.4201 -0.9048 -0.0696
vn 0.1259 -0.9865 -0.1050
vn 0.0769 -0.9866 -0.1437
vn 0.4162 -0.8980 0.1425
vn 0.4780 -0.8773 0.0425
vn 0.1135 -0.9935 0.0106
vn 0.5823 -0.8113 0.0516
vn 0.5658 -0.7959 -0.2155
vn 0.5020 -0.8398 -0.2067
vn 0.5888 -0.7782 -0.2184
vn -0.0316 -0.9756 -0.2171
vn 0.2397 -0.8909 -0.3857
vn -0.1375 -0.9800 -0.1442
vn 0.1393 -0.9642 -0.2256
vn 0.0560 -0.9897 -0.1318
vn 0.1756 -0.9478 -0.2661
vn -0.0301 -0.7974 -0.6026
vn -0.0837 -0.9365 -0.3405
vn -0.0047 -0.7095 -0.7047
vn -0.2521 -0.9313 -0.2628
vn -0.5213 -0.7421 -0.4214
vn -0.5944 -0.6588 -0.4612
vn -0.0668 -0.9977 -0.0128
vn -0.2622 -0.9635 -0.0541
vn -0.3586 -0.9305 -0.0745
vn -0.5853 -0.7592 -0.2848
vn -0.1738 -0.9810 -0.0858
vn -0.7483 -0.5550 -0.3634
vn -0.8059 -0.5914 0.0282
vn -0.8041 -0.5938 0.0289
vn -0.8070 -0.5899 0.0277
vn -0.7199 -0.2796 0.6353
vn -0.5254 -0.5663 0.6351
vn -0.7804 -0.1368 0.6101
vn -0.1225 -0.9754 0.1835
vn -0.7766 -0.4520 0.4388
vn -0.0068 -0.9917 0.1287
vn -0.0341 -0.9829 0.1808
vn -0.0061 -0.9897 0.1430
vn -0.0496 -0.9782 0.2017
vn 0.0463 -0.5492 0.8344
vn 0.0862 -0.9510 0.2968
vn 0.0264 -0.3401 0.9400
vn 0.2235 -0.8363 0.5007
vn 0.5001 -0.5357 0.6804
vn 0.5926 -0.3658 0.7176
vn 0.8542 -0.2303 0.4662
vn 0.6780 -0.6947 0.2403
vn 0.8423 0.0688 0.5346
vn 0.2725 -0.9622 0.0010
vn 0.9825 -0.1863 0.0084
vn 1.0000 0.0006 0.0087
vn 0.8911 0.4476 -0.0751
vn 0.8490 0.5210 -0.0881
vn 0.8286 0.5519 -0.0936
vn 0.7278 0.5828 -0.3615
vn 0.7959 0.4891 -0.3568
vn 0.8269 0.4382 -0.3525
vn 0.0492 0.9272 -0.3714
vn 0.3497 0.7623 -0.5446
vn 0.4543 0.6665 -0.5910
vn 0.4215 0.6490 -0.6334
vn 0.1604 0.9218 -0.3530
vn 0.0687 0.9668 -0.2460
vn -0.1577 0.9507 -0.2669
vn -0.4745 0.6355 -0.6091
vn -0.0528 0.9876 -0.1478
vn -0.1712 0.9592 -0.2249
vn -0.0812 0.9826 -0.1673
vn -0.1964 0.9505 -0.2407
vn -0.3245 0.9232 -0.2059
vn -0.2816 0.9393 -0.1961
vn -0.3386 0.9174 -0.2091
vn -0.7469 0.6296 -0.2136
vn -0.5393 0.8359 -0.1021
vn -0.4275 0.9027 -0.0481
vn -0.7081 0.7040 0.0545
vn -0.7944 0.5973 0.1102
vn -0.6551 0.7552 0.0239
vn -0.8261 0.1202 0.5506
vn -0.5019 0.6777 0.5374
vn -0.3843 0.7774 0.4980
vn -0.4493 0.8429 0.2959
vn -0.6519 0.1727 0.7383
vn -0.3828 0.9024 0.1979
vn -0.1983 0.7807 0.5926
vn -0.0398 0.9224 0.3842
vn 0.0065 0.9481 0.3179
vn 0.3404 0.4819 0.8074
vn 0.2503 0.6439 0.7230
vn 0.3655 0.4274 0.8269
vn 0.1821 0.9094 0.3739
vn 0.5174 0.5965 0.6136
vn 0.1100 0.9428 0.3147
vn 0.4197 0.9013 0.1068
vn 0.4134 0.9048 0.1020
vn 0.4122 0.9055 0.1010
vn 0.7777 0.5990 0.1905
vn 0.4807 0.8517 0.2087
vn 0.8180 0.5449 0.1843
vn 0.2801 0.9518 -0.1248
vn 0.3310 0.9378 -0.1044
vn 0.5747 0.8184 0.0059
vn -0.0595 0.9980 -0.0217
vn -0.0304 0.9993 -0.0206
vn 0.0612 0.9980 -0.0174
vn 0.3157 0.9180 -0.2400
vn 0.0755 0.9836 -0.1635
vn -0.2110 0.9756 -0.0602
vn 0.0528 0.9839 -0.1707
vn 0.2525 0.9165 -0.3104
vn 0.4527 0.7751 -0.4407
vn -0.3366 0.9119 -0.2348
vn -0.1752 0.9770 -0.1212
vn -0.4796 0.8108 -0.3354
vn -0.2841 0.7879 -0.5463
vn -0.2269 0.8143 -0.5342
vn -0.3727 0.7392 -0.5610
vn -0.4465 0.8834 -0.1425
vn -0.5448 0.8276 -0.1351
vn -0.1943 0.9690 -0.1526
vn -0.1635 0.9725 -0.1660
vn -0.1683 0.9719 -0.1643
vn -0.1439 0.9744 -0.1728
vn -0.1957 0.9805 0.0188
vn -0.1882 0.9819 0.0217
vn -0.1460 0.9886 0.0377
vn 0.1640 0.9770 0.1360
vn 0.0630 0.9886 0.1369
vn -0.1792 0.9747 0.1333
vn -0.3856 0.9204 0.0649
vn -0.1399 0.9901 -0.0124
vn 0.1512 0.9835 -0.0991
vn 0.1688 0.9782 0.1211
vn -0.0193 0.9621 0.2719
vn -0.2115 0.8871 0.4104
vn -0.0228 0.9742 0.2245
vn -0.1807 0.9788 0.0963
vn 0.1389 0.9281 0.3454
vn 0.3157 0.9100 0.2688
vn 0.3189 0.9086 0.2697
vn 0.3103 0.9123 0.2674
vn 0.5134 0.8234 0.2417
vn 0.4720 0.8463 0.2469
vn 0.6241 0.7485 0.2241
vn 0.5941 0.7750 0.2154
vn 0.5975 0.7729 0.2136
vn 0.5586 0.7955 0.2347
vn -0.0467 0.9962 -0.0730
vn 0.2136 0.9658 0.1470
vn -0.2086 0.9557 -0.2077
vn 0.1911 0.9521 -0.2388
vn 0.1836 0.9528 -0.2416
vn 0.1969 0.9514 -0.2367
vn 0.1062 0.9941 -0.0215
vn -0.1392 0.9900 -0.0226
vn 0.4199 0.9074 -0.0180
vn -0.0538 0.9964 0.0651
vn 0.0357 0.9987 0.0356
vn -0.2107 0.9707 0.1158
vn -0.1043 0.9945 -0.0049
vn -0.0621 0.9980 0.0093
vn 0.0242 0.9990 0.0380
vn 0.1714 0.9850 0.0178
vn 0.2261 0.9739 0.0172
vn 0.2825 0.9591 0.0165
vn 0.0364 0.9887 0.1455
vn -0.1113 0.9743 0.1961
vn -0.2246 0.9464 0.2322
vn -0.0853 0.9730 0.2146
vn 0.1248 0.9915 0.0363
vn 0.2459 0.9667 -0.0716
vn 0.0924 0.9208 -0.3789
vn -0.0095 0.9823 -0.1869
vn -0.0909 0.9955 -0.0262
vn 0.0085 0.9447 0.3278
vn -0.1067 0.9506 0.2915
vn 0.1053 0.9291 0.3546
vn -0.3259 0.9442 -0.0485
vn -0.1610 0.9857 -0.0488
vn -0.5305 0.8464 -0.0458
vn 0.1884 0.9786 0.0825
vn 0.1038 0.9881 0.1138
vn 0.3561 0.9343 0.0165
vn -0.1715 0.9743 0.1459
vn -0.2232 0.9666 0.1257
vn -0.3342 0.9391 0.0800
vn 0.0544 0.9972 -0.0521
vn 0.0576 0.9970 -0.0521
vn 0.0604 0.9968 -0.0522
vn -0.0013 0.9991 -0.0429
vn -0.0814 0.9966 -0.0145
vn -0.1368 0.9906 0.0053
vn -0.1557 0.9878 0.0058
vn -0.1936 0.9803 0.0391
vn -0.2129 0.9755 0.0561
vn -0.0221 -0.9925 0.1205
vn 0.0226 0.9031 0.4289
vn -0.1812 -0.9623 -0.2031
vn -0.2192 0.9754 -0.0220
vn 0.1018 -0.9943 0.0313
vn -0.4355 0.8735 -0.2176
vn 0.2555 -0.9631 0.0844
vn 0.2637 0.9644 0.0183
vn -0.1451 -0.9856 0.0864
vn -0.2149 0.9765 0.0185
vn 0.0940 -0.9956 0.0045
vn 0.0163 0.9979 -0.0629
vn -0.3459 -0.8670 0.3588
vn -0.0114 0.9991 -0.0398
vn 0.1085 -0.8298 -0.5474
vn -0.2213 0.8936 0.3905
vn 0.1290 -0.9869 0.0967
vn -0.2012 0.8127 -0.5468
vn 0.1468 -0.9801 0.1336
vn 0.1168 0.9919 0.0489
vn 0.1080 0.9933 0.0414
vn 0.1084 0.9932 0.0419
vn -0.1036 -0.9918 -0.0749
vn 0.1172 0.9919 0.0491
vn 0.0227 -0.9992 -0.0317
vn -0.1201 0.9922 -0.0330
vn 0.0693 -0.9971 -0.0316
vn -0.0434 0.9985 -0.0332
vn -0.1133 -0.9931 0.0313
vn 0.0414 0.9972 -0.0623
vn 0.1401 -0.9740 -0.1779
vn 0.0674 0.9942 -0.0839
vn -0.0220 -0.9884 0.1503
vn 0.0251 0.9997 0.0018
vn 0.2892 -0.9573 -0.0039
vn 0.2280 -0.9501 -0.2128
vn 0.1981 -0.9730 -0.1188
vn 0.0162 -0.9812 -0.1924
vn 0.0575 -0.9765 -0.2079
vn 0.1149 -0.9785 -0.1711
vn -0.0225 -0.9851 0.1707
vn -0.4054 -0.9126 0.0532
vn -0.3953 -0.8898 0.2282
vn -0.5213 -0.8533 -0.0134
vn -0.0398 -0.9893 0.1404
vn 0.0902 -0.9602 0.2643
vn -0.5139 -0.8565 0.0470
vn 0.2811 -0.9562 -0.0813
vn 0.3484 -0.9307 -0.1113
vn 0.2870 -0.9500 0.1228
vn 0.4192 -0.9043 0.0808
vn 0.2154 -0.9764 -0.0149
vn -0.1750 -0.9812 -0.0815
vn 0.1850 -0.9361 -0.2992
vn 0.1072 -0.9863 -0.1251
vn -0.4857 -0.8139 -0.3189
vn -0.5386 -0.8242 -0.1747
vn 0.0652 -0.9703 -0.2331
vn 0.0666 -0.9914 -0.1128
vn 0.3991 -0.9162 -0.0367
vn -0.0993 -0.9621 0.2538
vn -0.0712 -0.9536 0.2926
vn -0.1587 -0.9787 0.1305
vn 0.1529 -0.9734 0.1706
vn -0.2879 -0.9567 -0.0438
vn -0.1397 -0.9419 -0.3055
vn -0.0030 -1.0000 0.0003
vn 0.4757 -0.8559 -0.2028
vn 0.3382 -0.8319 -0.4399
vn 0.0279 -0.9946 -0.0999
vn -0.0961 -0.9583 -0.2690
vn -0.1756 -0.9607 -0.2152
vn 0.0033 -1.0000 0.0021
vn 0.0043 -1.0000 0.0005
vn -0.8029 -0.5954 0.0293
vn -0.4838 -0.6106 0.6270
vn -0.8743 -0.1771 0.4520
vn 0.0027 -0.9914 0.1311
vn 0.0889 -0.9755 0.2011
vn 0.1565 -0.8803 0.4478
vn 0.5607 -0.8166 0.1374
vn -0.0030 -1.0000 -0.0007
vn 0.9048 0.4200 -0.0702
vn 0.6887 0.6282 -0.3620
vn -0.0768 0.9557 -0.2842
vn 0.5013 0.4976 -0.7078
vn -0.5498 0.4804 -0.6833
vn -0.0517 0.9876 -0.1481
vn -0.2625 0.9457 -0.1916
vn -0.8281 0.4942 -0.2647
vn -0.8488 0.5066 0.1512
vn -0.8622 -0.1301 0.4896
vn -0.5877 -0.2244 0.7774
vn -0.2794 0.6712 0.6866
vn 0.2256 0.6810 0.6966
vn 0.6203 0.4123 0.6673
vn 0.4233 0.8993 0.1096
vn 0.3835 0.8998 0.2081
vn -0.0593 0.9680 -0.2438
vn -0.1674 0.9856 -0.0252
vn 0.6286 0.7078 -0.3223
vn -0.1957 0.9806 0.0149
vn 0.0189 0.9997 0.0152
vn -0.1084 0.8575 -0.5029
vn -0.7491 0.6532 -0.1107
vn -0.1928 0.9688 -0.1557
vn -0.2464 0.9692 -0.0007
vn 0.4174 0.8998 0.1271
vn -0.6682 0.7266 0.1601
vn 0.3616 0.9310 -0.0504
vn -0.3473 0.9364 -0.0507
vn 0.3250 0.9060 0.2713
vn 0.3177 0.9117 0.2607
vn 0.6373 0.7467 0.1904
vn 0.4423 0.8283 0.3440
vn 0.1749 0.9537 -0.2447
vn -0.5445 0.8385 -0.0214
vn 0.2810 0.9585 -0.0475
vn -0.2323 0.9715 -0.0481
vn 0.0805 0.9966 0.0187
vn 0.2052 0.9752 0.0829
vn -0.2885 0.8805 0.3763
vn 0.2020 0.7943 -0.5729
vn -0.2499 0.9381 0.2396
vn 0.1882 0.9811 -0.0452
vn -0.1796 0.9611 0.2099
vn 0.0147 0.9769 0.2133
vn 0.0498 0.9974 -0.0521
vn 0.0864 0.9935 -0.0735
vn -0.1228 0.9922 -0.0227
vt 0.062500 0.250000
vt 0.000000 0.125000
vt 0.062500 0.125000
vt 0.125000 0.250000
vt 0.125000 0.125000
vt 0.187500 0.250000
vt 0.187500 0.125000
vt 0.250000 0.250000
vt 0.250000 0.125000
vt 0.312500 0.125000
vt 0.375000 0.125000
vt 0.312500 0.250000
vt 0.437500 0.125000
vt 0.375000 0.250000
vt 0.500000 0.125000
vt 0.437500 0.250000
vt 0.562500 0.250000
vt 0.562500 0.125000
vt 0.625000 0.250000
vt 0.625000 0.125000
vt 0.687500 0.250000
vt 0.687500 0.125000
vt 0.750000 0.250000
vt 0.750000 0.125000
vt 0.812500 0.125000
vt 0.875000 0.125000
vt 0.812500 0.250000
vt 0.937500 0.125000
vt 0.875000 0.250000
vt 1.000000 0.125000
vt 0.937500 0.250000
vt 0.062500 0.375000
vt 0.000000 0.250000
vt 0.125000 0.375000
vt 0.187500 0.375000
vt 0.250000 0.375000
vt 0.312500 0.375000
vt 0.375000 0.375000
vt 0.500000 0.250000
vt 0.437500 0.375000
vt 0.562500 0.375000
vt 0.625000 0.375000
vt 0.687500 0.375000
vt 0.750000 0.375000
vt 0.812500 0.375000
vt 0.875000 0.375000
vt 1.000000 0.375000
vt 1.000000 0.250000
vt 0.062500 0.500000
vt 0.000000 0.375000
vt 0.125000 0.500000
vt 0.187500 0.500000
vt 0.250000 0.500000
vt 0.312500 0.500000
vt 0.375000 0.500000
vt 0.500000 0.500000
vt 0.500000 0.375000
vt 0.562500 0.500000
vt 0.625000 0.500000
vt 0.687500 0.500000
vt 0.750000 0.500000
vt 0.812500 0.500000
vt 0.937500 0.500000
vt 0.937500 0.375000
vt 0.000000 0.625000
vt 0.000000 0.500000
vt 0.062500 0.625000
vt 0.125000 0.625000
vt 0.187500 0.625000
vt 0.312500 0.625000
vt 0.375000 0.625000
vt 0.437500 0.625000
vt 0.437500 0.500000
vt 0.562500 0.625000
vt 0.687500 0.625000
vt 0.812500 0.625000
vt 0.875000 0.625000
vt 0.875000 0.500000
vt 1.000000 0.625000
vt 1.000000 0.500000
vt 0.000000 0.750000
vt 0.062500 0.750000
vt 0.125000 0.750000
vt 0.250000 0.625000
vt 0.187500 0.750000
vt 0.312500 0.750000
vt 0.375000 0.750000
vt 0.437500 0.750000
vt 0.500000 0.750000
vt 0.500000 0.625000
vt 0.625000 0.625000
vt 0.562500 0.750000
vt 0.625000 0.750000
vt 0.750000 0.625000
vt 0.687500 0.750000
vt 0.812500 0.750000
vt 0.875000 0.750000
vt 0.937500 0.750000
vt 0.937500 0.625000
vt 1.000000 0.750000
vt 0.000000 0.875000
vt 0.062500 0.875000
vt 0.125000 0.875000
vt 0.250000 0.750000
vt 0.187500 0.875000
vt 0.312500 0.875000
vt 0.375000 0.875000
vt 0.437500 0.875000
vt 0.500000 0.875000
vt 0.562500 0.875000
vt 0.625000 0.875000
vt 0.750000 0.750000
vt 0.687500 0.875000
vt 0.812500 0.875000
vt 0.875000 0.875000
vt 0.937500 0.875000
vt 1.000000 0.875000
vt 0.000000 0.000000
vt 0.000000 1.000000
vt 0.062500 0.000000
vt 0.062500 1.000000
vt 0.125000 0.000000
vt 0.125000 1.000000
vt 0.187500 0.000000
vt 0.187500 1.000000
vt 0.250000 0.875000
vt 0.250000 0.000000
vt 0.250000 1.000000
vt 0.312500 0.000000
vt 0.312500 1.000000
vt 0.375000 0.000000
vt 0.375000 1.000000
vt 0.437500 0.000000
vt 0.437500 1.000000
vt 0.500000 0.000000
vt 0.500000 1.000000
vt 0.562500 0.000000
vt 0.562500 1.000000
vt 0.625000 0.000000
vt 0.625000 1.000000
vt 0.687500 0.000000
vt 0.687500 1.000000
vt 0.750000 0.875000
vt 0.750000 0.000000
vt 0.750000 1.000000
vt 0.812500 0.000000
vt 0.812500 1.000000
vt 0.875000 0.000000
vt 0.875000 1.000000
vt 0.937500 0.000000
vt 0.937500 1.000000
s 1
usemtl Arancio.009
f 362/454/1255 345/455/1256 346/456/1257
f 363/457/1258 346/456/1259 347/458/1260
f 364/459/1261 347/458/1262 348/460/1263
f 365/461/1264 348/460/1265 349/462/1266
f 350/463/1267 365/461/1268 349/462/1269
f 351/464/1270 366/465/1271 350/463/1272
f 352/466/1273 367/467/1274 351/464/1275
f 353/468/1276 368/469/1277 352/466/1278
f 370/470/1279 353/468/1280 354/471/1281
f 371/472/1282 354/471/1283 355/473/1284
f 372/474/1285 355/473/1286 356/475/1287
f 373/476/1288 356/475/1289 357/477/1290
f 358/478/1291 373/476/1292 357/477/1293
f 359/479/1294 374/480/1295 358/478/1296
f 360/481/1297 375/482/1298 359/479/1299
f 345/483/1300 376/484/1301 360/481/1302
f 378/485/1303 361/486/1304 362/454/1305
f 379/487/1306 362/454/1307 363/457/1308
f 380/488/1309 363/457/1310 364/459/1311
f 381/489/1312 364/459/1313 365/461/1314
f 366/465/1315 381/489/1316 365/461/1317
f 367/467/1318 382/490/1319 366/465/1320
f 368/469/1321 383/491/1322 367/467/1323
f 369/492/1324 384/493/1325 368/469/1326
f 386/494/1327 369/492/1328 370/470/1329
f 387/495/1330 370/470/1331 371/472/1332
f 388/496/1333 371/472/1334 372/474/1335
f 389/497/1336 372/474/1337 373/476/1338
f 390/498/1339 373/476/1340 374/480/1341
f 375/482/1342 390/498/1343 374/480/1344
f 376/484/1345 391/499/1346 375/482/1347
f 377/500/1348 376/484/1349 361/501/1350
f 394/502/1351 377/503/1352 378/485/1353
f 395/504/1354 378/485/1355 379/487/1356
f 396/505/1357 379/487/1358 380/488/1359
f 397/506/1360 380/488/1361 381/489/1362
f 398/507/1363 381/489/1364 382/490/1365
f 383/491/1366 398/507/1367 382/490/1368
f 384/493/1369 399/508/1370 383/491/1371
f 401/509/1372 384/493/1373 385/510/1374
f 402/511/1375 385/510/1376 386/494/1377
f 403/512/1378 386/494/1379 387/495/1380
f 404/513/1381 387/495/1382 388/496/1383
f 405/514/1384 388/496/1385 389/497/1386
f 406/515/1387 389/497/1388 390/498/1389
f 391/499/1390 406/515/1391 390/498/1392
f 408/516/1393 391/499/1394 392/517/1395
f 377/500/1396 408/516/1397 392/517/1398
f 394/502/1399 409/518/1400 393/519/1401
f 395/504/1402 410/520/1403 394/502/1404
f 396/505/1405 411/521/1406 395/504/1407
f 397/506/1408 412/522/1409 396/505/1410
f 414/523/1411 397/506/1412 398/507/1413
f 415/524/1414 398/507/1415 399/508/1416
f 416/525/1417 399/508/1418 400/526/1419
f 401/509/1420 416/525/1421 400/526/1422
f 418/527/1423 401/509/1424 402/511/1425
f 403/512/1426 418/527/1427 402/511/1428
f 420/528/1429 403/512/1430 404/513/1431
f 405/514/1432 420/528/1433 404/513/1434
f 422/529/1435 405/514/1436 406/515/1437
f 423/530/1438 406/515/1439 407/531/1440
f 408/516/1441 423/530/1442 407/531/1443
f 409/532/1444 408/516/1445 393/533/1446
f 410/520/1447 425/534/1448 409/518/1449
f 411/521/1450 426/535/1451 410/520/1452
f 412/522/1453 427/536/1454 411/521/1455
f 413/537/1456 428/538/1457 412/522/1458
f 430/539/1459 413/537/1460 414/523/1461
f 431/540/1462 414/523/1463 415/524/1464
f 432/541/1465 415/524/1466 416/525/1467
f 433/542/1468 416/525/1469 417/543/1470
f 418/527/1471 433/542/1472 417/543/1473
f 419/544/1474 434/545/1475 418/527/1476
f 420/528/1477 435/546/1478 419/544/1479
f 421/547/1480 436/548/1481 420/528/1482
f 438/549/1483 421/547/1484 422/529/1485
f 439/550/1486 422/529/1487 423/530/1488
f 440/551/1489 423/530/1490 424/552/1491
f 425/553/1492 424/552/1493 409/532/1494
f 426/535/1495 441/554/1496 425/534/1497
f 427/536/1498 442/555/1499 426/535/1500
f 428/538/1501 443/556/1502 427/536/1503
f 429/557/1504 444/558/1505 428/538/1506
f 446/559/1507 429/557/1508 430/539/1509
f 447/560/1510 430/539/1511 431/540/1512
f 448/561/1513 431/540/1514 432/541/1515
f 449/562/1516 432/541/1517 433/542/1518
f 450/563/1519 433/542/1520 434/545/1521
f 435/546/1522 450/563/1523 434/545/1524
f 436/548/1525 451/564/1526 435/546/1527
f 437/565/1528 452/566/1529 436/548/1530
f 454/567/1531 437/565/1532 438/549/1533
f 455/568/1534 438/549/1535 439/550/1536
f 456/569/1537 439/550/1538 440/551/1539
f 441/570/1540 440/551/1541 425/553/1542
f 346/456/1543 345/455/1543 343/571/1543
f 344/572/1544 441/554/1544 442/555/1544
f 347/458/1545 346/456/1545 343/573/1545
f 344/574/1546 442/555/1546 443/556/1546
f 348/460/1547 347/458/1547 343/575/1547
f 344/576/1548 443/556/1548 444/558/1548
f 349/462/1549 348/460/1549 343/577/1549
f 344/578/1550 444/558/1550 445/579/1550
f 350/463/1551 349/462/1551 343/580/1551
f 344/581/1552 445/579/1552 446/559/1552
f 351/464/1553 350/463/1553 343/582/1553
f 344/583/1554 446/559/1554 447/560/1554
f 352/466/1555 351/464/1555 343/584/1555
f 344/585/1556 447/560/1556 448/561/1556
f 353/468/1557 352/466/1557 343/586/1557
f 344/587/1558 448/561/1558 449/562/1558
f 354/471/1559 353/468/1559 343/588/1559
f 344/589/1560 449/562/1560 450/563/1560
f 355/473/1561 354/471/1561 343/590/1561
f 344/591/1562 450/563/1563 451/564/1564
f 356/475/1565 355/473/1565 343/592/1565
f 344/593/1562 451/564/1564 452/566/1566
f 357/477/1567 356/475/1567 343/594/1567
f 344/595/1568 452/566/1568 453/596/1568
f 358/478/1569 357/477/1569 343/597/1569
f 344/598/1570 453/596/1570 454/567/1570
f 359/479/1571 358/478/1571 343/599/1571
f 344/600/1572 454/567/1572 455/568/1572
f 360/481/1573 359/479/1573 343/601/1573
f 344/602/1574 455/568/1574 456/569/1574
f 345/483/1575 360/481/1575 343/603/1575
f 344/604/1576 456/569/1576 441/570/1576
f 362/454/1255 361/486/1577 345/455/1256
f 363/457/1258 362/454/1578 346/456/1259
f 364/459/1261 363/457/1579 347/458/1262
f 365/461/1264 364/459/1580 348/460/1265
f 350/463/1267 366/465/1581 365/461/1268
f 351/464/1270 367/467/1582 366/465/1271
f 352/466/1273 368/469/1583 367/467/1274
f 353/468/1276 369/492/1584 368/469/1277
f 370/470/1279 369/492/1585 353/468/1280
f 371/472/1282 370/470/1586 354/471/1283
f 372/474/1285 371/472/1587 355/473/1286
f 373/476/1288 372/474/1588 356/475/1289
f 358/478/1291 374/480/1589 373/476/1292
f 359/479/1294 375/482/1590 374/480/1295
f 360/481/1297 376/484/1591 375/482/1298
f 345/483/1300 361/501/1592 376/484/1301
f 378/485/1303 377/503/1593 361/486/1304
f 379/487/1306 378/485/1594 362/454/1307
f 380/488/1309 379/487/1595 363/457/1310
f 381/489/1312 380/488/1596 364/459/1313
f 366/465/1315 382/490/1597 381/489/1316
f 367/467/1318 383/491/1598 382/490/1319
f 368/469/1321 384/493/1599 383/491/1322
f 369/492/1324 385/510/1600 384/493/1325
f 386/494/1327 385/510/1601 369/492/1328
f 387/495/1330 386/494/1602 370/470/1331
f 388/496/1333 387/495/1603 371/472/1334
f 389/497/1336 388/496/1604 372/474/1337
f 390/498/1339 389/497/1605 373/476/1340
f 375/482/1342 391/499/1606 390/498/1343
f 376/484/1345 392/517/1607 391/499/1346
f 377/500/1348 392/517/1608 376/484/1349
f 394/502/1351 393/519/1609 377/503/1352
f 395/504/1354 394/502/1610 378/485/1355
f 396/505/1357 395/504/1611 379/487/1358
f 397/506/1360 396/505/1612 380/488/1361
f 398/507/1363 397/506/1613 381/489/1364
f 383/491/1366 399/508/1614 398/507/1367
f 384/493/1369 400/526/1615 399/508/1370
f 401/509/1372 400/526/1616 384/493/1373
f 402/511/1375 401/509/1617 385/510/1376
f 403/512/1378 402/511/1618 386/494/1379
f 404/513/1381 403/512/1619 387/495/1382
f 405/514/1384 404/513/1620 388/496/1385
f 406/515/1387 405/514/1621 389/497/1388
f 391/499/1390 407/531/1622 406/515/1391
f 408/516/1393 407/531/1623 391/499/1394
f 377/500/1396 393/533/1624 408/516/1397
f 394/502/1399 410/520/1625 409/518/1400
f 395/504/1402 411/521/1626 410/520/1403
f 396/505/1405 412/522/1627 411/521/1406
f 397/506/1408 413/537/1628 412/522/1409
f 414/523/1411 413/537/1629 397/506/1412
f 415/524/1414 414/523/1630 398/507/1415
f 416/525/1417 415/524/1631 399/508/1418
f 401/509/1420 417/543/1632 416/525/1421
f 418/527/1423 417/543/1633 401/509/1424
f 403/512/1426 419/544/1634 418/527/1427
f 420/528/1429 419/544/1635 403/512/1430
f 405/514/1432 421/547/1636 420/528/1433
f 422/529/1435 421/547/1637 405/514/1436
f 423/530/1438 422/529/1638 406/515/1439
f 408/516/1441 424/552/1639 423/530/1442
f 409/532/1444 424/552/1640 408/516/1445
f 410/520/1447 426/535/1641 425/534/1448
f 411/521/1450 427/536/1642 426/535/1451
f 412/522/1453 428/538/1643 427/536/1454
f 413/537/1456 429/557/1644 428/538/1457
f 430/539/1459 429/557/1645 413/537/1460
f 431/540/1462 430/539/1646 414/523/1463
f 432/541/1465 431/540/1647 415/524/1466
f 433/542/1468 432/541/1648 416/525/1469
f 418/527/1471 434/545/1649 433/542/1472
f 419/544/1474 435/546/1650 434/545/1475
f 420/528/1477 436/548/1651 435/546/1478
f 421/547/1480 437/565/1652 436/548/1481
f 438/549/1483 437/565/1653 421/547/1484
f 439/550/1486 438/549/1654 422/529/1487
f 440/551/1489 439/550/1655 423/530/1490
f 425/553/1492 440/551/1656 424/552/1493
f 426/535/1495 442/555/1657 441/554/1496
f 427/536/1498 443/556/1658 442/555/1499
f 428/538/1501 444/558/1659 443/556/1502
f 429/557/1504 445/579/1660 444/558/1505
f 446/559/1507 445/579/1661 429/557/1508
f 447/560/1510 446/559/1662 430/539/1511
f 448/561/1513 447/560/1663 431/540/1514
f 449/562/1516 448/561/1664 432/541/1517
f 450/563/1519 449/562/1665 433/542/1520
f 435/546/1522 451/564/1666 450/563/1523
f 436/548/1525 452/566/1667 451/564/1526
f 437/565/1528 453/596/1668 452/566/1529
f 454/567/1531 453/596/1669 437/565/1532
f 455/568/1534 454/567/1670 438/549/1535
f 456/569/1537 455/568/1671 439/550/1538
f 441/570/1540 456/569/1672 440/551/1541
o clouds_1_2.006
v 6.997192 16.955858 -36.438820
v 6.997192 18.364145 -36.438820
v 8.289440 16.919678 -34.955353
v 8.496769 16.831038 -35.661129
v 8.453686 17.029661 -36.484840
v 8.209690 16.962782 -37.303143
v 7.786289 16.783016 -38.009270
v 7.224995 16.888998 -38.446648
v 6.635334 16.840878 -38.597477
v 6.113029 17.243353 -38.368439
v 5.694229 16.742014 -37.934563
v 5.497753 16.832787 -37.216476
v 5.535759 16.971684 -36.390854
v 5.778492 16.884405 -35.568012
v 6.214809 16.893829 -34.881706
v 6.771091 16.941856 -34.438381
v 7.359009 16.868282 -34.283890
v 7.888432 17.035170 -34.486286
v 9.350014 17.322067 -33.737831
v 9.722679 17.263042 -35.013374
v 9.650593 17.357737 -36.509476
v 9.212910 17.261570 -38.010258
v 8.411957 17.293566 -39.254532
v 7.410461 17.177355 -40.115360
v 6.327808 16.935244 -40.464756
v 5.348122 17.161266 -40.054050
v 4.645210 17.327234 -39.138847
v 4.330490 17.546516 -37.849060
v 4.303925 17.174652 -36.352921
v 4.777718 17.242319 -34.863483
v 5.599010 17.407125 -33.656105
v 6.547279 16.699104 -32.600319
v 7.665932 17.055292 -32.453629
v 8.622929 17.421009 -32.898281
v 9.994648 17.697260 -32.997803
v 10.562244 17.455532 -34.575733
v 10.571476 17.305368 -36.571522
v 9.825127 17.609310 -38.423447
v 8.849518 17.469336 -40.125385
v 7.561371 17.278992 -41.350880
v 6.126347 17.529970 -41.501568
v 4.905113 17.698790 -40.966999
v 3.832527 17.258673 -40.071793
v 3.238621 17.055676 -38.354752
v 3.491741 17.440926 -36.331436
v 4.142914 17.551737 -34.427143
v 5.172241 17.549330 -32.806740
v 6.434109 17.285191 -31.531672
v 7.871964 17.302507 -31.196499
v 9.221100 17.083111 -31.498602
v 10.308846 17.696081 -32.637108
v 10.918415 17.696081 -34.404964
v 11.032791 17.696081 -36.642548
v 10.323181 17.696077 -38.858620
v 9.172684 17.696077 -40.768559
v 7.619801 17.696077 -41.809975
v 6.048523 17.696077 -42.180256
v 4.584938 17.696077 -41.799461
v 3.574196 17.696077 -40.368355
v 2.765293 17.696077 -38.559544
v 3.450279 17.696081 -36.412010
v 3.474022 17.696081 -33.817181
v 4.887424 17.696081 -32.239883
v 6.436172 17.696081 -31.345304
v 7.955173 17.696081 -30.313547
v 9.253143 17.696081 -31.561556
v 10.126297 18.040211 -32.846672
v 10.695148 18.211235 -34.539444
v 10.647423 18.236370 -36.599457
v 9.875263 17.892424 -38.474930
v 8.991882 18.338779 -40.408730
v 7.507023 17.805494 -41.107124
v 6.126041 17.879904 -41.515556
v 4.852531 17.938927 -41.131340
v 3.810074 18.192371 -40.097569
v 3.319988 18.168360 -38.332531
v 3.406109 18.119881 -36.299938
v 4.062752 18.015640 -34.344818
v 5.066120 18.152903 -32.595528
v 6.438202 18.083797 -31.550034
v 7.870083 17.980780 -31.282452
v 9.114246 17.810009 -31.832582
v 9.442902 18.642818 -33.631195
v 9.753395 18.277229 -35.005432
v 9.672394 18.134539 -36.517811
v 9.294380 18.547817 -38.094727
v 8.443985 18.317972 -39.318279
v 7.419724 18.335669 -40.156292
v 6.326912 18.622812 -40.521069
v 5.353424 18.171883 -40.037083
v 4.600754 18.339033 -39.189884
v 4.216427 18.395676 -37.878563
v 4.370560 17.911510 -36.378399
v 4.703674 18.529045 -34.786713
v 5.584743 18.082739 -33.627716
v 6.561493 18.507589 -32.663128
v 7.666298 18.405502 -32.430332
v 8.670876 18.504841 -32.744816
v 8.278858 18.323795 -34.967495
v 8.513149 18.688576 -35.657135
v 8.477245 18.592606 -36.494209
v 8.190842 18.230124 -37.283352
v 7.773552 18.400951 -37.983963
v 7.216312 18.262632 -38.408962
v 6.635723 18.297104 -38.559315
v 6.108139 18.317875 -38.384159
v 5.743038 17.974199 -37.878563
v 5.500725 18.496294 -37.215706
v 5.534401 18.431381 -36.390308
v 5.792141 18.348763 -35.582314
v 6.218826 18.428776 -34.889683
v 6.770821 18.450954 -34.437222
v 7.358826 18.402454 -34.300694
v 7.886578 18.325546 -34.492401
vn 0.2360 -0.9628 0.1313
vn 0.2361 -0.9581 0.1621
vn 0.2360 -0.9532 0.1890
vn 0.3383 -0.9334 -0.1194
vn 0.3005 -0.9379 -0.1736
vn 0.2521 -0.9377 -0.2393
vn 0.2696 -0.9629 -0.0123
vn 0.2739 -0.9617 -0.0099
vn 0.2818 -0.9595 -0.0056
vn 0.3065 -0.9432 -0.1281
vn 0.3637 -0.9239 -0.1189
vn 0.5142 -0.8528 -0.0913
vn 0.1612 -0.9567 -0.2423
vn 0.1862 -0.9604 -0.2074
vn 0.0879 -0.9364 -0.3397
vn 0.1777 -0.9760 -0.1256
vn 0.2075 -0.9721 -0.1095
vn 0.1199 -0.9804 -0.1561
vn -0.4327 -0.8973 0.0876
vn -0.3088 -0.9451 0.1073
vn -0.5935 -0.8028 0.0572
vn 0.2906 -0.9285 -0.2311
vn -0.0965 -0.9793 -0.1780
vn 0.6267 -0.7386 -0.2484
vn -0.5076 -0.8615 0.0103
vn -0.5086 -0.8609 -0.0113
vn -0.5093 -0.8601 -0.0306
vn -0.3566 -0.9256 -0.1266
vn -0.2667 -0.9637 0.0128
vn -0.1551 -0.9730 0.1708
vn -0.2150 -0.9744 0.0659
vn -0.2596 -0.9648 0.0421
vn -0.3370 -0.9415 -0.0004
vn -0.2226 -0.9455 0.2376
vn -0.2501 -0.9397 0.2334
vn -0.3270 -0.9189 0.2205
vn -0.3378 -0.9397 0.0527
vn -0.3781 -0.9256 -0.0159
vn -0.1655 -0.9365 0.3091
vn 0.0879 -0.9945 -0.0575
vn 0.1846 -0.9828 -0.0098
vn -0.0864 -0.9863 -0.1408
vn 0.3407 -0.9390 0.0466
vn 0.3602 -0.9316 0.0487
vn 0.3156 -0.9479 0.0439
vn 0.0426 -0.9722 0.2301
vn 0.0905 -0.9709 0.2219
vn -0.0024 -0.9715 0.2371
vn 0.2199 -0.9615 0.1649
vn 0.2303 -0.9562 0.1808
vn 0.1745 -0.9799 0.0963
vn 0.0513 -0.9987 0.0008
vn 0.0915 -0.9955 0.0228
vn -0.0607 -0.9963 -0.0601
vn 0.2538 -0.9617 -0.1033
vn 0.0971 -0.9879 -0.1210
vn 0.4535 -0.8880 -0.0754
vn 0.2457 -0.9597 -0.1365
vn 0.3359 -0.9300 -0.1491
vn 0.1507 -0.9810 -0.1223
vn 0.1979 -0.9779 -0.0678
vn 0.1976 -0.9769 -0.0817
vn 0.1972 -0.9755 -0.0978
vn 0.0191 -0.9408 -0.3384
vn 0.1092 -0.9685 -0.2237
vn 0.2337 -0.9710 -0.0513
vn -0.3182 -0.8636 -0.3910
vn -0.3305 -0.8568 -0.3959
vn -0.3645 -0.8366 -0.4090
vn -0.0498 -0.9773 -0.2057
vn -0.1321 -0.9675 -0.2154
vn -0.5082 -0.8270 -0.2403
vn 0.2299 -0.9702 0.0765
vn 0.2317 -0.9695 0.0798
vn 0.3075 -0.9229 0.2319
vn 0.0311 -0.9982 -0.0522
vn 0.1172 -0.9931 -0.0043
vn -0.3084 -0.9219 -0.2346
vn -0.3297 -0.9313 0.1548
vn -0.3171 -0.9354 0.1566
vn -0.3465 -0.9256 0.1523
vn -0.1325 -0.9763 0.1711
vn -0.2374 -0.9531 0.1878
vn -0.0258 -0.9880 0.1524
vn -0.6134 -0.7648 0.1972
vn -0.4256 -0.8975 0.1158
vn -0.7458 -0.6143 0.2579
vn 0.0454 -0.9534 0.2983
vn 0.1081 -0.9211 0.3741
vn 0.2063 -0.8486 0.4872
vn 0.0375 -0.9979 -0.0529
vn 0.1169 -0.9930 -0.0175
vn 0.4002 -0.9094 0.1133
vn 0.1950 -0.9802 -0.0330
vn 0.1910 -0.9781 -0.0830
vn 0.2091 -0.9335 0.2911
vn 0.3530 -0.9063 0.2325
vn 0.0809 -0.9953 0.0539
vn 0.4374 -0.8520 0.2878
vn 0.6303 -0.7745 0.0533
vn 0.5737 -0.8183 0.0354
vn 0.6505 -0.7571 0.0600
vn 0.1719 -0.9678 -0.1840
vn 0.5104 -0.8367 -0.1984
vn 0.0224 -0.9851 -0.1707
vn 0.3102 -0.9429 -0.1212
vn 0.1643 -0.9830 -0.0821
vn 0.3712 -0.9184 -0.1373
vn 0.4902 -0.7418 -0.4577
vn 0.2411 -0.9229 -0.3002
vn 0.5774 -0.6396 -0.5076
vn 0.0402 -0.9480 -0.3157
vn -0.0324 -0.8060 -0.5911
vn -0.0577 -0.7353 -0.6753
vn -0.0416 -0.9984 -0.0370
vn -0.1613 -0.9755 -0.1499
vn -0.2226 -0.9526 -0.2076
vn -0.2257 -0.8327 -0.5056
vn -0.0604 -0.9885 -0.1389
vn -0.3099 -0.6521 -0.6919
vn -0.7094 -0.6285 -0.3189
vn -0.7082 -0.6306 -0.3173
vn -0.7102 -0.6272 -0.3198
vn -0.9559 -0.2316 0.1805
vn -0.8425 -0.4776 0.2492
vn -0.9829 -0.1140 0.1447
vn -0.2613 -0.9605 0.0956
vn -0.9137 -0.4050 0.0347
vn -0.1225 -0.9875 0.0994
vn -0.1905 -0.9732 0.1291
vn -0.1350 -0.9846 0.1109
vn -0.2209 -0.9653 0.1389
vn -0.6379 -0.4826 0.6002
vn -0.2008 -0.9422 0.2683
vn -0.7098 -0.2880 0.6428
vn -0.2776 -0.8297 0.4843
vn -0.2375 -0.5686 0.7876
vn -0.2031 -0.4036 0.8921
vn 0.3211 -0.2910 0.9012
vn 0.3582 -0.7771 0.5175
vn 0.2312 0.0874 0.9690
vn 0.2171 -0.9698 0.1113
vn 0.8690 -0.2090 0.4485
vn 0.8886 0.0007 0.4588
vn 0.8231 0.4734 0.3138
vn 0.7903 0.5441 0.2816
vn 0.7745 0.5735 0.2670
vn 0.8421 0.5393 0.0031
vn 0.8906 0.4537 0.0318
vn 0.9120 0.4074 0.0466
vn 0.3646 0.8924 -0.2658
vn 0.6888 0.6764 -0.2606
vn 0.7789 0.5754 -0.2494
vn 0.7813 0.5543 -0.2868
vn 0.4295 0.8791 -0.2068
vn 0.2740 0.9475 -0.1650
vn 0.1188 0.9536 -0.2765
vn 0.1895 0.6731 -0.7149
vn 0.0929 0.9860 -0.1386
vn 0.0697 0.9659 -0.2493
vn 0.0882 0.9822 -0.1657
vn 0.0643 0.9599 -0.2730
vn -0.0722 0.9504 -0.3024
vn -0.0461 0.9604 -0.2749
vn -0.0811 0.9467 -0.3116
vn -0.4535 0.7147 -0.5324
vn -0.3543 0.8811 -0.3132
vn -0.3047 0.9278 -0.2152
vn -0.6364 0.7301 -0.2488
vn -0.7534 0.6136 -0.2364
vn -0.5652 0.7853 -0.2528
vn -0.9904 0.1022 0.0931
vn -0.7800 0.5933 0.1988
vn -0.6829 0.6973 0.2178
vn -0.5968 0.8006 0.0531
vn -0.9552 0.1381 0.2617
vn -0.4740 0.8805 0.0043
vn -0.6251 0.6973 0.3507
vn -0.3681 0.8870 0.2789
vn -0.2791 0.9271 0.2501
vn -0.4542 0.4686 0.7577
vn -0.4433 0.6183 0.6490
vn -0.4544 0.4178 0.7867
vn -0.1965 0.9080 0.3700
vn -0.1604 0.6425 0.7493
vn -0.1986 0.9355 0.2923
vn 0.2450 0.9334 0.2620
vn 0.2441 0.9356 0.2552
vn 0.2439 0.9361 0.2536
vn 0.5070 0.6820 0.5271
vn 0.2035 0.9024 0.3799
vn 0.5559 0.6271 0.5456
vn 0.3339 0.9425 0.0125
vn 0.3571 0.9328 0.0491
vn 0.4691 0.8489 0.2434
vn -0.0276 0.9988 -0.0411
vn -0.0053 0.9996 -0.0286
vn 0.0646 0.9979 0.0107
vn 0.4555 0.8880 -0.0626
vn 0.2074 0.9733 -0.0989
vn -0.1140 0.9845 -0.1336
vn 0.1961 0.9740 -0.1136
vn 0.4631 0.8752 -0.1396
vn 0.6933 0.7040 -0.1542
vn -0.0552 0.9416 -0.3321
vn -0.0289 0.9853 -0.1681
vn -0.0806 0.8674 -0.4910
vn 0.2737 0.7893 -0.5497
vn 0.3040 0.8046 -0.5100
vn 0.2219 0.7592 -0.6119
vn -0.2353 0.9228 -0.3052
vn -0.3294 0.8786 -0.3457
vn -0.0154 0.9794 -0.2015
vn 0.0216 0.9797 -0.1991
vn 0.0163 0.9797 -0.1998
vn 0.0436 0.9796 -0.1962
vn -0.1734 0.9828 -0.0635
vn -0.1700 0.9837 -0.0582
vn -0.1507 0.9882 -0.0284
vn 0.0063 0.9845 0.1752
vn -0.0750 0.9881 0.1341
vn -0.2618 0.9645 0.0341
vn -0.3679 0.9241 -0.1030
vn -0.1004 0.9928 -0.0660
vn 0.2097 0.9776 -0.0183
vn 0.0239 0.9860 0.1653
vn -0.2590 0.9439 0.2049
vn -0.5089 0.8304 0.2267
vn -0.2204 0.9610 0.1673
vn -0.2306 0.9730 0.0043
vn -0.2039 0.9222 0.3285
vn 0.0055 0.9367 0.3501
vn 0.0077 0.9357 0.3527
vn 0.0027 0.9380 0.3466
vn 0.2012 0.8820 0.4262
vn 0.1593 0.8984 0.4092
vn 0.3208 0.8221 0.4703
vn 0.3005 0.8434 0.4454
vn 0.3054 0.8416 0.4455
vn 0.2492 0.8607 0.4440
vn 0.0295 0.9966 -0.0768
vn 0.0362 0.9781 0.2051
vn 0.0241 0.9674 -0.2519
vn 0.3605 0.9262 -0.1106
vn 0.3571 0.9269 -0.1157
vn 0.3631 0.9256 -0.1068
vn 0.1042 0.9942 0.0254
vn -0.0904 0.9932 -0.0740
vn 0.3562 0.9213 0.1561
vn -0.1021 0.9943 0.0302
vn -0.0041 0.9991 0.0426
vn -0.2713 0.9625 0.0078
vn -0.0787 0.9958 -0.0457
vn -0.0579 0.9982 -0.0175
vn -0.0154 0.9991 0.0400
vn 0.1207 0.9892 0.0831
vn 0.1655 0.9806 0.1049
vn 0.2120 0.9689 0.1275
vn -0.1038 0.9861 0.1301
vn -0.2635 0.9584 0.1098
vn -0.3803 0.9202 0.0924
vn -0.2596 0.9563 0.1344
vn 0.0664 0.9947 0.0791
vn 0.2607 0.9645 0.0413
vn 0.4014 0.8802 -0.2531
vn 0.1621 0.9751 -0.1516
vn -0.0485 0.9972 -0.0573
vn -0.2861 0.9227 0.2583
vn -0.3409 0.9220 0.1837
vn -0.2372 0.9171 0.3204
vn -0.2190 0.9605 -0.1719
vn -0.0840 0.9910 -0.1039
vn -0.3961 0.8809 -0.2589
vn 0.0752 0.9870 0.1423
vn -0.0215 0.9909 0.1326
vn 0.2727 0.9490 0.1581
vn -0.2668 0.9626 0.0470
vn -0.2898 0.9570 0.0107
vn -0.3390 0.9382 -0.0699
vn 0.0938 0.9954 -0.0199
vn 0.0931 0.9955 -0.0186
vn 0.0956 0.9953 -0.0173
vn 0.0381 0.9987 -0.0347
vn -0.0516 0.9977 -0.0442
vn -0.1140 0.9922 -0.0506
vn -0.1295 0.9899 -0.0578
vn -0.1904 0.9806 -0.0463
vn -0.2206 0.9745 -0.0405
vn -0.1272 -0.9881 0.0867
vn -0.3602 0.8696 0.3376
vn 0.0417 -0.9708 -0.2363
vn -0.1556 0.9821 -0.1059
vn 0.0526 -0.9964 0.0658
vn -0.1553 0.9179 -0.3652
vn 0.1281 -0.9768 0.1719
vn 0.1950 0.9733 0.1212
vn -0.1936 -0.9810 0.0107
vn -0.1886 0.9794 -0.0714
vn 0.0708 -0.9966 0.0412
vn 0.0704 0.9966 -0.0435
vn -0.5658 -0.8129 0.1381
vn 0.0273 0.9990 -0.0362
vn 0.5386 -0.7617 -0.3603
vn -0.5011 0.8398 0.2090
vn 0.0143 -0.9915 0.1293
vn 0.3327 0.7961 -0.5054
vn -0.0052 -0.9861 0.1661
vn 0.0483 0.9959 0.0768
vn 0.0483 0.9959 0.0763
vn 0.0486 0.9951 0.0857
vn -0.0141 -0.9948 -0.1014
vn 0.0486 0.9951 0.0862
vn 0.0470 -0.9988 -0.0162
vn -0.0657 0.9951 -0.0745
vn 0.0840 -0.9965 0.0025
vn -0.0042 0.9990 -0.0438
vn -0.1189 -0.9927 -0.0204
vn 0.0898 0.9954 -0.0330
vn 0.0872 0.9960 -0.0219
vn 0.2701 -0.9591 -0.0843
vn 0.1299 0.9907 -0.0397
vn -0.1539 -0.9819 0.1102
vn 0.0183 0.9998 0.0114
vn 0.2358 -0.9651 0.1136
vn 0.3670 -0.9271 -0.0764
vn 0.2640 -0.9644 -0.0152
vn 0.1869 -0.9716 -0.1453
vn 0.2324 -0.9624 -0.1405
vn 0.2447 -0.9655 -0.0891
vn -0.1726 -0.9769 0.1259
vn -0.3743 -0.9194 -0.1207
vn -0.5069 -0.8617 0.0228
vn -0.4159 -0.8808 -0.2263
vn -0.1590 -0.9827 0.0952
vn -0.1688 -0.9547 0.2452
vn -0.4600 -0.8713 -0.1711
vn 0.2974 -0.9536 0.0476
vn 0.3769 -0.9249 0.0504
vn 0.1186 -0.9690 0.2169
vn 0.2682 -0.9331 0.2394
vn 0.1858 -0.9798 0.0746
vn -0.0654 -0.9886 -0.1359
vn 0.4049 -0.9006 -0.1580
vn 0.1982 -0.9786 -0.0563
vn -0.1020 -0.8713 -0.4800
vn -0.2873 -0.8798 -0.3786
vn 0.2602 -0.9528 -0.1566
vn 0.1553 -0.9859 -0.0628
vn 0.3550 -0.9255 0.1318
vn -0.3038 -0.9394 0.1586
vn -0.3155 -0.9278 0.1990
vn -0.2433 -0.9691 0.0400
vn -0.0344 -0.9795 0.1983
vn -0.1917 -0.9696 -0.1521
vn 0.1676 -0.9396 -0.2984
vn -0.0027 -1.0000 -0.0009
vn 0.5502 -0.8346 0.0281
vn 0.6158 -0.7629 -0.1972
vn 0.1131 -0.9912 -0.0682
vn 0.1685 -0.9531 -0.2513
vn 0.0574 -0.9682 -0.2435
vn 0.0008 -1.0000 0.0030
vn 0.0030 -1.0000 0.0021
vn -0.7073 -0.6322 -0.3163
vn -0.8144 -0.5189 0.2598
vn -0.9875 -0.1576 0.0090
vn -0.1173 -0.9875 0.1051
vn -0.1129 -0.9742 0.1955
vn -0.2803 -0.8666 0.4127
vn 0.3419 -0.8699 0.3555
vn -0.0018 -1.0000 -0.0017
vn 0.8337 0.4462 0.3252
vn 0.8136 0.5813 -0.0118
vn 0.1969 0.9468 -0.2547
vn 0.8617 0.4098 -0.2991
vn 0.2027 0.5212 -0.8290
vn 0.0941 0.9859 -0.1384
vn -0.0345 0.9643 -0.2627
vn -0.4946 0.5855 -0.6423
vn -0.8277 0.5150 -0.2228
vn -0.9927 -0.1139 0.0393
vn -0.9356 -0.1781 0.3047
vn -0.7283 0.5750 0.3726
vn -0.4381 0.6526 0.6181
vn -0.1304 0.4635 0.8765
vn 0.2456 0.9322 0.2660
vn 0.1198 0.9357 0.3319
vn 0.1743 0.9607 -0.2162
vn -0.1107 0.9900 -0.0875
vn 0.7470 0.6648 -0.0048
vn -0.1699 0.9832 -0.0666
vn 0.0012 0.9998 0.0197
vn 0.3607 0.8283 -0.4287
vn -0.5462 0.7202 -0.4277
vn -0.0113 0.9791 -0.2032
vn -0.1968 0.9754 -0.0998
vn 0.2244 0.9339 0.2783
vn -0.6758 0.7238 -0.1394
vn 0.3359 0.9360 0.1051
vn -0.2347 0.9547 -0.1828
vn 0.0111 0.9341 0.3569
vn 0.0151 0.9386 0.3446
vn 0.3651 0.8176 0.4453
vn 0.0400 0.8776 0.4778
vn 0.3531 0.9276 -0.1215
vn -0.4295 0.8696 -0.2436
vn 0.2677 0.9606 0.0748
vn -0.1424 0.9809 -0.1325
vn 0.0470 0.9978 0.0472
vn 0.0884 0.9848 0.1496
vn -0.5377 0.8252 0.1726
vn 0.6147 0.7132 -0.3370
vn -0.4055 0.9098 0.0881
vn 0.1912 0.9808 0.0393
vn -0.3276 0.9402 0.0932
vn -0.1816 0.9678 0.1741
vn 0.1357 0.9905 -0.0239
vn -0.0772 0.9947 -0.0674
vt 0.062500 0.250000
vt 0.000000 0.125000
vt 0.062500 0.125000
vt 0.125000 0.250000
vt 0.125000 0.125000
vt 0.187500 0.250000
vt 0.187500 0.125000
vt 0.250000 0.250000
vt 0.250000 0.125000
vt 0.312500 0.125000
vt 0.375000 0.125000
vt 0.312500 0.250000
vt 0.437500 0.125000
vt 0.375000 0.250000
vt 0.500000 0.125000
vt 0.437500 0.250000
vt 0.562500 0.250000
vt 0.562500 0.125000
vt 0.625000 0.250000
vt 0.625000 0.125000
vt 0.687500 0.250000
vt 0.687500 0.125000
vt 0.750000 0.250000
vt 0.750000 0.125000
vt 0.812500 0.125000
vt 0.875000 0.125000
vt 0.812500 0.250000
vt 0.937500 0.125000
vt 0.875000 0.250000
vt 1.000000 0.125000
vt 0.937500 0.250000
vt 0.062500 0.375000
vt 0.000000 0.250000
vt 0.125000 0.375000
vt 0.187500 0.375000
vt 0.250000 0.375000
vt 0.312500 0.375000
vt 0.375000 0.375000
vt 0.500000 0.250000
vt 0.437500 0.375000
vt 0.562500 0.375000
vt 0.625000 0.375000
vt 0.687500 0.375000
vt 0.750000 0.375000
vt 0.812500 0.375000
vt 0.875000 0.375000
vt 1.000000 0.375000
vt 1.000000 0.250000
vt 0.062500 0.500000
vt 0.000000 0.375000
vt 0.125000 0.500000
vt 0.187500 0.500000
vt 0.250000 0.500000
vt 0.312500 0.500000
vt 0.375000 0.500000
vt 0.500000 0.500000
vt 0.500000 0.375000
vt 0.562500 0.500000
vt 0.625000 0.500000
vt 0.687500 0.500000
vt 0.750000 0.500000
vt 0.812500 0.500000
vt 0.937500 0.500000
vt 0.937500 0.375000
vt 0.000000 0.625000
vt 0.000000 0.500000
vt 0.062500 0.625000
vt 0.125000 0.625000
vt 0.187500 0.625000
vt 0.312500 0.625000
vt 0.375000 0.625000
vt 0.437500 0.625000
vt 0.437500 0.500000
vt 0.562500 0.625000
vt 0.687500 0.625000
vt 0.812500 0.625000
vt 0.875000 0.625000
vt 0.875000 0.500000
vt 1.000000 0.625000
vt 1.000000 0.500000
vt 0.000000 0.750000
vt 0.062500 0.750000
vt 0.125000 0.750000
vt 0.250000 0.625000
vt 0.187500 0.750000
vt 0.312500 0.750000
vt 0.375000 0.750000
vt 0.437500 0.750000
vt 0.500000 0.750000
vt 0.500000 0.625000
vt 0.625000 0.625000
vt 0.562500 0.750000
vt 0.625000 0.750000
vt 0.750000 0.625000
vt 0.687500 0.750000
vt 0.812500 0.750000
vt 0.875000 0.750000
vt 0.937500 0.750000
vt 0.937500 0.625000
vt 1.000000 0.750000
vt 0.000000 0.875000
vt 0.062500 0.875000
vt 0.125000 0.875000
vt 0.250000 0.750000
vt 0.187500 0.875000
vt 0.312500 0.875000
vt 0.375000 0.875000
vt 0.437500 0.875000
vt 0.500000 0.875000
vt 0.562500 0.875000
vt 0.625000 0.875000
vt 0.750000 0.750000
vt 0.687500 0.875000
vt 0.812500 0.875000
vt 0.875000 0.875000
vt 0.937500 0.875000
vt 1.000000 0.875000
vt 0.000000 0.000000
vt 0.000000 1.000000
vt 0.062500 0.000000
vt 0.062500 1.000000
vt 0.125000 0.000000
vt 0.125000 1.000000
vt 0.187500 0.000000
vt 0.187500 1.000000
vt 0.250000 0.875000
vt 0.250000 0.000000
vt 0.250000 1.000000
vt 0.312500 0.000000
vt 0.312500 1.000000
vt 0.375000 0.000000
vt 0.375000 1.000000
vt 0.437500 0.000000
vt 0.437500 1.000000
vt 0.500000 0.000000
vt 0.500000 1.000000
vt 0.562500 0.000000
vt 0.562500 1.000000
vt 0.625000 0.000000
vt 0.625000 1.000000
vt 0.687500 0.000000
vt 0.687500 1.000000
vt 0.750000 0.875000
vt 0.750000 0.000000
vt 0.750000 1.000000
vt 0.812500 0.000000
vt 0.812500 1.000000
vt 0.875000 0.000000
vt 0.875000 1.000000
vt 0.937500 0.000000
vt 0.937500 1.000000
s 1
usemtl Arancio.010
f 476/605/1673 459/606/1674 460/607/1675
f 477/608/1676 460/607/1677 461/609/1678
f 478/610/1679 461/609/1680 462/611/1681
f 479/612/1682 462/611/1683 463/613/1684
f 464/614/1685 479/612/1686 463/613/1687
f 465/615/1688 480/616/1689 464/614/1690
f 466/617/1691 481/618/1692 465/615/1693
f 467/619/1694 482/620/1695 466/617/1696
f 484/621/1697 467/619/1698 468/622/1699
f 485/623/1700 468/622/1701 469/624/1702
f 486/625/1703 469/624/1704 470/626/1705
f 487/627/1706 470/626/1707 471/628/1708
f 472/629/1709 487/627/1710 471/628/1711
f 473/630/1712 488/631/1713 472/629/1714
f 474/632/1715 489/633/1716 473/630/1717
f 459/634/1718 490/635/1719 474/632/1720
f 492/636/1721 475/637/1722 476/605/1723
f 493/638/1724 476/605/1725 477/608/1726
f 494/639/1727 477/608/1728 478/610/1729
f 495/640/1730 478/610/1731 479/612/1732
f 480/616/1733 495/640/1734 479/612/1735
f 481/618/1736 496/641/1737 480/616/1738
f 482/620/1739 497/642/1740 481/618/1741
f 483/643/1742 498/644/1743 482/620/1744
f 500/645/1745 483/643/1746 484/621/1747
f 501/646/1748 484/621/1749 485/623/1750
f 502/647/1751 485/623/1752 486/625/1753
f 503/648/1754 486/625/1755 487/627/1756
f 504/649/1757 487/627/1758 488/631/1759
f 489/633/1760 504/649/1761 488/631/1762
f 490/635/1763 505/650/1764 489/633/1765
f 491/651/1766 490/635/1767 475/652/1768
f 508/653/1769 491/654/1770 492/636/1771
f 509/655/1772 492/636/1773 493/638/1774
f 510/656/1775 493/638/1776 494/639/1777
f 511/657/1778 494/639/1779 495/640/1780
f 512/658/1781 495/640/1782 496/641/1783
f 497/642/1784 512/658/1785 496/641/1786
f 498/644/1787 513/659/1788 497/642/1789
f 515/660/1790 498/644/1791 499/661/1792
f 516/662/1793 499/661/1794 500/645/1795
f 517/663/1796 500/645/1797 501/646/1798
f 518/664/1799 501/646/1800 502/647/1801
f 519/665/1802 502/647/1803 503/648/1804
f 520/666/1805 503/648/1806 504/649/1807
f 505/650/1808 520/666/1809 504/649/1810
f 522/667/1811 505/650/1812 506/668/1813
f 491/651/1814 522/667/1815 506/668/1816
f 508/653/1817 523/669/1818 507/670/1819
f 509/655/1820 524/671/1821 508/653/1822
f 510/656/1823 525/672/1824 509/655/1825
f 511/657/1826 526/673/1827 510/656/1828
f 528/674/1829 511/657/1830 512/658/1831
f 529/675/1832 512/658/1833 513/659/1834
f 530/676/1835 513/659/1836 514/677/1837
f 515/660/1838 530/676/1839 514/677/1840
f 532/678/1841 515/660/1842 516/662/1843
f 517/663/1844 532/678/1845 516/662/1846
f 534/679/1847 517/663/1848 518/664/1849
f 519/665/1850 534/679/1851 518/664/1852
f 536/680/1853 519/665/1854 520/666/1855
f 537/681/1856 520/666/1857 521/682/1858
f 522/667/1859 537/681/1860 521/682/1861
f 523/683/1862 522/667/1863 507/684/1864
f 524/671/1865 539/685/1866 523/669/1867
f 525/672/1868 540/686/1869 524/671/1870
f 526/673/1871 541/687/1872 525/672/1873
f 527/688/1874 542/689/1875 526/673/1876
f 544/690/1877 527/688/1878 528/674/1879
f 545/691/1880 528/674/1881 529/675/1882
f 546/692/1883 529/675/1884 530/676/1885
f 547/693/1886 530/676/1887 531/694/1888
f 532/678/1889 547/693/1890 531/694/1891
f 533/695/1892 548/696/1893 532/678/1894
f 534/679/1895 549/697/1896 533/695/1897
f 535/698/1898 550/699/1899 534/679/1900
f 552/700/1901 535/698/1902 536/680/1903
f 553/701/1904 536/680/1905 537/681/1906
f 554/702/1907 537/681/1908 538/703/1909
f 539/704/1910 538/703/1911 523/683/1912
f 540/686/1913 555/705/1914 539/685/1915
f 541/687/1916 556/706/1917 540/686/1918
f 542/689/1919 557/707/1920 541/687/1921
f 543/708/1922 558/709/1923 542/689/1924
f 560/710/1925 543/708/1926 544/690/1927
f 561/711/1928 544/690/1929 545/691/1930
f 562/712/1931 545/691/1932 546/692/1933
f 563/713/1934 546/692/1935 547/693/1936
f 564/714/1937 547/693/1938 548/696/1939
f 549/697/1940 564/714/1941 548/696/1942
f 550/699/1943 565/715/1944 549/697/1945
f 551/716/1946 566/717/1947 550/699/1948
f 568/718/1949 551/716/1950 552/700/1951
f 569/719/1952 552/700/1953 553/701/1954
f 570/720/1955 553/701/1956 554/702/1957
f 555/721/1958 554/702/1959 539/704/1960
f 460/607/1961 459/606/1961 457/722/1961
f 458/723/1962 555/705/1962 556/706/1962
f 461/609/1963 460/607/1963 457/724/1963
f 458/725/1964 556/706/1964 557/707/1964
f 462/611/1965 461/609/1965 457/726/1965
f 458/727/1966 557/707/1966 558/709/1966
f 463/613/1967 462/611/1967 457/728/1967
f 458/729/1968 558/709/1968 559/730/1968
f 464/614/1969 463/613/1969 457/731/1969
f 458/732/1970 559/730/1970 560/710/1970
f 465/615/1971 464/614/1971 457/733/1971
f 458/734/1972 560/710/1972 561/711/1972
f 466/617/1973 465/615/1973 457/735/1973
f 458/736/1974 561/711/1974 562/712/1974
f 467/619/1975 466/617/1975 457/737/1975
f 458/738/1976 562/712/1976 563/713/1976
f 468/622/1977 467/619/1977 457/739/1977
f 458/740/1978 563/713/1978 564/714/1978
f 469/624/1979 468/622/1979 457/741/1979
f 458/742/1980 564/714/1981 565/715/1982
f 470/626/1983 469/624/1983 457/743/1983
f 458/744/1980 565/715/1982 566/717/1984
f 471/628/1985 470/626/1985 457/745/1985
f 458/746/1986 566/717/1986 567/747/1986
f 472/629/1987 471/628/1987 457/748/1987
f 458/749/1988 567/747/1988 568/718/1988
f 473/630/1989 472/629/1989 457/750/1989
f 458/751/1990 568/718/1991 569/719/1952
f 474/632/1992 473/630/1992 457/752/1992
f 458/753/1993 569/719/1993 570/720/1993
f 459/634/1994 474/632/1994 457/754/1994
f 458/755/1995 570/720/1995 555/721/1995
f 476/605/1673 475/637/1996 459/606/1674
f 477/608/1676 476/605/1997 460/607/1677
f 478/610/1679 477/608/1998 461/609/1680
f 479/612/1682 478/610/1999 462/611/1683
f 464/614/1685 480/616/2000 479/612/1686
f 465/615/1688 481/618/2001 480/616/1689
f 466/617/1691 482/620/2002 481/618/1692
f 467/619/1694 483/643/2003 482/620/1695
f 484/621/1697 483/643/2004 467/619/1698
f 485/623/1700 484/621/2005 468/622/1701
f 486/625/1703 485/623/2006 469/624/1704
f 487/627/1706 486/625/2007 470/626/1707
f 472/629/1709 488/631/2008 487/627/1710
f 473/630/1712 489/633/2009 488/631/1713
f 474/632/1715 490/635/2010 489/633/1716
f 459/634/1718 475/652/2011 490/635/1719
f 492/636/1721 491/654/2012 475/637/1722
f 493/638/1724 492/636/2013 476/605/1725
f 494/639/1727 493/638/2014 477/608/1728
f 495/640/1730 494/639/2015 478/610/1731
f 480/616/1733 496/641/2016 495/640/1734
f 481/618/1736 497/642/2017 496/641/1737
f 482/620/1739 498/644/2018 497/642/1740
f 483/643/1742 499/661/2019 498/644/1743
f 500/645/1745 499/661/2020 483/643/1746
f 501/646/1748 500/645/2021 484/621/1749
f 502/647/1751 501/646/2022 485/623/1752
f 503/648/1754 502/647/2023 486/625/1755
f 504/649/1757 503/648/2024 487/627/1758
f 489/633/1760 505/650/2025 504/649/1761
f 490/635/1763 506/668/2026 505/650/1764
f 491/651/1766 506/668/2027 490/635/1767
f 508/653/1769 507/670/2028 491/654/1770
f 509/655/1772 508/653/2029 492/636/1773
f 510/656/1775 509/655/2030 493/638/1776
f 511/657/1778 510/656/2031 494/639/1779
f 512/658/1781 511/657/2032 495/640/1782
f 497/642/1784 513/659/2033 512/658/1785
f 498/644/1787 514/677/2034 513/659/1788
f 515/660/1790 514/677/2035 498/644/1791
f 516/662/1793 515/660/2036 499/661/1794
f 517/663/1796 516/662/2037 500/645/1797
f 518/664/1799 517/663/2038 501/646/1800
f 519/665/1802 518/664/2039 502/647/1803
f 520/666/1805 519/665/2040 503/648/1806
f 505/650/1808 521/682/2041 520/666/1809
f 522/667/1811 521/682/2042 505/650/1812
f 491/651/1814 507/684/2043 522/667/1815
f 508/653/1817 524/671/2044 523/669/1818
f 509/655/1820 525/672/2045 524/671/1821
f 510/656/1823 526/673/2046 525/672/1824
f 511/657/1826 527/688/2047 526/673/1827
f 528/674/1829 527/688/2048 511/657/1830
f 529/675/1832 528/674/2049 512/658/1833
f 530/676/1835 529/675/2050 513/659/1836
f 515/660/1838 531/694/2051 530/676/1839
f 532/678/1841 531/694/2052 515/660/1842
f 517/663/1844 533/695/2053 532/678/1845
f 534/679/1847 533/695/2054 517/663/1848
f 519/665/1850 535/698/2055 534/679/1851
f 536/680/1853 535/698/2056 519/665/1854
f 537/681/1856 536/680/2057 520/666/1857
f 522/667/1859 538/703/2058 537/681/1860
f 523/683/1862 538/703/2059 522/667/1863
f 524/671/1865 540/686/2060 539/685/1866
f 525/672/1868 541/687/2061 540/686/1869
f 526/673/1871 542/689/2062 541/687/1872
f 527/688/1874 543/708/2063 542/689/1875
f 544/690/1877 543/708/2064 527/688/1878
f 545/691/1880 544/690/2065 528/674/1881
f 546/692/1883 545/691/2066 529/675/1884
f 547/693/1886 546/692/2067 530/676/1887
f 532/678/1889 548/696/2068 547/693/1890
f 533/695/1892 549/697/2069 548/696/1893
f 534/679/1895 550/699/2070 549/697/1896
f 535/698/1898 551/716/2071 550/699/1899
f 552/700/1901 551/716/2072 535/698/1902
f 553/701/1904 552/700/2073 536/680/1905
f 554/702/1907 553/701/2074 537/681/1908
f 539/704/1910 554/702/2075 538/703/1911
f 540/686/1913 556/706/2076 555/705/1914
f 541/687/1916 557/707/2077 556/706/1917
f 542/689/1919 558/709/2078 557/707/1920
f 543/708/1922 559/730/2079 558/709/1923
f 560/710/1925 559/730/2080 543/708/1926
f 561/711/1928 560/710/2081 544/690/1929
f 562/712/1931 561/711/2082 545/691/1932
f 563/713/1934 562/712/2083 546/692/1935
f 564/714/1937 563/713/2084 547/693/1938
f 549/697/1940 565/715/2085 564/714/1941
f 550/699/1943 566/717/2086 565/715/1944
f 551/716/1946 567/747/2087 566/717/1947
f 568/718/1949 567/747/2088 551/716/1950
f 569/719/1952 568/718/1991 552/700/1953
f 570/720/1955 569/719/2089 553/701/1956
f 555/721/1958 570/720/2090 554/702/1959
o clouds_1_2.007
v 16.453985 23.538170 -63.793861
v 16.453985 24.946457 -63.793861
v 17.126816 23.501993 -62.317242
v 17.762121 23.413353 -62.735619
v 18.172319 23.611973 -63.322426
v 18.346010 23.545094 -63.974918
v 18.248528 23.365332 -64.611526
v 17.840630 23.471313 -65.109200
v 17.239655 23.423193 -65.417717
v 16.504694 23.825668 -65.439209
v 15.775564 23.324329 -65.282707
v 15.145988 23.415098 -64.852036
v 14.728825 23.553995 -64.265656
v 14.551130 23.466717 -63.610447
v 14.674694 23.476145 -62.983135
v 15.073442 23.524172 -62.483067
v 15.670351 23.450598 -62.172604
v 16.398693 23.617485 -62.130154
v 17.679010 23.904383 -61.105343
v 18.824829 23.845358 -61.862175
v 19.577032 23.940052 -62.925861
v 19.906984 23.843885 -64.119156
v 19.671442 23.875881 -65.259895
v 18.988592 23.759670 -66.203720
v 17.925652 23.517559 -66.820496
v 16.557650 23.743582 -66.873924
v 15.229397 23.909550 -66.481422
v 14.142960 24.128828 -65.694672
v 13.276089 23.756964 -64.665062
v 12.994438 23.824631 -63.467163
v 13.274233 23.989441 -62.345005
v 13.786297 23.281420 -61.284214
v 15.004333 23.637608 -60.795742
v 16.364939 24.003325 -60.773720
v 18.014647 24.279575 -60.368732
v 19.555962 24.037848 -61.268147
v 20.681875 23.887684 -62.650669
v 20.849331 24.191626 -64.194443
v 20.666550 24.051651 -65.713318
v 19.854336 23.861307 -67.009407
v 18.270868 24.112286 -67.610001
v 16.552950 24.281105 -67.660919
v 14.806263 23.840988 -67.410057
v 13.156641 23.637991 -66.423149
v 12.320229 24.023237 -64.930847
v 12.012911 24.134048 -63.383602
v 12.303680 24.131645 -61.902775
v 13.057648 23.867506 -60.581348
v 14.541317 23.884823 -59.851685
v 16.277987 23.665426 -59.595154
v 18.178240 24.278397 -60.009701
v 19.874454 24.278397 -61.026482
v 21.257668 24.278397 -62.540546
v 21.671289 24.278393 -64.324455
v 21.401487 24.278393 -66.048195
v 20.178768 24.278393 -67.307968
v 18.559656 24.278393 -68.108124
v 16.646023 24.278393 -68.349564
v 14.671759 24.278393 -67.705254
v 12.721012 24.278393 -66.728928
v 12.317070 24.278393 -65.001114
v 10.894753 24.278393 -63.191277
v 11.655945 24.278397 -61.607632
v 12.955912 24.278397 -60.451237
v 14.144651 24.278397 -59.209877
v 16.350397 24.278397 -59.627792
v 18.083193 24.622526 -60.218296
v 19.690132 24.793550 -61.197014
v 20.785748 24.818686 -62.643818
v 20.936361 24.474739 -64.212860
v 20.990318 24.921095 -65.860840
v 19.654976 24.387810 -66.858940
v 18.278330 24.462219 -67.619820
v 16.583675 24.521242 -67.793198
v 14.794573 24.774687 -67.435715
v 13.238785 24.750675 -66.379601
v 12.203117 24.702192 -64.938568
v 11.873753 24.597952 -63.354149
v 12.062336 24.735218 -61.792805
v 13.072666 24.666113 -60.592682
v 14.587166 24.563095 -59.912014
v 16.340427 24.392324 -59.863976
v 17.727373 25.225134 -60.999199
v 18.856085 24.859545 -61.846046
v 19.607025 24.716854 -62.924114
v 20.048859 25.130133 -64.149643
v 19.744284 24.900288 -65.293083
v 19.022224 24.917984 -66.228935
v 17.956078 25.205128 -66.859901
v 16.554329 24.754198 -66.860313
v 15.206249 24.921349 -66.532227
v 14.026892 24.977987 -65.754578
v 13.367762 24.493822 -64.659714
v 12.865496 25.111357 -63.439449
v 13.241793 24.665054 -62.330223
v 13.837906 25.089905 -61.322914
v 14.991749 24.987818 -60.779442
v 16.334906 25.087156 -60.650593
v 17.121300 24.906111 -62.329330
v 17.778925 25.270891 -62.727184
v 18.204931 25.174917 -63.320789
v 18.313044 24.812435 -63.967693
v 18.219589 24.983267 -64.598358
v 17.809481 24.844948 -65.086037
v 17.218784 24.879419 -65.391090
v 16.507795 24.900190 -65.451813
v 15.800995 24.556511 -65.226959
v 15.149014 25.078606 -64.850471
v 14.726940 25.013693 -64.265747
v 14.574984 24.931074 -63.615658
v 14.683819 25.011091 -62.987286
v 15.072479 25.033270 -62.482353
v 15.679527 24.984770 -62.184338
v 16.399956 24.907862 -62.135044
vn 0.1172 -0.9524 0.2814
vn 0.1062 -0.9430 0.3153
vn 0.0965 -0.9338 0.3444
vn 0.2833 -0.9576 0.0516
vn 0.2752 -0.9608 -0.0347
vn 0.2624 -0.9548 -0.1397
vn 0.1931 -0.9715 0.1376
vn 0.1954 -0.9702 0.1430
vn 0.1994 -0.9680 0.1523
vn 0.2629 -0.9645 0.0229
vn 0.3022 -0.9509 0.0669
vn 0.4071 -0.8934 0.1899
vn 0.1966 -0.9614 -0.1925
vn 0.2028 -0.9694 -0.1383
vn 0.1760 -0.9235 -0.3409
vn 0.1682 -0.9846 -0.0471
vn 0.1840 -0.9829 -0.0114
vn 0.1377 -0.9838 -0.1148
vn -0.3421 -0.9284 -0.1449
vn -0.2568 -0.9652 -0.0489
vn -0.4549 -0.8456 -0.2793
vn 0.2885 -0.9513 -0.1088
vn -0.0054 -0.9663 -0.2573
vn 0.5751 -0.8152 0.0679
vn -0.3667 -0.8873 -0.2795
vn -0.3579 -0.8825 -0.3050
vn -0.3501 -0.8778 -0.3268
vn -0.2020 -0.9173 -0.3433
vn -0.1913 -0.9722 -0.1353
vn -0.1678 -0.9794 0.1126
vn -0.1737 -0.9838 -0.0439
vn -0.1970 -0.9756 -0.0972
vn -0.2366 -0.9526 -0.1911
vn -0.2399 -0.9585 0.1539
vn -0.2589 -0.9566 0.1339
vn -0.3125 -0.9469 0.0758
vn -0.2576 -0.9575 -0.1299
vn -0.2602 -0.9371 -0.2326
vn -0.2220 -0.9378 0.2671
vn 0.0811 -0.9965 -0.0178
vn 0.1321 -0.9869 0.0922
vn -0.0113 -0.9776 -0.2100
vn 0.2215 -0.9437 0.2457
vn 0.2346 -0.9369 0.2593
vn 0.2048 -0.9518 0.2283
vn -0.0492 -0.9568 0.2865
vn -0.0138 -0.9530 0.3027
vn -0.0826 -0.9591 0.2708
vn 0.0941 -0.9462 0.3095
vn 0.0956 -0.9383 0.3325
vn 0.0873 -0.9742 0.2082
vn 0.0353 -0.9989 0.0296
vn 0.0557 -0.9954 0.0777
vn -0.0213 -0.9944 -0.1036
vn 0.2151 -0.9763 0.0222
vn 0.1095 -0.9902 -0.0866
vn 0.3531 -0.9197 0.1718
vn 0.2212 -0.9750 -0.0217
vn 0.2927 -0.9561 0.0149
vn 0.1479 -0.9873 -0.0582
vn 0.1622 -0.9862 0.0321
vn 0.1670 -0.9858 0.0156
vn 0.1724 -0.9850 -0.0035
vn 0.1272 -0.9188 -0.3736
vn 0.1530 -0.9680 -0.1989
vn 0.1818 -0.9807 0.0716
vn -0.0799 -0.8043 -0.5888
vn -0.0861 -0.7960 -0.5991
vn -0.1031 -0.7723 -0.6268
vn 0.0360 -0.9641 -0.2633
vn -0.0169 -0.9481 -0.3176
vn -0.2603 -0.7980 -0.5435
vn 0.1328 -0.9672 0.2167
vn 0.1328 -0.9661 0.2214
vn 0.1292 -0.8946 0.4278
vn 0.0397 -0.9983 -0.0433
vn 0.0830 -0.9947 0.0606
vn -0.1289 -0.8931 -0.4311
vn -0.2902 -0.9570 -0.0045
vn -0.2814 -0.9596 0.0050
vn -0.3019 -0.9532 -0.0172
vn -0.1518 -0.9804 0.1254
vn -0.2335 -0.9685 0.0870
vn -0.0704 -0.9843 0.1621
vn -0.5385 -0.8335 -0.1238
vn -0.3482 -0.9313 -0.1071
vn -0.6965 -0.7049 -0.1343
vn -0.0698 -0.9293 0.3627
vn -0.0518 -0.8796 0.4729
vn -0.0231 -0.7795 0.6260
vn 0.0444 -0.9982 -0.0406
vn 0.0874 -0.9952 0.0450
vn 0.2375 -0.9048 0.3534
vn 0.1477 -0.9865 0.0711
vn 0.1627 -0.9866 0.0103
vn 0.0429 -0.8980 0.4379
vn 0.1595 -0.8773 0.4526
vn 0.0375 -0.9935 0.1077
vn 0.1945 -0.8113 0.5513
vn 0.4307 -0.7958 0.4256
vn 0.3962 -0.8398 0.3711
vn 0.4429 -0.7782 0.4452
vn 0.1844 -0.9757 -0.1187
vn 0.4504 -0.8909 0.0582
vn 0.0742 -0.9800 -0.1849
vn 0.2631 -0.9642 0.0332
vn 0.1431 -0.9897 -0.0037
vn 0.3149 -0.9478 0.0494
vn 0.5359 -0.7974 -0.2773
vn 0.2752 -0.9365 -0.2173
vn 0.6393 -0.7095 -0.2964
vn 0.1346 -0.9313 -0.3384
vn 0.1674 -0.7420 -0.6491
vn 0.1732 -0.6588 -0.7321
vn -0.0161 -0.9977 -0.0661
vn -0.0595 -0.9635 -0.2611
vn -0.0809 -0.9305 -0.3572
vn 0.0164 -0.7592 -0.6507
vn 0.0060 -0.9810 -0.1937
vn 0.0204 -0.5550 -0.8316
vn -0.3598 -0.5910 -0.7220
vn -0.3597 -0.5939 -0.7197
vn -0.3599 -0.5899 -0.7228
vn -0.8766 -0.2796 -0.3916
vn -0.7957 -0.5663 -0.2148
vn -0.8788 -0.1368 -0.4572
vn -0.2178 -0.9754 -0.0354
vn -0.7213 -0.4520 -0.5248
vn -0.1199 -0.9917 0.0472
vn -0.1787 -0.9829 0.0440
vn -0.1326 -0.9897 0.0538
vn -0.2041 -0.9782 0.0385
vn -0.7401 -0.5492 0.3881
vn -0.2343 -0.9511 0.2014
vn -0.8444 -0.3401 0.4138
vn -0.3630 -0.8363 0.4110
vn -0.4118 -0.5357 0.7372
vn -0.4073 -0.3658 0.8368
vn -0.0700 -0.2303 0.9706
vn 0.0625 -0.6947 0.7166
vn -0.1373 0.0688 0.9881
vn 0.1120 -0.9622 0.2483
vn 0.3997 -0.1863 0.8975
vn 0.4067 0.0006 0.9135
vn 0.4378 0.4476 0.7797
vn 0.4322 0.5210 0.7361
vn 0.4287 0.5520 0.7152
vn 0.6307 0.5828 0.5124
vn 0.6547 0.4891 0.5763
vn 0.6636 0.4382 0.6063
vn 0.3584 0.9272 -0.1092
vn 0.6406 0.7623 0.0924
vn 0.7262 0.6665 0.1684
vn 0.7511 0.6490 0.1209
vn 0.3877 0.9218 -0.0004
vn 0.2523 0.9668 -0.0395
vn 0.1775 0.9507 -0.2541
vn 0.3575 0.6355 -0.6844
vn 0.1126 0.9876 -0.1093
vn 0.1337 0.9592 -0.2490
vn 0.1186 0.9826 -0.1433
vn 0.1376 0.9505 -0.2785
vn 0.0528 0.9232 -0.3807
vn 0.0616 0.9392 -0.3379
vn 0.0498 0.9174 -0.3949
vn -0.1153 0.6296 -0.7683
vn -0.1307 0.8359 -0.5331
vn -0.1335 0.9027 -0.4090
vn -0.3432 0.7040 -0.6218
vn -0.4296 0.5973 -0.6772
vn -0.2934 0.7552 -0.5862
vn -0.8435 0.1202 -0.5234
vn -0.6971 0.6777 -0.2339
vn -0.6125 0.7774 -0.1432
vn -0.4556 0.8429 -0.2862
vn -0.9422 0.1727 -0.2871
vn -0.3388 0.9024 -0.2663
vn -0.6215 0.7807 0.0653
vn -0.3661 0.9224 0.1231
vn -0.2866 0.9481 0.1377
vn -0.5936 0.4819 0.6445
vn -0.5541 0.6440 0.5275
vn -0.6009 0.4274 0.6755
vn -0.2647 0.9094 0.3207
vn -0.3438 0.5965 0.7252
vn -0.2408 0.9428 0.2305
vn 0.0768 0.9013 0.4264
vn 0.0787 0.9048 0.4184
vn 0.0790 0.9055 0.4169
vn 0.1491 0.5990 0.7867
vn 0.0094 0.8517 0.5240
vn 0.1715 0.5449 0.8208
vn 0.2298 0.9518 0.2032
vn 0.2322 0.9378 0.2579
vn 0.2329 0.8184 0.5254
vn -0.0050 0.9980 -0.0631
vn 0.0062 0.9993 -0.0362
vn 0.0412 0.9980 0.0485
vn 0.3493 0.9180 0.1878
vn 0.1801 0.9836 0.0009
vn -0.0327 0.9756 -0.2170
vn 0.1772 0.9839 -0.0227
vn 0.3872 0.9164 0.1011
vn 0.5887 0.7751 0.2292
vn 0.0741 0.9119 -0.4036
vn 0.0377 0.9770 -0.2097
vn 0.1064 0.8108 -0.5755
vn 0.3793 0.7880 -0.4850
vn 0.3920 0.8144 -0.4279
vn 0.3560 0.7392 -0.5717
vn -0.0554 0.8834 -0.4654
vn -0.1029 0.8276 -0.5518
vn 0.0583 0.9690 -0.2401
vn 0.0833 0.9725 -0.2176
vn 0.0797 0.9719 -0.2213
vn 0.0975 0.9744 -0.2026
vn -0.0983 0.9805 -0.1703
vn -0.0978 0.9819 -0.1623
vn -0.0949 0.9886 -0.1173
vn -0.0557 0.9770 0.2056
vn -0.0985 0.9886 0.1141
vn -0.1956 0.9747 -0.1078
vn -0.2190 0.9204 -0.3240
vn -0.0467 0.9901 -0.1325
vn 0.1529 0.9835 0.0965
vn -0.0402 0.9782 0.2038
vn -0.2555 0.9621 0.0952
vn -0.4611 0.8871 -0.0223
vn -0.2137 0.9742 0.0723
vn -0.1626 0.9788 -0.1246
vn -0.2567 0.9281 0.2696
vn -0.1137 0.9100 0.3987
vn -0.1132 0.9086 0.4020
vn -0.1147 0.9123 0.3932
vn -0.0071 0.8234 0.5674
vn -0.0290 0.8463 0.5319
vn 0.0548 0.7485 0.6608
vn 0.0503 0.7750 0.6300
vn 0.0534 0.7729 0.6323
vn 0.0181 0.7955 0.6057
vn 0.0470 0.9962 -0.0728
vn -0.0452 0.9658 0.2553
vn 0.1025 0.9557 -0.2759
vn 0.2966 0.9521 0.0748
vn 0.2960 0.9528 0.0669
vn 0.2971 0.9514 0.0810
vn 0.0636 0.9941 0.0877
vn -0.0371 0.9900 -0.1361
vn 0.1904 0.9074 0.3747
vn -0.0815 0.9964 -0.0220
vn -0.0176 0.9987 0.0472
vn -0.1927 0.9707 -0.1438
vn -0.0388 0.9945 -0.0970
vn -0.0342 0.9980 -0.0527
vn -0.0245 0.9990 0.0378
vn 0.0548 0.9851 0.1633
vn 0.0781 0.9739 0.2129
vn 0.1021 0.9591 0.2639
vn -0.1173 0.9887 0.0934
vn -0.2246 0.9743 -0.0200
vn -0.3044 0.9464 -0.1081
vn -0.2306 0.9730 0.0114
vn 0.0187 0.9915 0.1286
vn 0.1671 0.9667 0.1941
vn 0.3831 0.9208 -0.0731
vn 0.1662 0.9823 -0.0862
vn -0.0139 0.9955 -0.0936
vn -0.2948 0.9447 0.1436
vn -0.3095 0.9506 0.0238
vn -0.2790 0.9291 0.2429
vn -0.0910 0.9441 -0.3167
vn -0.0223 0.9858 -0.1667
vn -0.1783 0.8464 -0.5018
vn 0.0030 0.9786 0.2057
vn -0.0606 0.9881 0.1417
vn 0.1326 0.9343 0.3309
vn -0.2039 0.9743 -0.0956
vn -0.2070 0.9666 -0.1510
vn -0.2114 0.9391 -0.2710
vn 0.0700 0.9972 0.0279
vn 0.0713 0.9970 0.0308
vn 0.0725 0.9968 0.0333
vn 0.0384 0.9991 -0.0190
vn -0.0205 0.9966 -0.0801
vn -0.0615 0.9906 -0.1223
vn -0.0698 0.9878 -0.1392
vn -0.1158 0.9803 -0.1600
vn -0.1393 0.9755 -0.1705
vn -0.1188 -0.9925 0.0298
vn -0.3809 0.9031 0.1984
vn 0.1097 -0.9623 -0.2490
vn -0.0709 0.9754 -0.2086
vn 0.0137 -0.9943 0.1056
vn 0.0175 0.8735 -0.4865
vn 0.0291 -0.9631 0.2675
vn 0.0927 0.9644 0.2475
vn -0.1388 -0.9856 -0.0962
vn -0.1060 0.9765 -0.1879
vn 0.0349 -0.9956 0.0874
vn 0.0640 0.9979 -0.0112
vn -0.4699 -0.8670 -0.1660
vn 0.0315 0.9991 -0.0269
vn 0.5431 -0.8298 -0.1283
vn -0.4471 0.8936 -0.0394
vn -0.0346 -0.9869 0.1575
vn 0.4141 0.8127 -0.4098
vn -0.0607 -0.9801 0.1890
vn 0.0036 0.9920 0.1265
vn 0.0071 0.9933 0.1154
vn 0.0067 0.9932 0.1160
vn 0.0252 -0.9918 -0.1253
vn 0.0039 0.9919 0.1270
vn 0.0382 -0.9992 0.0075
vn -0.0198 0.9922 -0.1229
vn 0.0575 -0.9971 0.0499
vn 0.0122 0.9985 -0.0532
vn -0.0755 -0.9931 -0.0901
vn 0.0739 0.9972 0.0118
vn 0.2200 -0.9740 0.0537
vn 0.1043 0.9942 0.0265
vn -0.1459 -0.9884 0.0423
vn 0.0088 0.9997 0.0235
vn 0.1235 -0.9573 0.2616
vn 0.2882 -0.9501 0.1192
vn 0.1903 -0.9730 0.1310
vn 0.1818 -0.9812 -0.0651
vn 0.2130 -0.9765 -0.0339
vn 0.2034 -0.9785 0.0336
vn -0.1647 -0.9851 0.0503
vn -0.2165 -0.9126 -0.3469
vn -0.3715 -0.8898 -0.2651
vn -0.2040 -0.8533 -0.4799
vn -0.1443 -0.9893 0.0220
vn -0.2031 -0.9602 0.1917
vn -0.2559 -0.8565 -0.4482
vn 0.1906 -0.9562 0.2221
vn 0.2458 -0.9307 0.2709
vn 0.0072 -0.9500 0.3121
vn 0.1003 -0.9043 0.4149
vn 0.1028 -0.9764 0.1898
vn 0.0016 -0.9812 -0.1930
vn 0.3490 -0.9361 0.0443
vn 0.1583 -0.9863 0.0457
vn 0.0888 -0.8139 -0.5742
vn -0.0643 -0.8242 -0.5626
vn 0.2391 -0.9703 -0.0373
vn 0.1303 -0.9914 0.0138
vn 0.1989 -0.9162 0.3480
vn -0.2722 -0.9621 0.0149
vn -0.2958 -0.9536 0.0565
vn -0.1845 -0.9787 -0.0903
vn -0.0918 -0.9734 0.2099
vn -0.0795 -0.9567 -0.2801
vn 0.2200 -0.9419 -0.2538
vn -0.0015 -1.0000 -0.0026
vn 0.3818 -0.8559 0.3488
vn 0.5405 -0.8319 0.1253
vn 0.1025 -0.9946 -0.0160
vn 0.2050 -0.9583 -0.1990
vn 0.1231 -0.9607 -0.2490
vn -0.0005 -1.0000 0.0039
vn 0.0013 -1.0000 0.0041
vn -0.3596 -0.5954 -0.7184
vn -0.7711 -0.6106 -0.1803
vn -0.7738 -0.1771 -0.6081
vn -0.1182 -0.9914 0.0568
vn -0.1462 -0.9755 0.1643
vn -0.3426 -0.8803 0.3281
vn 0.1075 -0.8166 0.5672
vn -0.0006 -1.0000 -0.0030
vn 0.4390 0.4200 0.7943
vn 0.6150 0.6282 0.4766
vn 0.2268 0.9557 -0.1877
vn 0.8520 0.4976 0.1627
vn 0.3939 0.4804 -0.7836
vn 0.1133 0.9876 -0.1085
vn 0.0655 0.9457 -0.3183
vn -0.1025 0.4942 -0.8633
vn -0.4896 0.5066 -0.7097
vn -0.8031 -0.1301 -0.5815
vn -0.9511 -0.2244 -0.2125
vn -0.7406 0.6712 0.0304
vn -0.5404 0.6810 0.4941
vn -0.3500 0.4123 0.8412
vn 0.0758 0.8993 0.4306
vn -0.0304 0.8998 0.4353
vn 0.1972 0.9680 -0.1550
vn -0.0464 0.9856 -0.1628
vn 0.5539 0.7078 0.4384
vn -0.0947 0.9806 -0.1719
vn -0.0060 0.9997 0.0235
vn 0.4127 0.8575 -0.3071
vn -0.2099 0.6532 -0.7276
vn 0.0617 0.9688 -0.2400
vn -0.1015 0.9692 -0.2245
vn 0.0574 0.8998 0.4325
vn -0.4227 0.7266 -0.5417
vn 0.1958 0.9310 0.3082
vn -0.0979 0.9364 -0.3370
vn -0.1121 0.9060 0.4083
vn -0.1055 0.9117 0.3972
vn 0.0910 0.7467 0.6589
vn -0.1296 0.8283 0.5451
vn 0.2952 0.9537 0.0577
vn -0.2063 0.8385 -0.5043
vn 0.1597 0.9585 0.2360
vn -0.0525 0.9715 -0.2313
vn 0.0163 0.9966 0.0810
vn 0.0096 0.9752 0.2211
vn -0.4620 0.8805 -0.1065
vn 0.6051 0.7943 -0.0537
vn -0.3217 0.9381 -0.1281
vn 0.1192 0.9811 0.1525
vn -0.2654 0.9611 -0.0764
vn -0.1880 0.9769 0.1018
vn 0.0680 0.9974 0.0237
vn 0.1028 0.9935 0.0482
vn -0.0302 0.9922 -0.1212
vt 0.062500 0.250000
vt 0.000000 0.125000
vt 0.062500 0.125000
vt 0.125000 0.250000
vt 0.125000 0.125000
vt 0.187500 0.250000
vt 0.187500 0.125000
vt 0.250000 0.250000
vt 0.250000 0.125000
vt 0.312500 0.125000
vt 0.375000 0.125000
vt 0.312500 0.250000
vt 0.437500 0.125000
vt 0.375000 0.250000
vt 0.500000 0.125000
vt 0.437500 0.250000
vt 0.562500 0.250000
vt 0.562500 0.125000
vt 0.625000 0.250000
vt 0.625000 0.125000
vt 0.687500 0.250000
vt 0.687500 0.125000
vt 0.750000 0.250000
vt 0.750000 0.125000
vt 0.812500 0.125000
vt 0.875000 0.125000
vt 0.812500 0.250000
vt 0.937500 0.125000
vt 0.875000 0.250000
vt 1.000000 0.125000
vt 0.937500 0.250000
vt 0.062500 0.375000
vt 0.000000 0.250000
vt 0.125000 0.375000
vt 0.187500 0.375000
vt 0.250000 0.375000
vt 0.312500 0.375000
vt 0.375000 0.375000
vt 0.500000 0.250000
vt 0.437500 0.375000
vt 0.562500 0.375000
vt 0.625000 0.375000
vt 0.687500 0.375000
vt 0.750000 0.375000
vt 0.812500 0.375000
vt 0.875000 0.375000
vt 1.000000 0.375000
vt 1.000000 0.250000
vt 0.062500 0.500000
vt 0.000000 0.375000
vt 0.125000 0.500000
vt 0.187500 0.500000
vt 0.250000 0.500000
vt 0.312500 0.500000
vt 0.375000 0.500000
vt 0.500000 0.500000
vt 0.500000 0.375000
vt 0.562500 0.500000
vt 0.625000 0.500000
vt 0.687500 0.500000
vt 0.750000 0.500000
vt 0.812500 0.500000
vt 0.937500 0.500000
vt 0.937500 0.375000
vt 0.000000 0.625000
vt 0.000000 0.500000
vt 0.062500 0.625000
vt 0.125000 0.625000
vt 0.187500 0.625000
vt 0.312500 0.625000
vt 0.375000 0.625000
vt 0.437500 0.625000
vt 0.437500 0.500000
vt 0.562500 0.625000
vt 0.687500 0.625000
vt 0.812500 0.625000
vt 0.875000 0.625000
vt 0.875000 0.500000
vt 1.000000 0.625000
vt 1.000000 0.500000
vt 0.000000 0.750000
vt 0.062500 0.750000
vt 0.125000 0.750000
vt 0.250000 0.625000
vt 0.187500 0.750000
vt 0.312500 0.750000
vt 0.375000 0.750000
vt 0.437500 0.750000
vt 0.500000 0.750000
vt 0.500000 0.625000
vt 0.625000 0.625000
vt 0.562500 0.750000
vt 0.625000 0.750000
vt 0.750000 0.625000
vt 0.687500 0.750000
vt 0.812500 0.750000
vt 0.875000 0.750000
vt 0.937500 0.750000
vt 0.937500 0.625000
vt 1.000000 0.750000
vt 0.000000 0.875000
vt 0.062500 0.875000
vt 0.125000 0.875000
vt 0.250000 0.750000
vt 0.187500 0.875000
vt 0.312500 0.875000
vt 0.375000 0.875000
vt 0.437500 0.875000
vt 0.500000 0.875000
vt 0.562500 0.875000
vt 0.625000 0.875000
vt 0.750000 0.750000
vt 0.687500 0.875000
vt 0.812500 0.875000
vt 0.875000 0.875000
vt 0.937500 0.875000
vt 1.000000 0.875000
vt 0.000000 0.000000
vt 0.000000 1.000000
vt 0.062500 0.000000
vt 0.062500 1.000000
vt 0.125000 0.000000
vt 0.125000 1.000000
vt 0.187500 0.000000
vt 0.187500 1.000000
vt 0.250000 0.875000
vt 0.250000 0.000000
vt 0.250000 1.000000
vt 0.312500 0.000000
vt 0.312500 1.000000
vt 0.375000 0.000000
vt 0.375000 1.000000
vt 0.437500 0.000000
vt 0.437500 1.000000
vt 0.500000 0.000000
vt 0.500000 1.000000
vt 0.562500 0.000000
vt 0.562500 1.000000
vt 0.625000 0.000000
vt 0.625000 1.000000
vt 0.687500 0.000000
vt 0.687500 1.000000
vt 0.750000 0.875000
vt 0.750000 0.000000
vt 0.750000 1.000000
vt 0.812500 0.000000
vt 0.812500 1.000000
vt 0.875000 0.000000
vt 0.875000 1.000000
vt 0.937500 0.000000
vt 0.937500 1.000000
s 1
usemtl Arancio.011
f 590/756/2091 573/757/2092 574/758/2093
f 591/759/2094 574/758/2095 575/760/2096
f 592/761/2097 575/760/2098 576/762/2099
f 593/763/2100 576/762/2101 577/764/2102
f 578/765/2103 593/763/2104 577/764/2105
f 579/766/2106 594/767/2107 578/765/2108
f 580/768/2109 595/769/2110 579/766/2111
f 581/770/2112 596/771/2113 580/768/2114
f 598/772/2115 581/770/2116 582/773/2117
f 599/774/2118 582/773/2119 583/775/2120
f 600/776/2121 583/775/2122 584/777/2123
f 601/778/2124 584/777/2125 585/779/2126
f 586/780/2127 601/778/2128 585/779/2129
f 587/781/2130 602/782/2131 586/780/2132
f 588/783/2133 603/784/2134 587/781/2135
f 573/785/2136 604/786/2137 588/783/2138
f 606/787/2139 589/788/2140 590/756/2141
f 607/789/2142 590/756/2143 591/759/2144
f 608/790/2145 591/759/2146 592/761/2147
f 609/791/2148 592/761/2149 593/763/2150
f 594/767/2151 609/791/2152 593/763/2153
f 595/769/2154 610/792/2155 594/767/2156
f 596/771/2157 611/793/2158 595/769/2159
f 597/794/2160 612/795/2161 596/771/2162
f 614/796/2163 597/794/2164 598/772/2165
f 615/797/2166 598/772/2167 599/774/2168
f 616/798/2169 599/774/2170 600/776/2171
f 617/799/2172 600/776/2173 601/778/2174
f 618/800/2175 601/778/2176 602/782/2177
f 603/784/2178 618/800/2179 602/782/2180
f 604/786/2181 619/801/2182 603/784/2183
f 605/802/2184 604/786/2185 589/803/2186
f 622/804/2187 605/805/2188 606/787/2189
f 623/806/2190 606/787/2191 607/789/2192
f 624/807/2193 607/789/2194 608/790/2195
f 625/808/2196 608/790/2197 609/791/2198
f 626/809/2199 609/791/2200 610/792/2201
f 611/793/2202 626/809/2203 610/792/2204
f 612/795/2205 627/810/2206 611/793/2207
f 629/811/2208 612/795/2209 613/812/2210
f 630/813/2211 613/812/2212 614/796/2213
f 631/814/2214 614/796/2215 615/797/2216
f 632/815/2217 615/797/2218 616/798/2219
f 633/816/2220 616/798/2221 617/799/2222
f 634/817/2223 617/799/2224 618/800/2225
f 619/801/2226 634/817/2227 618/800/2228
f 636/818/2229 619/801/2230 620/819/2231
f 605/802/2232 636/818/2233 620/819/2234
f 622/804/2235 637/820/2236 621/821/2237
f 623/806/2238 638/822/2239 622/804/2240
f 624/807/2241 639/823/2242 623/806/2243
f 625/808/2244 640/824/2245 624/807/2246
f 642/825/2247 625/808/2248 626/809/2249
f 643/826/2250 626/809/2251 627/810/2252
f 644/827/2253 627/810/2254 628/828/2255
f 629/811/2256 644/827/2257 628/828/2258
f 646/829/2259 629/811/2260 630/813/2261
f 631/814/2262 646/829/2263 630/813/2264
f 648/830/2265 631/814/2266 632/815/2267
f 633/816/2268 648/830/2269 632/815/2270
f 650/831/2271 633/816/2272 634/817/2273
f 651/832/2274 634/817/2275 635/833/2276
f 636/818/2277 651/832/2278 635/833/2279
f 637/834/2280 636/818/2281 621/835/2282
f 638/822/2283 653/836/2284 637/820/2285
f 639/823/2286 654/837/2287 638/822/2288
f 640/824/2289 655/838/2290 639/823/2291
f 641/839/2292 656/840/2293 640/824/2294
f 658/841/2295 641/839/2296 642/825/2297
f 659/842/2298 642/825/2299 643/826/2300
f 660/843/2301 643/826/2302 644/827/2303
f 661/844/2304 644/827/2305 645/845/2306
f 646/829/2307 661/844/2308 645/845/2309
f 647/846/2310 662/847/2311 646/829/2312
f 648/830/2313 663/848/2314 647/846/2315
f 649/849/2316 664/850/2317 648/830/2318
f 666/851/2319 649/849/2320 650/831/2321
f 667/852/2322 650/831/2323 651/832/2324
f 668/853/2325 651/832/2326 652/854/2327
f 653/855/2328 652/854/2329 637/834/2330
f 654/837/2331 669/856/2332 653/836/2333
f 655/838/2334 670/857/2335 654/837/2336
f 656/840/2337 671/858/2338 655/838/2339
f 657/859/2340 672/860/2341 656/840/2342
f 674/861/2343 657/859/2344 658/841/2345
f 675/862/2346 658/841/2347 659/842/2348
f 676/863/2349 659/842/2350 660/843/2351
f 677/864/2352 660/843/2353 661/844/2354
f 678/865/2355 661/844/2356 662/847/2357
f 663/848/2358 678/865/2359 662/847/2360
f 664/850/2361 679/866/2362 663/848/2363
f 665/867/2364 680/868/2365 664/850/2366
f 682/869/2367 665/867/2368 666/851/2369
f 683/870/2370 666/851/2371 667/852/2372
f 684/871/2373 667/852/2374 668/853/2375
f 669/872/2376 668/853/2377 653/855/2378
f 574/758/2379 573/757/2379 571/873/2379
f 572/874/2380 669/856/2380 670/857/2380
f 575/760/2381 574/758/2381 571/875/2381
f 572/876/2382 670/857/2382 671/858/2382
f 576/762/2383 575/760/2383 571/877/2383
f 572/878/2384 671/858/2384 672/860/2384
f 577/764/2385 576/762/2385 571/879/2385
f 572/880/2386 672/860/2386 673/881/2386
f 578/765/2387 577/764/2387 571/882/2387
f 572/883/2388 673/881/2388 674/861/2388
f 579/766/2389 578/765/2389 571/884/2389
f 572/885/2390 674/861/2390 675/862/2390
f 580/768/2391 579/766/2391 571/886/2391
f 572/887/2392 675/862/2392 676/863/2392
f 581/770/2393 580/768/2393 571/888/2393
f 572/889/2394 676/863/2394 677/864/2394
f 582/773/2395 581/770/2395 571/890/2395
f 572/891/2396 677/864/2396 678/865/2396
f 583/775/2397 582/773/2397 571/892/2397
f 572/893/2398 678/865/2399 679/866/2400
f 584/777/2401 583/775/2401 571/894/2401
f 572/895/2398 679/866/2400 680/868/2402
f 585/779/2403 584/777/2403 571/896/2403
f 572/897/2404 680/868/2404 681/898/2404
f 586/780/2405 585/779/2405 571/899/2405
f 572/900/2406 681/898/2406 682/869/2406
f 587/781/2407 586/780/2407 571/901/2407
f 572/902/2408 682/869/2408 683/870/2408
f 588/783/2409 587/781/2409 571/903/2409
f 572/904/2410 683/870/2410 684/871/2410
f 573/785/2411 588/783/2411 571/905/2411
f 572/906/2412 684/871/2412 669/872/2412
f 590/756/2091 589/788/2413 573/757/2092
f 591/759/2094 590/756/2414 574/758/2095
f 592/761/2097 591/759/2415 575/760/2098
f 593/763/2100 592/761/2416 576/762/2101
f 578/765/2103 594/767/2417 593/763/2104
f 579/766/2106 595/769/2418 594/767/2107
f 580/768/2109 596/771/2419 595/769/2110
f 581/770/2112 597/794/2420 596/771/2113
f 598/772/2115 597/794/2421 581/770/2116
f 599/774/2118 598/772/2422 582/773/2119
f 600/776/2121 599/774/2423 583/775/2122
f 601/778/2124 600/776/2424 584/777/2125
f 586/780/2127 602/782/2425 601/778/2128
f 587/781/2130 603/784/2426 602/782/2131
f 588/783/2133 604/786/2427 603/784/2134
f 573/785/2136 589/803/2428 604/786/2137
f 606/787/2139 605/805/2429 589/788/2140
f 607/789/2142 606/787/2430 590/756/2143
f 608/790/2145 607/789/2431 591/759/2146
f 609/791/2148 608/790/2432 592/761/2149
f 594/767/2151 610/792/2433 609/791/2152
f 595/769/2154 611/793/2434 610/792/2155
f 596/771/2157 612/795/2435 611/793/2158
f 597/794/2160 613/812/2436 612/795/2161
f 614/796/2163 613/812/2437 597/794/2164
f 615/797/2166 614/796/2438 598/772/2167
f 616/798/2169 615/797/2439 599/774/2170
f 617/799/2172 616/798/2440 600/776/2173
f 618/800/2175 617/799/2441 601/778/2176
f 603/784/2178 619/801/2442 618/800/2179
f 604/786/2181 620/819/2443 619/801/2182
f 605/802/2184 620/819/2444 604/786/2185
f 622/804/2187 621/821/2445 605/805/2188
f 623/806/2190 622/804/2446 606/787/2191
f 624/807/2193 623/806/2447 607/789/2194
f 625/808/2196 624/807/2448 608/790/2197
f 626/809/2199 625/808/2449 609/791/2200
f 611/793/2202 627/810/2450 626/809/2203
f 612/795/2205 628/828/2451 627/810/2206
f 629/811/2208 628/828/2452 612/795/2209
f 630/813/2211 629/811/2453 613/812/2212
f 631/814/2214 630/813/2454 614/796/2215
f 632/815/2217 631/814/2455 615/797/2218
f 633/816/2220 632/815/2456 616/798/2221
f 634/817/2223 633/816/2457 617/799/2224
f 619/801/2226 635/833/2458 634/817/2227
f 636/818/2229 635/833/2459 619/801/2230
f 605/802/2232 621/835/2460 636/818/2233
f 622/804/2235 638/822/2461 637/820/2236
f 623/806/2238 639/823/2462 638/822/2239
f 624/807/2241 640/824/2463 639/823/2242
f 625/808/2244 641/839/2464 640/824/2245
f 642/825/2247 641/839/2465 625/808/2248
f 643/826/2250 642/825/2466 626/809/2251
f 644/827/2253 643/826/2467 627/810/2254
f 629/811/2256 645/845/2468 644/827/2257
f 646/829/2259 645/845/2469 629/811/2260
f 631/814/2262 647/846/2470 646/829/2263
f 648/830/2265 647/846/2471 631/814/2266
f 633/816/2268 649/849/2472 648/830/2269
f 650/831/2271 649/849/2473 633/816/2272
f 651/832/2274 650/831/2474 634/817/2275
f 636/818/2277 652/854/2475 651/832/2278
f 637/834/2280 652/854/2476 636/818/2281
f 638/822/2283 654/837/2477 653/836/2284
f 639/823/2286 655/838/2478 654/837/2287
f 640/824/2289 656/840/2479 655/838/2290
f 641/839/2292 657/859/2480 656/840/2293
f 658/841/2295 657/859/2481 641/839/2296
f 659/842/2298 658/841/2482 642/825/2299
f 660/843/2301 659/842/2483 643/826/2302
f 661/844/2304 660/843/2484 644/827/2305
f 646/829/2307 662/847/2485 661/844/2308
f 647/846/2310 663/848/2486 662/847/2311
f 648/830/2313 664/850/2487 663/848/2314
f 649/849/2316 665/867/2488 664/850/2317
f 666/851/2319 665/867/2489 649/849/2320
f 667/852/2322 666/851/2490 650/831/2323
f 668/853/2325 667/852/2491 651/832/2326
f 653/855/2328 668/853/2492 652/854/2329
f 654/837/2331 670/857/2493 669/856/2332
f 655/838/2334 671/858/2494 670/857/2335
f 656/840/2337 672/860/2495 671/858/2338
f 657/859/2340 673/881/2496 672/860/2341
f 674/861/2343 673/881/2497 657/859/2344
f 675/862/2346 674/861/2498 658/841/2347
f 676/863/2349 675/862/2499 659/842/2350
f 677/864/2352 676/863/2500 660/843/2353
f 678/865/2355 677/864/2501 661/844/2356
f 663/848/2358 679/866/2502 678/865/2359
f 664/850/2361 680/868/2503 679/866/2362
f 665/867/2364 681/898/2504 680/868/2365
f 682/869/2367 681/898/2505 665/867/2368
f 683/870/2370 682/869/2506 666/851/2371
f 684/871/2373 683/870/2507 667/852/2374
f 669/872/2376 684/871/2508 668/853/2377
o clouds_1_2.009
v -30.002808 16.955858 -36.438820
v -30.002808 18.364145 -36.438820
v -28.710556 16.919678 -34.955353
v -28.503235 16.831038 -35.661129
v -28.546310 17.029661 -36.484840
v -28.790306 16.962782 -37.303143
v -29.213715 16.783016 -38.009270
v -29.775009 16.888998 -38.446648
v -30.364670 16.840878 -38.597477
v -30.886971 17.243353 -38.368439
v -31.305771 16.742014 -37.934563
v -31.502243 16.832787 -37.216476
v -31.464241 16.971684 -36.390854
v -31.221504 16.884405 -35.568012
v -30.785194 16.893829 -34.881706
v -30.228912 16.941856 -34.438381
v -29.640991 16.868282 -34.283890
v -29.111572 17.035170 -34.486286
v -27.649986 17.322067 -33.737831
v -27.277321 17.263042 -35.013374
v -27.349411 17.357737 -36.509476
v -27.787094 17.261570 -38.010258
v -28.588043 17.293566 -39.254532
v -29.589539 17.177355 -40.115360
v -30.672195 16.935244 -40.464756
v -31.651878 17.161266 -40.054050
v -32.354790 17.327234 -39.138847
v -32.669510 17.546516 -37.849060
v -32.696075 17.174652 -36.352921
v -32.222282 17.242319 -34.863483
v -31.400993 17.407125 -33.656105
v -30.452721 16.699104 -32.600319
v -29.334068 17.055292 -32.453629
v -28.377068 17.421009 -32.898281
v -27.005356 17.697260 -32.997803
v -26.437759 17.455532 -34.575733
v -26.428528 17.305368 -36.571522
v -27.174873 17.609310 -38.423447
v -28.150482 17.469336 -40.125385
v -29.438629 17.278992 -41.350880
v -30.873657 17.529970 -41.501568
v -32.094887 17.698790 -40.966999
v -33.167473 17.258673 -40.071793
v -33.761383 17.055676 -38.354752
v -33.508263 17.440926 -36.331436
v -32.857086 17.551737 -34.427143
v -31.827759 17.549330 -32.806740
v -30.565887 17.285191 -31.531672
v -29.128036 17.302507 -31.196499
v -27.778900 17.083111 -31.498602
v -26.691154 17.696081 -32.637108
v -26.081589 17.696081 -34.404964
v -25.967209 17.696081 -36.642548
v -26.676819 17.696077 -38.858620
v -27.827316 17.696077 -40.768559
v -29.380196 17.696077 -41.809975
v -30.951477 17.696077 -42.180256
v -32.415062 17.696077 -41.799461
v -33.425804 17.696077 -40.368355
v -34.234703 17.696077 -38.559544
v -33.549721 17.696081 -36.412010
v -33.525978 17.696081 -33.817181
v -32.112579 17.696081 -32.239883
v -30.563828 17.696081 -31.345304
v -29.044830 17.696081 -30.313547
v -27.746857 17.696081 -31.561556
v -26.873703 18.040211 -32.846672
v -26.304855 18.211235 -34.539444
v -26.352577 18.236370 -36.599457
v -27.124741 17.892424 -38.474930
v -28.008118 18.338779 -40.408730
v -29.492973 17.805494 -41.107124
v -30.873962 17.879904 -41.515556
v -32.147469 17.938927 -41.131340
v -33.189926 18.192371 -40.097569
v -33.680016 18.168360 -38.332531
v -33.593887 18.119881 -36.299938
v -32.937248 18.015640 -34.344818
v -31.933884 18.152903 -32.595528
v -30.561798 18.083797 -31.550034
v -29.129913 17.980780 -31.282452
v -27.885750 17.810009 -31.832582
v -27.557098 18.642818 -33.631195
v -27.246605 18.277229 -35.005432
v -27.327606 18.134539 -36.517811
v -27.705620 18.547817 -38.094727
v -28.556015 18.317972 -39.318279
v -29.580276 18.335669 -40.156292
v -30.673088 18.622812 -40.521069
v -31.646576 18.171883 -40.037083
v -32.399246 18.339033 -39.189884
v -32.783569 18.395676 -37.878563
v -32.629440 17.911510 -36.378399
v -32.296326 18.529045 -34.786713
v -31.415253 18.082739 -33.627716
v -30.438507 18.507589 -32.663128
v -29.333702 18.405502 -32.430332
v -28.329124 18.504841 -32.744816
v -28.721146 18.323795 -34.967495
v -28.486855 18.688576 -35.657135
v -28.522751 18.592606 -36.494209
v -28.809158 18.230124 -37.283352
v -29.226448 18.400951 -37.983963
v -29.783691 18.262632 -38.408962
v -30.364273 18.297104 -38.559315
v -30.891861 18.317875 -38.384159
v -31.256958 17.974199 -37.878563
v -31.499275 18.496294 -37.215706
v -31.465599 18.431381 -36.390308
v -31.207855 18.348763 -35.582314
v -30.781174 18.428776 -34.889683
v -30.229179 18.450954 -34.437222
v -29.641174 18.402454 -34.300694
v -29.113426 18.325546 -34.492401
vn 0.2360 -0.9628 0.1313
vn 0.2361 -0.9581 0.1621
vn 0.2360 -0.9532 0.1890
vn 0.3383 -0.9334 -0.1194
vn 0.3005 -0.9379 -0.1736
vn 0.2521 -0.9377 -0.2393
vn 0.2695 -0.9629 -0.0123
vn 0.2739 -0.9617 -0.0099
vn 0.2818 -0.9595 -0.0056
vn 0.3065 -0.9432 -0.1281
vn 0.3637 -0.9239 -0.1189
vn 0.5142 -0.8528 -0.0913
vn 0.1612 -0.9567 -0.2423
vn 0.1862 -0.9604 -0.2074
vn 0.0879 -0.9364 -0.3397
vn 0.1777 -0.9760 -0.1256
vn 0.2075 -0.9721 -0.1095
vn 0.1199 -0.9804 -0.1561
vn -0.4327 -0.8973 0.0876
vn -0.3088 -0.9451 0.1073
vn -0.5935 -0.8028 0.0572
vn 0.2906 -0.9285 -0.2311
vn -0.0966 -0.9793 -0.1780
vn 0.6267 -0.7386 -0.2484
vn -0.5076 -0.8615 0.0104
vn -0.5086 -0.8609 -0.0113
vn -0.5093 -0.8601 -0.0306
vn -0.3566 -0.9256 -0.1266
vn -0.2667 -0.9637 0.0128
vn -0.1551 -0.9730 0.1708
vn -0.2150 -0.9744 0.0659
vn -0.2596 -0.9648 0.0421
vn -0.3370 -0.9415 -0.0004
vn -0.2226 -0.9455 0.2376
vn -0.2501 -0.9397 0.2334
vn -0.3270 -0.9189 0.2205
vn -0.3378 -0.9397 0.0527
vn -0.3781 -0.9256 -0.0159
vn -0.1655 -0.9365 0.3091
vn 0.0879 -0.9945 -0.0575
vn 0.1846 -0.9828 -0.0098
vn -0.0864 -0.9863 -0.1408
vn 0.3407 -0.9390 0.0466
vn 0.3602 -0.9316 0.0487
vn 0.3156 -0.9479 0.0439
vn 0.0426 -0.9722 0.2301
vn 0.0905 -0.9709 0.2219
vn -0.0024 -0.9715 0.2372
vn 0.2199 -0.9615 0.1649
vn 0.2303 -0.9562 0.1808
vn 0.1745 -0.9799 0.0963
vn 0.0513 -0.9987 0.0008
vn 0.0915 -0.9955 0.0228
vn -0.0607 -0.9963 -0.0601
vn 0.2538 -0.9617 -0.1033
vn 0.0971 -0.9879 -0.1210
vn 0.4535 -0.8880 -0.0754
vn 0.2457 -0.9597 -0.1365
vn 0.3359 -0.9300 -0.1491
vn 0.1507 -0.9810 -0.1223
vn 0.1979 -0.9779 -0.0679
vn 0.1976 -0.9769 -0.0817
vn 0.1972 -0.9755 -0.0978
vn 0.0191 -0.9408 -0.3384
vn 0.1092 -0.9685 -0.2237
vn 0.2337 -0.9710 -0.0513
vn -0.3182 -0.8636 -0.3910
vn -0.3305 -0.8568 -0.3959
vn -0.3645 -0.8366 -0.4090
vn -0.0498 -0.9773 -0.2057
vn -0.1321 -0.9675 -0.2154
vn -0.5082 -0.8270 -0.2403
vn 0.2299 -0.9702 0.0765
vn 0.2317 -0.9695 0.0798
vn 0.3075 -0.9229 0.2319
vn 0.0311 -0.9982 -0.0522
vn 0.1172 -0.9931 -0.0043
vn -0.3084 -0.9219 -0.2346
vn -0.3297 -0.9313 0.1548
vn -0.3171 -0.9354 0.1566
vn -0.3465 -0.9256 0.1523
vn -0.1325 -0.9763 0.1711
vn -0.2374 -0.9531 0.1878
vn -0.0258 -0.9880 0.1524
vn -0.6134 -0.7648 0.1972
vn -0.4256 -0.8975 0.1158
vn -0.7458 -0.6143 0.2579
vn 0.0454 -0.9534 0.2983
vn 0.1081 -0.9211 0.3741
vn 0.2063 -0.8486 0.4872
vn 0.0375 -0.9979 -0.0529
vn 0.1169 -0.9930 -0.0175
vn 0.4002 -0.9094 0.1133
vn 0.1950 -0.9802 -0.0330
vn 0.1910 -0.9781 -0.0830
vn 0.2091 -0.9335 0.2911
vn 0.3530 -0.9063 0.2325
vn 0.0809 -0.9953 0.0539
vn 0.4374 -0.8520 0.2878
vn 0.6303 -0.7745 0.0533
vn 0.5737 -0.8183 0.0354
vn 0.6505 -0.7571 0.0600
vn 0.1719 -0.9678 -0.1840
vn 0.5104 -0.8367 -0.1984
vn 0.0224 -0.9851 -0.1707
vn 0.3102 -0.9429 -0.1212
vn 0.1643 -0.9830 -0.0821
vn 0.3712 -0.9184 -0.1373
vn 0.4902 -0.7418 -0.4577
vn 0.2411 -0.9229 -0.3002
vn 0.5774 -0.6396 -0.5075
vn 0.0402 -0.9480 -0.3157
vn -0.0324 -0.8060 -0.5911
vn -0.0577 -0.7353 -0.6753
vn -0.0416 -0.9984 -0.0370
vn -0.1613 -0.9755 -0.1499
vn -0.2226 -0.9526 -0.2076
vn -0.2257 -0.8327 -0.5056
vn -0.0604 -0.9885 -0.1389
vn -0.3099 -0.6521 -0.6919
vn -0.7094 -0.6285 -0.3189
vn -0.7082 -0.6307 -0.3173
vn -0.7102 -0.6272 -0.3198
vn -0.9559 -0.2316 0.1805
vn -0.8425 -0.4776 0.2492
vn -0.9829 -0.1140 0.1447
vn -0.2613 -0.9605 0.0956
vn -0.9137 -0.4050 0.0347
vn -0.1225 -0.9875 0.0993
vn -0.1905 -0.9732 0.1291
vn -0.1349 -0.9846 0.1109
vn -0.2209 -0.9653 0.1389
vn -0.6379 -0.4826 0.6002
vn -0.2008 -0.9422 0.2683
vn -0.7098 -0.2880 0.6428
vn -0.2776 -0.8297 0.4843
vn -0.2375 -0.5686 0.7876
vn -0.2031 -0.4036 0.8921
vn 0.3211 -0.2910 0.9012
vn 0.3582 -0.7771 0.5175
vn 0.2312 0.0874 0.9690
vn 0.2171 -0.9698 0.1113
vn 0.8690 -0.2090 0.4485
vn 0.8886 0.0007 0.4587
vn 0.8231 0.4734 0.3138
vn 0.7903 0.5441 0.2816
vn 0.7745 0.5735 0.2670
vn 0.8421 0.5393 0.0031
vn 0.8906 0.4537 0.0318
vn 0.9120 0.4074 0.0466
vn 0.3646 0.8924 -0.2658
vn 0.6888 0.6764 -0.2606
vn 0.7789 0.5754 -0.2494
vn 0.7813 0.5543 -0.2868
vn 0.4295 0.8791 -0.2068
vn 0.2740 0.9475 -0.1650
vn 0.1188 0.9536 -0.2765
vn 0.1895 0.6731 -0.7149
vn 0.0929 0.9860 -0.1386
vn 0.0697 0.9659 -0.2493
vn 0.0882 0.9822 -0.1657
vn 0.0643 0.9599 -0.2730
vn -0.0722 0.9504 -0.3024
vn -0.0461 0.9604 -0.2749
vn -0.0811 0.9467 -0.3116
vn -0.4535 0.7147 -0.5324
vn -0.3543 0.8811 -0.3132
vn -0.3047 0.9278 -0.2152
vn -0.6364 0.7301 -0.2488
vn -0.7534 0.6136 -0.2364
vn -0.5652 0.7853 -0.2528
vn -0.9904 0.1022 0.0931
vn -0.7800 0.5933 0.1988
vn -0.6829 0.6973 0.2178
vn -0.5968 0.8006 0.0531
vn -0.9552 0.1381 0.2617
vn -0.4740 0.8805 0.0043
vn -0.6251 0.6974 0.3507
vn -0.3680 0.8870 0.2788
vn -0.2791 0.9271 0.2501
vn -0.4542 0.4686 0.7577
vn -0.4433 0.6183 0.6490
vn -0.4544 0.4178 0.7867
vn -0.1965 0.9080 0.3700
vn -0.1604 0.6425 0.7493
vn -0.1986 0.9355 0.2923
vn 0.2450 0.9334 0.2620
vn 0.2441 0.9356 0.2552
vn 0.2439 0.9361 0.2536
vn 0.5070 0.6820 0.5271
vn 0.2035 0.9024 0.3799
vn 0.5559 0.6271 0.5456
vn 0.3339 0.9425 0.0125
vn 0.3571 0.9328 0.0491
vn 0.4691 0.8489 0.2434
vn -0.0276 0.9988 -0.0411
vn -0.0053 0.9996 -0.0286
vn 0.0646 0.9979 0.0107
vn 0.4555 0.8880 -0.0626
vn 0.2074 0.9733 -0.0989
vn -0.1140 0.9845 -0.1336
vn 0.1961 0.9740 -0.1136
vn 0.4631 0.8752 -0.1396
vn 0.6933 0.7039 -0.1542
vn -0.0552 0.9416 -0.3321
vn -0.0289 0.9853 -0.1681
vn -0.0806 0.8674 -0.4910
vn 0.2737 0.7893 -0.5497
vn 0.3040 0.8046 -0.5100
vn 0.2219 0.7592 -0.6119
vn -0.2353 0.9228 -0.3052
vn -0.3294 0.8786 -0.3457
vn -0.0154 0.9794 -0.2015
vn 0.0216 0.9797 -0.1991
vn 0.0163 0.9797 -0.1998
vn 0.0436 0.9796 -0.1962
vn -0.1734 0.9828 -0.0635
vn -0.1700 0.9837 -0.0582
vn -0.1507 0.9882 -0.0284
vn 0.0063 0.9845 0.1752
vn -0.0750 0.9881 0.1341
vn -0.2618 0.9645 0.0341
vn -0.3679 0.9241 -0.1030
vn -0.1004 0.9928 -0.0660
vn 0.2097 0.9776 -0.0183
vn 0.0239 0.9860 0.1653
vn -0.2590 0.9439 0.2049
vn -0.5089 0.8304 0.2267
vn -0.2204 0.9610 0.1673
vn -0.2306 0.9730 0.0043
vn -0.2039 0.9222 0.3285
vn 0.0055 0.9367 0.3500
vn 0.0077 0.9357 0.3527
vn 0.0027 0.9380 0.3466
vn 0.2012 0.8820 0.4262
vn 0.1593 0.8984 0.4092
vn 0.3208 0.8221 0.4703
vn 0.3005 0.8434 0.4454
vn 0.3052 0.8417 0.4455
vn 0.2492 0.8607 0.4440
vn 0.0295 0.9966 -0.0768
vn 0.0362 0.9781 0.2051
vn 0.0241 0.9674 -0.2519
vn 0.3604 0.9262 -0.1107
vn 0.3571 0.9269 -0.1157
vn 0.3631 0.9256 -0.1068
vn 0.1042 0.9942 0.0254
vn -0.0904 0.9932 -0.0740
vn 0.3562 0.9213 0.1561
vn -0.1021 0.9943 0.0302
vn -0.0041 0.9991 0.0426
vn -0.2713 0.9625 0.0078
vn -0.0787 0.9958 -0.0457
vn -0.0579 0.9982 -0.0175
vn -0.0154 0.9991 0.0400
vn 0.1207 0.9892 0.0831
vn 0.1655 0.9806 0.1049
vn 0.2120 0.9689 0.1275
vn -0.1038 0.9861 0.1301
vn -0.2635 0.9584 0.1098
vn -0.3803 0.9202 0.0924
vn -0.2596 0.9563 0.1344
vn 0.0664 0.9947 0.0791
vn 0.2607 0.9645 0.0413
vn 0.4014 0.8802 -0.2531
vn 0.1621 0.9751 -0.1516
vn -0.0486 0.9972 -0.0573
vn -0.2861 0.9227 0.2583
vn -0.3409 0.9220 0.1837
vn -0.2372 0.9171 0.3204
vn -0.2190 0.9605 -0.1719
vn -0.0840 0.9910 -0.1039
vn -0.3962 0.8809 -0.2589
vn 0.0752 0.9870 0.1423
vn -0.0215 0.9909 0.1326
vn 0.2727 0.9490 0.1581
vn -0.2668 0.9626 0.0470
vn -0.2898 0.9570 0.0107
vn -0.3390 0.9382 -0.0699
vn 0.0938 0.9954 -0.0199
vn 0.0931 0.9955 -0.0186
vn 0.0956 0.9953 -0.0173
vn 0.0381 0.9987 -0.0347
vn -0.0516 0.9977 -0.0442
vn -0.1140 0.9922 -0.0506
vn -0.1295 0.9899 -0.0578
vn -0.1904 0.9806 -0.0463
vn -0.2206 0.9745 -0.0405
vn -0.1272 -0.9881 0.0867
vn -0.3602 0.8696 0.3376
vn 0.0417 -0.9708 -0.2363
vn -0.1556 0.9821 -0.1059
vn 0.0526 -0.9964 0.0658
vn -0.1553 0.9179 -0.3652
vn 0.1281 -0.9768 0.1719
vn 0.1950 0.9733 0.1212
vn -0.1936 -0.9810 0.0107
vn -0.1886 0.9794 -0.0714
vn 0.0708 -0.9966 0.0412
vn 0.0704 0.9966 -0.0435
vn -0.5658 -0.8129 0.1381
vn 0.0273 0.9990 -0.0362
vn 0.5386 -0.7617 -0.3603
vn -0.5011 0.8398 0.2090
vn 0.0143 -0.9915 0.1293
vn 0.3327 0.7961 -0.5054
vn -0.0052 -0.9861 0.1661
vn 0.0483 0.9959 0.0768
vn 0.0483 0.9959 0.0763
vn 0.0486 0.9951 0.0857
vn -0.0141 -0.9948 -0.1014
vn 0.0486 0.9951 0.0862
vn 0.0470 -0.9988 -0.0162
vn -0.0657 0.9951 -0.0745
vn 0.0840 -0.9965 0.0025
vn -0.0042 0.9990 -0.0438
vn -0.1189 -0.9927 -0.0204
vn 0.0898 0.9954 -0.0330
vn 0.0872 0.9960 -0.0219
vn 0.2701 -0.9591 -0.0843
vn 0.1299 0.9907 -0.0397
vn -0.1539 -0.9819 0.1101
vn 0.0183 0.9998 0.0114
vn 0.2358 -0.9651 0.1136
vn 0.3670 -0.9271 -0.0764
vn 0.2640 -0.9644 -0.0152
vn 0.1869 -0.9716 -0.1453
vn 0.2324 -0.9624 -0.1405
vn 0.2447 -0.9655 -0.0891
vn -0.1726 -0.9769 0.1259
vn -0.3743 -0.9194 -0.1207
vn -0.5069 -0.8617 0.0228
vn -0.4159 -0.8808 -0.2263
vn -0.1590 -0.9827 0.0952
vn -0.1688 -0.9547 0.2452
vn -0.4600 -0.8713 -0.1711
vn 0.2974 -0.9536 0.0476
vn 0.3769 -0.9249 0.0504
vn 0.1186 -0.9690 0.2169
vn 0.2682 -0.9331 0.2394
vn 0.1858 -0.9798 0.0746
vn -0.0654 -0.9886 -0.1359
vn 0.4049 -0.9006 -0.1580
vn 0.1982 -0.9786 -0.0563
vn -0.1020 -0.8713 -0.4800
vn -0.2873 -0.8798 -0.3786
vn 0.2602 -0.9528 -0.1566
vn 0.1553 -0.9859 -0.0628
vn 0.3550 -0.9255 0.1318
vn -0.3038 -0.9394 0.1586
vn -0.3155 -0.9278 0.1990
vn -0.2433 -0.9691 0.0400
vn -0.0344 -0.9795 0.1983
vn -0.1917 -0.9696 -0.1521
vn 0.1676 -0.9396 -0.2984
vn -0.0027 -1.0000 -0.0009
vn 0.5502 -0.8346 0.0281
vn 0.6158 -0.7629 -0.1972
vn 0.1131 -0.9912 -0.0682
vn 0.1685 -0.9531 -0.2513
vn 0.0574 -0.9682 -0.2435
vn 0.0008 -1.0000 0.0030
vn 0.0030 -1.0000 0.0021
vn -0.7073 -0.6322 -0.3163
vn -0.8144 -0.5189 0.2598
vn -0.9875 -0.1576 0.0090
vn -0.1173 -0.9875 0.1051
vn -0.1129 -0.9742 0.1955
vn -0.2803 -0.8666 0.4127
vn 0.3419 -0.8699 0.3555
vn -0.0018 -1.0000 -0.0017
vn 0.8337 0.4462 0.3252
vn 0.8136 0.5813 -0.0118
vn 0.1969 0.9468 -0.2547
vn 0.8617 0.4098 -0.2990
vn 0.2027 0.5212 -0.8290
vn 0.0941 0.9859 -0.1384
vn -0.0345 0.9643 -0.2626
vn -0.4946 0.5855 -0.6423
vn -0.8277 0.5150 -0.2228
vn -0.9927 -0.1139 0.0393
vn -0.9356 -0.1781 0.3047
vn -0.7283 0.5750 0.3726
vn -0.4381 0.6526 0.6181
vn -0.1304 0.4635 0.8765
vn 0.2456 0.9322 0.2660
vn 0.1198 0.9357 0.3319
vn 0.1743 0.9607 -0.2162
vn -0.1107 0.9900 -0.0875
vn 0.7470 0.6648 -0.0048
vn -0.1699 0.9832 -0.0666
vn 0.0012 0.9998 0.0197
vn 0.3607 0.8283 -0.4287
vn -0.5462 0.7202 -0.4277
vn -0.0113 0.9791 -0.2032
vn -0.1968 0.9754 -0.0998
vn 0.2244 0.9339 0.2784
vn -0.6758 0.7238 -0.1394
vn 0.3359 0.9360 0.1051
vn -0.2347 0.9547 -0.1828
vn 0.0111 0.9341 0.3569
vn 0.0151 0.9386 0.3446
vn 0.3651 0.8176 0.4453
vn 0.0400 0.8776 0.4778
vn 0.3531 0.9276 -0.1215
vn -0.4295 0.8696 -0.2436
vn 0.2677 0.9606 0.0748
vn -0.1424 0.9809 -0.1325
vn 0.0470 0.9978 0.0472
vn 0.0884 0.9848 0.1496
vn -0.5377 0.8252 0.1726
vn 0.6147 0.7132 -0.3370
vn -0.4055 0.9098 0.0881
vn 0.1912 0.9808 0.0393
vn -0.3276 0.9402 0.0932
vn -0.1816 0.9678 0.1741
vn 0.1357 0.9905 -0.0239
vn -0.0772 0.9947 -0.0674
vt 0.062500 0.250000
vt 0.000000 0.125000
vt 0.062500 0.125000
vt 0.125000 0.250000
vt 0.125000 0.125000
vt 0.187500 0.250000
vt 0.187500 0.125000
vt 0.250000 0.250000
vt 0.250000 0.125000
vt 0.312500 0.125000
vt 0.375000 0.125000
vt 0.312500 0.250000
vt 0.437500 0.125000
vt 0.375000 0.250000
vt 0.500000 0.125000
vt 0.437500 0.250000
vt 0.562500 0.250000
vt 0.562500 0.125000
vt 0.625000 0.250000
vt 0.625000 0.125000
vt 0.687500 0.250000
vt 0.687500 0.125000
vt 0.750000 0.250000
vt 0.750000 0.125000
vt 0.812500 0.125000
vt 0.875000 0.125000
vt 0.812500 0.250000
vt 0.937500 0.125000
vt 0.875000 0.250000
vt 1.000000 0.125000
vt 0.937500 0.250000
vt 0.062500 0.375000
vt 0.000000 0.250000
vt 0.125000 0.375000
vt 0.187500 0.375000
vt 0.250000 0.375000
vt 0.312500 0.375000
vt 0.375000 0.375000
vt 0.500000 0.250000
vt 0.437500 0.375000
vt 0.562500 0.375000
vt 0.625000 0.375000
vt 0.687500 0.375000
vt 0.750000 0.375000
vt 0.812500 0.375000
vt 0.875000 0.375000
vt 1.000000 0.375000
vt 1.000000 0.250000
vt 0.062500 0.500000
vt 0.000000 0.375000
vt 0.125000 0.500000
vt 0.187500 0.500000
vt 0.250000 0.500000
vt 0.312500 0.500000
vt 0.375000 0.500000
vt 0.500000 0.500000
vt 0.500000 0.375000
vt 0.562500 0.500000
vt 0.625000 0.500000
vt 0.687500 0.500000
vt 0.750000 0.500000
vt 0.812500 0.500000
vt 0.937500 0.500000
vt 0.937500 0.375000
vt 0.000000 0.625000
vt 0.000000 0.500000
vt 0.062500 0.625000
vt 0.125000 0.625000
vt 0.187500 0.625000
vt 0.312500 0.625000
vt 0.375000 0.625000
vt 0.437500 0.625000
vt 0.437500 0.500000
vt 0.562500 0.625000
vt 0.687500 0.625000
vt 0.812500 0.625000
vt 0.875000 0.625000
vt 0.875000 0.500000
vt 1.000000 0.625000
vt 1.000000 0.500000
vt 0.000000 0.750000
vt 0.062500 0.750000
vt 0.125000 0.750000
vt 0.250000 0.625000
vt 0.187500 0.750000
vt 0.312500 0.750000
vt 0.375000 0.750000
vt 0.437500 0.750000
vt 0.500000 0.750000
vt 0.500000 0.625000
vt 0.625000 0.625000
vt 0.562500 0.750000
vt 0.625000 0.750000
vt 0.750000 0.625000
vt 0.687500 0.750000
vt 0.812500 0.750000
vt 0.875000 0.750000
vt 0.937500 0.750000
vt 0.937500 0.625000
vt 1.000000 0.750000
vt 0.000000 0.875000
vt 0.062500 0.875000
vt 0.125000 0.875000
vt 0.250000 0.750000
vt 0.187500 0.875000
vt 0.312500 0.875000
vt 0.375000 0.875000
vt 0.437500 0.875000
vt 0.500000 0.875000
vt 0.562500 0.875000
vt 0.625000 0.875000
vt 0.750000 0.750000
vt 0.687500 0.875000
vt 0.812500 0.875000
vt 0.875000 0.875000
vt 0.937500 0.875000
vt 1.000000 0.875000
vt 0.000000 0.000000
vt 0.000000 1.000000
vt 0.062500 0.000000
vt 0.062500 1.000000
vt 0.125000 0.000000
vt 0.125000 1.000000
vt 0.187500 0.000000
vt 0.187500 1.000000
vt 0.250000 0.875000
vt 0.250000 0.000000
vt 0.250000 1.000000
vt 0.312500 0.000000
vt 0.312500 1.000000
vt 0.375000 0.000000
vt 0.375000 1.000000
vt 0.437500 0.000000
vt 0.437500 1.000000
vt 0.500000 0.000000
vt 0.500000 1.000000
vt 0.562500 0.000000
vt 0.562500 1.000000
vt 0.625000 0.000000
vt 0.625000 1.000000
vt 0.687500 0.000000
vt 0.687500 1.000000
vt 0.750000 0.875000
vt 0.750000 0.000000
vt 0.750000 1.000000
vt 0.812500 0.000000
vt 0.812500 1.000000
vt 0.875000 0.000000
vt 0.875000 1.000000
vt 0.937500 0.000000
vt 0.937500 1.000000
s 1
usemtl Arancio.002
f 704/907/2509 687/908/2510 688/909/2511
f 705/910/2512 688/909/2513 689/911/2514
f 706/912/2515 689/911/2516 690/913/2517
f 707/914/2518 690/913/2519 691/915/2520
f 692/916/2521 707/914/2522 691/915/2523
f 693/917/2524 708/918/2525 692/916/2526
f 694/919/2527 709/920/2528 693/917/2529
f 695/921/2530 710/922/2531 694/919/2532
f 712/923/2533 695/921/2534 696/924/2535
f 713/925/2536 696/924/2537 697/926/2538
f 714/927/2539 697/926/2540 698/928/2541
f 715/929/2542 698/928/2543 699/930/2544
f 700/931/2545 715/929/2546 699/930/2547
f 701/932/2548 716/933/2549 700/931/2550
f 702/934/2551 717/935/2552 701/932/2553
f 687/936/2554 718/937/2555 702/934/2556
f 720/938/2557 703/939/2558 704/907/2559
f 721/940/2560 704/907/2561 705/910/2562
f 722/941/2563 705/910/2564 706/912/2565
f 723/942/2566 706/912/2567 707/914/2568
f 708/918/2569 723/942/2570 707/914/2571
f 709/920/2572 724/943/2573 708/918/2574
f 710/922/2575 725/944/2576 709/920/2577
f 711/945/2578 726/946/2579 710/922/2580
f 728/947/2581 711/945/2582 712/923/2583
f 729/948/2584 712/923/2585 713/925/2586
f 730/949/2587 713/925/2588 714/927/2589
f 731/950/2590 714/927/2591 715/929/2592
f 732/951/2593 715/929/2594 716/933/2595
f 717/935/2596 732/951/2597 716/933/2598
f 718/937/2599 733/952/2600 717/935/2601
f 719/953/2602 718/937/2603 703/954/2604
f 736/955/2605 719/956/2606 720/938/2607
f 737/957/2608 720/938/2609 721/940/2610
f 738/958/2611 721/940/2612 722/941/2613
f 739/959/2614 722/941/2615 723/942/2616
f 740/960/2617 723/942/2618 724/943/2619
f 725/944/2620 740/960/2621 724/943/2622
f 726/946/2623 741/961/2624 725/944/2625
f 743/962/2626 726/946/2627 727/963/2628
f 744/964/2629 727/963/2630 728/947/2631
f 745/965/2632 728/947/2633 729/948/2634
f 746/966/2635 729/948/2636 730/949/2637
f 747/967/2638 730/949/2639 731/950/2640
f 748/968/2641 731/950/2642 732/951/2643
f 733/952/2644 748/968/2645 732/951/2646
f 750/969/2647 733/952/2648 734/970/2649
f 719/953/2650 750/969/2651 734/970/2652
f 736/955/2653 751/971/2654 735/972/2655
f 737/957/2656 752/973/2657 736/955/2658
f 738/958/2659 753/974/2660 737/957/2661
f 739/959/2662 754/975/2663 738/958/2664
f 756/976/2665 739/959/2666 740/960/2667
f 757/977/2668 740/960/2669 741/961/2670
f 758/978/2671 741/961/2672 742/979/2673
f 743/962/2674 758/978/2675 742/979/2676
f 760/980/2677 743/962/2678 744/964/2679
f 745/965/2680 760/980/2681 744/964/2682
f 762/981/2683 745/965/2684 746/966/2685
f 747/967/2686 762/981/2687 746/966/2688
f 764/982/2689 747/967/2690 748/968/2691
f 765/983/2692 748/968/2693 749/984/2694
f 750/969/2695 765/983/2696 749/984/2697
f 751/985/2698 750/969/2699 735/986/2700
f 752/973/2701 767/987/2702 751/971/2703
f 753/974/2704 768/988/2705 752/973/2706
f 754/975/2707 769/989/2708 753/974/2709
f 755/990/2710 770/991/2711 754/975/2712
f 772/992/2713 755/990/2714 756/976/2715
f 773/993/2716 756/976/2717 757/977/2718
f 774/994/2719 757/977/2720 758/978/2721
f 775/995/2722 758/978/2723 759/996/2724
f 760/980/2725 775/995/2726 759/996/2727
f 761/997/2728 776/998/2729 760/980/2730
f 762/981/2731 777/999/2732 761/997/2733
f 763/1000/2734 778/1001/2735 762/981/2736
f 780/1002/2737 763/1000/2738 764/982/2739
f 781/1003/2740 764/982/2741 765/983/2742
f 782/1004/2743 765/983/2744 766/1005/2745
f 767/1006/2746 766/1005/2747 751/985/2748
f 768/988/2749 783/1007/2750 767/987/2751
f 769/989/2752 784/1008/2753 768/988/2754
f 770/991/2755 785/1009/2756 769/989/2757
f 771/1010/2758 786/1011/2759 770/991/2760
f 788/1012/2761 771/1010/2762 772/992/2763
f 789/1013/2764 772/992/2765 773/993/2766
f 790/1014/2767 773/993/2768 774/994/2769
f 791/1015/2770 774/994/2771 775/995/2772
f 792/1016/2773 775/995/2774 776/998/2775
f 777/999/2776 792/1016/2777 776/998/2778
f 778/1001/2779 793/1017/2780 777/999/2781
f 779/1018/2782 794/1019/2783 778/1001/2784
f 796/1020/2785 779/1018/2786 780/1002/2787
f 797/1021/2788 780/1002/2789 781/1003/2790
f 798/1022/2791 781/1003/2792 782/1004/2793
f 783/1023/2794 782/1004/2795 767/1006/2796
f 688/909/2797 687/908/2797 685/1024/2797
f 686/1025/2798 783/1007/2798 784/1008/2798
f 689/911/2799 688/909/2799 685/1026/2799
f 686/1027/2800 784/1008/2800 785/1009/2800
f 690/913/2801 689/911/2801 685/1028/2801
f 686/1029/2802 785/1009/2802 786/1011/2802
f 691/915/2803 690/913/2803 685/1030/2803
f 686/1031/2804 786/1011/2804 787/1032/2804
f 692/916/2805 691/915/2805 685/1033/2805
f 686/1034/2806 787/1032/2806 788/1012/2806
f 693/917/2807 692/916/2807 685/1035/2807
f 686/1036/2808 788/1012/2808 789/1013/2808
f 694/919/2809 693/917/2809 685/1037/2809
f 686/1038/2810 789/1013/2810 790/1014/2810
f 695/921/2811 694/919/2811 685/1039/2811
f 686/1040/2812 790/1014/2812 791/1015/2812
f 696/924/2813 695/921/2813 685/1041/2813
f 686/1042/2814 791/1015/2814 792/1016/2814
f 697/926/2815 696/924/2815 685/1043/2815
f 686/1044/2816 792/1016/2817 793/1017/2818
f 698/928/2819 697/926/2819 685/1045/2819
f 686/1046/2816 793/1017/2818 794/1019/2820
f 699/930/2821 698/928/2821 685/1047/2821
f 686/1048/2822 794/1019/2822 795/1049/2822
f 700/931/2823 699/930/2823 685/1050/2823
f 686/1051/2824 795/1049/2824 796/1020/2824
f 701/932/2825 700/931/2825 685/1052/2825
f 686/1053/2826 796/1020/2827 797/1021/2788
f 702/934/2828 701/932/2828 685/1054/2828
f 686/1055/2829 797/1021/2829 798/1022/2829
f 687/936/2830 702/934/2830 685/1056/2830
f 686/1057/2831 798/1022/2831 783/1023/2831
f 704/907/2509 703/939/2832 687/908/2510
f 705/910/2512 704/907/2833 688/909/2513
f 706/912/2515 705/910/2834 689/911/2516
f 707/914/2518 706/912/2835 690/913/2519
f 692/916/2521 708/918/2836 707/914/2522
f 693/917/2524 709/920/2837 708/918/2525
f 694/919/2527 710/922/2838 709/920/2528
f 695/921/2530 711/945/2839 710/922/2531
f 712/923/2533 711/945/2840 695/921/2534
f 713/925/2536 712/923/2841 696/924/2537
f 714/927/2539 713/925/2842 697/926/2540
f 715/929/2542 714/927/2843 698/928/2543
f 700/931/2545 716/933/2844 715/929/2546
f 701/932/2548 717/935/2845 716/933/2549
f 702/934/2551 718/937/2846 717/935/2552
f 687/936/2554 703/954/2847 718/937/2555
f 720/938/2557 719/956/2848 703/939/2558
f 721/940/2560 720/938/2849 704/907/2561
f 722/941/2563 721/940/2850 705/910/2564
f 723/942/2566 722/941/2851 706/912/2567
f 708/918/2569 724/943/2852 723/942/2570
f 709/920/2572 725/944/2853 724/943/2573
f 710/922/2575 726/946/2854 725/944/2576
f 711/945/2578 727/963/2855 726/946/2579
f 728/947/2581 727/963/2856 711/945/2582
f 729/948/2584 728/947/2857 712/923/2585
f 730/949/2587 729/948/2858 713/925/2588
f 731/950/2590 730/949/2859 714/927/2591
f 732/951/2593 731/950/2860 715/929/2594
f 717/935/2596 733/952/2861 732/951/2597
f 718/937/2599 734/970/2862 733/952/2600
f 719/953/2602 734/970/2863 718/937/2603
f 736/955/2605 735/972/2864 719/956/2606
f 737/957/2608 736/955/2865 720/938/2609
f 738/958/2611 737/957/2866 721/940/2612
f 739/959/2614 738/958/2867 722/941/2615
f 740/960/2617 739/959/2868 723/942/2618
f 725/944/2620 741/961/2869 740/960/2621
f 726/946/2623 742/979/2870 741/961/2624
f 743/962/2626 742/979/2871 726/946/2627
f 744/964/2629 743/962/2872 727/963/2630
f 745/965/2632 744/964/2873 728/947/2633
f 746/966/2635 745/965/2874 729/948/2636
f 747/967/2638 746/966/2875 730/949/2639
f 748/968/2641 747/967/2876 731/950/2642
f 733/952/2644 749/984/2877 748/968/2645
f 750/969/2647 749/984/2878 733/952/2648
f 719/953/2650 735/986/2879 750/969/2651
f 736/955/2653 752/973/2880 751/971/2654
f 737/957/2656 753/974/2881 752/973/2657
f 738/958/2659 754/975/2882 753/974/2660
f 739/959/2662 755/990/2883 754/975/2663
f 756/976/2665 755/990/2884 739/959/2666
f 757/977/2668 756/976/2885 740/960/2669
f 758/978/2671 757/977/2886 741/961/2672
f 743/962/2674 759/996/2887 758/978/2675
f 760/980/2677 759/996/2888 743/962/2678
f 745/965/2680 761/997/2889 760/980/2681
f 762/981/2683 761/997/2890 745/965/2684
f 747/967/2686 763/1000/2891 762/981/2687
f 764/982/2689 763/1000/2892 747/967/2690
f 765/983/2692 764/982/2893 748/968/2693
f 750/969/2695 766/1005/2894 765/983/2696
f 751/985/2698 766/1005/2895 750/969/2699
f 752/973/2701 768/988/2896 767/987/2702
f 753/974/2704 769/989/2897 768/988/2705
f 754/975/2707 770/991/2898 769/989/2708
f 755/990/2710 771/1010/2899 770/991/2711
f 772/992/2713 771/1010/2900 755/990/2714
f 773/993/2716 772/992/2901 756/976/2717
f 774/994/2719 773/993/2902 757/977/2720
f 775/995/2722 774/994/2903 758/978/2723
f 760/980/2725 776/998/2904 775/995/2726
f 761/997/2728 777/999/2905 776/998/2729
f 762/981/2731 778/1001/2906 777/999/2732
f 763/1000/2734 779/1018/2907 778/1001/2735
f 780/1002/2737 779/1018/2908 763/1000/2738
f 781/1003/2740 780/1002/2909 764/982/2741
f 782/1004/2743 781/1003/2910 765/983/2744
f 767/1006/2746 782/1004/2911 766/1005/2747
f 768/988/2749 784/1008/2912 783/1007/2750
f 769/989/2752 785/1009/2913 784/1008/2753
f 770/991/2755 786/1011/2914 785/1009/2756
f 771/1010/2758 787/1032/2915 786/1011/2759
f 788/1012/2761 787/1032/2916 771/1010/2762
f 789/1013/2764 788/1012/2917 772/992/2765
f 790/1014/2767 789/1013/2918 773/993/2768
f 791/1015/2770 790/1014/2919 774/994/2771
f 792/1016/2773 791/1015/2920 775/995/2774
f 777/999/2776 793/1017/2921 792/1016/2777
f 778/1001/2779 794/1019/2922 793/1017/2780
f 779/1018/2782 795/1049/2923 794/1019/2783
f 796/1020/2785 795/1049/2924 779/1018/2786
f 797/1021/2788 796/1020/2827 780/1002/2789
f 798/1022/2791 797/1021/2925 781/1003/2792
f 783/1023/2794 798/1022/2926 782/1004/2795
o clouds_1_2.010
v -51.321053 19.456299 -34.912376
v -51.321053 20.864586 -34.912376
v -49.698364 19.420116 -34.912384
v -49.815666 19.331478 -35.663979
v -50.179573 19.530102 -36.280563
v -50.701309 19.463223 -36.709167
v -51.321037 19.283461 -36.884422
v -51.943039 19.389442 -36.719593
v -52.472977 19.341322 -36.300636
v -52.797272 19.743797 -35.640743
v -52.957184 19.242458 -34.912350
v -52.826317 19.333227 -34.160873
v -52.465691 19.472124 -33.538124
v -51.943138 19.384846 -33.104752
v -51.321060 19.394270 -32.957088
v -50.700668 19.442297 -33.112598
v -50.170654 19.368723 -33.527046
v -49.830025 19.535610 -34.172230
v -48.366592 19.822508 -34.912376
v -48.580208 19.763483 -36.268867
v -49.236252 19.858177 -37.394405
v -50.185326 19.762011 -38.189438
v -51.321053 19.794006 -38.448093
v -52.463051 19.677795 -38.218048
v -53.465042 19.435688 -37.506527
v -54.080887 19.661713 -36.283817
v -54.274460 19.827679 -34.912376
v -54.009003 20.046957 -33.597519
v -53.431503 19.675093 -32.381760
v -52.458214 19.742760 -31.628777
v -51.321053 19.907566 -31.418098
v -50.143425 19.199543 -31.444227
v -49.193878 19.555733 -32.350086
v -48.609680 19.921450 -33.579086
v -47.557121 20.197701 -34.912376
v -47.736496 19.955973 -36.687885
v -48.527725 19.805805 -38.285694
v -49.863106 20.109751 -39.078182
v -51.321053 19.969776 -39.541634
v -52.837250 19.779432 -39.339931
v -54.040344 20.030411 -38.148026
v -54.798988 20.199234 -36.605854
v -55.294952 19.759117 -34.912376
v -55.080872 19.556120 -33.002033
v -54.069695 19.941366 -31.622150
v -52.789154 20.052177 -30.700951
v -51.321053 20.049770 -30.351543
v -49.805954 19.785631 -30.489731
v -48.526787 19.802948 -31.537310
v -47.573257 19.583551 -33.011284
v -47.162582 20.196522 -34.912376
v -47.384521 20.196522 -36.877502
v -48.188774 20.196518 -38.763996
v -49.640610 20.196518 -39.880062
v -51.321053 20.196518 -40.349270
v -52.974411 20.196518 -39.758957
v -54.373886 20.196518 -38.617359
v -55.387062 20.196522 -36.976086
v -55.619347 20.196522 -34.912376
v -55.539757 20.196522 -32.732403
v -54.134956 20.196522 -31.648413
v -53.077766 20.196522 -29.603695
v -51.321053 20.196522 -29.639736
v -49.729736 20.196522 -30.343204
v -48.107216 20.196522 -30.910231
v -47.572937 20.196522 -33.090710
v -47.391808 20.540651 -34.912376
v -47.616135 20.711676 -36.780483
v -48.478424 20.736807 -38.377373
v -49.843781 20.392864 -39.165016
v -51.321053 20.839220 -39.897427
v -52.782990 20.305935 -39.096130
v -54.046188 20.380344 -38.158886
v -54.906624 20.439371 -36.688660
v -55.323151 20.692816 -34.912376
v -55.007187 20.668804 -33.058727
v -54.125290 20.620321 -31.518784
v -52.820053 20.516081 -30.562105
v -51.321053 20.653343 -30.086325
v -49.810036 20.584238 -30.508097
v -48.562668 20.481220 -31.604042
v -47.791992 20.310450 -33.179565
v -48.249954 21.143259 -34.912376
v -48.552567 20.777670 -36.290623
v -49.222229 20.634979 -37.420975
v -50.154251 21.048256 -38.331188
v -51.321053 20.818413 -38.528137
v -52.472061 20.836109 -38.259113
v -53.488289 21.123257 -37.550552
v -54.069885 20.672327 -36.275150
v -54.330284 20.839478 -34.912376
v -54.111641 20.896116 -33.516735
v -53.388626 20.411951 -32.462967
v -52.486465 21.029486 -31.499949
v -51.321053 20.583179 -31.382450
v -50.157242 21.008030 -31.507238
v -49.184265 20.905941 -32.331871
v -48.510094 21.005281 -33.500702
v -49.711655 20.824236 -34.912376
v -49.801025 21.189016 -35.675774
v -50.164558 21.093046 -36.309563
v -50.708405 20.730564 -36.676174
v -51.321053 20.901396 -36.852627
v -51.934875 20.763077 -36.681644
v -52.457397 20.797548 -36.270603
v -52.807457 20.818319 -35.648792
v -52.895905 20.474640 -34.912376
v -52.823639 20.996735 -34.162975
v -52.466553 20.931822 -33.536446
v -51.937988 20.849203 -33.128620
v -51.321053 20.929216 -32.967113
v -50.700417 20.951395 -33.111423
v -50.177521 20.902895 -33.540260
v -49.833954 20.825987 -34.175404
vn 0.3046 -0.9524 0.0100
vn 0.3309 -0.9430 0.0341
vn 0.3535 -0.9338 0.0550
vn 0.1644 -0.9576 -0.2364
vn 0.0826 -0.9608 -0.2648
vn -0.0183 -0.9548 -0.2968
vn 0.2051 -0.9715 -0.1186
vn 0.2112 -0.9702 -0.1185
vn 0.2212 -0.9680 -0.1183
vn 0.1299 -0.9645 -0.2298
vn 0.1862 -0.9509 -0.2472
vn 0.3416 -0.8934 -0.2917
vn -0.0936 -0.9614 -0.2587
vn -0.0418 -0.9694 -0.2419
vn -0.2372 -0.9235 -0.3015
vn 0.0269 -0.9846 -0.1726
vn 0.0659 -0.9829 -0.1721
vn -0.0473 -0.9838 -0.1729
vn -0.2737 -0.9284 0.2513
vn -0.1510 -0.9652 0.2134
vn -0.4428 -0.8456 0.2981
vn 0.0206 -0.9513 -0.3077
vn -0.2363 -0.9663 -0.1018
vn 0.3002 -0.8153 -0.4952
vn -0.4064 -0.8873 0.2178
vn -0.4259 -0.8825 0.1993
vn -0.4425 -0.8779 0.1831
vn -0.3961 -0.9173 0.0415
vn -0.2024 -0.9722 0.1180
vn 0.0329 -0.9794 0.1994
vn -0.1120 -0.9838 0.1399
vn -0.1701 -0.9756 0.1389
vn -0.2720 -0.9526 0.1361
vn 0.0405 -0.9585 0.2821
vn 0.0145 -0.9566 0.2911
vn -0.0606 -0.9469 0.3158
vn -0.2250 -0.9575 0.1805
vn -0.3195 -0.9371 0.1403
vn 0.1510 -0.9378 0.3128
vn 0.0175 -0.9965 -0.0812
vn 0.1387 -0.9869 -0.0820
vn -0.1958 -0.9776 -0.0768
vn 0.3155 -0.9437 -0.0997
vn 0.3332 -0.9369 -0.1060
vn 0.2927 -0.9518 -0.0917
vn 0.2403 -0.9568 0.1636
vn 0.2698 -0.9530 0.1381
vn 0.2122 -0.9591 0.1874
vn 0.3207 -0.9462 0.0427
vn 0.3422 -0.9383 0.0509
vn 0.2257 -0.9742 0.0069
vn 0.0416 -0.9989 -0.0199
vn 0.0937 -0.9954 -0.0185
vn -0.1031 -0.9944 -0.0235
vn 0.1094 -0.9763 -0.1866
vn -0.0334 -0.9902 -0.1355
vn 0.3027 -0.9197 -0.2501
vn 0.0720 -0.9750 -0.2103
vn 0.1349 -0.9561 -0.2602
vn 0.0083 -0.9873 -0.1587
vn 0.0965 -0.9862 -0.1343
vn 0.0834 -0.9858 -0.1455
vn 0.0683 -0.9850 -0.1583
vn -0.2872 -0.9189 -0.2706
vn -0.1175 -0.9680 -0.2217
vn 0.1406 -0.9807 -0.1357
vn -0.5690 -0.8043 -0.1714
vn -0.5809 -0.7960 -0.1701
vn -0.6132 -0.7723 -0.1661
vn -0.2246 -0.9641 -0.1419
vn -0.2961 -0.9480 -0.1163
vn -0.6025 -0.7980 0.0115
vn 0.2522 -0.9672 -0.0310
vn 0.2566 -0.9661 -0.0290
vn 0.4429 -0.8946 0.0598
vn -0.0230 -0.9983 -0.0541
vn 0.0895 -0.9947 -0.0504
vn -0.4457 -0.8931 -0.0614
vn -0.1244 -0.9570 0.2622
vn -0.1122 -0.9596 0.2581
vn -0.1408 -0.9532 0.2677
vn 0.0512 -0.9804 0.1901
vn -0.0176 -0.9685 0.2485
vn 0.1183 -0.9843 0.1312
vn -0.3359 -0.8335 0.4387
vn -0.2419 -0.9313 0.2724
vn -0.4110 -0.7049 0.5781
vn 0.3011 -0.9293 0.2139
vn 0.4089 -0.8796 0.2432
vn 0.5601 -0.7795 0.2806
vn -0.0185 -0.9982 -0.0572
vn 0.0772 -0.9952 -0.0609
vn 0.4201 -0.9048 -0.0696
vn 0.1259 -0.9865 -0.1050
vn 0.0769 -0.9866 -0.1437
vn 0.4162 -0.8980 0.1425
vn 0.4780 -0.8773 0.0425
vn 0.1135 -0.9935 0.0106
vn 0.5823 -0.8113 0.0516
vn 0.5658 -0.7959 -0.2155
vn 0.5020 -0.8398 -0.2067
vn 0.5888 -0.7782 -0.2184
vn -0.0316 -0.9756 -0.2171
vn 0.2397 -0.8909 -0.3857
vn -0.1375 -0.9800 -0.1442
vn 0.1393 -0.9642 -0.2256
vn 0.0560 -0.9897 -0.1318
vn 0.1756 -0.9478 -0.2661
vn -0.0301 -0.7974 -0.6026
vn -0.0837 -0.9365 -0.3405
vn -0.0047 -0.7095 -0.7047
vn -0.2521 -0.9313 -0.2628
vn -0.5213 -0.7420 -0.4214
vn -0.5944 -0.6588 -0.4612
vn -0.0668 -0.9977 -0.0128
vn -0.2622 -0.9635 -0.0541
vn -0.3586 -0.9305 -0.0745
vn -0.5853 -0.7592 -0.2848
vn -0.1738 -0.9810 -0.0858
vn -0.7483 -0.5550 -0.3634
vn -0.8058 -0.5915 0.0282
vn -0.8041 -0.5938 0.0289
vn -0.8070 -0.5899 0.0277
vn -0.7199 -0.2796 0.6353
vn -0.5254 -0.5663 0.6351
vn -0.7804 -0.1368 0.6101
vn -0.1225 -0.9754 0.1835
vn -0.7766 -0.4520 0.4388
vn -0.0068 -0.9917 0.1287
vn -0.0341 -0.9829 0.1808
vn -0.0061 -0.9897 0.1430
vn -0.0496 -0.9782 0.2017
vn 0.0463 -0.5492 0.8344
vn 0.0862 -0.9510 0.2968
vn 0.0264 -0.3401 0.9400
vn 0.2235 -0.8363 0.5007
vn 0.5001 -0.5357 0.6804
vn 0.5926 -0.3658 0.7176
vn 0.8542 -0.2303 0.4662
vn 0.6780 -0.6947 0.2403
vn 0.8423 0.0688 0.5346
vn 0.2725 -0.9622 0.0010
vn 0.9825 -0.1863 0.0084
vn 1.0000 0.0006 0.0087
vn 0.8911 0.4476 -0.0751
vn 0.8490 0.5210 -0.0881
vn 0.8286 0.5519 -0.0936
vn 0.7278 0.5828 -0.3615
vn 0.7959 0.4891 -0.3568
vn 0.8269 0.4382 -0.3525
vn 0.0492 0.9272 -0.3714
vn 0.3497 0.7623 -0.5446
vn 0.4543 0.6665 -0.5910
vn 0.4215 0.6490 -0.6334
vn 0.1604 0.9218 -0.3530
vn 0.0687 0.9668 -0.2460
vn -0.1577 0.9507 -0.2669
vn -0.4745 0.6355 -0.6091
vn -0.0528 0.9876 -0.1478
vn -0.1712 0.9592 -0.2249
vn -0.0812 0.9826 -0.1673
vn -0.1964 0.9505 -0.2407
vn -0.3245 0.9232 -0.2059
vn -0.2816 0.9393 -0.1961
vn -0.3386 0.9174 -0.2091
vn -0.7470 0.6296 -0.2136
vn -0.5393 0.8359 -0.1021
vn -0.4275 0.9027 -0.0481
vn -0.7081 0.7040 0.0545
vn -0.7944 0.5973 0.1102
vn -0.6551 0.7552 0.0239
vn -0.8261 0.1202 0.5506
vn -0.5019 0.6777 0.5374
vn -0.3843 0.7774 0.4980
vn -0.4493 0.8429 0.2959
vn -0.6519 0.1727 0.7383
vn -0.3828 0.9024 0.1979
vn -0.1983 0.7807 0.5926
vn -0.0398 0.9224 0.3842
vn 0.0065 0.9481 0.3179
vn 0.3404 0.4819 0.8074
vn 0.2503 0.6440 0.7230
vn 0.3655 0.4274 0.8269
vn 0.1821 0.9094 0.3739
vn 0.5174 0.5965 0.6136
vn 0.1100 0.9428 0.3147
vn 0.4197 0.9013 0.1068
vn 0.4134 0.9048 0.1020
vn 0.4122 0.9055 0.1010
vn 0.7777 0.5990 0.1905
vn 0.4807 0.8517 0.2087
vn 0.8180 0.5449 0.1843
vn 0.2801 0.9518 -0.1248
vn 0.3310 0.9378 -0.1044
vn 0.5747 0.8184 0.0059
vn -0.0595 0.9980 -0.0217
vn -0.0304 0.9993 -0.0206
vn 0.0612 0.9980 -0.0174
vn 0.3157 0.9180 -0.2400
vn 0.0755 0.9836 -0.1635
vn -0.2110 0.9756 -0.0602
vn 0.0528 0.9839 -0.1707
vn 0.2525 0.9165 -0.3104
vn 0.4527 0.7751 -0.4407
vn -0.3366 0.9119 -0.2348
vn -0.1752 0.9770 -0.1212
vn -0.4796 0.8108 -0.3354
vn -0.2841 0.7879 -0.5463
vn -0.2269 0.8143 -0.5342
vn -0.3727 0.7392 -0.5610
vn -0.4465 0.8834 -0.1425
vn -0.5448 0.8276 -0.1351
vn -0.1943 0.9690 -0.1526
vn -0.1635 0.9725 -0.1660
vn -0.1683 0.9719 -0.1643
vn -0.1439 0.9744 -0.1728
vn -0.1957 0.9805 0.0188
vn -0.1882 0.9819 0.0217
vn -0.1460 0.9886 0.0377
vn 0.1640 0.9770 0.1360
vn 0.0630 0.9886 0.1369
vn -0.1792 0.9747 0.1333
vn -0.3856 0.9204 0.0649
vn -0.1399 0.9901 -0.0124
vn 0.1512 0.9835 -0.0991
vn 0.1688 0.9782 0.1211
vn -0.0193 0.9621 0.2719
vn -0.2115 0.8871 0.4104
vn -0.0228 0.9742 0.2245
vn -0.1807 0.9788 0.0963
vn 0.1389 0.9281 0.3454
vn 0.3154 0.9101 0.2687
vn 0.3189 0.9086 0.2697
vn 0.3103 0.9123 0.2674
vn 0.5134 0.8234 0.2417
vn 0.4720 0.8463 0.2469
vn 0.6241 0.7485 0.2241
vn 0.5941 0.7750 0.2154
vn 0.5975 0.7729 0.2136
vn 0.5586 0.7955 0.2347
vn -0.0467 0.9962 -0.0730
vn 0.2136 0.9658 0.1470
vn -0.2086 0.9557 -0.2077
vn 0.1911 0.9521 -0.2388
vn 0.1836 0.9528 -0.2416
vn 0.1969 0.9514 -0.2367
vn 0.1062 0.9941 -0.0215
vn -0.1392 0.9900 -0.0226
vn 0.4199 0.9074 -0.0180
vn -0.0538 0.9964 0.0651
vn 0.0357 0.9987 0.0356
vn -0.2107 0.9707 0.1158
vn -0.1043 0.9945 -0.0049
vn -0.0621 0.9980 0.0093
vn 0.0242 0.9990 0.0380
vn 0.1714 0.9850 0.0178
vn 0.2261 0.9739 0.0172
vn 0.2825 0.9591 0.0165
vn 0.0364 0.9887 0.1455
vn -0.1113 0.9743 0.1961
vn -0.2246 0.9464 0.2322
vn -0.0853 0.9730 0.2146
vn 0.1248 0.9915 0.0363
vn 0.2459 0.9667 -0.0716
vn 0.0924 0.9208 -0.3789
vn -0.0095 0.9823 -0.1869
vn -0.0909 0.9955 -0.0262
vn 0.0085 0.9447 0.3278
vn -0.1067 0.9506 0.2915
vn 0.1053 0.9291 0.3546
vn -0.3259 0.9442 -0.0485
vn -0.1610 0.9858 -0.0488
vn -0.5305 0.8464 -0.0458
vn 0.1884 0.9786 0.0825
vn 0.1038 0.9881 0.1138
vn 0.3561 0.9343 0.0165
vn -0.1715 0.9743 0.1459
vn -0.2232 0.9666 0.1257
vn -0.3342 0.9391 0.0800
vn 0.0544 0.9972 -0.0521
vn 0.0576 0.9970 -0.0521
vn 0.0604 0.9968 -0.0522
vn -0.0013 0.9991 -0.0429
vn -0.0814 0.9966 -0.0145
vn -0.1368 0.9906 0.0053
vn -0.1557 0.9878 0.0058
vn -0.1936 0.9803 0.0391
vn -0.2129 0.9755 0.0561
vn -0.0221 -0.9925 0.1205
vn 0.0226 0.9031 0.4289
vn -0.1812 -0.9623 -0.2031
vn -0.2192 0.9754 -0.0220
vn 0.1018 -0.9943 0.0313
vn -0.4355 0.8735 -0.2176
vn 0.2555 -0.9631 0.0844
vn 0.2637 0.9644 0.0183
vn -0.1451 -0.9856 0.0864
vn -0.2149 0.9765 0.0185
vn 0.0940 -0.9956 0.0045
vn 0.0163 0.9979 -0.0629
vn -0.3459 -0.8670 0.3588
vn -0.0114 0.9991 -0.0398
vn 0.1085 -0.8298 -0.5474
vn -0.2213 0.8936 0.3905
vn 0.1290 -0.9869 0.0967
vn -0.2012 0.8127 -0.5468
vn 0.1468 -0.9801 0.1336
vn 0.1168 0.9920 0.0489
vn 0.1080 0.9933 0.0414
vn 0.1084 0.9932 0.0419
vn -0.1036 -0.9918 -0.0749
vn 0.1172 0.9919 0.0491
vn 0.0227 -0.9992 -0.0317
vn -0.1201 0.9922 -0.0330
vn 0.0693 -0.9971 -0.0316
vn -0.0434 0.9985 -0.0332
vn -0.1133 -0.9931 0.0313
vn 0.0414 0.9972 -0.0623
vn 0.1401 -0.9740 -0.1779
vn 0.0674 0.9942 -0.0839
vn -0.0220 -0.9884 0.1503
vn 0.0251 0.9997 0.0018
vn 0.2892 -0.9573 -0.0039
vn 0.2280 -0.9501 -0.2128
vn 0.1981 -0.9730 -0.1188
vn 0.0162 -0.9812 -0.1924
vn 0.0575 -0.9765 -0.2079
vn 0.1149 -0.9785 -0.1711
vn -0.0225 -0.9851 0.1707
vn -0.4054 -0.9126 0.0532
vn -0.3953 -0.8898 0.2282
vn -0.5213 -0.8533 -0.0134
vn -0.0398 -0.9893 0.1404
vn 0.0902 -0.9602 0.2643
vn -0.5139 -0.8565 0.0470
vn 0.2811 -0.9562 -0.0813
vn 0.3484 -0.9307 -0.1114
vn 0.2870 -0.9500 0.1228
vn 0.4192 -0.9043 0.0808
vn 0.2154 -0.9764 -0.0149
vn -0.1750 -0.9812 -0.0815
vn 0.1850 -0.9361 -0.2992
vn 0.1072 -0.9863 -0.1251
vn -0.4857 -0.8139 -0.3189
vn -0.5386 -0.8242 -0.1747
vn 0.0652 -0.9703 -0.2331
vn 0.0666 -0.9914 -0.1128
vn 0.3991 -0.9162 -0.0367
vn -0.0993 -0.9621 0.2538
vn -0.0712 -0.9536 0.2926
vn -0.1587 -0.9787 0.1305
vn 0.1529 -0.9734 0.1706
vn -0.2879 -0.9567 -0.0438
vn -0.1397 -0.9419 -0.3055
vn -0.0030 -1.0000 0.0003
vn 0.4757 -0.8559 -0.2028
vn 0.3382 -0.8319 -0.4399
vn 0.0279 -0.9946 -0.0999
vn -0.0961 -0.9583 -0.2690
vn -0.1756 -0.9607 -0.2152
vn 0.0033 -1.0000 0.0021
vn 0.0043 -1.0000 0.0005
vn -0.8029 -0.5954 0.0293
vn -0.4838 -0.6106 0.6270
vn -0.8743 -0.1771 0.4520
vn 0.0027 -0.9914 0.1311
vn 0.0889 -0.9755 0.2011
vn 0.1565 -0.8803 0.4478
vn 0.5607 -0.8166 0.1374
vn -0.0030 -1.0000 -0.0007
vn 0.9048 0.4200 -0.0702
vn 0.6887 0.6282 -0.3620
vn -0.0768 0.9557 -0.2842
vn 0.5013 0.4976 -0.7078
vn -0.5498 0.4804 -0.6833
vn -0.0517 0.9876 -0.1481
vn -0.2625 0.9457 -0.1916
vn -0.8281 0.4942 -0.2647
vn -0.8488 0.5066 0.1512
vn -0.8622 -0.1301 0.4896
vn -0.5877 -0.2244 0.7774
vn -0.2794 0.6712 0.6866
vn 0.2256 0.6810 0.6966
vn 0.6203 0.4123 0.6673
vn 0.4233 0.8993 0.1096
vn 0.3835 0.8998 0.2081
vn -0.0593 0.9680 -0.2438
vn -0.1674 0.9856 -0.0252
vn 0.6286 0.7078 -0.3223
vn -0.1957 0.9806 0.0149
vn 0.0189 0.9997 0.0152
vn -0.1084 0.8575 -0.5029
vn -0.7491 0.6532 -0.1107
vn -0.1928 0.9688 -0.1557
vn -0.2464 0.9692 -0.0007
vn 0.4174 0.8998 0.1271
vn -0.6682 0.7266 0.1601
vn 0.3616 0.9310 -0.0504
vn -0.3473 0.9364 -0.0507
vn 0.3250 0.9060 0.2713
vn 0.3177 0.9117 0.2607
vn 0.6373 0.7467 0.1904
vn 0.4423 0.8283 0.3440
vn 0.1749 0.9537 -0.2447
vn -0.5445 0.8385 -0.0214
vn 0.2810 0.9585 -0.0475
vn -0.2323 0.9715 -0.0481
vn 0.0805 0.9966 0.0187
vn 0.2052 0.9752 0.0829
vn -0.2885 0.8805 0.3762
vn 0.2020 0.7943 -0.5729
vn -0.2499 0.9381 0.2396
vn 0.1882 0.9811 -0.0452
vn -0.1796 0.9611 0.2099
vn 0.0147 0.9769 0.2133
vn 0.0498 0.9974 -0.0521
vn 0.0864 0.9935 -0.0735
vn -0.1228 0.9922 -0.0227
vt 0.062500 0.250000
vt 0.000000 0.125000
vt 0.062500 0.125000
vt 0.125000 0.250000
vt 0.125000 0.125000
vt 0.187500 0.250000
vt 0.187500 0.125000
vt 0.250000 0.250000
vt 0.250000 0.125000
vt 0.312500 0.125000
vt 0.375000 0.125000
vt 0.312500 0.250000
vt 0.437500 0.125000
vt 0.375000 0.250000
vt 0.500000 0.125000
vt 0.437500 0.250000
vt 0.562500 0.250000
vt 0.562500 0.125000
vt 0.625000 0.250000
vt 0.625000 0.125000
vt 0.687500 0.250000
vt 0.687500 0.125000
vt 0.750000 0.250000
vt 0.750000 0.125000
vt 0.812500 0.125000
vt 0.875000 0.125000
vt 0.812500 0.250000
vt 0.937500 0.125000
vt 0.875000 0.250000
vt 1.000000 0.125000
vt 0.937500 0.250000
vt 0.062500 0.375000
vt 0.000000 0.250000
vt 0.125000 0.375000
vt 0.187500 0.375000
vt 0.250000 0.375000
vt 0.312500 0.375000
vt 0.375000 0.375000
vt 0.500000 0.250000
vt 0.437500 0.375000
vt 0.562500 0.375000
vt 0.625000 0.375000
vt 0.687500 0.375000
vt 0.750000 0.375000
vt 0.812500 0.375000
vt 0.875000 0.375000
vt 1.000000 0.375000
vt 1.000000 0.250000
vt 0.062500 0.500000
vt 0.000000 0.375000
vt 0.125000 0.500000
vt 0.187500 0.500000
vt 0.250000 0.500000
vt 0.312500 0.500000
vt 0.375000 0.500000
vt 0.500000 0.500000
vt 0.500000 0.375000
vt 0.562500 0.500000
vt 0.625000 0.500000
vt 0.687500 0.500000
vt 0.750000 0.500000
vt 0.812500 0.500000
vt 0.937500 0.500000
vt 0.937500 0.375000
vt 0.000000 0.625000
vt 0.000000 0.500000
vt 0.062500 0.625000
vt 0.125000 0.625000
vt 0.187500 0.625000
vt 0.312500 0.625000
vt 0.375000 0.625000
vt 0.437500 0.625000
vt 0.437500 0.500000
vt 0.562500 0.625000
vt 0.687500 0.625000
vt 0.812500 0.625000
vt 0.875000 0.625000
vt 0.875000 0.500000
vt 1.000000 0.625000
vt 1.000000 0.500000
vt 0.000000 0.750000
vt 0.062500 0.750000
vt 0.125000 0.750000
vt 0.250000 0.625000
vt 0.187500 0.750000
vt 0.312500 0.750000
vt 0.375000 0.750000
vt 0.437500 0.750000
vt 0.500000 0.750000
vt 0.500000 0.625000
vt 0.625000 0.625000
vt 0.562500 0.750000
vt 0.625000 0.750000
vt 0.750000 0.625000
vt 0.687500 0.750000
vt 0.812500 0.750000
vt 0.875000 0.750000
vt 0.937500 0.750000
vt 0.937500 0.625000
vt 1.000000 0.750000
vt 0.000000 0.875000
vt 0.062500 0.875000
vt 0.125000 0.875000
vt 0.250000 0.750000
vt 0.187500 0.875000
vt 0.312500 0.875000
vt 0.375000 0.875000
vt 0.437500 0.875000
vt 0.500000 0.875000
vt 0.562500 0.875000
vt 0.625000 0.875000
vt 0.750000 0.750000
vt 0.687500 0.875000
vt 0.812500 0.875000
vt 0.875000 0.875000
vt 0.937500 0.875000
vt 1.000000 0.875000
vt 0.000000 0.000000
vt 0.000000 1.000000
vt 0.062500 0.000000
vt 0.062500 1.000000
vt 0.125000 0.000000
vt 0.125000 1.000000
vt 0.187500 0.000000
vt 0.187500 1.000000
vt 0.250000 0.875000
vt 0.250000 0.000000
vt 0.250000 1.000000
vt 0.312500 0.000000
vt 0.312500 1.000000
vt 0.375000 0.000000
vt 0.375000 1.000000
vt 0.437500 0.000000
vt 0.437500 1.000000
vt 0.500000 0.000000
vt 0.500000 1.000000
vt 0.562500 0.000000
vt 0.562500 1.000000
vt 0.625000 0.000000
vt 0.625000 1.000000
vt 0.687500 0.000000
vt 0.687500 1.000000
vt 0.750000 0.875000
vt 0.750000 0.000000
vt 0.750000 1.000000
vt 0.812500 0.000000
vt 0.812500 1.000000
vt 0.875000 0.000000
vt 0.875000 1.000000
vt 0.937500 0.000000
vt 0.937500 1.000000
s 1
usemtl Arancio.003
f 818/1058/2927 801/1059/2928 802/1060/2929
f 819/1061/2930 802/1060/2931 803/1062/2932
f 820/1063/2933 803/1062/2934 804/1064/2935
f 821/1065/2936 804/1064/2937 805/1066/2938
f 806/1067/2939 821/1065/2940 805/1066/2941
f 807/1068/2942 822/1069/2943 806/1067/2944
f 808/1070/2945 823/1071/2946 807/1068/2947
f 809/1072/2948 824/1073/2949 808/1070/2950
f 826/1074/2951 809/1072/2952 810/1075/2953
f 827/1076/2954 810/1075/2955 811/1077/2956
f 828/1078/2957 811/1077/2958 812/1079/2959
f 829/1080/2960 812/1079/2961 813/1081/2962
f 814/1082/2963 829/1080/2964 813/1081/2965
f 815/1083/2966 830/1084/2967 814/1082/2968
f 816/1085/2969 831/1086/2970 815/1083/2971
f 801/1087/2972 832/1088/2973 816/1085/2974
f 834/1089/2975 817/1090/2976 818/1058/2977
f 835/1091/2978 818/1058/2979 819/1061/2980
f 836/1092/2981 819/1061/2982 820/1063/2983
f 837/1093/2984 820/1063/2985 821/1065/2986
f 822/1069/2987 837/1093/2988 821/1065/2989
f 823/1071/2990 838/1094/2991 822/1069/2992
f 824/1073/2993 839/1095/2994 823/1071/2995
f 825/1096/2996 840/1097/2997 824/1073/2998
f 842/1098/2999 825/1096/3000 826/1074/3001
f 843/1099/3002 826/1074/3003 827/1076/3004
f 844/1100/3005 827/1076/3006 828/1078/3007
f 845/1101/3008 828/1078/3009 829/1080/3010
f 846/1102/3011 829/1080/3012 830/1084/3013
f 831/1086/3014 846/1102/3015 830/1084/3016
f 832/1088/3017 847/1103/3018 831/1086/3019
f 833/1104/3020 832/1088/3021 817/1105/3022
f 850/1106/3023 833/1107/3024 834/1089/3025
f 851/1108/3026 834/1089/3027 835/1091/3028
f 852/1109/3029 835/1091/3030 836/1092/3031
f 853/1110/3032 836/1092/3033 837/1093/3034
f 854/1111/3035 837/1093/3036 838/1094/3037
f 839/1095/3038 854/1111/3039 838/1094/3040
f 840/1097/3041 855/1112/3042 839/1095/3043
f 857/1113/3044 840/1097/3045 841/1114/3046
f 858/1115/3047 841/1114/3048 842/1098/3049
f 859/1116/3050 842/1098/3051 843/1099/3052
f 860/1117/3053 843/1099/3054 844/1100/3055
f 861/1118/3056 844/1100/3057 845/1101/3058
f 862/1119/3059 845/1101/3060 846/1102/3061
f 847/1103/3062 862/1119/3063 846/1102/3064
f 864/1120/3065 847/1103/3066 848/1121/3067
f 833/1104/3068 864/1120/3069 848/1121/3070
f 850/1106/3071 865/1122/3072 849/1123/3073
f 851/1108/3074 866/1124/3075 850/1106/3076
f 852/1109/3077 867/1125/3078 851/1108/3079
f 853/1110/3080 868/1126/3081 852/1109/3082
f 870/1127/3083 853/1110/3084 854/1111/3085
f 871/1128/3086 854/1111/3087 855/1112/3088
f 872/1129/3089 855/1112/3090 856/1130/3091
f 857/1113/3092 872/1129/3093 856/1130/3094
f 874/1131/3095 857/1113/3096 858/1115/3097
f 859/1116/3098 874/1131/3099 858/1115/3100
f 876/1132/3101 859/1116/3102 860/1117/3103
f 861/1118/3104 876/1132/3105 860/1117/3106
f 878/1133/3107 861/1118/3108 862/1119/3109
f 879/1134/3110 862/1119/3111 863/1135/3112
f 864/1120/3113 879/1134/3114 863/1135/3115
f 865/1136/3116 864/1120/3117 849/1137/3118
f 866/1124/3119 881/1138/3120 865/1122/3121
f 867/1125/3122 882/1139/3123 866/1124/3124
f 868/1126/3125 883/1140/3126 867/1125/3127
f 869/1141/3128 884/1142/3129 868/1126/3130
f 886/1143/3131 869/1141/3132 870/1127/3133
f 887/1144/3134 870/1127/3135 871/1128/3136
f 888/1145/3137 871/1128/3138 872/1129/3139
f 889/1146/3140 872/1129/3141 873/1147/3142
f 874/1131/3143 889/1146/3144 873/1147/3145
f 875/1148/3146 890/1149/3147 874/1131/3148
f 876/1132/3149 891/1150/3150 875/1148/3151
f 877/1151/3152 892/1152/3153 876/1132/3154
f 894/1153/3155 877/1151/3156 878/1133/3157
f 895/1154/3158 878/1133/3159 879/1134/3160
f 896/1155/3161 879/1134/3162 880/1156/3163
f 881/1157/3164 880/1156/3165 865/1136/3166
f 882/1139/3167 897/1158/3168 881/1138/3169
f 883/1140/3170 898/1159/3171 882/1139/3172
f 884/1142/3173 899/1160/3174 883/1140/3175
f 885/1161/3176 900/1162/3177 884/1142/3178
f 902/1163/3179 885/1161/3180 886/1143/3181
f 903/1164/3182 886/1143/3183 887/1144/3184
f 904/1165/3185 887/1144/3186 888/1145/3187
f 905/1166/3188 888/1145/3189 889/1146/3190
f 906/1167/3191 889/1146/3192 890/1149/3193
f 891/1150/3194 906/1167/3195 890/1149/3196
f 892/1152/3197 907/1168/3198 891/1150/3199
f 893/1169/3200 908/1170/3201 892/1152/3202
f 910/1171/3203 893/1169/3204 894/1153/3205
f 911/1172/3206 894/1153/3207 895/1154/3208
f 912/1173/3209 895/1154/3210 896/1155/3211
f 897/1174/3212 896/1155/3213 881/1157/3214
f 802/1060/3215 801/1059/3215 799/1175/3215
f 800/1176/3216 897/1158/3216 898/1159/3216
f 803/1062/3217 802/1060/3217 799/1177/3217
f 800/1178/3218 898/1159/3218 899/1160/3218
f 804/1064/3219 803/1062/3219 799/1179/3219
f 800/1180/3220 899/1160/3220 900/1162/3220
f 805/1066/3221 804/1064/3221 799/1181/3221
f 800/1182/3222 900/1162/3222 901/1183/3222
f 806/1067/3223 805/1066/3223 799/1184/3223
f 800/1185/3224 901/1183/3224 902/1163/3224
f 807/1068/3225 806/1067/3225 799/1186/3225
f 800/1187/3226 902/1163/3226 903/1164/3226
f 808/1070/3227 807/1068/3227 799/1188/3227
f 800/1189/3228 903/1164/3228 904/1165/3228
f 809/1072/3229 808/1070/3229 799/1190/3229
f 800/1191/3230 904/1165/3230 905/1166/3230
f 810/1075/3231 809/1072/3231 799/1192/3231
f 800/1193/3232 905/1166/3232 906/1167/3232
f 811/1077/3233 810/1075/3233 799/1194/3233
f 800/1195/3234 906/1167/3235 907/1168/3236
f 812/1079/3237 811/1077/3237 799/1196/3237
f 800/1197/3234 907/1168/3236 908/1170/3238
f 813/1081/3239 812/1079/3239 799/1198/3239
f 800/1199/3240 908/1170/3240 909/1200/3240
f 814/1082/3241 813/1081/3241 799/1201/3241
f 800/1202/3242 909/1200/3242 910/1171/3242
f 815/1083/3243 814/1082/3243 799/1203/3243
f 800/1204/3244 910/1171/3244 911/1172/3244
f 816/1085/3245 815/1083/3245 799/1205/3245
f 800/1206/3246 911/1172/3246 912/1173/3246
f 801/1087/3247 816/1085/3247 799/1207/3247
f 800/1208/3248 912/1173/3248 897/1174/3248
f 818/1058/2927 817/1090/3249 801/1059/2928
f 819/1061/2930 818/1058/3250 802/1060/2931
f 820/1063/2933 819/1061/3251 803/1062/2934
f 821/1065/2936 820/1063/3252 804/1064/2937
f 806/1067/2939 822/1069/3253 821/1065/2940
f 807/1068/2942 823/1071/3254 822/1069/2943
f 808/1070/2945 824/1073/3255 823/1071/2946
f 809/1072/2948 825/1096/3256 824/1073/2949
f 826/1074/2951 825/1096/3257 809/1072/2952
f 827/1076/2954 826/1074/3258 810/1075/2955
f 828/1078/2957 827/1076/3259 811/1077/2958
f 829/1080/2960 828/1078/3260 812/1079/2961
f 814/1082/2963 830/1084/3261 829/1080/2964
f 815/1083/2966 831/1086/3262 830/1084/2967
f 816/1085/2969 832/1088/3263 831/1086/2970
f 801/1087/2972 817/1105/3264 832/1088/2973
f 834/1089/2975 833/1107/3265 817/1090/2976
f 835/1091/2978 834/1089/3266 818/1058/2979
f 836/1092/2981 835/1091/3267 819/1061/2982
f 837/1093/2984 836/1092/3268 820/1063/2985
f 822/1069/2987 838/1094/3269 837/1093/2988
f 823/1071/2990 839/1095/3270 838/1094/2991
f 824/1073/2993 840/1097/3271 839/1095/2994
f 825/1096/2996 841/1114/3272 840/1097/2997
f 842/1098/2999 841/1114/3273 825/1096/3000
f 843/1099/3002 842/1098/3274 826/1074/3003
f 844/1100/3005 843/1099/3275 827/1076/3006
f 845/1101/3008 844/1100/3276 828/1078/3009
f 846/1102/3011 845/1101/3277 829/1080/3012
f 831/1086/3014 847/1103/3278 846/1102/3015
f 832/1088/3017 848/1121/3279 847/1103/3018
f 833/1104/3020 848/1121/3280 832/1088/3021
f 850/1106/3023 849/1123/3281 833/1107/3024
f 851/1108/3026 850/1106/3282 834/1089/3027
f 852/1109/3029 851/1108/3283 835/1091/3030
f 853/1110/3032 852/1109/3284 836/1092/3033
f 854/1111/3035 853/1110/3285 837/1093/3036
f 839/1095/3038 855/1112/3286 854/1111/3039
f 840/1097/3041 856/1130/3287 855/1112/3042
f 857/1113/3044 856/1130/3288 840/1097/3045
f 858/1115/3047 857/1113/3289 841/1114/3048
f 859/1116/3050 858/1115/3290 842/1098/3051
f 860/1117/3053 859/1116/3291 843/1099/3054
f 861/1118/3056 860/1117/3292 844/1100/3057
f 862/1119/3059 861/1118/3293 845/1101/3060
f 847/1103/3062 863/1135/3294 862/1119/3063
f 864/1120/3065 863/1135/3295 847/1103/3066
f 833/1104/3068 849/1137/3296 864/1120/3069
f 850/1106/3071 866/1124/3297 865/1122/3072
f 851/1108/3074 867/1125/3298 866/1124/3075
f 852/1109/3077 868/1126/3299 867/1125/3078
f 853/1110/3080 869/1141/3300 868/1126/3081
f 870/1127/3083 869/1141/3301 853/1110/3084
f 871/1128/3086 870/1127/3302 854/1111/3087
f 872/1129/3089 871/1128/3303 855/1112/3090
f 857/1113/3092 873/1147/3304 872/1129/3093
f 874/1131/3095 873/1147/3305 857/1113/3096
f 859/1116/3098 875/1148/3306 874/1131/3099
f 876/1132/3101 875/1148/3307 859/1116/3102
f 861/1118/3104 877/1151/3308 876/1132/3105
f 878/1133/3107 877/1151/3309 861/1118/3108
f 879/1134/3110 878/1133/3310 862/1119/3111
f 864/1120/3113 880/1156/3311 879/1134/3114
f 865/1136/3116 880/1156/3312 864/1120/3117
f 866/1124/3119 882/1139/3313 881/1138/3120
f 867/1125/3122 883/1140/3314 882/1139/3123
f 868/1126/3125 884/1142/3315 883/1140/3126
f 869/1141/3128 885/1161/3316 884/1142/3129
f 886/1143/3131 885/1161/3317 869/1141/3132
f 887/1144/3134 886/1143/3318 870/1127/3135
f 888/1145/3137 887/1144/3319 871/1128/3138
f 889/1146/3140 888/1145/3320 872/1129/3141
f 874/1131/3143 890/1149/3321 889/1146/3144
f 875/1148/3146 891/1150/3322 890/1149/3147
f 876/1132/3149 892/1152/3323 891/1150/3150
f 877/1151/3152 893/1169/3324 892/1152/3153
f 894/1153/3155 893/1169/3325 877/1151/3156
f 895/1154/3158 894/1153/3326 878/1133/3159
f 896/1155/3161 895/1154/3327 879/1134/3162
f 881/1157/3164 896/1155/3328 880/1156/3165
f 882/1139/3167 898/1159/3329 897/1158/3168
f 883/1140/3170 899/1160/3330 898/1159/3171
f 884/1142/3173 900/1162/3331 899/1160/3174
f 885/1161/3176 901/1183/3332 900/1162/3177
f 902/1163/3179 901/1183/3333 885/1161/3180
f 903/1164/3182 902/1163/3334 886/1143/3183
f 904/1165/3185 903/1164/3335 887/1144/3186
f 905/1166/3188 904/1165/3336 888/1145/3189
f 906/1167/3191 905/1166/3337 889/1146/3192
f 891/1150/3194 907/1168/3338 906/1167/3195
f 892/1152/3197 908/1170/3339 907/1168/3198
f 893/1169/3200 909/1200/3340 908/1170/3201
f 910/1171/3203 909/1200/3341 893/1169/3204
f 911/1172/3206 910/1171/3342 894/1153/3207
f 912/1173/3209 911/1172/3343 895/1154/3210
f 897/1174/3212 912/1173/3344 896/1155/3213
o clouds_1_2.013
v -39.534576 20.921873 -42.674126
v -39.534576 22.330160 -42.674126
v -38.299316 20.885693 -43.726376
v -38.875984 20.797052 -44.222466
v -39.552841 20.995676 -44.455864
v -40.227943 20.928797 -44.443810
v -40.813354 20.749035 -44.175354
v -41.179970 20.855017 -43.646530
v -41.311707 20.806896 -42.983959
v -41.130661 21.209372 -42.271324
v -40.780060 20.708033 -41.613144
v -40.193138 20.798801 -41.125938
v -39.514786 20.937698 -40.885727
v -38.835968 20.850420 -40.894676
v -38.266655 20.859844 -41.185661
v -37.895226 20.907871 -41.706341
v -37.760506 20.834297 -42.365532
v -37.919579 21.001184 -43.077560
v -37.285500 21.288082 -44.589973
v -38.327744 21.229057 -45.484081
v -39.557022 21.323751 -45.915474
v -40.795052 21.227589 -45.905258
v -41.827347 21.259584 -45.365685
v -42.547516 21.143373 -44.450024
v -42.848885 20.901262 -43.258625
v -42.524826 21.127285 -41.928490
v -41.782852 21.293253 -40.758961
v -40.728142 21.512531 -39.930164
v -39.500153 21.140667 -39.379158
v -38.270950 21.208334 -39.437084
v -37.268677 21.373140 -40.014107
v -36.389153 20.665119 -40.797642
v -36.253723 21.021307 -42.102970
v -36.605965 21.387024 -43.417374
v -36.669289 21.663275 -45.114883
v -37.957184 21.421547 -46.350170
v -39.595619 21.271383 -47.053421
v -41.126076 21.575329 -46.790756
v -42.536461 21.435354 -46.198143
v -43.559868 21.245010 -45.061405
v -43.702820 21.495989 -43.373909
v -43.280304 21.664808 -41.707981
v -42.559700 21.224691 -40.097210
v -41.157951 21.021694 -38.781788
v -39.493393 21.406940 -38.387058
v -37.921219 21.517752 -38.516178
v -36.577057 21.515345 -39.202194
v -35.513298 21.251205 -40.289875
v -35.218842 21.268522 -41.916828
v -35.448792 21.049126 -43.657215
v -36.368942 21.662096 -45.370731
v -37.812202 21.662096 -46.722759
v -39.647751 21.662096 -47.637325
v -41.476685 21.662096 -47.545471
v -43.060181 21.662096 -46.812954
v -43.936012 21.662096 -45.291439
v -44.261078 21.662096 -43.514896
v -43.968056 21.662096 -41.608479
v -42.806648 21.662096 -39.886856
v -41.332436 21.662096 -38.278965
v -39.560104 21.662096 -38.364731
v -37.429405 21.662100 -37.493736
v -36.115479 21.662096 -38.660332
v -35.360260 21.662096 -40.227753
v -34.492813 21.662096 -41.711536
v -35.500046 21.662096 -43.717888
v -36.543442 22.006226 -45.222084
v -37.925606 22.177250 -46.498711
v -39.617538 22.202385 -47.155182
v -41.167671 21.858442 -46.869392
v -42.767181 22.304798 -46.468990
v -43.360474 21.771513 -44.910995
v -43.714310 21.845922 -43.378387
v -43.415932 21.904945 -41.701221
v -42.581161 22.158390 -40.078930
v -41.138618 22.134378 -38.872730
v -39.468681 22.085896 -38.272324
v -37.854706 21.981655 -38.390446
v -36.405075 22.118917 -39.000298
v -35.528313 22.049812 -40.301205
v -35.289436 21.946795 -41.944359
v -35.724426 21.776024 -43.643482
v -37.196709 22.608833 -44.665611
v -38.320808 22.243244 -45.518562
v -39.563576 22.100554 -45.944794
v -40.863304 22.513836 -46.033318
v -41.879250 22.283991 -45.426620
v -42.581001 22.301687 -44.475445
v -42.895134 22.588831 -43.277069
v -42.510818 22.137901 -41.929031
v -41.825348 22.305052 -40.722759
v -40.753891 22.361691 -39.802113
v -39.520172 21.877525 -39.468777
v -38.208916 22.495060 -39.320698
v -37.245560 22.048754 -39.986969
v -36.440529 22.473604 -40.836651
v -36.234596 22.371517 -42.095341
v -36.479324 22.470856 -43.422283
v -38.309425 22.289810 -43.717758
v -38.872490 22.654591 -44.240936
v -39.560211 22.558620 -44.487675
v -40.211952 22.196138 -44.414093
v -40.792755 22.366970 -44.151138
v -41.149147 22.228651 -43.622936
v -41.280373 22.263123 -42.971199
v -41.143639 22.283894 -42.270844
v -40.733429 21.940214 -41.652897
v -40.192467 22.462309 -41.129276
v -39.514351 22.397396 -40.883888
v -38.847527 22.314777 -40.916183
v -38.273148 22.394791 -41.193295
v -37.894272 22.416969 -41.705608
v -37.774307 22.368469 -42.371136
v -37.924622 22.291561 -43.077431
vn 0.2384 -0.9524 -0.1899
vn 0.2740 -0.9430 -0.1887
vn 0.3047 -0.9338 -0.1874
vn -0.0282 -0.9576 -0.2866
vn -0.1089 -0.9608 -0.2551
vn -0.2064 -0.9548 -0.2140
vn 0.0793 -0.9715 -0.2234
vn 0.0839 -0.9702 -0.2271
vn 0.0917 -0.9680 -0.2335
vn -0.0501 -0.9645 -0.2591
vn -0.0186 -0.9509 -0.3090
vn 0.0709 -0.8934 -0.4436
vn -0.2391 -0.9614 -0.1362
vn -0.1887 -0.9694 -0.1571
vn -0.3761 -0.9235 -0.0757
vn -0.0915 -0.9846 -0.1489
vn -0.0615 -0.9829 -0.1738
vn -0.1482 -0.9838 -0.1009
vn -0.0454 -0.9284 0.3688
vn 0.0234 -0.9652 0.2604
vn -0.1438 -0.8456 0.5141
vn -0.1838 -0.9513 -0.2476
vn -0.2459 -0.9663 0.0758
vn -0.0926 -0.8152 -0.5717
vn -0.1681 -0.8873 0.4294
vn -0.1950 -0.8825 0.4279
vn -0.2182 -0.8779 0.4264
vn -0.2746 -0.9173 0.2885
vn -0.0776 -0.9722 0.2210
vn 0.1543 -0.9794 0.1304
vn 0.0054 -0.9838 0.1791
vn -0.0394 -0.9756 0.2161
vn -0.1188 -0.9526 0.2800
vn 0.2138 -0.9585 0.1885
vn 0.1998 -0.9566 0.2122
vn 0.1586 -0.9469 0.2797
vn -0.0542 -0.9575 0.2833
vn -0.1522 -0.9371 0.3140
vn 0.3178 -0.9378 0.1402
vn -0.0394 -0.9965 -0.0731
vn 0.0524 -0.9869 -0.1523
vn -0.1989 -0.9776 0.0685
vn 0.1755 -0.9437 -0.2805
vn 0.1849 -0.9369 -0.2968
vn 0.1634 -0.9518 -0.2596
vn 0.2890 -0.9568 -0.0313
vn 0.2949 -0.9530 -0.0698
vn 0.2830 -0.9591 0.0051
vn 0.2718 -0.9462 -0.1755
vn 0.2935 -0.9383 -0.1831
vn 0.1762 -0.9742 -0.1411
vn 0.0188 -0.9989 -0.0421
vn 0.0594 -0.9954 -0.0748
vn -0.0938 -0.9944 0.0489
vn -0.0377 -0.9763 -0.2130
vn -0.1133 -0.9902 -0.0815
vn 0.0682 -0.9197 -0.3867
vn -0.0816 -0.9750 -0.2068
vn -0.0660 -0.9561 -0.2856
vn -0.0966 -0.9873 -0.1262
vn -0.0137 -0.9862 -0.1648
vn -0.0308 -0.9858 -0.1649
vn -0.0506 -0.9850 -0.1648
vn -0.3942 -0.9188 -0.0197
vn -0.2332 -0.9680 -0.0926
vn 0.0190 -0.9807 -0.1945
vn -0.5443 -0.8043 0.2384
vn -0.5525 -0.7960 0.2472
vn -0.5745 -0.7723 0.2712
vn -0.2630 -0.9641 0.0376
vn -0.3008 -0.9481 0.1035
vn -0.4512 -0.7980 0.3995
vn 0.1719 -0.9672 -0.1872
vn 0.1765 -0.9661 -0.1885
vn 0.3759 -0.8946 -0.2417
vn -0.0526 -0.9983 -0.0263
vn 0.0355 -0.9947 -0.0964
vn -0.3791 -0.8931 0.2423
vn 0.0753 -0.9570 0.2803
vn 0.0820 -0.9596 0.2692
vn 0.0664 -0.9532 0.2951
vn 0.1622 -0.9804 0.1115
vn 0.1477 -0.9685 0.2006
vn 0.1752 -0.9843 0.0232
vn 0.0288 -0.8335 0.5518
vn -0.0075 -0.9313 0.3642
vn 0.0620 -0.7049 0.7066
vn 0.3679 -0.9293 -0.0324
vn 0.4690 -0.8796 -0.0800
vn 0.6083 -0.7795 -0.1496
vn -0.0512 -0.9982 -0.0315
vn 0.0193 -0.9952 -0.0964
vn 0.2747 -0.9048 -0.3254
vn 0.0278 -0.9865 -0.1616
vn -0.0347 -0.9866 -0.1593
vn 0.4093 -0.8980 -0.1614
vn 0.3914 -0.8774 -0.2776
vn 0.0933 -0.9935 -0.0656
vn 0.4768 -0.8113 -0.3383
vn 0.2910 -0.7959 -0.5310
vn 0.2481 -0.8398 -0.4828
vn 0.3066 -0.7782 -0.5481
vn -0.1648 -0.9756 -0.1448
vn -0.0676 -0.8909 -0.4491
vn -0.1982 -0.9800 -0.0206
vn -0.0402 -0.9642 -0.2621
vn -0.0428 -0.9897 -0.1366
vn -0.0389 -0.9478 -0.3164
vn -0.4137 -0.7974 -0.4392
vn -0.2845 -0.9365 -0.2050
vn -0.4605 -0.7095 -0.5334
vn -0.3623 -0.9313 -0.0366
vn -0.6701 -0.7421 0.0172
vn -0.7515 -0.6588 0.0343
vn -0.0592 -0.9977 0.0336
vn -0.2347 -0.9635 0.1288
vn -0.3213 -0.9305 0.1758
vn -0.6302 -0.7592 0.1628
vn -0.1879 -0.9810 0.0474
vn -0.8053 -0.5550 0.2086
vn -0.5955 -0.5910 0.5441
vn -0.5934 -0.5938 0.5434
vn -0.5963 -0.5899 0.5444
vn -0.1360 -0.2796 0.9504
vn 0.0118 -0.5663 0.8241
vn -0.1985 -0.1368 0.9705
vn 0.0257 -0.9753 0.2192
vn -0.3067 -0.4520 0.8376
vn 0.0783 -0.9917 0.1023
vn 0.0913 -0.9829 0.1597
vn 0.0881 -0.9897 0.1128
vn 0.0930 -0.9782 0.1857
vn 0.5763 -0.5491 0.6052
vn 0.2580 -0.9511 0.1700
vn 0.6297 -0.3401 0.6984
vn 0.4948 -0.8363 0.2363
vn 0.8219 -0.5357 0.1936
vn 0.9165 -0.3658 0.1620
vn 0.9526 -0.2303 -0.1990
vn 0.6719 -0.6947 -0.2567
vn 0.9879 0.0688 -0.1392
vn 0.2080 -0.9622 -0.1759
vn 0.7533 -0.1863 -0.6307
vn 0.7668 0.0006 -0.6418
vn 0.6296 0.4476 -0.6350
vn 0.5892 0.5210 -0.6176
vn 0.5701 0.5520 -0.6086
vn 0.3196 0.5828 -0.7471
vn 0.3745 0.4891 -0.7877
vn 0.4009 0.4382 -0.8046
vn -0.2034 0.9271 -0.3147
vn -0.0869 0.7623 -0.6413
vn -0.0374 0.6665 -0.7446
vn -0.0899 0.6490 -0.7555
vn -0.1067 0.9218 -0.3727
vn -0.1072 0.9668 -0.2318
vn -0.2931 0.9507 -0.1010
vn -0.7562 0.6355 -0.1560
vn -0.1360 0.9876 -0.0783
vn -0.2762 0.9592 -0.0602
vn -0.1703 0.9826 -0.0747
vn -0.3056 0.9505 -0.0559
vn -0.3805 0.9232 0.0537
vn -0.3415 0.9393 0.0335
vn -0.3934 0.9174 0.0605
vn -0.7072 0.6296 0.3217
vn -0.4768 0.8359 0.2720
vn -0.3567 0.9027 0.2406
vn -0.5037 0.7040 0.5006
vn -0.5333 0.5973 0.5990
vn -0.4832 0.7552 0.4430
vn -0.2718 0.1202 0.9548
vn -0.0336 0.6777 0.7345
vn 0.0304 0.7774 0.6283
vn -0.1502 0.8429 0.5167
vn -0.0175 0.1727 0.9848
vn -0.1631 0.9024 0.3989
vn 0.2334 0.7807 0.5797
vn 0.2189 0.9224 0.3183
vn 0.2111 0.9481 0.2378
vn 0.7827 0.4819 0.3939
vn 0.6593 0.6440 0.3881
vn 0.8145 0.4274 0.3924
vn 0.3810 0.9094 0.1665
vn 0.7917 0.5965 0.1316
vn 0.2878 0.9428 0.1682
vn 0.3888 0.9013 -0.1909
vn 0.3806 0.9049 -0.1905
vn 0.3793 0.9055 -0.1904
vn 0.7156 0.5990 -0.3593
vn 0.5013 0.8517 -0.1529
vn 0.7422 0.5449 -0.3902
vn 0.1323 0.9518 -0.2767
vn 0.1843 0.9378 -0.2941
vn 0.4413 0.8184 -0.3681
vn -0.0593 0.9980 0.0221
vn -0.0365 0.9993 0.0040
vn 0.0354 0.9980 -0.0529
vn 0.0847 0.9180 -0.3874
vn -0.0485 0.9837 -0.1734
vn -0.1997 0.9756 0.0910
vn -0.0705 0.9839 -0.1642
vn -0.0091 0.9164 -0.4001
vn 0.0588 0.7751 -0.6290
vn -0.4085 0.9119 0.0396
vn -0.2120 0.9770 0.0213
vn -0.5826 0.8108 0.0557
vn -0.5705 0.7879 -0.2317
vn -0.5191 0.8144 -0.2595
vn -0.6475 0.7392 -0.1854
vn -0.4323 0.8834 0.1810
vn -0.5024 0.8276 0.2504
vn -0.2469 0.9690 0.0098
vn -0.2321 0.9725 -0.0203
vn -0.2347 0.9719 -0.0159
vn -0.2216 0.9744 -0.0382
vn -0.1368 0.9805 0.1412
vn -0.1292 0.9819 0.1386
vn -0.0867 0.9886 0.1234
vn 0.2130 0.9770 -0.0028
vn 0.1367 0.9886 0.0634
vn -0.0500 0.9747 0.2177
vn -0.2514 0.9204 0.2995
vn -0.1145 0.9901 0.0813
vn 0.0508 0.9835 -0.1735
vn 0.2070 0.9782 -0.0173
vn 0.1616 0.9621 0.2196
vn 0.1051 0.8871 0.4495
vn 0.1282 0.9742 0.1857
vn -0.0752 0.9788 0.1905
vn 0.3297 0.9281 0.1729
vn 0.4143 0.9101 -0.0000
vn 0.4177 0.9086 -0.0015
vn 0.4096 0.9123 0.0023
vn 0.5476 0.8234 -0.1489
vn 0.5194 0.8463 -0.1181
vn 0.6204 0.7485 -0.2341
vn 0.5920 0.7750 -0.2213
vn 0.5933 0.7729 -0.2249
vn 0.5774 0.7955 -0.1836
vn -0.0829 0.9962 -0.0252
vn 0.2579 0.9658 -0.0266
vn -0.2935 0.9557 -0.0229
vn -0.0093 0.9521 -0.3058
vn -0.0169 0.9528 -0.3030
vn -0.0036 0.9514 -0.3079
vn 0.0669 0.9941 -0.0852
vn -0.1207 0.9900 0.0730
vn 0.3080 0.9074 -0.2860
vn 0.0012 0.9964 0.0844
vn 0.0502 0.9987 0.0039
vn -0.0854 0.9707 0.2248
vn -0.0826 0.9945 0.0639
vn -0.0412 0.9980 0.0473
vn 0.0431 0.9990 0.0132
vn 0.1420 0.9851 -0.0975
vn 0.1833 0.9739 -0.1335
vn 0.2258 0.9591 -0.1706
vn 0.1221 0.9887 0.0872
vn 0.0424 0.9743 0.2214
vn -0.0205 0.9464 0.3224
vn 0.0743 0.9730 0.2186
vn 0.1186 0.9915 -0.0533
vn 0.1408 0.9667 -0.2139
vn -0.1754 0.9208 -0.3483
vn -0.1285 0.9823 -0.1361
vn -0.0862 0.9955 0.0390
vn 0.2190 0.9447 0.2440
vn 0.1078 0.9506 0.2911
vn 0.3101 0.9291 0.2016
vn -0.2796 0.9441 0.1745
vn -0.1542 0.9858 0.0672
vn -0.4335 0.8464 0.3092
vn 0.1969 0.9786 -0.0594
vn 0.1529 0.9881 0.0193
vn 0.2818 0.9343 -0.2184
vn -0.0360 0.9743 0.2223
vn -0.0884 0.9666 0.2405
vn -0.2025 0.9391 0.2776
vn 0.0076 0.9972 -0.0749
vn 0.0098 0.9970 -0.0768
vn 0.0122 0.9968 -0.0789
vn -0.0288 0.9991 -0.0317
vn -0.0714 0.9966 0.0417
vn -0.1008 0.9906 0.0927
vn -0.1147 0.9878 0.1054
vn -0.1221 0.9803 0.1553
vn -0.1257 0.9755 0.1808
vn 0.0613 -0.9925 0.1061
vn 0.2953 0.9031 0.3118
vn -0.2696 -0.9623 -0.0371
vn -0.1811 0.9754 0.1254
vn 0.0977 -0.9943 -0.0422
vn -0.4726 0.8735 0.1167
vn 0.2492 -0.9631 -0.1014
vn 0.2126 0.9644 -0.1570
vn -0.0544 -0.9856 0.1598
vn -0.1516 0.9765 0.1534
vn 0.0744 -0.9956 -0.0575
vn -0.0284 0.9979 -0.0585
vn -0.0306 -0.8670 0.4974
vn -0.0345 0.9991 -0.0229
vn -0.2724 -0.8298 -0.4870
vn 0.0848 0.8936 0.4407
vn 0.1609 -0.9869 -0.0100
vn -0.5078 0.8127 -0.2858
vn 0.1984 -0.9801 0.0065
vn 0.1206 0.9920 -0.0382
vn 0.1090 0.9933 -0.0385
vn 0.1097 0.9932 -0.0383
vn -0.1274 -0.9918 0.0102
vn 0.1210 0.9919 -0.0386
vn -0.0033 -0.9992 -0.0388
vn -0.1128 0.9922 0.0528
vn 0.0322 -0.9971 -0.0690
vn -0.0545 0.9985 0.0029
vn -0.0660 -0.9931 0.0974
vn -0.0089 0.9972 -0.0743
vn -0.0087 -0.9740 -0.2263
vn -0.0031 0.9942 -0.1076
vn 0.0807 -0.9884 0.1287
vn 0.0202 0.9997 -0.0149
vn 0.2177 -0.9573 -0.1905
vn 0.0356 -0.9501 -0.3099
vn 0.0738 -0.9730 -0.2189
vn -0.1125 -0.9812 -0.1570
vn -0.0910 -0.9765 -0.1955
vn -0.0235 -0.9785 -0.2048
vn 0.0936 -0.9851 0.1446
vn -0.2741 -0.9126 0.3034
vn -0.1529 -0.8898 0.4300
vn -0.4055 -0.8533 0.3279
vn 0.0607 -0.9893 0.1327
vn 0.2401 -0.9602 0.1427
vn -0.3607 -0.8565 0.3691
vn 0.1612 -0.9562 -0.2442
vn 0.1930 -0.9307 -0.3107
vn 0.2982 -0.9500 -0.0926
vn 0.3715 -0.9043 -0.2103
vn 0.1543 -0.9764 -0.1510
vn -0.1860 -0.9812 0.0515
vn -0.0532 -0.9361 -0.3477
vn 0.0005 -0.9863 -0.1647
vn -0.5766 -0.8139 0.0722
vn -0.5233 -0.8242 0.2162
vn -0.1015 -0.9703 -0.2197
vn -0.0224 -0.9914 -0.1291
vn 0.2800 -0.9162 -0.2868
vn 0.0890 -0.9621 0.2576
vn 0.1355 -0.9536 0.2689
vn -0.0362 -0.9787 0.2023
vn 0.2270 -0.9734 0.0307
vn -0.2476 -0.9567 0.1533
vn -0.3045 -0.9419 -0.1419
vn -0.0021 -1.0000 0.0022
vn 0.2306 -0.8559 -0.4629
vn -0.0278 -0.8319 -0.5542
vn -0.0435 -0.9946 -0.0941
vn -0.2476 -0.9583 -0.1425
vn -0.2732 -0.9607 -0.0500
vn 0.0039 -1.0000 -0.0006
vn 0.0036 -1.0000 -0.0024
vn -0.5922 -0.5954 0.5429
vn 0.0383 -0.6106 0.7910
vn -0.3724 -0.1771 0.9110
vn 0.0871 -0.9914 0.0981
vn 0.1981 -0.9755 0.0954
vn 0.4095 -0.8803 0.2394
vn 0.5159 -0.8166 -0.2590
vn -0.0027 -1.0000 0.0014
vn 0.6433 0.4200 -0.6402
vn 0.2895 0.6282 -0.7221
vn -0.2428 0.9557 -0.1666
vn -0.0774 0.4976 -0.8639
vn -0.8616 0.4804 -0.1637
vn -0.1354 0.9876 -0.0792
vn -0.3240 0.9457 0.0244
vn -0.8020 0.4942 0.3355
vn -0.5481 0.5066 0.6656
vn -0.3388 -0.1301 0.9318
vn 0.0567 -0.2244 0.9729
vn 0.2325 0.6712 0.7038
vn 0.6235 0.6810 0.3840
vn 0.9049 0.4123 0.1057
vn 0.3933 0.8993 -0.1911
vn 0.4269 0.8998 -0.0903
vn -0.2032 0.9680 -0.1471
vn -0.1438 0.9856 0.0893
vn 0.2695 0.7078 -0.6530
vn -0.1393 0.9806 0.1382
vn 0.0243 0.9997 -0.0007
vn -0.4086 0.8575 -0.3126
vn -0.6420 0.6532 0.4015
vn -0.2477 0.9688 0.0065
vn -0.1880 0.9692 0.1592
vn 0.4001 0.8998 -0.1739
vn -0.4049 0.7266 0.5551
vn 0.2426 0.9310 -0.2729
vn -0.2972 0.9364 0.1866
vn 0.4234 0.9060 -0.0042
vn 0.4109 0.9117 -0.0075
vn 0.6087 0.7467 -0.2683
vn 0.5598 0.8283 -0.0250
vn -0.0255 0.9537 -0.2997
vn -0.4283 0.8385 0.3368
vn 0.1831 0.9585 -0.2183
vn -0.2080 0.9715 0.1140
vn 0.0734 0.9966 -0.0379
vn 0.2099 0.9752 -0.0699
vn 0.0244 0.8805 0.4735
vn -0.2177 0.7943 -0.5671
vn -0.0349 0.9381 0.3445
vn 0.1140 0.9811 -0.1565
vn -0.0006 0.9611 0.2762
vn 0.1495 0.9769 0.1529
vn 0.0041 0.9974 -0.0719
vn 0.0181 0.9935 -0.1120
vn -0.1082 0.9922 0.0623
vt 0.062500 0.250000
vt 0.000000 0.125000
vt 0.062500 0.125000
vt 0.125000 0.250000
vt 0.125000 0.125000
vt 0.187500 0.250000
vt 0.187500 0.125000
vt 0.250000 0.250000
vt 0.250000 0.125000
vt 0.312500 0.125000
vt 0.375000 0.125000
vt 0.312500 0.250000
vt 0.437500 0.125000
vt 0.375000 0.250000
vt 0.500000 0.125000
vt 0.437500 0.250000
vt 0.562500 0.250000
vt 0.562500 0.125000
vt 0.625000 0.250000
vt 0.625000 0.125000
vt 0.687500 0.250000
vt 0.687500 0.125000
vt 0.750000 0.250000
vt 0.750000 0.125000
vt 0.812500 0.125000
vt 0.875000 0.125000
vt 0.812500 0.250000
vt 0.937500 0.125000
vt 0.875000 0.250000
vt 1.000000 0.125000
vt 0.937500 0.250000
vt 0.062500 0.375000
vt 0.000000 0.250000
vt 0.125000 0.375000
vt 0.187500 0.375000
vt 0.250000 0.375000
vt 0.312500 0.375000
vt 0.375000 0.375000
vt 0.500000 0.250000
vt 0.437500 0.375000
vt 0.562500 0.375000
vt 0.625000 0.375000
vt 0.687500 0.375000
vt 0.750000 0.375000
vt 0.812500 0.375000
vt 0.875000 0.375000
vt 1.000000 0.375000
vt 1.000000 0.250000
vt 0.062500 0.500000
vt 0.000000 0.375000
vt 0.125000 0.500000
vt 0.187500 0.500000
vt 0.250000 0.500000
vt 0.312500 0.500000
vt 0.375000 0.500000
vt 0.500000 0.500000
vt 0.500000 0.375000
vt 0.562500 0.500000
vt 0.625000 0.500000
vt 0.687500 0.500000
vt 0.750000 0.500000
vt 0.812500 0.500000
vt 0.937500 0.500000
vt 0.937500 0.375000
vt 0.000000 0.625000
vt 0.000000 0.500000
vt 0.062500 0.625000
vt 0.125000 0.625000
vt 0.187500 0.625000
vt 0.312500 0.625000
vt 0.375000 0.625000
vt 0.437500 0.625000
vt 0.437500 0.500000
vt 0.562500 0.625000
vt 0.687500 0.625000
vt 0.812500 0.625000
vt 0.875000 0.625000
vt 0.875000 0.500000
vt 1.000000 0.625000
vt 1.000000 0.500000
vt 0.000000 0.750000
vt 0.062500 0.750000
vt 0.125000 0.750000
vt 0.250000 0.625000
vt 0.187500 0.750000
vt 0.312500 0.750000
vt 0.375000 0.750000
vt 0.437500 0.750000
vt 0.500000 0.750000
vt 0.500000 0.625000
vt 0.625000 0.625000
vt 0.562500 0.750000
vt 0.625000 0.750000
vt 0.750000 0.625000
vt 0.687500 0.750000
vt 0.812500 0.750000
vt 0.875000 0.750000
vt 0.937500 0.750000
vt 0.937500 0.625000
vt 1.000000 0.750000
vt 0.000000 0.875000
vt 0.062500 0.875000
vt 0.125000 0.875000
vt 0.250000 0.750000
vt 0.187500 0.875000
vt 0.312500 0.875000
vt 0.375000 0.875000
vt 0.437500 0.875000
vt 0.500000 0.875000
vt 0.562500 0.875000
vt 0.625000 0.875000
vt 0.750000 0.750000
vt 0.687500 0.875000
vt 0.812500 0.875000
vt 0.875000 0.875000
vt 0.937500 0.875000
vt 1.000000 0.875000
vt 0.000000 0.000000
vt 0.000000 1.000000
vt 0.062500 0.000000
vt 0.062500 1.000000
vt 0.125000 0.000000
vt 0.125000 1.000000
vt 0.187500 0.000000
vt 0.187500 1.000000
vt 0.250000 0.875000
vt 0.250000 0.000000
vt 0.250000 1.000000
vt 0.312500 0.000000
vt 0.312500 1.000000
vt 0.375000 0.000000
vt 0.375000 1.000000
vt 0.437500 0.000000
vt 0.437500 1.000000
vt 0.500000 0.000000
vt 0.500000 1.000000
vt 0.562500 0.000000
vt 0.562500 1.000000
vt 0.625000 0.000000
vt 0.625000 1.000000
vt 0.687500 0.000000
vt 0.687500 1.000000
vt 0.750000 0.875000
vt 0.750000 0.000000
vt 0.750000 1.000000
vt 0.812500 0.000000
vt 0.812500 1.000000
vt 0.875000 0.000000
vt 0.875000 1.000000
vt 0.937500 0.000000
vt 0.937500 1.000000
s 1
usemtl Arancio.005
f 932/1209/3345 915/1210/3346 916/1211/3347
f 933/1212/3348 916/1211/3349 917/1213/3350
f 934/1214/3351 917/1213/3352 918/1215/3353
f 935/1216/3354 918/1215/3355 919/1217/3356
f 920/1218/3357 935/1216/3358 919/1217/3359
f 921/1219/3360 936/1220/3361 920/1218/3362
f 922/1221/3363 937/1222/3364 921/1219/3365
f 923/1223/3366 938/1224/3367 922/1221/3368
f 940/1225/3369 923/1223/3370 924/1226/3371
f 941/1227/3372 924/1226/3373 925/1228/3374
f 942/1229/3375 925/1228/3376 926/1230/3377
f 943/1231/3378 926/1230/3379 927/1232/3380
f 928/1233/3381 943/1231/3382 927/1232/3383
f 929/1234/3384 944/1235/3385 928/1233/3386
f 930/1236/3387 945/1237/3388 929/1234/3389
f 915/1238/3390 946/1239/3391 930/1236/3392
f 948/1240/3393 931/1241/3394 932/1209/3395
f 949/1242/3396 932/1209/3397 933/1212/3398
f 950/1243/3399 933/1212/3400 934/1214/3401
f 951/1244/3402 934/1214/3403 935/1216/3404
f 936/1220/3405 951/1244/3406 935/1216/3407
f 937/1222/3408 952/1245/3409 936/1220/3410
f 938/1224/3411 953/1246/3412 937/1222/3413
f 939/1247/3414 954/1248/3415 938/1224/3416
f 956/1249/3417 939/1247/3418 940/1225/3419
f 957/1250/3420 940/1225/3421 941/1227/3422
f 958/1251/3423 941/1227/3424 942/1229/3425
f 959/1252/3426 942/1229/3427 943/1231/3428
f 960/1253/3429 943/1231/3430 944/1235/3431
f 945/1237/3432 960/1253/3433 944/1235/3434
f 946/1239/3435 961/1254/3436 945/1237/3437
f 947/1255/3438 946/1239/3439 931/1256/3440
f 964/1257/3441 947/1258/3442 948/1240/3443
f 965/1259/3444 948/1240/3445 949/1242/3446
f 966/1260/3447 949/1242/3448 950/1243/3449
f 967/1261/3450 950/1243/3451 951/1244/3452
f 968/1262/3453 951/1244/3454 952/1245/3455
f 953/1246/3456 968/1262/3457 952/1245/3458
f 954/1248/3459 969/1263/3460 953/1246/3461
f 971/1264/3462 954/1248/3463 955/1265/3464
f 972/1266/3465 955/1265/3466 956/1249/3467
f 973/1267/3468 956/1249/3469 957/1250/3470
f 974/1268/3471 957/1250/3472 958/1251/3473
f 975/1269/3474 958/1251/3475 959/1252/3476
f 976/1270/3477 959/1252/3478 960/1253/3479
f 961/1254/3480 976/1270/3481 960/1253/3482
f 978/1271/3483 961/1254/3484 962/1272/3485
f 947/1255/3486 978/1271/3487 962/1272/3488
f 964/1257/3489 979/1273/3490 963/1274/3491
f 965/1259/3492 980/1275/3493 964/1257/3494
f 966/1260/3495 981/1276/3496 965/1259/3497
f 967/1261/3498 982/1277/3499 966/1260/3500
f 984/1278/3501 967/1261/3502 968/1262/3503
f 985/1279/3504 968/1262/3505 969/1263/3506
f 986/1280/3507 969/1263/3508 970/1281/3509
f 971/1264/3510 986/1280/3511 970/1281/3512
f 988/1282/3513 971/1264/3514 972/1266/3515
f 973/1267/3516 988/1282/3517 972/1266/3518
f 990/1283/3519 973/1267/3520 974/1268/3521
f 975/1269/3522 990/1283/3523 974/1268/3524
f 992/1284/3525 975/1269/3526 976/1270/3527
f 993/1285/3528 976/1270/3529 977/1286/3530
f 978/1271/3531 993/1285/3532 977/1286/3533
f 979/1287/3534 978/1271/3535 963/1288/3536
f 980/1275/3537 995/1289/3538 979/1273/3539
f 981/1276/3540 996/1290/3541 980/1275/3542
f 982/1277/3543 997/1291/3544 981/1276/3545
f 983/1292/3546 998/1293/3547 982/1277/3548
f 1000/1294/3549 983/1292/3550 984/1278/3551
f 1001/1295/3552 984/1278/3553 985/1279/3554
f 1002/1296/3555 985/1279/3556 986/1280/3557
f 1003/1297/3558 986/1280/3559 987/1298/3560
f 988/1282/3561 1003/1297/3562 987/1298/3563
f 989/1299/3564 1004/1300/3565 988/1282/3566
f 990/1283/3567 1005/1301/3568 989/1299/3569
f 991/1302/3570 1006/1303/3571 990/1283/3572
f 1008/1304/3573 991/1302/3574 992/1284/3575
f 1009/1305/3576 992/1284/3577 993/1285/3578
f 1010/1306/3579 993/1285/3580 994/1307/3581
f 995/1308/3582 994/1307/3583 979/1287/3584
f 996/1290/3585 1011/1309/3586 995/1289/3587
f 997/1291/3588 1012/1310/3589 996/1290/3590
f 998/1293/3591 1013/1311/3592 997/1291/3593
f 999/1312/3594 1014/1313/3595 998/1293/3596
f 1016/1314/3597 999/1312/3598 1000/1294/3599
f 1017/1315/3600 1000/1294/3601 1001/1295/3602
f 1018/1316/3603 1001/1295/3604 1002/1296/3605
f 1019/1317/3606 1002/1296/3607 1003/1297/3608
f 1020/1318/3609 1003/1297/3610 1004/1300/3611
f 1005/1301/3612 1020/1318/3613 1004/1300/3614
f 1006/1303/3615 1021/1319/3616 1005/1301/3617
f 1007/1320/3618 1022/1321/3619 1006/1303/3620
f 1024/1322/3621 1007/1320/3622 1008/1304/3623
f 1025/1323/3624 1008/1304/3625 1009/1305/3626
f 1026/1324/3627 1009/1305/3628 1010/1306/3629
f 1011/1325/3630 1010/1306/3631 995/1308/3632
f 916/1211/3633 915/1210/3633 913/1326/3633
f 914/1327/3634 1011/1309/3634 1012/1310/3634
f 917/1213/3635 916/1211/3635 913/1328/3635
f 914/1329/3636 1012/1310/3636 1013/1311/3636
f 918/1215/3637 917/1213/3637 913/1330/3637
f 914/1331/3638 1013/1311/3638 1014/1313/3638
f 919/1217/3639 918/1215/3639 913/1332/3639
f 914/1333/3640 1014/1313/3640 1015/1334/3640
f 920/1218/3641 919/1217/3641 913/1335/3641
f 914/1336/3642 1015/1334/3642 1016/1314/3642
f 921/1219/3643 920/1218/3643 913/1337/3643
f 914/1338/3644 1016/1314/3644 1017/1315/3644
f 922/1221/3645 921/1219/3645 913/1339/3645
f 914/1340/3646 1017/1315/3646 1018/1316/3646
f 923/1223/3647 922/1221/3647 913/1341/3647
f 914/1342/3648 1018/1316/3648 1019/1317/3648
f 924/1226/3649 923/1223/3649 913/1343/3649
f 914/1344/3650 1019/1317/3650 1020/1318/3650
f 925/1228/3651 924/1226/3651 913/1345/3651
f 914/1346/3652 1020/1318/3653 1021/1319/3654
f 926/1230/3655 925/1228/3655 913/1347/3655
f 914/1348/3652 1021/1319/3654 1022/1321/3656
f 927/1232/3657 926/1230/3657 913/1349/3657
f 914/1350/3658 1022/1321/3658 1023/1351/3658
f 928/1233/3659 927/1232/3659 913/1352/3659
f 914/1353/3660 1023/1351/3660 1024/1322/3660
f 929/1234/3661 928/1233/3661 913/1354/3661
f 914/1355/3662 1024/1322/3662 1025/1323/3662
f 930/1236/3663 929/1234/3663 913/1356/3663
f 914/1357/3664 1025/1323/3664 1026/1324/3664
f 915/1238/3665 930/1236/3665 913/1358/3665
f 914/1359/3666 1026/1324/3666 1011/1325/3666
f 932/1209/3345 931/1241/3667 915/1210/3346
f 933/1212/3348 932/1209/3668 916/1211/3349
f 934/1214/3351 933/1212/3669 917/1213/3352
f 935/1216/3354 934/1214/3670 918/1215/3355
f 920/1218/3357 936/1220/3671 935/1216/3358
f 921/1219/3360 937/1222/3672 936/1220/3361
f 922/1221/3363 938/1224/3673 937/1222/3364
f 923/1223/3366 939/1247/3674 938/1224/3367
f 940/1225/3369 939/1247/3675 923/1223/3370
f 941/1227/3372 940/1225/3676 924/1226/3373
f 942/1229/3375 941/1227/3677 925/1228/3376
f 943/1231/3378 942/1229/3678 926/1230/3379
f 928/1233/3381 944/1235/3679 943/1231/3382
f 929/1234/3384 945/1237/3680 944/1235/3385
f 930/1236/3387 946/1239/3681 945/1237/3388
f 915/1238/3390 931/1256/3682 946/1239/3391
f 948/1240/3393 947/1258/3683 931/1241/3394
f 949/1242/3396 948/1240/3684 932/1209/3397
f 950/1243/3399 949/1242/3685 933/1212/3400
f 951/1244/3402 950/1243/3686 934/1214/3403
f 936/1220/3405 952/1245/3687 951/1244/3406
f 937/1222/3408 953/1246/3688 952/1245/3409
f 938/1224/3411 954/1248/3689 953/1246/3412
f 939/1247/3414 955/1265/3690 954/1248/3415
f 956/1249/3417 955/1265/3691 939/1247/3418
f 957/1250/3420 956/1249/3692 940/1225/3421
f 958/1251/3423 957/1250/3693 941/1227/3424
f 959/1252/3426 958/1251/3694 942/1229/3427
f 960/1253/3429 959/1252/3695 943/1231/3430
f 945/1237/3432 961/1254/3696 960/1253/3433
f 946/1239/3435 962/1272/3697 961/1254/3436
f 947/1255/3438 962/1272/3698 946/1239/3439
f 964/1257/3441 963/1274/3699 947/1258/3442
f 965/1259/3444 964/1257/3700 948/1240/3445
f 966/1260/3447 965/1259/3701 949/1242/3448
f 967/1261/3450 966/1260/3702 950/1243/3451
f 968/1262/3453 967/1261/3703 951/1244/3454
f 953/1246/3456 969/1263/3704 968/1262/3457
f 954/1248/3459 970/1281/3705 969/1263/3460
f 971/1264/3462 970/1281/3706 954/1248/3463
f 972/1266/3465 971/1264/3707 955/1265/3466
f 973/1267/3468 972/1266/3708 956/1249/3469
f 974/1268/3471 973/1267/3709 957/1250/3472
f 975/1269/3474 974/1268/3710 958/1251/3475
f 976/1270/3477 975/1269/3711 959/1252/3478
f 961/1254/3480 977/1286/3712 976/1270/3481
f 978/1271/3483 977/1286/3713 961/1254/3484
f 947/1255/3486 963/1288/3714 978/1271/3487
f 964/1257/3489 980/1275/3715 979/1273/3490
f 965/1259/3492 981/1276/3716 980/1275/3493
f 966/1260/3495 982/1277/3717 981/1276/3496
f 967/1261/3498 983/1292/3718 982/1277/3499
f 984/1278/3501 983/1292/3719 967/1261/3502
f 985/1279/3504 984/1278/3720 968/1262/3505
f 986/1280/3507 985/1279/3721 969/1263/3508
f 971/1264/3510 987/1298/3722 986/1280/3511
f 988/1282/3513 987/1298/3723 971/1264/3514
f 973/1267/3516 989/1299/3724 988/1282/3517
f 990/1283/3519 989/1299/3725 973/1267/3520
f 975/1269/3522 991/1302/3726 990/1283/3523
f 992/1284/3525 991/1302/3727 975/1269/3526
f 993/1285/3528 992/1284/3728 976/1270/3529
f 978/1271/3531 994/1307/3729 993/1285/3532
f 979/1287/3534 994/1307/3730 978/1271/3535
f 980/1275/3537 996/1290/3731 995/1289/3538
f 981/1276/3540 997/1291/3732 996/1290/3541
f 982/1277/3543 998/1293/3733 997/1291/3544
f 983/1292/3546 999/1312/3734 998/1293/3547
f 1000/1294/3549 999/1312/3735 983/1292/3550
f 1001/1295/3552 1000/1294/3736 984/1278/3553
f 1002/1296/3555 1001/1295/3737 985/1279/3556
f 1003/1297/3558 1002/1296/3738 986/1280/3559
f 988/1282/3561 1004/1300/3739 1003/1297/3562
f 989/1299/3564 1005/1301/3740 1004/1300/3565
f 990/1283/3567 1006/1303/3741 1005/1301/3568
f 991/1302/3570 1007/1320/3742 1006/1303/3571
f 1008/1304/3573 1007/1320/3743 991/1302/3574
f 1009/1305/3576 1008/1304/3744 992/1284/3577
f 1010/1306/3579 1009/1305/3745 993/1285/3580
f 995/1308/3582 1010/1306/3746 994/1307/3583
f 996/1290/3585 1012/1310/3747 1011/1309/3586
f 997/1291/3588 1013/1311/3748 1012/1310/3589
f 998/1293/3591 1014/1313/3749 1013/1311/3592
f 999/1312/3594 1015/1334/3750 1014/1313/3595
f 1016/1314/3597 1015/1334/3751 999/1312/3598
f 1017/1315/3600 1016/1314/3752 1000/1294/3601
f 1018/1316/3603 1017/1315/3753 1001/1295/3604
f 1019/1317/3606 1018/1316/3754 1002/1296/3607
f 1020/1318/3609 1019/1317/3755 1003/1297/3610
f 1005/1301/3612 1021/1319/3756 1020/1318/3613
f 1006/1303/3615 1022/1321/3757 1021/1319/3616
f 1007/1320/3618 1023/1351/3758 1022/1321/3619
f 1024/1322/3621 1023/1351/3759 1007/1320/3622
f 1025/1323/3624 1024/1322/3760 1008/1304/3625
f 1026/1324/3627 1025/1323/3761 1009/1305/3628
f 1011/1325/3630 1026/1324/3762 1010/1306/3631
o clouds_1_2.014
v 40.465424 20.921873 -42.674126
v 40.465424 22.330160 -42.674126
v 41.700687 20.885693 -43.726376
v 41.124016 20.797052 -44.222466
v 40.447163 20.995676 -44.455864
v 39.772057 20.928797 -44.443810
v 39.186642 20.749035 -44.175354
v 38.820026 20.855017 -43.646530
v 38.688293 20.806896 -42.983959
v 38.869335 21.209372 -42.271324
v 39.219936 20.708033 -41.613144
v 39.806862 20.798801 -41.125938
v 40.485218 20.937698 -40.885727
v 41.164032 20.850420 -40.894676
v 41.733345 20.859844 -41.185661
v 42.104774 20.907871 -41.706341
v 42.239494 20.834297 -42.365532
v 42.080421 21.001184 -43.077560
v 42.714500 21.288082 -44.589973
v 41.672260 21.229057 -45.484081
v 40.442978 21.323751 -45.915474
v 39.204952 21.227589 -45.905258
v 38.172653 21.259584 -45.365685
v 37.452480 21.143373 -44.450024
v 37.151112 20.901262 -43.258625
v 37.475178 21.127285 -41.928490
v 38.217148 21.293253 -40.758961
v 39.271858 21.512531 -39.930164
v 40.499851 21.140667 -39.379158
v 41.729046 21.208334 -39.437084
v 42.731327 21.373140 -40.014107
v 43.610847 20.665119 -40.797642
v 43.746273 21.021307 -42.102970
v 43.394035 21.387024 -43.417374
v 43.330711 21.663275 -45.114883
v 42.042820 21.421547 -46.350170
v 40.404381 21.271383 -47.053421
v 38.873924 21.575329 -46.790756
v 37.463535 21.435354 -46.198143
v 36.440128 21.245010 -45.061405
v 36.297176 21.495989 -43.373909
v 36.719696 21.664808 -41.707981
v 37.440296 21.224691 -40.097210
v 38.842049 21.021694 -38.781788
v 40.506603 21.406940 -38.387058
v 42.078781 21.517752 -38.516178
v 43.422943 21.515345 -39.202194
v 44.486706 21.251205 -40.289875
v 44.781158 21.268522 -41.916828
v 44.551208 21.049126 -43.657215
v 43.631058 21.662096 -45.370731
v 42.187798 21.662096 -46.722759
v 40.352245 21.662096 -47.637325
v 38.523315 21.662096 -47.545471
v 36.939816 21.662096 -46.812954
v 36.063992 21.662096 -45.291439
v 35.738926 21.662096 -43.514896
v 36.031944 21.662096 -41.608479
v 37.193356 21.662096 -39.886856
v 38.667568 21.662096 -38.278965
v 40.439896 21.662096 -38.364731
v 42.570599 21.662100 -37.493736
v 43.884521 21.662096 -38.660332
v 44.639740 21.662096 -40.227753
v 45.507187 21.662096 -41.711536
v 44.499950 21.662096 -43.717888
v 43.456558 22.006226 -45.222084
v 42.074398 22.177250 -46.498711
v 40.382462 22.202385 -47.155182
v 38.832329 21.858442 -46.869392
v 37.232819 22.304798 -46.468990
v 36.639526 21.771513 -44.910995
v 36.285686 21.845922 -43.378387
v 36.584064 21.904945 -41.701221
v 37.418835 22.158390 -40.078930
v 38.861382 22.134378 -38.872730
v 40.531319 22.085896 -38.272324
v 42.145294 21.981655 -38.390446
v 43.594929 22.118917 -39.000298
v 44.471684 22.049812 -40.301205
v 44.710564 21.946795 -41.944359
v 44.275574 21.776024 -43.643482
v 42.803295 22.608833 -44.665611
v 41.679192 22.243244 -45.518562
v 40.436428 22.100554 -45.944794
v 39.136692 22.513836 -46.033318
v 38.120747 22.283991 -45.426620
v 37.418999 22.301687 -44.475445
v 37.104866 22.588831 -43.277069
v 37.489178 22.137901 -41.929031
v 38.174652 22.305052 -40.722759
v 39.246109 22.361691 -39.802113
v 40.479828 21.877525 -39.468777
v 41.791084 22.495060 -39.320698
v 42.754440 22.048754 -39.986969
v 43.559471 22.473604 -40.836651
v 43.765404 22.371517 -42.095341
v 43.520676 22.470856 -43.422283
v 41.690578 22.289810 -43.717758
v 41.127514 22.654591 -44.240936
v 40.439785 22.558620 -44.487675
v 39.788052 22.196138 -44.414093
v 39.207249 22.366970 -44.151138
v 38.850853 22.228651 -43.622936
v 38.719627 22.263123 -42.971199
v 38.856361 22.283894 -42.270844
v 39.266567 21.940214 -41.652897
v 39.807533 22.462309 -41.129276
v 40.485645 22.397396 -40.883888
v 41.152473 22.314777 -40.916183
v 41.726849 22.394791 -41.193295
v 42.105724 22.416969 -41.705608
v 42.225697 22.368469 -42.371136
v 42.075375 22.291561 -43.077431
vn 0.2384 -0.9524 -0.1899
vn 0.2740 -0.9430 -0.1887
vn 0.3047 -0.9338 -0.1874
vn -0.0282 -0.9576 -0.2866
vn -0.1089 -0.9608 -0.2551
vn -0.2064 -0.9548 -0.2140
vn 0.0794 -0.9715 -0.2235
vn 0.0839 -0.9702 -0.2271
vn 0.0917 -0.9680 -0.2335
vn -0.0501 -0.9645 -0.2591
vn -0.0186 -0.9509 -0.3090
vn 0.0709 -0.8934 -0.4436
vn -0.2391 -0.9614 -0.1362
vn -0.1887 -0.9694 -0.1571
vn -0.3761 -0.9235 -0.0757
vn -0.0915 -0.9846 -0.1489
vn -0.0615 -0.9829 -0.1738
vn -0.1482 -0.9838 -0.1009
vn -0.0454 -0.9284 0.3688
vn 0.0234 -0.9652 0.2604
vn -0.1438 -0.8456 0.5141
vn -0.1838 -0.9513 -0.2476
vn -0.2459 -0.9663 0.0758
vn -0.0926 -0.8152 -0.5717
vn -0.1681 -0.8873 0.4294
vn -0.1950 -0.8825 0.4279
vn -0.2182 -0.8779 0.4264
vn -0.2746 -0.9173 0.2885
vn -0.0776 -0.9722 0.2210
vn 0.1543 -0.9794 0.1304
vn 0.0054 -0.9838 0.1791
vn -0.0394 -0.9756 0.2161
vn -0.1188 -0.9526 0.2800
vn 0.2138 -0.9585 0.1885
vn 0.1998 -0.9566 0.2122
vn 0.1586 -0.9469 0.2797
vn -0.0542 -0.9575 0.2833
vn -0.1522 -0.9371 0.3140
vn 0.3178 -0.9378 0.1402
vn -0.0394 -0.9965 -0.0731
vn 0.0524 -0.9869 -0.1523
vn -0.1989 -0.9776 0.0685
vn 0.1755 -0.9437 -0.2805
vn 0.1849 -0.9369 -0.2968
vn 0.1634 -0.9518 -0.2596
vn 0.2890 -0.9568 -0.0313
vn 0.2949 -0.9530 -0.0698
vn 0.2830 -0.9591 0.0051
vn 0.2718 -0.9462 -0.1755
vn 0.2935 -0.9383 -0.1831
vn 0.1762 -0.9742 -0.1411
vn 0.0188 -0.9989 -0.0421
vn 0.0594 -0.9954 -0.0748
vn -0.0938 -0.9944 0.0489
vn -0.0377 -0.9763 -0.2130
vn -0.1133 -0.9902 -0.0815
vn 0.0682 -0.9197 -0.3867
vn -0.0816 -0.9750 -0.2068
vn -0.0660 -0.9561 -0.2856
vn -0.0966 -0.9873 -0.1262
vn -0.0137 -0.9862 -0.1648
vn -0.0308 -0.9858 -0.1649
vn -0.0506 -0.9850 -0.1648
vn -0.3942 -0.9188 -0.0197
vn -0.2332 -0.9680 -0.0926
vn 0.0190 -0.9807 -0.1945
vn -0.5443 -0.8043 0.2384
vn -0.5525 -0.7960 0.2472
vn -0.5745 -0.7723 0.2712
vn -0.2630 -0.9641 0.0376
vn -0.3008 -0.9481 0.1035
vn -0.4512 -0.7980 0.3995
vn 0.1719 -0.9672 -0.1872
vn 0.1765 -0.9661 -0.1885
vn 0.3759 -0.8946 -0.2417
vn -0.0526 -0.9983 -0.0263
vn 0.0355 -0.9947 -0.0964
vn -0.3791 -0.8931 0.2423
vn 0.0753 -0.9570 0.2803
vn 0.0820 -0.9596 0.2692
vn 0.0664 -0.9532 0.2950
vn 0.1622 -0.9804 0.1115
vn 0.1477 -0.9685 0.2006
vn 0.1752 -0.9843 0.0232
vn 0.0288 -0.8335 0.5518
vn -0.0075 -0.9313 0.3642
vn 0.0620 -0.7049 0.7066
vn 0.3679 -0.9293 -0.0324
vn 0.4690 -0.8796 -0.0800
vn 0.6083 -0.7795 -0.1496
vn -0.0512 -0.9982 -0.0315
vn 0.0193 -0.9952 -0.0964
vn 0.2747 -0.9048 -0.3254
vn 0.0278 -0.9865 -0.1616
vn -0.0347 -0.9866 -0.1593
vn 0.4093 -0.8980 -0.1614
vn 0.3914 -0.8774 -0.2776
vn 0.0933 -0.9935 -0.0656
vn 0.4768 -0.8113 -0.3383
vn 0.2910 -0.7959 -0.5310
vn 0.2481 -0.8398 -0.4828
vn 0.3066 -0.7782 -0.5481
vn -0.1648 -0.9756 -0.1448
vn -0.0676 -0.8909 -0.4491
vn -0.1982 -0.9800 -0.0206
vn -0.0402 -0.9642 -0.2621
vn -0.0428 -0.9897 -0.1366
vn -0.0389 -0.9478 -0.3164
vn -0.4137 -0.7974 -0.4392
vn -0.2845 -0.9365 -0.2050
vn -0.4605 -0.7095 -0.5334
vn -0.3623 -0.9313 -0.0366
vn -0.6701 -0.7420 0.0172
vn -0.7515 -0.6588 0.0343
vn -0.0592 -0.9977 0.0336
vn -0.2347 -0.9635 0.1288
vn -0.3213 -0.9305 0.1758
vn -0.6302 -0.7592 0.1628
vn -0.1879 -0.9810 0.0474
vn -0.8053 -0.5550 0.2086
vn -0.5955 -0.5910 0.5441
vn -0.5934 -0.5939 0.5434
vn -0.5963 -0.5899 0.5444
vn -0.1360 -0.2796 0.9504
vn 0.0118 -0.5663 0.8241
vn -0.1985 -0.1368 0.9705
vn 0.0257 -0.9753 0.2192
vn -0.3067 -0.4520 0.8377
vn 0.0783 -0.9917 0.1023
vn 0.0913 -0.9829 0.1597
vn 0.0881 -0.9897 0.1128
vn 0.0930 -0.9782 0.1857
vn 0.5763 -0.5492 0.6052
vn 0.2580 -0.9511 0.1700
vn 0.6297 -0.3401 0.6984
vn 0.4948 -0.8363 0.2363
vn 0.8219 -0.5357 0.1936
vn 0.9165 -0.3658 0.1620
vn 0.9526 -0.2303 -0.1990
vn 0.6719 -0.6947 -0.2567
vn 0.9879 0.0688 -0.1392
vn 0.2080 -0.9622 -0.1759
vn 0.7533 -0.1863 -0.6307
vn 0.7669 0.0006 -0.6418
vn 0.6296 0.4476 -0.6350
vn 0.5892 0.5210 -0.6176
vn 0.5701 0.5519 -0.6086
vn 0.3196 0.5828 -0.7471
vn 0.3745 0.4891 -0.7877
vn 0.4009 0.4382 -0.8046
vn -0.2034 0.9271 -0.3147
vn -0.0869 0.7623 -0.6413
vn -0.0374 0.6665 -0.7446
vn -0.0899 0.6490 -0.7555
vn -0.1067 0.9218 -0.3727
vn -0.1072 0.9668 -0.2318
vn -0.2931 0.9507 -0.1010
vn -0.7562 0.6355 -0.1560
vn -0.1360 0.9876 -0.0783
vn -0.2762 0.9592 -0.0602
vn -0.1703 0.9826 -0.0747
vn -0.3056 0.9505 -0.0559
vn -0.3805 0.9232 0.0537
vn -0.3417 0.9392 0.0335
vn -0.3934 0.9174 0.0605
vn -0.7071 0.6296 0.3217
vn -0.4768 0.8359 0.2720
vn -0.3566 0.9027 0.2406
vn -0.5037 0.7040 0.5006
vn -0.5333 0.5973 0.5990
vn -0.4832 0.7552 0.4430
vn -0.2718 0.1202 0.9548
vn -0.0336 0.6777 0.7345
vn 0.0304 0.7774 0.6283
vn -0.1502 0.8429 0.5167
vn -0.0175 0.1727 0.9848
vn -0.1631 0.9024 0.3989
vn 0.2334 0.7807 0.5797
vn 0.2189 0.9224 0.3183
vn 0.2111 0.9481 0.2378
vn 0.7827 0.4819 0.3939
vn 0.6593 0.6440 0.3881
vn 0.8145 0.4274 0.3924
vn 0.3810 0.9094 0.1665
vn 0.7917 0.5965 0.1316
vn 0.2878 0.9428 0.1682
vn 0.3888 0.9013 -0.1909
vn 0.3806 0.9049 -0.1905
vn 0.3793 0.9055 -0.1904
vn 0.7156 0.5990 -0.3593
vn 0.5013 0.8517 -0.1529
vn 0.7422 0.5449 -0.3902
vn 0.1323 0.9518 -0.2767
vn 0.1843 0.9378 -0.2941
vn 0.4413 0.8184 -0.3681
vn -0.0593 0.9980 0.0221
vn -0.0365 0.9993 0.0040
vn 0.0354 0.9980 -0.0529
vn 0.0847 0.9180 -0.3874
vn -0.0485 0.9837 -0.1734
vn -0.1997 0.9756 0.0910
vn -0.0705 0.9839 -0.1642
vn -0.0091 0.9164 -0.4001
vn 0.0588 0.7751 -0.6290
vn -0.4085 0.9119 0.0396
vn -0.2120 0.9770 0.0213
vn -0.5826 0.8108 0.0557
vn -0.5705 0.7879 -0.2317
vn -0.5191 0.8144 -0.2595
vn -0.6475 0.7392 -0.1854
vn -0.4323 0.8834 0.1810
vn -0.5024 0.8276 0.2504
vn -0.2469 0.9690 0.0098
vn -0.2321 0.9725 -0.0203
vn -0.2347 0.9719 -0.0159
vn -0.2216 0.9744 -0.0382
vn -0.1368 0.9805 0.1412
vn -0.1292 0.9819 0.1386
vn -0.0867 0.9886 0.1234
vn 0.2130 0.9770 -0.0028
vn 0.1367 0.9886 0.0634
vn -0.0500 0.9747 0.2177
vn -0.2514 0.9204 0.2995
vn -0.1145 0.9901 0.0813
vn 0.0508 0.9835 -0.1735
vn 0.2070 0.9782 -0.0173
vn 0.1616 0.9621 0.2196
vn 0.1051 0.8871 0.4495
vn 0.1282 0.9742 0.1857
vn -0.0752 0.9788 0.1905
vn 0.3297 0.9281 0.1729
vn 0.4143 0.9101 -0.0000
vn 0.4176 0.9086 -0.0014
vn 0.4096 0.9123 0.0023
vn 0.5476 0.8234 -0.1489
vn 0.5194 0.8463 -0.1181
vn 0.6204 0.7485 -0.2341
vn 0.5920 0.7750 -0.2213
vn 0.5933 0.7729 -0.2249
vn 0.5774 0.7955 -0.1836
vn -0.0829 0.9962 -0.0252
vn 0.2579 0.9658 -0.0266
vn -0.2935 0.9557 -0.0229
vn -0.0093 0.9521 -0.3058
vn -0.0169 0.9528 -0.3030
vn -0.0036 0.9514 -0.3079
vn 0.0669 0.9941 -0.0852
vn -0.1207 0.9900 0.0730
vn 0.3080 0.9074 -0.2860
vn 0.0012 0.9964 0.0844
vn 0.0502 0.9987 0.0039
vn -0.0854 0.9707 0.2248
vn -0.0826 0.9945 0.0639
vn -0.0412 0.9980 0.0473
vn 0.0431 0.9990 0.0132
vn 0.1420 0.9851 -0.0975
vn 0.1833 0.9739 -0.1335
vn 0.2258 0.9591 -0.1706
vn 0.1221 0.9887 0.0872
vn 0.0424 0.9743 0.2214
vn -0.0205 0.9464 0.3224
vn 0.0743 0.9730 0.2186
vn 0.1186 0.9915 -0.0533
vn 0.1408 0.9667 -0.2139
vn -0.1754 0.9208 -0.3483
vn -0.1285 0.9823 -0.1361
vn -0.0862 0.9955 0.0390
vn 0.2190 0.9447 0.2440
vn 0.1078 0.9506 0.2911
vn 0.3101 0.9291 0.2016
vn -0.2796 0.9441 0.1745
vn -0.1542 0.9858 0.0672
vn -0.4335 0.8464 0.3092
vn 0.1969 0.9786 -0.0594
vn 0.1529 0.9881 0.0193
vn 0.2818 0.9343 -0.2184
vn -0.0360 0.9743 0.2223
vn -0.0884 0.9666 0.2405
vn -0.2025 0.9391 0.2777
vn 0.0076 0.9972 -0.0749
vn 0.0100 0.9970 -0.0770
vn 0.0122 0.9968 -0.0789
vn -0.0288 0.9991 -0.0317
vn -0.0714 0.9966 0.0417
vn -0.1008 0.9906 0.0927
vn -0.1147 0.9878 0.1054
vn -0.1221 0.9803 0.1553
vn -0.1257 0.9755 0.1808
vn 0.0613 -0.9925 0.1061
vn 0.2953 0.9031 0.3118
vn -0.2696 -0.9623 -0.0371
vn -0.1811 0.9754 0.1254
vn 0.0977 -0.9943 -0.0422
vn -0.4726 0.8735 0.1167
vn 0.2492 -0.9631 -0.1014
vn 0.2126 0.9644 -0.1570
vn -0.0544 -0.9856 0.1598
vn -0.1516 0.9765 0.1534
vn 0.0744 -0.9956 -0.0575
vn -0.0284 0.9979 -0.0585
vn -0.0306 -0.8670 0.4974
vn -0.0345 0.9991 -0.0229
vn -0.2724 -0.8298 -0.4870
vn 0.0848 0.8936 0.4407
vn 0.1609 -0.9869 -0.0100
vn -0.5078 0.8127 -0.2858
vn 0.1984 -0.9801 0.0065
vn 0.1206 0.9920 -0.0382
vn 0.1090 0.9933 -0.0385
vn 0.1097 0.9932 -0.0383
vn -0.1274 -0.9918 0.0102
vn 0.1210 0.9919 -0.0386
vn -0.0033 -0.9992 -0.0388
vn -0.1128 0.9922 0.0528
vn 0.0322 -0.9971 -0.0690
vn -0.0545 0.9985 0.0029
vn -0.0660 -0.9931 0.0974
vn -0.0089 0.9972 -0.0743
vn -0.0087 -0.9740 -0.2263
vn -0.0031 0.9942 -0.1076
vn 0.0807 -0.9884 0.1287
vn 0.0202 0.9997 -0.0149
vn 0.2177 -0.9573 -0.1905
vn 0.0356 -0.9501 -0.3099
vn 0.0738 -0.9730 -0.2189
vn -0.1125 -0.9812 -0.1570
vn -0.0910 -0.9765 -0.1955
vn -0.0235 -0.9785 -0.2048
vn 0.0936 -0.9851 0.1446
vn -0.2741 -0.9126 0.3034
vn -0.1529 -0.8898 0.4300
vn -0.4055 -0.8533 0.3279
vn 0.0607 -0.9893 0.1327
vn 0.2401 -0.9602 0.1427
vn -0.3607 -0.8565 0.3691
vn 0.1612 -0.9562 -0.2442
vn 0.1930 -0.9307 -0.3107
vn 0.2982 -0.9500 -0.0926
vn 0.3715 -0.9043 -0.2103
vn 0.1543 -0.9764 -0.1510
vn -0.1860 -0.9812 0.0515
vn -0.0532 -0.9361 -0.3477
vn 0.0005 -0.9863 -0.1647
vn -0.5766 -0.8139 0.0722
vn -0.5233 -0.8242 0.2163
vn -0.1015 -0.9703 -0.2197
vn -0.0224 -0.9914 -0.1291
vn 0.2800 -0.9162 -0.2868
vn 0.0890 -0.9621 0.2576
vn 0.1355 -0.9536 0.2689
vn -0.0362 -0.9787 0.2023
vn 0.2270 -0.9734 0.0307
vn -0.2476 -0.9567 0.1533
vn -0.3045 -0.9419 -0.1419
vn -0.0021 -1.0000 0.0022
vn 0.2306 -0.8559 -0.4629
vn -0.0278 -0.8319 -0.5542
vn -0.0435 -0.9946 -0.0941
vn -0.2476 -0.9583 -0.1425
vn -0.2732 -0.9607 -0.0500
vn 0.0039 -1.0000 -0.0006
vn 0.0036 -1.0000 -0.0024
vn -0.5922 -0.5954 0.5429
vn 0.0383 -0.6106 0.7910
vn -0.3724 -0.1771 0.9110
vn 0.0871 -0.9914 0.0981
vn 0.1981 -0.9755 0.0954
vn 0.4095 -0.8803 0.2394
vn 0.5159 -0.8166 -0.2590
vn -0.0027 -1.0000 0.0014
vn 0.6433 0.4200 -0.6402
vn 0.2895 0.6282 -0.7221
vn -0.2428 0.9557 -0.1666
vn -0.0774 0.4976 -0.8639
vn -0.8616 0.4804 -0.1637
vn -0.1354 0.9876 -0.0792
vn -0.3240 0.9457 0.0244
vn -0.8020 0.4942 0.3355
vn -0.5481 0.5066 0.6656
vn -0.3388 -0.1301 0.9318
vn 0.0567 -0.2244 0.9729
vn 0.2325 0.6712 0.7038
vn 0.6235 0.6810 0.3840
vn 0.9049 0.4122 0.1057
vn 0.3933 0.8993 -0.1911
vn 0.4269 0.8998 -0.0903
vn -0.2032 0.9680 -0.1471
vn -0.1438 0.9856 0.0893
vn 0.2695 0.7078 -0.6530
vn -0.1393 0.9806 0.1382
vn 0.0243 0.9997 -0.0007
vn -0.4086 0.8575 -0.3126
vn -0.6420 0.6532 0.4015
vn -0.2477 0.9688 0.0065
vn -0.1880 0.9692 0.1592
vn 0.4001 0.8998 -0.1739
vn -0.4049 0.7266 0.5551
vn 0.2426 0.9310 -0.2728
vn -0.2972 0.9364 0.1866
vn 0.4234 0.9060 -0.0042
vn 0.4109 0.9117 -0.0075
vn 0.6087 0.7467 -0.2683
vn 0.5598 0.8283 -0.0250
vn -0.0255 0.9537 -0.2997
vn -0.4283 0.8385 0.3368
vn 0.1831 0.9585 -0.2183
vn -0.2080 0.9715 0.1140
vn 0.0734 0.9966 -0.0379
vn 0.2099 0.9752 -0.0699
vn 0.0244 0.8805 0.4735
vn -0.2177 0.7943 -0.5671
vn -0.0349 0.9381 0.3445
vn 0.1140 0.9811 -0.1565
vn -0.0006 0.9611 0.2762
vn 0.1495 0.9769 0.1529
vn 0.0041 0.9974 -0.0719
vn 0.0181 0.9935 -0.1120
vn -0.1082 0.9922 0.0623
vt 0.062500 0.250000
vt 0.000000 0.125000
vt 0.062500 0.125000
vt 0.125000 0.250000
vt 0.125000 0.125000
vt 0.187500 0.250000
vt 0.187500 0.125000
vt 0.250000 0.250000
vt 0.250000 0.125000
vt 0.312500 0.125000
vt 0.375000 0.125000
vt 0.312500 0.250000
vt 0.437500 0.125000
vt 0.375000 0.250000
vt 0.500000 0.125000
vt 0.437500 0.250000
vt 0.562500 0.250000
vt 0.562500 0.125000
vt 0.625000 0.250000
vt 0.625000 0.125000
vt 0.687500 0.250000
vt 0.687500 0.125000
vt 0.750000 0.250000
vt 0.750000 0.125000
vt 0.812500 0.125000
vt 0.875000 0.125000
vt 0.812500 0.250000
vt 0.937500 0.125000
vt 0.875000 0.250000
vt 1.000000 0.125000
vt 0.937500 0.250000
vt 0.062500 0.375000
vt 0.000000 0.250000
vt 0.125000 0.375000
vt 0.187500 0.375000
vt 0.250000 0.375000
vt 0.312500 0.375000
vt 0.375000 0.375000
vt 0.500000 0.250000
vt 0.437500 0.375000
vt 0.562500 0.375000
vt 0.625000 0.375000
vt 0.687500 0.375000
vt 0.750000 0.375000
vt 0.812500 0.375000
vt 0.875000 0.375000
vt 1.000000 0.375000
vt 1.000000 0.250000
vt 0.062500 0.500000
vt 0.000000 0.375000
vt 0.125000 0.500000
vt 0.187500 0.500000
vt 0.250000 0.500000
vt 0.312500 0.500000
vt 0.375000 0.500000
vt 0.500000 0.500000
vt 0.500000 0.375000
vt 0.562500 0.500000
vt 0.625000 0.500000
vt 0.687500 0.500000
vt 0.750000 0.500000
vt 0.812500 0.500000
vt 0.937500 0.500000
vt 0.937500 0.375000
vt 0.000000 0.625000
vt 0.000000 0.500000
vt 0.062500 0.625000
vt 0.125000 0.625000
vt 0.187500 0.625000
vt 0.312500 0.625000
vt 0.375000 0.625000
vt 0.437500 0.625000
vt 0.437500 0.500000
vt 0.562500 0.625000
vt 0.687500 0.625000
vt 0.812500 0.625000
vt 0.875000 0.625000
vt 0.875000 0.500000
vt 1.000000 0.625000
vt 1.000000 0.500000
vt 0.000000 0.750000
vt 0.062500 0.750000
vt 0.125000 0.750000
vt 0.250000 0.625000
vt 0.187500 0.750000
vt 0.312500 0.750000
vt 0.375000 0.750000
vt 0.437500 0.750000
vt 0.500000 0.750000
vt 0.500000 0.625000
vt 0.625000 0.625000
vt 0.562500 0.750000
vt 0.625000 0.750000
vt 0.750000 0.625000
vt 0.687500 0.750000
vt 0.812500 0.750000
vt 0.875000 0.750000
vt 0.937500 0.750000
vt 0.937500 0.625000
vt 1.000000 0.750000
vt 0.000000 0.875000
vt 0.062500 0.875000
vt 0.125000 0.875000
vt 0.250000 0.750000
vt 0.187500 0.875000
vt 0.312500 0.875000
vt 0.375000 0.875000
vt 0.437500 0.875000
vt 0.500000 0.875000
vt 0.562500 0.875000
vt 0.625000 0.875000
vt 0.750000 0.750000
vt 0.687500 0.875000
vt 0.812500 0.875000
vt 0.875000 0.875000
vt 0.937500 0.875000
vt 1.000000 0.875000
vt 0.000000 0.000000
vt 0.000000 1.000000
vt 0.062500 0.000000
vt 0.062500 1.000000
vt 0.125000 0.000000
vt 0.125000 1.000000
vt 0.187500 0.000000
vt 0.187500 1.000000
vt 0.250000 0.875000
vt 0.250000 0.000000
vt 0.250000 1.000000
vt 0.312500 0.000000
vt 0.312500 1.000000
vt 0.375000 0.000000
vt 0.375000 1.000000
vt 0.437500 0.000000
vt 0.437500 1.000000
vt 0.500000 0.000000
vt 0.500000 1.000000
vt 0.562500 0.000000
vt 0.562500 1.000000
vt 0.625000 0.000000
vt 0.625000 1.000000
vt 0.687500 0.000000
vt 0.687500 1.000000
vt 0.750000 0.875000
vt 0.750000 0.000000
vt 0.750000 1.000000
vt 0.812500 0.000000
vt 0.812500 1.000000
vt 0.875000 0.000000
vt 0.875000 1.000000
vt 0.937500 0.000000
vt 0.937500 1.000000
s 1
usemtl Arancio.006
f 1046/1360/3763 1029/1361/3764 1030/1362/3765
f 1047/1363/3766 1030/1362/3767 1031/1364/3768
f 1048/1365/3769 1031/1364/3770 1032/1366/3771
f 1049/1367/3772 1032/1366/3773 1033/1368/3774
f 1034/1369/3775 1049/1367/3776 1033/1368/3777
f 1035/1370/3778 1050/1371/3779 1034/1369/3780
f 1036/1372/3781 1051/1373/3782 1035/1370/3783
f 1037/1374/3784 1052/1375/3785 1036/1372/3786
f 1054/1376/3787 1037/1374/3788 1038/1377/3789
f 1055/1378/3790 1038/1377/3791 1039/1379/3792
f 1056/1380/3793 1039/1379/3794 1040/1381/3795
f 1057/1382/3796 1040/1381/3797 1041/1383/3798
f 1042/1384/3799 1057/1382/3800 1041/1383/3801
f 1043/1385/3802 1058/1386/3803 1042/1384/3804
f 1044/1387/3805 1059/1388/3806 1043/1385/3807
f 1029/1389/3808 1060/1390/3809 1044/1387/3810
f 1062/1391/3811 1045/1392/3812 1046/1360/3813
f 1063/1393/3814 1046/1360/3815 1047/1363/3816
f 1064/1394/3817 1047/1363/3818 1048/1365/3819
f 1065/1395/3820 1048/1365/3821 1049/1367/3822
f 1050/1371/3823 1065/1395/3824 1049/1367/3825
f 1051/1373/3826 1066/1396/3827 1050/1371/3828
f 1052/1375/3829 1067/1397/3830 1051/1373/3831
f 1053/1398/3832 1068/1399/3833 1052/1375/3834
f 1070/1400/3835 1053/1398/3836 1054/1376/3837
f 1071/1401/3838 1054/1376/3839 1055/1378/3840
f 1072/1402/3841 1055/1378/3842 1056/1380/3843
f 1073/1403/3844 1056/1380/3845 1057/1382/3846
f 1074/1404/3847 1057/1382/3848 1058/1386/3849
f 1059/1388/3850 1074/1404/3851 1058/1386/3852
f 1060/1390/3853 1075/1405/3854 1059/1388/3855
f 1061/1406/3856 1060/1390/3857 1045/1407/3858
f 1078/1408/3859 1061/1409/3860 1062/1391/3861
f 1079/1410/3862 1062/1391/3863 1063/1393/3864
f 1080/1411/3865 1063/1393/3866 1064/1394/3867
f 1081/1412/3868 1064/1394/3869 1065/1395/3870
f 1082/1413/3871 1065/1395/3872 1066/1396/3873
f 1067/1397/3874 1082/1413/3875 1066/1396/3876
f 1068/1399/3877 1083/1414/3878 1067/1397/3879
f 1085/1415/3880 1068/1399/3881 1069/1416/3882
f 1086/1417/3883 1069/1416/3884 1070/1400/3885
f 1087/1418/3886 1070/1400/3887 1071/1401/3888
f 1088/1419/3889 1071/1401/3890 1072/1402/3891
f 1089/1420/3892 1072/1402/3893 1073/1403/3894
f 1090/1421/3895 1073/1403/3896 1074/1404/3897
f 1075/1405/3898 1090/1421/3899 1074/1404/3900
f 1092/1422/3901 1075/1405/3902 1076/1423/3903
f 1061/1406/3904 1092/1422/3905 1076/1423/3906
f 1078/1408/3907 1093/1424/3908 1077/1425/3909
f 1079/1410/3910 1094/1426/3911 1078/1408/3912
f 1080/1411/3913 1095/1427/3914 1079/1410/3915
f 1081/1412/3916 1096/1428/3917 1080/1411/3918
f 1098/1429/3919 1081/1412/3920 1082/1413/3921
f 1099/1430/3922 1082/1413/3923 1083/1414/3924
f 1100/1431/3925 1083/1414/3926 1084/1432/3927
f 1085/1415/3928 1100/1431/3929 1084/1432/3930
f 1102/1433/3931 1085/1415/3932 1086/1417/3933
f 1087/1418/3934 1102/1433/3935 1086/1417/3936
f 1104/1434/3937 1087/1418/3938 1088/1419/3939
f 1089/1420/3940 1104/1434/3941 1088/1419/3942
f 1106/1435/3943 1089/1420/3944 1090/1421/3945
f 1107/1436/3946 1090/1421/3947 1091/1437/3948
f 1092/1422/3949 1107/1436/3950 1091/1437/3951
f 1093/1438/3952 1092/1422/3953 1077/1439/3954
f 1094/1426/3955 1109/1440/3956 1093/1424/3957
f 1095/1427/3958 1110/1441/3959 1094/1426/3960
f 1096/1428/3961 1111/1442/3962 1095/1427/3963
f 1097/1443/3964 1112/1444/3965 1096/1428/3966
f 1114/1445/3967 1097/1443/3968 1098/1429/3969
f 1115/1446/3970 1098/1429/3971 1099/1430/3972
f 1116/1447/3973 1099/1430/3974 1100/1431/3975
f 1117/1448/3976 1100/1431/3977 1101/1449/3978
f 1102/1433/3979 1117/1448/3980 1101/1449/3981
f 1103/1450/3982 1118/1451/3983 1102/1433/3984
f 1104/1434/3985 1119/1452/3986 1103/1450/3987
f 1105/1453/3988 1120/1454/3989 1104/1434/3990
f 1122/1455/3991 1105/1453/3992 1106/1435/3993
f 1123/1456/3994 1106/1435/3995 1107/1436/3996
f 1124/1457/3997 1107/1436/3998 1108/1458/3999
f 1109/1459/4000 1108/1458/4001 1093/1438/4002
f 1110/1441/4003 1125/1460/4004 1109/1440/4005
f 1111/1442/4006 1126/1461/4007 1110/1441/4008
f 1112/1444/4009 1127/1462/4010 1111/1442/4011
f 1113/1463/4012 1128/1464/4013 1112/1444/4014
f 1130/1465/4015 1113/1463/4016 1114/1445/4017
f 1131/1466/4018 1114/1445/4019 1115/1446/4020
f 1132/1467/4021 1115/1446/4022 1116/1447/4023
f 1133/1468/4024 1116/1447/4025 1117/1448/4026
f 1134/1469/4027 1117/1448/4028 1118/1451/4029
f 1119/1452/4030 1134/1469/4031 1118/1451/4032
f 1120/1454/4033 1135/1470/4034 1119/1452/4035
f 1121/1471/4036 1136/1472/4037 1120/1454/4038
f 1138/1473/4039 1121/1471/4040 1122/1455/4041
f 1139/1474/4042 1122/1455/4043 1123/1456/4044
f 1140/1475/4045 1123/1456/4046 1124/1457/4047
f 1125/1476/4048 1124/1457/4049 1109/1459/4050
f 1030/1362/4051 1029/1361/4051 1027/1477/4051
f 1028/1478/4052 1125/1460/4052 1126/1461/4052
f 1031/1364/4053 1030/1362/4053 1027/1479/4053
f 1028/1480/4054 1126/1461/4054 1127/1462/4054
f 1032/1366/4055 1031/1364/4055 1027/1481/4055
f 1028/1482/4056 1127/1462/4056 1128/1464/4056
f 1033/1368/4057 1032/1366/4057 1027/1483/4057
f 1028/1484/4058 1128/1464/4058 1129/1485/4058
f 1034/1369/4059 1033/1368/4059 1027/1486/4059
f 1028/1487/4060 1129/1485/4060 1130/1465/4060
f 1035/1370/4061 1034/1369/4061 1027/1488/4061
f 1028/1489/4062 1130/1465/4062 1131/1466/4062
f 1036/1372/4063 1035/1370/4063 1027/1490/4063
f 1028/1491/4064 1131/1466/4064 1132/1467/4064
f 1037/1374/4065 1036/1372/4065 1027/1492/4065
f 1028/1493/4066 1132/1467/4066 1133/1468/4066
f 1038/1377/4067 1037/1374/4067 1027/1494/4067
f 1028/1495/4068 1133/1468/4068 1134/1469/4068
f 1039/1379/4069 1038/1377/4069 1027/1496/4069
f 1028/1497/4070 1134/1469/4071 1135/1470/4072
f 1040/1381/4073 1039/1379/4073 1027/1498/4073
f 1028/1499/4070 1135/1470/4072 1136/1472/4074
f 1041/1383/4075 1040/1381/4075 1027/1500/4075
f 1028/1501/4076 1136/1472/4076 1137/1502/4076
f 1042/1384/4077 1041/1383/4077 1027/1503/4077
f 1028/1504/4078 1137/1502/4078 1138/1473/4078
f 1043/1385/4079 1042/1384/4079 1027/1505/4079
f 1028/1506/4080 1138/1473/4080 1139/1474/4080
f 1044/1387/4081 1043/1385/4081 1027/1507/4081
f 1028/1508/4082 1139/1474/4082 1140/1475/4082
f 1029/1389/4083 1044/1387/4083 1027/1509/4083
f 1028/1510/4084 1140/1475/4084 1125/1476/4084
f 1046/1360/3763 1045/1392/4085 1029/1361/3764
f 1047/1363/3766 1046/1360/4086 1030/1362/3767
f 1048/1365/3769 1047/1363/4087 1031/1364/3770
f 1049/1367/3772 1048/1365/4088 1032/1366/3773
f 1034/1369/3775 1050/1371/4089 1049/1367/3776
f 1035/1370/3778 1051/1373/4090 1050/1371/3779
f 1036/1372/3781 1052/1375/4091 1051/1373/3782
f 1037/1374/3784 1053/1398/4092 1052/1375/3785
f 1054/1376/3787 1053/1398/4093 1037/1374/3788
f 1055/1378/3790 1054/1376/4094 1038/1377/3791
f 1056/1380/3793 1055/1378/4095 1039/1379/3794
f 1057/1382/3796 1056/1380/4096 1040/1381/3797
f 1042/1384/3799 1058/1386/4097 1057/1382/3800
f 1043/1385/3802 1059/1388/4098 1058/1386/3803
f 1044/1387/3805 1060/1390/4099 1059/1388/3806
f 1029/1389/3808 1045/1407/4100 1060/1390/3809
f 1062/1391/3811 1061/1409/4101 1045/1392/3812
f 1063/1393/3814 1062/1391/4102 1046/1360/3815
f 1064/1394/3817 1063/1393/4103 1047/1363/3818
f 1065/1395/3820 1064/1394/4104 1048/1365/3821
f 1050/1371/3823 1066/1396/4105 1065/1395/3824
f 1051/1373/3826 1067/1397/4106 1066/1396/3827
f 1052/1375/3829 1068/1399/4107 1067/1397/3830
f 1053/1398/3832 1069/1416/4108 1068/1399/3833
f 1070/1400/3835 1069/1416/4109 1053/1398/3836
f 1071/1401/3838 1070/1400/4110 1054/1376/3839
f 1072/1402/3841 1071/1401/4111 1055/1378/3842
f 1073/1403/3844 1072/1402/4112 1056/1380/3845
f 1074/1404/3847 1073/1403/4113 1057/1382/3848
f 1059/1388/3850 1075/1405/4114 1074/1404/3851
f 1060/1390/3853 1076/1423/4115 1075/1405/3854
f 1061/1406/3856 1076/1423/4116 1060/1390/3857
f 1078/1408/3859 1077/1425/4117 1061/1409/3860
f 1079/1410/3862 1078/1408/4118 1062/1391/3863
f 1080/1411/3865 1079/1410/4119 1063/1393/3866
f 1081/1412/3868 1080/1411/4120 1064/1394/3869
f 1082/1413/3871 1081/1412/4121 1065/1395/3872
f 1067/1397/3874 1083/1414/4122 1082/1413/3875
f 1068/1399/3877 1084/1432/4123 1083/1414/3878
f 1085/1415/3880 1084/1432/4124 1068/1399/3881
f 1086/1417/3883 1085/1415/4125 1069/1416/3884
f 1087/1418/3886 1086/1417/4126 1070/1400/3887
f 1088/1419/3889 1087/1418/4127 1071/1401/3890
f 1089/1420/3892 1088/1419/4128 1072/1402/3893
f 1090/1421/3895 1089/1420/4129 1073/1403/3896
f 1075/1405/3898 1091/1437/4130 1090/1421/3899
f 1092/1422/3901 1091/1437/4131 1075/1405/3902
f 1061/1406/3904 1077/1439/4132 1092/1422/3905
f 1078/1408/3907 1094/1426/4133 1093/1424/3908
f 1079/1410/3910 1095/1427/4134 1094/1426/3911
f 1080/1411/3913 1096/1428/4135 1095/1427/3914
f 1081/1412/3916 1097/1443/4136 1096/1428/3917
f 1098/1429/3919 1097/1443/4137 1081/1412/3920
f 1099/1430/3922 1098/1429/4138 1082/1413/3923
f 1100/1431/3925 1099/1430/4139 1083/1414/3926
f 1085/1415/3928 1101/1449/4140 1100/1431/3929
f 1102/1433/3931 1101/1449/4141 1085/1415/3932
f 1087/1418/3934 1103/1450/4142 1102/1433/3935
f 1104/1434/3937 1103/1450/4143 1087/1418/3938
f 1089/1420/3940 1105/1453/4144 1104/1434/3941
f 1106/1435/3943 1105/1453/4145 1089/1420/3944
f 1107/1436/3946 1106/1435/4146 1090/1421/3947
f 1092/1422/3949 1108/1458/4147 1107/1436/3950
f 1093/1438/3952 1108/1458/4148 1092/1422/3953
f 1094/1426/3955 1110/1441/4149 1109/1440/3956
f 1095/1427/3958 1111/1442/4150 1110/1441/3959
f 1096/1428/3961 1112/1444/4151 1111/1442/3962
f 1097/1443/3964 1113/1463/4152 1112/1444/3965
f 1114/1445/3967 1113/1463/4153 1097/1443/3968
f 1115/1446/3970 1114/1445/4154 1098/1429/3971
f 1116/1447/3973 1115/1446/4155 1099/1430/3974
f 1117/1448/3976 1116/1447/4156 1100/1431/3977
f 1102/1433/3979 1118/1451/4157 1117/1448/3980
f 1103/1450/3982 1119/1452/4158 1118/1451/3983
f 1104/1434/3985 1120/1454/4159 1119/1452/3986
f 1105/1453/3988 1121/1471/4160 1120/1454/3989
f 1122/1455/3991 1121/1471/4161 1105/1453/3992
f 1123/1456/3994 1122/1455/4162 1106/1435/3995
f 1124/1457/3997 1123/1456/4163 1107/1436/3998
f 1109/1459/4000 1124/1457/4164 1108/1458/4001
f 1110/1441/4003 1126/1461/4165 1125/1460/4004
f 1111/1442/4006 1127/1462/4166 1126/1461/4007
f 1112/1444/4009 1128/1464/4167 1127/1462/4010
f 1113/1463/4012 1129/1485/4168 1128/1464/4013
f 1130/1465/4015 1129/1485/4169 1113/1463/4016
f 1131/1466/4018 1130/1465/4170 1114/1445/4019
f 1132/1467/4021 1131/1466/4171 1115/1446/4022
f 1133/1468/4024 1132/1467/4172 1116/1447/4025
f 1134/1469/4027 1133/1468/4173 1117/1448/4028
f 1119/1452/4030 1135/1470/4174 1134/1469/4031
f 1120/1454/4033 1136/1472/4175 1135/1470/4034
f 1121/1471/4036 1137/1502/4176 1136/1472/4037
f 1138/1473/4039 1137/1502/4177 1121/1471/4040
f 1139/1474/4042 1138/1473/4178 1122/1455/4043
f 1140/1475/4045 1139/1474/4179 1123/1456/4046
f 1125/1476/4048 1140/1475/4180 1124/1457/4049
