# Blender 5.0.0
# www.blender.org
mtllib DragonSkull.mtl
o dragon_sample.001
v -11.501129 6.300852 -18.909445
v -11.012214 5.986285 -19.214157
v -11.210064 6.091407 -19.005348
v -11.352340 6.052727 -19.210947
v -11.585389 5.832561 -18.531586
v -11.670903 5.598221 -18.656832
v -11.633509 5.919309 -18.704540
v -11.864988 6.023987 -18.706749
v -10.138721 3.168509 -19.694925
v -10.344809 2.882498 -19.767565
v -9.893325 3.295483 -20.018398
v -10.058047 3.034103 -20.018520
v -9.938823 3.184715 -20.341825
v -10.074178 3.531780 -19.735697
v -10.280023 3.979221 -19.827421
v -10.120852 4.224294 -19.873730
v -10.357612 4.295673 -19.800980
v -10.071777 4.264078 -20.015408
v -10.072545 3.959691 -20.183733
v -10.460090 4.021329 -19.890034
v -10.554527 4.037865 -19.994143
v -9.886172 3.670094 -20.189104
v -10.208539 4.299091 -20.395638
v -10.326069 4.836987 -19.871933
v -10.451469 4.720305 -19.828865
v -10.519666 5.024407 -19.955473
v -10.525798 4.493343 -20.017466
v -10.360801 4.677957 -20.106255
v -10.168303 4.438898 -20.179777
v -11.068864 5.721465 -19.415396
v -11.480964 6.274161 -19.304274
v -11.293090 6.336927 -19.385912
v -11.084626 5.862189 -19.473225
v -11.298112 6.455348 -19.555904
v -11.335745 6.560508 -19.430185
v -11.473407 6.535105 -19.438568
v -11.281388 6.154378 -19.720325
v -11.200763 6.613660 -19.659983
v -11.084130 6.038329 -19.808607
v -11.071919 6.040643 -19.936069
v -11.264754 6.588690 -19.967113
v -11.191325 6.042536 -19.950867
v -11.443185 6.433037 -19.891865
v -10.922327 2.385847 -20.090015
v -10.275252 3.441845 -19.565781
v -10.468574 3.075975 -19.514990
v -10.667855 3.505157 -19.517792
v -10.848920 3.933816 -19.374971
v -10.892299 3.738055 -19.311907
v -10.995205 3.384955 -19.422413
v -11.078660 3.455583 -19.464230
v -10.716077 3.766807 -19.724222
v -11.149435 3.574411 -19.565943
v -10.964795 3.988149 -19.656437
v -11.118032 3.717310 -19.781954
v -10.887865 3.686044 -19.986111
v -10.892070 4.065424 -19.511335
v -11.047400 4.253527 -19.526419
v -11.093462 4.077892 -19.380726
v -11.110717 4.198794 -19.480433
v -10.013642 4.416155 -20.888597
v -10.122849 4.542327 -21.257883
v -10.444047 5.029688 -20.607183
v -10.211404 4.538841 -20.735746
v -10.236949 4.586445 -20.966692
v -9.834126 3.587976 -20.574957
v -10.163415 2.995501 -20.757444
v -10.366822 2.721802 -20.271832
v -10.487109 4.590592 -20.090698
v -10.361451 4.418518 -20.571905
v -10.394297 4.777122 -20.543066
v -10.457594 4.304420 -20.381947
v -10.629884 4.111629 -20.233259
v -10.551234 4.312394 -20.659281
v -10.563025 4.915846 -20.553082
v -10.555603 5.032399 -20.713968
v -10.614319 4.642025 -20.697359
v -10.411388 4.788441 -20.887999
v -10.579919 4.747159 -20.869198
v -11.159663 6.705256 -20.171585
v -11.132571 6.354621 -20.245903
v -11.372663 6.586617 -20.088604
v -11.149285 6.127866 -20.372522
v -11.062106 6.323074 -20.376648
v -11.339604 6.293955 -20.365234
v -11.164782 6.182568 -20.547380
v -11.403749 6.561281 -20.543072
v -11.719975 6.865551 -20.426641
v -10.673852 2.438058 -20.965317
v -10.872600 2.322321 -20.521368
v -11.083957 3.747509 -20.512867
v -11.114805 3.798504 -21.126684
v -10.065212 3.803289 -22.162964
v -10.135373 4.297719 -22.161915
v -10.115375 4.361272 -21.693991
v -10.282201 4.682086 -21.288132
v -10.435433 5.135663 -21.279865
v -10.219440 4.694057 -21.564018
v -10.398641 4.853053 -21.645447
v -10.539769 4.858602 -21.682697
v -10.338113 4.989634 -22.056921
v -10.620082 5.324354 -21.315838
v -11.102103 6.263046 -21.242094
v -11.059836 6.351676 -21.157736
v -11.251729 6.723991 -21.534340
v -11.196701 6.524897 -21.639088
v -10.129399 3.525021 -21.394175
v -10.141863 3.286900 -21.200239
v -10.353387 2.738435 -21.095474
v -10.422774 2.833737 -21.593798
v -10.504085 4.548072 -21.160883
v -10.646914 4.290881 -21.159220
v -10.468304 4.633210 -21.210520
v -10.635987 5.227429 -21.182621
v -10.646096 4.427023 -21.385094
v -10.679881 5.063267 -21.436790
v -10.747113 4.661725 -21.489803
v -10.699586 4.727882 -21.691517
v -11.091527 6.390298 -21.009785
v -11.214865 6.260838 -21.047625
v -11.612445 6.824279 -20.833778
v -11.148890 6.142809 -21.229708
v -11.542121 6.572853 -21.088257
v -11.274499 6.576530 -21.525833
v -11.259928 6.458361 -21.610481
v -10.872563 2.411206 -21.292194
v -10.974710 2.630108 -21.579454
v -10.839459 2.921934 -21.938799
v -11.489351 2.929104 -21.782043
v -11.197991 3.966885 -21.749063
v -11.457547 3.757187 -21.572941
v -10.104333 3.592551 -22.581667
v -10.251307 3.269370 -22.333969
v -9.936774 4.147803 -22.889635
v -9.931605 4.349471 -22.937214
v -10.578498 5.032828 -21.946339
v -10.269679 4.974990 -22.194349
v -10.375518 5.337136 -22.205542
v -10.741737 5.068999 -22.159073
v -10.223022 5.106949 -22.569252
v -10.444613 5.151975 -22.399529
v -10.617608 5.151631 -22.343084
v -10.094311 4.794651 -22.414371
v -10.491998 5.228381 -22.605934
v -10.654103 5.213654 -22.555046
v -10.241507 5.354032 -22.978882
v -10.507046 5.552172 -21.892096
v -10.552682 5.596491 -22.025860
v -10.659465 5.611463 -21.891741
v -10.612308 5.756169 -22.284748
v -10.645741 5.678541 -22.277031
v -10.603118 5.697190 -22.358047
v -10.616847 5.656834 -22.289301
v -10.678203 5.604152 -22.453928
v -10.600450 5.560037 -22.530941
v -10.618833 2.963147 -21.998741
v -10.834614 3.032810 -22.222500
v -10.991678 4.663410 -22.368324
v -10.808640 4.915742 -22.065758
v -10.893589 4.311894 -21.820646
v -10.929112 5.120159 -22.502296
v -11.551665 4.243774 -22.648031
v -11.071105 5.017115 -22.598396
v -11.434303 6.704811 -21.641193
v -11.300007 3.077474 -21.964127
v -11.661218 3.156376 -22.131325
v -11.450686 3.307912 -22.560369
v -9.918700 4.602379 -23.487967
v -9.906474 4.360148 -23.825968
v -10.028523 3.928298 -23.338396
v -10.104267 5.303741 -23.216963
v -10.567584 5.284760 -22.793777
v -10.092963 4.532768 -22.663492
v -10.722596 5.276040 -22.748520
v -10.243972 5.666609 -23.409861
v -10.337362 3.567065 -23.179939
v -10.458796 3.254555 -22.714760
v -10.840094 3.139425 -22.713610
v -10.857774 3.267876 -23.006701
v -11.288821 4.020332 -23.354086
v -11.356653 4.780641 -23.040550
v -10.989100 5.346766 -22.967587
v -11.216569 5.248684 -22.997469
v -11.303739 5.398961 -23.426945
v -11.426394 3.477329 -22.838137
v -11.643910 3.901670 -23.134632
v -11.662048 4.076879 -22.431698
v -11.409867 4.506329 -22.828569
v -9.966537 4.878502 -24.301161
v -10.101106 4.835435 -23.247620
v -10.121026 5.602318 -24.076893
v -10.132998 5.116318 -23.885948
v -10.159184 5.688012 -23.572454
v -10.191193 6.071226 -24.034489
v -10.342370 6.251646 -24.034929
v -10.237073 3.842799 -23.664402
v -10.630382 3.733361 -23.649462
v -11.352984 5.884427 -23.898928
v -10.474273 6.058238 -23.844841
v -11.515132 6.132763 -24.180178
v -10.894847 3.706593 -23.485180
v -11.484460 4.527270 -23.925983
v -11.345559 4.418487 -23.851355
v -10.806609 3.918808 -23.984083
v -11.131238 4.292218 -24.129875
v -11.494271 5.047861 -23.631598
v -11.813999 4.683764 -23.686352
v -11.715890 5.074237 -23.937922
v -11.194291 5.602695 -23.500940
v -11.427846 5.651246 -23.833952
v -12.209081 4.252407 -23.563797
v -12.175387 3.820955 -23.240736
v -11.767334 4.448151 -23.906090
v -10.019788 4.338833 -24.398260
v -9.964658 4.789452 -24.695276
v -10.048482 4.664336 -24.935293
v -10.326391 4.640385 -25.352381
v -10.210302 5.391830 -24.733364
v -10.311193 6.520633 -25.462559
v -10.297360 6.507933 -24.435246
v -10.549055 6.940500 -24.782402
v -11.025105 7.197658 -25.084806
v -10.510925 4.016601 -24.449429
v -10.767218 4.089808 -24.574741
v -10.187636 4.436174 -24.908737
v -10.346741 4.224983 -24.755396
v -10.717019 4.291132 -25.066214
v -10.462619 6.598112 -24.321795
v -11.455955 6.688034 -24.682760
v -11.721918 6.518289 -24.743670
v -11.550433 6.879390 -24.848339
v -10.922318 4.257128 -24.835320
v -11.495901 4.792580 -24.354305
v -11.997813 4.837741 -24.494047
v -11.740989 5.289655 -24.946409
v -11.789495 5.140231 -24.621767
v -11.847250 5.566885 -24.384960
v -11.914842 5.098937 -24.340416
v -12.089559 5.019615 -24.527489
v -11.891089 5.280419 -24.806341
v -12.006478 5.890019 -24.660654
v -11.841600 6.432870 -24.800297
v -12.145461 4.773252 -24.212849
v -12.359590 4.853081 -24.473904
v -10.423541 6.766973 -25.716843
v -10.411020 5.092146 -25.828096
v -10.080806 5.089501 -25.156590
v -10.338140 5.565423 -25.805395
v -10.234992 5.107053 -25.567244
v -10.431988 6.160530 -25.795942
v -10.548141 6.622612 -26.059849
v -10.356152 6.761496 -25.395111
v -11.007810 7.274921 -25.241440
v -10.878000 7.298432 -25.395298
v -10.594691 7.141926 -25.421993
v -11.076327 4.432104 -25.024786
v -11.058030 4.622684 -25.605820
v -10.924392 4.812977 -25.956491
v -11.142369 4.825981 -25.975710
v -11.308467 4.915902 -25.779600
v -11.677136 5.350788 -25.394121
v -12.192084 5.081171 -24.937273
v -12.140326 5.619589 -25.283216
v -12.308932 5.330236 -25.224154
v -12.303363 5.379691 -25.024197
v -12.125697 5.415695 -24.887825
v -12.431492 5.809108 -25.317497
v -12.040489 5.649249 -25.412409
v -12.488071 5.897241 -25.554970
v -12.163301 6.740708 -24.949436
v -12.150020 6.360224 -25.113129
v -12.182178 6.065495 -25.042276
v -12.370633 6.134399 -25.302128
v -12.561002 6.730066 -25.329033
v -13.072206 6.636326 -25.310419
v -12.631909 6.314619 -25.423641
v -12.995463 5.402829 -24.944624
v -12.783988 5.752965 -25.184433
v -13.256862 5.862372 -25.050531
v -10.847905 5.709672 -26.726816
v -10.719494 5.165107 -26.223791
v -10.532619 5.893288 -26.303486
v -10.804717 6.438951 -26.475256
v -10.944263 7.247294 -25.961863
v -11.230097 7.427194 -26.192350
v -10.961099 7.181392 -26.334606
v -11.025891 7.369191 -26.741575
v -11.379954 5.090835 -26.349487
v -11.946406 5.609103 -26.504421
v -12.454792 5.958999 -25.710079
v -12.879132 6.230781 -25.783592
v -12.469066 6.042590 -25.919971
v -12.929034 6.436603 -26.159910
v -12.747561 5.529158 -25.393391
v -13.511100 6.049914 -25.580944
v -13.331731 6.377162 -25.874210
v -11.267874 5.565966 -27.177650
v -10.762675 6.051974 -26.721752
v -11.006311 6.033948 -27.130947
v -11.124990 6.151374 -27.421442
v -10.794032 6.829845 -26.382429
v -10.942149 7.089681 -26.811018
v -11.101853 6.772142 -27.256973
v -11.092673 5.314537 -26.700665
v -11.271753 5.175487 -26.597555
v -11.622417 5.350618 -26.887562
v -11.467570 5.384018 -27.072559
v -12.152507 5.551132 -27.763369
v -12.011207 5.595203 -27.062181
v -12.782174 6.395315 -27.164965
v -12.683689 6.388041 -26.650970
v -13.088338 6.632065 -26.626638
v -13.285677 6.582057 -26.259785
v -10.833847 6.719421 -28.224215
v -10.817550 6.099119 -28.095654
v -11.208400 5.807836 -28.269922
v -11.077460 6.596843 -27.622913
v -11.085668 6.196421 -27.663410
v -11.342456 5.808934 -27.585348
v -10.755006 6.447422 -28.059814
v -11.141192 5.957947 -27.879066
v -11.040837 7.303696 -27.266850
v -11.143034 6.806033 -27.520144
v -11.288272 7.211561 -27.795645
v -11.381143 7.578186 -28.020508
v -11.002015 6.819274 -27.961588
v -11.413778 7.434668 -28.323694
v -11.897241 5.539653 -27.781445
v -11.606204 5.708807 -27.822321
v -11.677180 5.805018 -28.092243
v -12.365197 5.709786 -27.694176
v -12.980387 6.187167 -27.972612
v -13.374916 6.624647 -27.589903
v -10.618098 6.171141 -28.488468
v -10.530398 6.198166 -29.003197
v -10.607368 5.973616 -29.077225
v -10.512467 6.148572 -29.403414
v -10.827161 6.670615 -28.546349
v -10.602901 6.431725 -28.613663
v -10.635318 6.446574 -29.031101
v -11.035110 6.659081 -28.686338
v -10.803515 6.447115 -29.217993
v -11.228494 7.254954 -28.692768
v -11.278459 6.939464 -28.948944
v -11.061032 7.648401 -29.059847
v -10.997363 7.258462 -29.272045
v -11.024877 7.066042 -29.616993
v -10.780059 5.910845 -28.576113
v -11.435756 5.823042 -28.397781
v -11.207561 5.920421 -29.239317
v -11.490914 5.944106 -28.620653
v -11.488975 6.566358 -28.818775
v -11.369224 6.313289 -28.880558
v -11.582201 6.297575 -28.741154
v -11.177335 6.523646 -28.826048
v -11.417502 6.104629 -28.850212
v -11.540477 6.743919 -28.998980
v -11.880912 6.490544 -28.902975
v -11.225289 7.000659 -28.576155
v -11.073833 6.816537 -28.469784
v -11.286777 6.749851 -28.778877
v -11.796220 5.942399 -28.371267
v -12.238540 5.797184 -28.506018
v -11.798354 6.130333 -28.606337
v -12.391370 6.160316 -29.076487
v -12.229238 5.621832 -28.114567
v -12.804636 5.948203 -28.606453
v -13.279285 6.438320 -28.046806
v -13.490428 6.816384 -28.109825
v -13.113459 6.192624 -28.505560
v -10.570975 6.204656 -29.789368
v -10.641839 5.895125 -29.727142
v -10.971604 6.164255 -30.069090
v -10.706758 6.328594 -29.668737
v -10.876574 6.286695 -29.736458
v -10.982363 7.811280 -30.346418
v -10.862542 7.429849 -29.978420
v -11.082883 5.797305 -29.223732
v -10.835210 5.799409 -29.334055
v -10.987923 5.822989 -29.728811
v -11.064663 6.050316 -29.884821
v -10.978216 5.870261 -30.109291
v -11.223693 6.214892 -29.189333
v -11.223666 6.884490 -29.776854
v -11.803236 6.720614 -29.204880
v -11.953189 6.848974 -29.504850
v -12.362737 7.418456 -29.559774
v -12.174822 7.135081 -29.588718
v -12.276244 6.363838 -29.161926
v -12.139760 6.819056 -29.394838
v -12.710316 6.564862 -29.426849
v -12.318267 6.654733 -29.318371
v -12.731774 6.058598 -29.002676
v -13.016465 6.188512 -28.959272
v -13.386321 6.727192 -28.859852
v -13.140712 6.434685 -29.178339
v -12.882478 6.334693 -29.285089
v -13.193025 6.961361 -29.487015
v -10.992339 7.630800 -31.122705
v -10.581854 6.062943 -30.149101
v -10.744889 6.204891 -30.496965
v -10.943912 6.078915 -30.674847
v -10.822745 5.861471 -30.347170
v -10.925986 5.918015 -30.625570
v -10.868582 5.957739 -31.070147
v -10.725883 5.942389 -30.777122
v -10.805402 6.096640 -31.157743
v -10.924640 7.124826 -30.476906
v -11.488866 6.909595 -30.415735
v -10.863437 7.340624 -30.784195
v -11.806113 7.633466 -30.752258
v -11.621463 7.084075 -30.894329
v -11.798493 7.000358 -30.134996
v -11.962407 7.273363 -30.162111
v -11.957536 7.581744 -30.303602
v -11.245978 6.851636 -18.505562
v -11.439874 6.728682 -18.322268
v -11.462756 6.523786 -18.451365
v -11.319142 7.061140 -18.721601
v -11.287980 6.467377 -18.850517
v -11.217267 6.562884 -18.952366
v -11.162747 6.919345 -18.849312
v -11.511159 6.391121 -18.812712
v -11.176022 6.525922 -19.256653
v -11.591002 7.204893 -18.557268
v -12.098323 7.718512 -18.513340
v -11.820561 7.655510 -18.696127
v -11.648652 7.432920 -18.736624
v -11.708455 7.426888 -18.906813
v -11.614297 7.258854 -19.032612
v -11.764106 6.435197 -18.396585
v -11.497083 6.870397 -18.301430
v -12.201077 6.461119 -18.266840
v -11.613397 6.400367 -18.530710
v -12.042756 6.366980 -18.403955
v -12.194051 6.366453 -18.529123
v -11.708451 6.342608 -18.801626
v -11.751029 5.835946 -18.488735
v -12.177166 6.403406 -18.783882
v -12.351447 6.428947 -18.882452
v -11.921285 7.101130 -18.198877
v -12.226583 7.245396 -18.094578
v -12.256995 7.722346 -18.252304
v -12.398198 7.998103 -18.382267
v -12.535828 8.082078 -18.507694
v -12.917557 7.837003 -18.447256
v -11.104321 6.764785 -19.982788
v -11.222943 7.298817 -20.253149
v -11.172132 6.968722 -19.590456
v -11.286012 7.142289 -19.197130
v -11.137191 6.679929 -19.372526
v -11.366933 7.221257 -19.744659
v -11.975120 7.843940 -19.041519
v -12.073696 7.425347 -19.258301
v -11.562345 7.319668 -19.717325
v -12.204865 7.578690 -19.449699
v -12.163305 8.085931 -18.935640
v -12.325524 8.283456 -19.189804
v -12.214860 8.271232 -19.257832
v -12.079675 8.297019 -19.543568
v -12.082551 7.974675 -19.403250
v -11.769387 6.442150 -19.050938
v -12.126538 6.482070 -18.981745
v -11.991151 6.701987 -19.329582
v -12.773612 8.144243 -18.815306
v -11.125609 6.905028 -20.612856
v -11.542027 7.737635 -20.581306
v -11.630126 6.671913 -19.814955
v -11.587612 6.700629 -20.167065
v -11.262313 6.696754 -20.520597
v -11.397637 6.780077 -20.622517
v -11.616195 6.886265 -20.623901
v -11.421675 6.791885 -20.725306
v -12.153905 7.376618 -19.772469
v -12.314475 7.629803 -19.819284
v -11.471494 7.485865 -20.088705
v -12.197749 7.502013 -19.996653
v -11.997205 7.547023 -20.059532
v -12.227340 7.753763 -20.054989
v -12.152720 8.080861 -19.986912
v -11.724216 7.702778 -20.288345
v -11.974868 7.906960 -20.321350
v -12.223252 8.469442 -19.763245
v -12.125871 8.035129 -20.145357
v -12.353527 8.669217 -20.397760
v -12.137954 8.343129 -20.295792
v -12.602264 6.749154 -19.486435
v -12.428533 6.963667 -19.923798
v -13.024327 8.336299 -19.850809
v -11.218431 7.290417 -20.671305
v -11.264900 6.821153 -20.817974
v -11.223125 6.932537 -21.006016
v -11.243684 7.091799 -21.191429
v -11.401618 6.905188 -21.427465
v -11.829936 8.126766 -20.763836
v -11.423431 7.495775 -21.493570
v -11.543401 7.651673 -21.162186
v -11.785918 8.066200 -20.985691
v -12.279783 8.729825 -21.019924
v -11.596076 6.728218 -21.226206
v -11.405238 6.993726 -21.283730
v -11.509334 6.950566 -21.355154
v -11.808525 7.055091 -21.014065
v -11.725307 7.071718 -21.540918
v -12.544903 8.827574 -20.857445
v -12.527516 8.661194 -20.248451
v -13.157782 8.612109 -20.643585
v -13.000899 8.922418 -21.112757
v -12.229625 7.039122 -20.187443
v -12.765960 7.301304 -20.911251
v -13.573396 6.936753 -20.716797
v -12.368237 7.298645 -20.995667
v -12.584132 7.458927 -21.505177
v -13.481689 8.746003 -20.910591
v -11.371375 7.363189 -21.730947
v -11.369532 7.009534 -21.580103
v -11.551883 7.057947 -21.698919
v -11.382205 7.225073 -21.891737
v -11.264501 7.441807 -22.339954
v -11.156310 7.709303 -22.558167
v -11.472011 7.177905 -22.077583
v -11.569573 7.942731 -21.909117
v -12.138968 8.320735 -21.742823
v -11.394962 7.667651 -21.944510
v -11.758420 8.034731 -21.976414
v -11.984123 8.102588 -21.910027
v -11.196645 7.915038 -22.508604
v -11.482112 7.989817 -22.235048
v -11.948996 8.086804 -22.197002
v -11.953952 8.249415 -22.373024
v -12.409423 9.140593 -21.472185
v -11.978255 8.497696 -21.589062
v -12.209426 8.817510 -21.571136
v -12.265233 8.521395 -21.735544
v -12.343891 8.763553 -21.792122
v -12.332076 9.029615 -21.907881
v -12.568931 9.588085 -21.866114
v -11.736145 7.106392 -22.029812
v -12.178882 7.232371 -21.782875
v -12.478466 8.090804 -21.821522
v -12.262910 7.954888 -22.117197
v -12.703549 8.053361 -22.031124
v -12.585460 8.588264 -21.939209
v -12.759534 8.250771 -21.829004
v -12.789493 8.396750 -21.943834
v -12.789965 8.197737 -22.154787
v -12.530229 9.067689 -21.252747
v -12.988750 9.844075 -21.952675
v -13.421855 9.759933 -21.865870
v -12.939719 7.509370 -21.771950
v -12.629381 7.505112 -21.969395
v -13.894397 9.357099 -21.614368
v -11.033523 7.609076 -22.918894
v -11.357759 8.165703 -22.610161
v -11.186655 8.080487 -22.863569
v -11.460950 8.415151 -22.937651
v -11.285323 8.295650 -23.985645
v -11.321797 7.350898 -22.924252
v -11.809960 7.129818 -23.153387
v -11.649055 8.228207 -22.456041
v -11.803040 8.557648 -22.652651
v -12.536360 8.589681 -22.207291
v -12.165284 8.868778 -22.390329
v -11.786569 8.593427 -22.917692
v -12.131476 8.866140 -22.881233
v -12.404009 9.097128 -22.780499
v -12.281644 9.152025 -22.083685
v -12.539708 9.808144 -22.180105
v -12.115276 9.011875 -22.573132
v -12.395106 9.764925 -22.606207
v -12.275184 9.197401 -22.741776
v -12.732009 8.875930 -22.734480
v -12.449000 9.558670 -22.780914
v -12.489123 9.902872 -22.813778
v -12.626646 9.713242 -22.878208
v -12.902990 9.206365 -22.812672
v -12.734265 9.954823 -22.160782
v -12.604450 10.027350 -22.398863
v -13.010025 10.092846 -22.256243
v -12.959147 10.315277 -22.784063
v -13.334920 10.523994 -23.042675
v -12.261373 7.140006 -22.488403
v -11.991702 7.122295 -23.136532
v -12.475461 8.082491 -22.258213
v -12.219449 8.611485 -22.387346
v -12.725103 7.476892 -22.675797
v -12.880183 7.475419 -22.468935
v -13.216302 7.426696 -22.586653
v -13.613326 9.818245 -21.961330
v -14.272792 9.990432 -22.559402
v -11.106448 7.498556 -23.057301
v -11.169822 7.771267 -23.526833
v -11.489641 8.461216 -23.718006
v -11.243589 8.141003 -24.062788
v -11.456283 8.565614 -24.118734
v -11.602923 8.666371 -24.212498
v -11.488173 7.490468 -23.588270
v -11.737683 8.505291 -23.791748
v -11.865230 8.557945 -23.072462
v -12.134269 8.463223 -23.160154
v -12.655416 8.465940 -23.026285
v -12.223554 8.303411 -23.525225
v -12.642772 10.183835 -22.939425
v -13.069018 10.556333 -23.189735
v -12.668048 10.068855 -23.178041
v -13.090455 9.721365 -23.160223
v -12.973559 9.997330 -23.503599
v -12.748072 10.565488 -23.623720
v -12.587602 10.221440 -23.715605
v -12.671739 10.377175 -23.341084
v -12.412257 7.233428 -22.776833
v -12.318927 7.365044 -23.873045
v -12.606452 8.603963 -22.852291
v -12.499125 8.371428 -23.525841
v -13.006072 8.987983 -23.414936
v -13.137269 9.192171 -23.025749
v -13.114979 9.488504 -23.024529
v -12.955186 8.753667 -23.182087
v -13.210181 9.743976 -23.515362
v -13.678200 10.482824 -23.030676
v -13.104430 7.566471 -23.533537
v -11.293187 8.543106 -24.577713
v -11.405383 8.779697 -24.458176
v -11.398033 9.032482 -24.910126
v -11.516296 9.142119 -24.646658
v -11.800380 9.426867 -24.641470
v -11.886935 9.210005 -24.537809
v -11.953265 9.590333 -24.519836
v -12.024589 9.901437 -24.539730
v -12.282857 10.359056 -24.409296
v -11.676332 7.478395 -24.187456
v -11.985558 7.367557 -24.059677
v -11.554737 7.662688 -24.608063
v -12.020230 7.293427 -24.529478
v -12.240242 8.268511 -24.111538
v -11.650970 8.899857 -24.422977
v -12.113412 8.366470 -24.235746
v -12.277341 8.389449 -24.372644
v -12.430051 8.293097 -24.032682
v -12.106697 8.678259 -24.491863
v -12.461162 8.827883 -24.549887
v -12.979522 9.909166 -23.874653
v -12.360497 10.165490 -24.069763
v -12.253458 9.994740 -24.251699
v -13.043424 9.627872 -24.004868
v -12.147262 9.509962 -24.434036
v -12.685253 9.584773 -24.300406
v -12.475779 10.492580 -23.968382
v -13.531106 10.780479 -23.635639
v -12.972859 10.770642 -23.973368
v -13.840497 11.234015 -24.459946
v -13.589023 11.281531 -24.610895
v -12.863830 7.580090 -23.731585
v -12.331939 7.350355 -24.199085
v -12.386764 7.203303 -24.674969
v -12.312636 7.014847 -24.864927
v -12.676002 8.556384 -23.581417
v -12.905049 9.008923 -23.904362
v -12.599342 8.489688 -24.354563
v -12.751906 8.925379 -24.352287
v -12.831529 9.357677 -24.280233
v -13.147702 9.464331 -23.868326
v -13.116842 7.456011 -24.167294
v -11.535095 7.709880 -25.399042
v -11.329974 7.364468 -25.860676
v -11.683068 7.474497 -25.828636
v -11.351669 8.058727 -24.622229
v -11.794646 9.371695 -24.991758
v -11.572673 9.269798 -24.931122
v -12.128154 9.399832 -24.985809
v -11.475520 8.988076 -25.462557
v -11.779185 9.230679 -25.387640
v -12.021535 9.281599 -25.136860
v -11.953259 9.527534 -24.774586
v -12.220760 10.078876 -24.779100
v -12.843989 10.816479 -24.497360
v -12.882152 10.652794 -24.967440
v -13.142022 10.960002 -25.395096
v -12.834416 10.776621 -24.730076
v -11.990754 7.160745 -24.866882
v -11.558906 7.149083 -25.116278
v -11.820364 7.019173 -24.923496
v -11.810670 7.294121 -25.052773
v -11.665809 7.293157 -25.333845
v -11.699546 7.366237 -25.470783
v -12.675728 8.861860 -25.252760
v -12.902942 8.962961 -25.137905
v -12.425651 8.915832 -25.429361
v -12.779382 8.750731 -25.438038
v -12.764834 10.403897 -24.873360
v -12.294221 9.728095 -24.913733
v -13.160798 9.718549 -24.822552
v -13.035020 9.185473 -25.011015
v -13.334726 9.179371 -25.189495
v -13.104850 10.562934 -25.091557
v -13.459281 10.207790 -24.958548
v -13.362483 10.044378 -24.850855
v -13.630361 10.172383 -25.144117
v -13.311925 11.223127 -24.835953
v -13.721068 11.428045 -25.023355
v -12.833385 7.321953 -24.862295
v -12.839984 7.179885 -25.159359
v -12.848041 6.829014 -25.374214
v -13.447124 9.613946 -24.947887
v -13.613015 9.918928 -25.025810
v -14.281376 11.269374 -24.764563
v -13.259665 7.157119 -24.920229
v -13.471162 6.309803 -24.976686
v -13.221332 6.941259 -25.171921
v -14.729716 10.723415 -24.067881
v -14.881382 11.131048 -25.167191
v -11.427055 8.171158 -25.587852
v -11.604948 7.683659 -26.066607
v -11.529521 7.723452 -26.365368
v -11.445405 8.251932 -26.446650
v -11.404128 8.680264 -25.536585
v -11.868617 9.270619 -25.697302
v -12.070339 9.205075 -25.522675
v -12.269866 9.237255 -25.848730
v -11.732769 9.295427 -26.263054
v -11.997973 9.381271 -26.271345
v -13.092881 10.680648 -25.916025
v -13.221181 11.004364 -25.907543
v -12.994349 8.829569 -25.356901
v -12.784761 8.849749 -25.878687
v -13.127906 8.877776 -25.862034
v -12.268584 9.312199 -26.218660
v -13.187755 8.922080 -26.341150
v -13.133285 10.684256 -25.342550
v -13.174321 10.630314 -25.640118
v -13.566117 10.320136 -25.406088
v -13.728831 10.020953 -25.749805
v -13.216346 10.391750 -25.842112
v -13.239860 11.128880 -25.395811
v -14.093087 11.427493 -25.114147
v -14.066758 11.469298 -25.808489
v -13.428882 9.196382 -25.555971
v -13.751581 9.667525 -25.951452
v -13.779177 9.896138 -25.668070
v -11.324167 8.015865 -27.476721
v -11.195615 7.670537 -26.865513
v -11.552167 7.924259 -26.677919
v -11.625602 8.089145 -26.989721
v -11.553041 8.941360 -26.997091
v -12.142900 9.631388 -26.466352
v -12.565721 9.177764 -26.336536
v -12.427558 9.489933 -26.302616
v -11.555627 9.099177 -26.314173
v -11.762353 9.499087 -27.123779
v -11.839181 9.571237 -26.746317
v -12.321816 9.672482 -26.365002
v -12.951233 10.190722 -26.093271
v -12.685477 10.401298 -26.522928
v -12.434445 9.944123 -26.924141
v -12.695292 10.214895 -26.266794
v -12.992820 10.679645 -26.255646
v -13.335385 11.098967 -26.470234
v -12.916114 10.615163 -26.789314
v -13.461343 11.206925 -26.855541
v -12.741680 8.931506 -26.298494
v -12.707816 9.419739 -26.356846
v -12.986025 9.053647 -26.520023
v -13.024953 8.855639 -26.410778
v -13.242078 10.106730 -26.018984
v -13.143203 9.507100 -26.400074
v -13.407726 9.821934 -26.202618
v -13.509660 9.357579 -26.352762
v -13.974412 11.546389 -26.457211
v -13.739612 11.431941 -26.308125
v -13.586429 9.361026 -26.177132
v -13.701182 9.790952 -26.054182
v -14.697928 11.219755 -26.173574
v -14.741521 11.220657 -25.686722
v -13.587992 6.617352 -26.283508
v -13.918916 6.738375 -26.655388
v -15.165545 11.194682 -26.119860
v -15.427886 10.926671 -25.838221
v -15.355370 10.980344 -26.313820
v -11.600864 8.320979 -27.875072
v -11.428631 8.106392 -27.956335
v -11.752120 8.266367 -27.328905
v -11.733197 8.898294 -27.473341
v -12.043382 8.479937 -27.853104
v -11.839843 9.357216 -27.512815
v -12.180566 9.646093 -27.865791
v -12.069915 9.788713 -27.246609
v -12.542880 9.995367 -27.784597
v -12.751237 10.168468 -27.395817
v -13.284333 10.845189 -26.999283
v -13.137357 10.438378 -27.565058
v -13.711912 11.516841 -26.925322
v -13.737143 11.701741 -27.375980
v -14.010134 11.731159 -27.071867
v -14.207966 11.694924 -26.892633
v -14.335626 11.544237 -26.497114
v -14.573873 11.637188 -26.846645
v -14.280410 12.114367 -27.744833
v -13.566305 6.736849 -27.543814
v -15.189070 11.303056 -26.507288
v -14.933682 11.414293 -26.777473
v -15.138001 11.491648 -27.233257
v -15.247533 11.232981 -27.096329
v -13.432874 6.736341 -26.704691
v -13.807704 6.836355 -27.310970
v -14.172207 6.800228 -27.099567
v -13.908486 7.033647 -27.528130
v -15.631942 10.746483 -26.564804
v -15.475490 10.989487 -26.841473
v -15.472486 10.951023 -27.063139
v -15.620893 10.655193 -26.907978
v -11.449918 7.904578 -28.238726
v -11.627314 8.435109 -28.214684
v -11.439157 7.961512 -28.507908
v -11.592544 8.288982 -28.710894
v -11.260359 8.140263 -29.228306
v -11.712945 8.370691 -29.163023
v -11.887314 8.500543 -27.970884
v -12.134915 8.514872 -28.068363
v -12.267501 9.021316 -28.422630
v -12.455377 8.642427 -28.595156
v -12.485842 8.565596 -28.689806
v -12.110139 8.656956 -28.706356
v -12.490693 9.452158 -28.564199
v -12.235133 9.238751 -28.322878
v -12.598304 9.895047 -28.122375
v -13.102695 10.308932 -27.766768
v -13.240012 10.191180 -28.126705
v -13.449325 10.320968 -28.233908
v -13.233640 9.946923 -28.511715
v -13.294488 10.705141 -27.915390
v -13.469041 10.916188 -27.995058
v -13.531056 11.388213 -27.418371
v -13.845044 12.172165 -28.175426
v -13.915595 12.033256 -27.805344
v -14.807546 11.999866 -27.643511
v -14.487603 12.598210 -28.470257
v -14.962873 11.971569 -27.756535
v -13.688083 7.140119 -28.872324
v -15.299975 11.129164 -27.311974
v -15.251380 11.054983 -27.595606
v -15.234025 10.724221 -27.571581
v -15.191044 10.599291 -27.803186
v -15.109477 10.414207 -28.142193
v -15.203401 11.534799 -27.545111
v -13.706460 6.993367 -27.794027
v -14.190866 7.065470 -27.456945
v -14.301610 7.289468 -28.338316
v -14.702239 7.084932 -27.974977
v -14.008492 7.257537 -28.280935
v -15.444448 10.277503 -27.563967
v -15.464307 10.120319 -27.665739
v -15.352387 9.932220 -27.897148
v -15.184874 9.886707 -28.013309
v -15.473628 10.519522 -27.197361
v -15.297438 10.350868 -27.910097
v -11.058954 7.919478 -29.486525
v -11.902053 8.303647 -29.360218
v -11.428300 8.208706 -29.719299
v -11.568803 8.154229 -29.961990
v -12.177838 8.055628 -29.539492
v -12.342916 7.818217 -29.533381
v -12.253004 7.664256 -29.696739
v -12.025583 8.553003 -28.975399
v -12.578120 8.580072 -28.819948
v -12.684201 8.433415 -29.153219
v -12.268083 8.309269 -29.287285
v -12.940364 8.401458 -29.341343
v -12.819899 8.191328 -29.371469
v -12.643563 8.908545 -28.894325
v -13.162041 9.297812 -29.375471
v -13.082479 8.990202 -29.423628
v -13.357121 9.567108 -29.199469
v -13.116120 9.640001 -28.985216
v -13.426059 10.835975 -28.201828
v -13.499582 10.860219 -28.649021
v -13.576584 11.354023 -28.338634
v -13.700138 11.626338 -28.988695
v -14.194242 12.541502 -28.458424
v -13.635962 11.778906 -28.166912
v -13.925454 12.383740 -29.456869
v -14.031095 12.603572 -28.898270
v -14.392030 12.978565 -29.424000
v -12.472845 7.923492 -29.456837
v -12.618583 7.424139 -29.499756
v -13.541823 10.076749 -28.467005
v -13.621589 9.897175 -28.684769
v -13.770591 10.295699 -28.598364
v -13.873481 9.924557 -28.659180
v -13.522531 10.564934 -28.344231
v -13.965592 10.182304 -28.695625
v -13.914634 10.440998 -28.825241
v -14.443605 10.279286 -28.798161
v -14.810376 12.503861 -28.447176
v -13.979121 7.484616 -28.970421
v -13.359982 6.991352 -29.373947
v -13.995055 7.614067 -29.134806
v -14.380266 9.161614 -28.859308
v -14.732896 9.613791 -28.379200
v -14.273136 9.816600 -28.564754
v -14.006068 9.715988 -28.708958
v -15.123168 10.222321 -28.330702
v -14.662980 9.829223 -28.474081
v -14.996051 9.941234 -28.319260
v -14.897328 10.093077 -28.540276
v -14.709435 10.302630 -28.714550
v -14.936625 10.413328 -28.549221
v -14.941619 10.930143 -29.467522
v -15.018137 10.395649 -28.411726
v -15.333058 11.443670 -29.102989
v -15.303424 11.286289 -28.262436
v -15.388376 11.921391 -29.065796
v -15.238060 12.067727 -28.503048
v -14.081381 7.431093 -28.743458
v -14.473912 7.442415 -28.836830
v -14.839089 7.538733 -28.918255
v -14.406631 7.614913 -29.090969
v -14.502885 7.886909 -29.159430
v -14.604750 8.796180 -28.925213
v -14.531106 8.304492 -29.159842
v -15.566467 8.992722 -28.464138
v -15.083976 9.704317 -28.187378
v -11.170735 8.038952 -30.006622
v -11.404268 8.012640 -30.461014
v -11.644616 7.992403 -30.358562
v -11.206090 7.877702 -30.941921
v -11.624372 7.776122 -31.014753
v -14.008384 12.684273 -29.996490
v -11.918643 7.812565 -30.244738
v -13.922272 10.834873 -29.282877
v -13.637307 11.444386 -29.330872
v -13.922432 12.020261 -30.161083
v -14.087792 11.527782 -30.148283
v -14.100495 12.808493 -29.647057
v -13.965701 12.129187 -30.135115
v -14.650444 12.950898 -29.270844
v -13.018461 7.578788 -29.589466
v -13.456965 8.188504 -29.544308
v -13.148333 8.194024 -29.503483
v -13.353537 9.103708 -29.565788
v -13.622111 9.290412 -29.406715
v -13.752919 9.063943 -29.488396
v -13.787951 8.313951 -29.569302
v -14.367061 10.827103 -29.526571
v -14.706442 10.736150 -29.368382
v -14.858771 11.314315 -30.178074
v -15.155120 12.560120 -29.028385
v -14.955306 12.929031 -29.401705
v -15.243438 12.909753 -29.748226
v -15.497106 13.043155 -30.441000
v -13.331443 7.477044 -29.560247
v -14.121732 7.936337 -29.393177
v -13.807315 7.787223 -29.412579
v -14.021329 8.348441 -29.476946
v -15.090508 10.878986 -29.052252
v -15.217628 11.417445 -29.854898
v -15.416299 12.387663 -29.480810
v -12.473481 5.592168 -18.289812
v -12.512868 5.466583 -18.349009
v -12.762988 5.687845 -18.434961
v -12.286158 5.381878 -18.484137
v -12.324214 5.296321 -18.529043
v -12.459925 5.680105 -18.563204
v -12.627238 5.599192 -18.528538
v -13.028998 5.278309 -18.638044
v -12.996242 5.058208 -18.852654
v -13.176194 5.095414 -18.721375
v -11.348110 3.219535 -19.386166
v -12.040816 2.567760 -19.272867
v -11.275323 2.612560 -19.399693
v -11.536874 2.370374 -19.494930
v -11.548872 2.198769 -20.001297
v -11.702783 3.537253 -19.160982
v -11.602880 3.291491 -19.186916
v -11.823081 3.422603 -19.171446
v -11.418021 3.385577 -19.426813
v -11.562953 2.925092 -19.350534
v -11.816439 3.097252 -19.359655
v -11.915172 3.212124 -19.450550
v -11.623109 3.507445 -19.587811
v -11.480931 3.476179 -19.785126
v -11.797338 3.707276 -19.410324
v -11.897581 3.302455 -19.677736
v -11.805797 3.291771 -19.874195
v -11.851584 3.788423 -19.236990
v -11.928241 3.835017 -19.351404
v -12.001416 3.778155 -19.300653
v -11.893806 2.349647 -19.420137
v -11.852798 2.180435 -19.847748
v -12.197703 2.255761 -19.633671
v -12.163138 2.195531 -19.817043
v -11.840476 2.785457 -19.240450
v -12.156789 2.431822 -19.410696
v -12.398443 3.109762 -19.400343
v -12.659158 3.017954 -19.405369
v -12.340671 3.192637 -19.475578
v -12.589633 2.524421 -19.748203
v -12.644769 2.840209 -19.703121
v -12.819236 3.114142 -19.467546
v -12.938010 3.641036 -19.307467
v -12.736194 3.506063 -19.280186
v -12.608172 3.498126 -19.433428
v -12.952067 3.902123 -19.416416
v -12.739238 3.572650 -19.616913
v -13.033904 3.889646 -19.442991
v -12.986945 3.561543 -19.437664
v -12.310374 3.293641 -19.847776
v -12.857620 3.212654 -19.768244
v -13.166232 4.938392 -19.001913
v -13.014183 4.860455 -19.068287
v -13.422149 5.473716 -18.838017
v -13.082005 5.432532 -18.972208
v -13.370201 5.579773 -18.968597
v -13.448929 5.627585 -19.014441
v -13.383695 5.759918 -19.241076
v -13.397750 5.533810 -19.156170
v -13.449490 5.213027 -19.240107
v -13.306182 5.037242 -19.381081
v -13.664622 5.526173 -19.202885
v -13.467433 5.845036 -19.419947
v -13.411010 5.044472 -19.481470
v -11.374843 2.126505 -20.749350
v -11.939626 3.360255 -20.314186
v -12.541598 2.310625 -19.997467
v -12.530190 3.318577 -20.949190
v -12.867600 3.555733 -19.626806
v -12.809926 3.253919 -19.891588
v -12.588796 3.330034 -19.947939
v -12.812951 3.075285 -19.832045
v -12.911191 3.341549 -20.047344
v -13.212070 3.613561 -20.005665
v -12.701994 3.347906 -20.318775
v -13.032979 3.694664 -20.049068
v -13.292876 3.801687 -20.088415
v -13.112882 3.731903 -20.260452
v -13.208649 3.332917 -20.438112
v -13.280276 5.093112 -19.494547
v -13.647690 5.480933 -19.468302
v -13.795218 5.555420 -19.556383
v -13.580403 5.421567 -19.882603
v -13.532468 5.043262 -19.972109
v -13.636535 5.188398 -19.742853
v -13.701284 5.036727 -19.920107
v -13.027595 2.763638 -20.187742
v -13.102727 3.245809 -20.126253
v -13.173528 3.089865 -20.191414
v -11.755045 2.072698 -20.958637
v -11.313663 2.200263 -21.186464
v -11.583091 2.347333 -21.443781
v -12.083294 2.139764 -21.344032
v -12.066916 2.304761 -21.642174
v -11.619380 3.569954 -20.942282
v -12.089175 3.470116 -21.432590
v -12.101911 3.352298 -20.969473
v -11.857202 3.736068 -21.640589
v -12.542336 3.426729 -21.563633
v -13.059883 2.605671 -21.204556
v -12.092811 2.142681 -20.669020
v -13.106531 2.417861 -21.545803
v -13.346199 2.962396 -20.850498
v -12.579086 2.333620 -20.918684
v -12.826413 3.342868 -20.699409
v -13.093727 3.412411 -20.612703
v -13.183751 3.393450 -20.655018
v -13.463952 3.929734 -20.626490
v -13.000236 3.434561 -20.917925
v -13.138644 3.600189 -21.057228
v -13.435987 3.833089 -20.884192
v -13.287980 3.602477 -21.152594
v -13.006671 3.433323 -21.182425
v -13.933434 5.276898 -20.329559
v -13.846086 4.939500 -20.678076
v -13.820701 5.141970 -20.590908
v -14.008499 5.066322 -20.462347
v -13.974456 4.991319 -20.649242
v -13.990911 5.637711 -20.746292
v -14.139075 5.135391 -21.004843
v -14.161110 5.381405 -21.012009
v -13.411899 3.234293 -20.726191
v -13.580140 3.931432 -20.596272
v -13.619163 3.862619 -20.654959
v -13.506835 3.516738 -21.053850
v -13.492673 2.996687 -21.186340
v -13.503497 3.293549 -20.911573
v -13.601635 4.005580 -20.720926
v -14.323115 5.405244 -20.906027
v -11.785662 2.848227 -21.847763
v -12.099360 2.461668 -21.869568
v -12.109631 3.050834 -22.494268
v -12.421741 3.671187 -22.128206
v -11.842284 3.320562 -22.610514
v -12.798339 3.738264 -22.459768
v -12.361371 2.162491 -21.505289
v -12.837712 2.222909 -22.145052
v -13.212707 3.622700 -21.859163
v -13.627227 3.767530 -21.533640
v -13.466149 3.744890 -21.519356
v -13.570485 3.885478 -21.959192
v -13.760424 3.762202 -21.646317
v -14.229259 5.226516 -21.056934
v -12.811906 2.201573 -21.816286
v -13.481700 2.824471 -21.498859
v -13.879369 2.878900 -21.955851
v -13.666404 2.530786 -21.967108
v -13.638577 3.662382 -21.319525
v -13.738007 3.532573 -21.321463
v -13.923181 3.116217 -21.668148
v -13.852450 3.410261 -21.443192
v -13.996041 3.664530 -21.296154
v -13.956931 3.480404 -21.613251
v -14.078084 3.729085 -21.453558
v -13.902498 3.650268 -21.694614
v -13.941310 3.774150 -21.910330
v -14.060832 3.646857 -21.879726
v -13.989366 4.139926 -21.205597
v -14.077674 4.075644 -21.147018
v -14.051683 3.885675 -21.466805
v -14.174483 4.084541 -21.567051
v -14.176627 4.116002 -21.556288
v -14.255286 4.144017 -21.541113
v -14.209479 4.126585 -21.658245
v -14.242949 4.086436 -21.615059
v -14.127794 3.864993 -21.718910
v -14.089094 3.951724 -21.896191
v -14.205655 3.975996 -21.785137
v -12.322005 2.604295 -22.456575
v -12.360093 3.129731 -22.695045
v -12.717589 3.384664 -22.933096
v -12.594956 3.887731 -22.916197
v -12.407491 4.067838 -23.403925
v -12.951878 3.992474 -23.289650
v -12.560936 2.378627 -22.464449
v -13.346509 2.348605 -22.721231
v -12.622716 2.601473 -22.733030
v -12.820874 2.789773 -22.911057
v -13.107635 2.676012 -23.076170
v -12.971400 3.230910 -23.032972
v -13.745262 4.125991 -22.479660
v -13.064696 3.754720 -22.410036
v -13.382870 3.900824 -22.539303
v -13.945783 4.224691 -22.795918
v -13.413611 2.295641 -22.386656
v -13.835174 2.365314 -23.042315
v -14.115976 2.647942 -22.427128
v -13.920643 2.413143 -22.556696
v -14.228904 2.457711 -23.085953
v -14.118914 3.674158 -22.049751
v -14.323487 3.502008 -22.103395
v -14.397855 3.324013 -22.175631
v -14.321666 3.080242 -22.458138
v -14.651475 3.664380 -22.434071
v -13.940049 3.877039 -22.111225
v -14.171729 4.127777 -22.701069
v -12.840402 3.518985 -23.080173
v -13.115352 3.767808 -23.519619
v -12.565314 4.253254 -23.808584
v -12.441737 4.089922 -23.853552
v -13.370324 2.514723 -23.123907
v -13.252356 2.935624 -23.317608
v -13.297891 3.474452 -23.360695
v -13.586324 3.107908 -23.815519
v -13.417312 4.045260 -23.241850
v -13.587178 3.838933 -23.777157
v -14.318844 4.416247 -23.131088
v -13.748555 4.140844 -23.198282
v -14.181542 4.428171 -23.269405
v -13.539783 4.213095 -23.655724
v -14.071497 4.612526 -23.933741
v -13.521530 2.646534 -23.529379
v -13.775840 2.472651 -23.510111
v -14.471283 4.295081 -23.045357
v -14.734434 4.745093 -23.517555
v -14.606157 2.773117 -23.208544
v -14.316260 2.544517 -22.978344
v -14.770011 3.387100 -22.605616
v -14.637249 3.133088 -22.967842
v -14.867517 3.175075 -23.390991
v -14.866855 3.646228 -22.578156
v -15.284368 3.709176 -23.081760
v -15.318713 3.946057 -22.985823
v -15.046634 3.965801 -22.849281
v -15.351987 4.260591 -23.160091
v -15.610509 4.076022 -23.211678
v -15.634990 4.298115 -23.270983
v -13.268508 4.278300 -23.975412
v -13.043084 4.549346 -24.584049
v -13.551257 4.413955 -24.332922
v -13.089290 4.959523 -24.683577
v -13.648047 4.619189 -24.589636
v -13.725482 2.793616 -23.983213
v -13.902360 3.181554 -24.398844
v -13.733832 4.037442 -24.002125
v -13.467500 4.104060 -24.053802
v -13.793122 3.857311 -24.034107
v -13.907358 4.302793 -24.288179
v -13.870831 4.526457 -24.417377
v -14.211541 4.606118 -23.763081
v -14.649174 4.873794 -23.732594
v -14.291421 4.894925 -24.211304
v -14.018558 2.739547 -24.253464
v -14.119554 2.569892 -24.027243
v -14.042352 3.038010 -24.569363
v -14.558003 2.678001 -24.363283
v -14.927985 5.101330 -24.087996
v -14.355180 2.480540 -23.750431
v -14.706978 2.626583 -23.756699
v -14.969951 2.880182 -23.911812
v -14.784928 2.693787 -24.269188
v -14.985301 2.828833 -24.326534
v -15.086715 3.258583 -23.814919
v -15.700253 3.800565 -23.901749
v -15.969954 4.531091 -23.682228
v -16.056454 4.426397 -23.793488
v -15.868462 4.769211 -23.811857
v -13.900965 4.728906 -24.747587
v -13.463824 5.214151 -24.875408
v -13.690745 4.432645 -24.653210
v -13.757506 4.759852 -24.964483
v -13.931077 5.245062 -24.992290
v -13.990645 4.994965 -25.143293
v -13.820680 6.218729 -24.891438
v -13.606475 5.725834 -24.970318
v -14.423767 5.450938 -25.046766
v -14.284621 4.097816 -24.769739
v -14.377618 3.467607 -25.172697
v -14.153289 4.368293 -24.554062
v -14.206157 4.665996 -24.799969
v -14.396075 5.071750 -24.677490
v -14.125003 4.956797 -24.914196
v -14.227225 4.932845 -25.065737
v -14.378915 4.462735 -24.960321
v -14.950406 5.876828 -24.371494
v -14.710426 5.195146 -24.454296
v -14.932462 5.363274 -24.286480
v -14.733710 5.639959 -24.879696
v -14.410147 5.189902 -24.872612
v -14.638060 5.920197 -25.031349
v -14.463208 3.298837 -25.246140
v -14.531892 3.103243 -25.059616
v -14.867162 3.107631 -25.127151
v -15.256358 5.430947 -24.214111
v -15.275046 3.122231 -24.715317
v -15.327525 3.280630 -24.433668
v -15.087861 3.046887 -24.908365
v -15.736705 3.600269 -25.227287
v -15.558675 3.642066 -24.352268
v -16.210489 4.218753 -24.324951
v -15.872364 3.807902 -24.795582
v -16.106663 4.017858 -24.453217
v -16.153351 4.128896 -24.920053
v -15.275530 5.051657 -23.945303
v -16.026760 5.014847 -24.134508
v -16.310003 4.618970 -24.381739
v -16.229080 4.907891 -24.313927
v -16.320499 4.856152 -24.833305
v -14.315221 5.434351 -25.371552
v -14.058571 5.980067 -25.616575
v -14.483615 6.046929 -25.962824
v -14.379367 5.077652 -25.266600
v -14.624643 4.764651 -25.658548
v -14.444945 5.720525 -25.647196
v -14.641517 3.494479 -25.582424
v -14.932141 3.555670 -25.883760
v -14.670920 3.928501 -25.791458
v -15.272543 3.610915 -25.969763
v -15.269994 3.292850 -25.284758
v -15.790974 3.751241 -25.607143
v -15.997712 4.131944 -25.432077
v -16.254776 4.331815 -24.866877
v -16.287127 5.115321 -25.030972
v -16.274282 4.446719 -25.403721
v -14.801116 5.418442 -26.018021
v -14.843081 5.798193 -26.314020
v -15.111654 3.723698 -26.265802
v -14.848508 3.798016 -26.089245
v -16.224054 4.378588 -26.106752
v -15.651443 3.777934 -26.001228
v -15.975265 4.064916 -26.471407
v -15.959014 4.047136 -26.219830
v -16.478619 4.585239 -26.402843
v -16.436918 4.895192 -25.291416
v -16.547911 4.670569 -25.759476
v -16.760763 4.810489 -26.189417
v -14.843657 4.249919 -26.376663
v -14.984829 5.229675 -26.661434
v -14.958039 5.705265 -26.747190
v -14.990081 5.734669 -27.593025
v -14.946080 5.936724 -27.408575
v -15.406045 3.964443 -26.873775
v -15.012494 4.016734 -26.806154
v -15.589042 3.897504 -26.553532
v -15.543077 4.028687 -27.197138
v -15.726661 3.907818 -27.110445
v -16.047516 3.714567 -27.051497
v -16.376411 3.529102 -27.219883
v -15.974717 3.661298 -27.424740
v -15.988378 3.976407 -26.680206
v -16.322180 4.206502 -26.585041
v -15.793475 3.931262 -26.792564
v -16.416550 3.803588 -26.869274
v -16.518442 4.451224 -26.613718
v -16.628544 3.622432 -27.172039
v -16.662508 4.783412 -26.587700
v -16.709644 4.479461 -26.939180
v -16.754572 3.984595 -27.000593
v -15.017753 4.484817 -27.579679
v -15.263990 4.568378 -28.028175
v -14.973251 4.809338 -27.634104
v -15.164647 5.214087 -28.298237
v -15.178575 4.811262 -28.162258
v -15.143492 4.221278 -27.420639
v -15.772765 3.920792 -27.462677
v -15.647318 4.264214 -27.680874
v -15.838719 4.401219 -27.875460
v -15.913083 4.105659 -27.722866
v -16.148912 4.398416 -27.828053
v -16.535799 3.343698 -27.668085
v -16.205017 3.540043 -28.037174
v -16.290974 3.419065 -27.779684
v -16.694708 3.207955 -28.227179
v -16.711561 4.310031 -27.562380
v -16.163084 3.986454 -27.867321
v -16.632750 4.389022 -27.723110
v -16.424242 4.107371 -27.831951
v -16.288723 4.593327 -27.992037
v -16.820774 4.440735 -27.889725
v -16.901102 5.008919 -27.095865
v -16.853655 4.515994 -27.491611
v -16.975666 4.569756 -27.578848
v -16.777256 3.424514 -27.586920
v -16.793396 3.254376 -28.009911
v -16.777962 4.253723 -27.272936
v -16.749020 4.073313 -27.596519
v -16.922581 3.721458 -27.534481
v -16.909922 3.364669 -27.901440
v -16.919128 3.755460 -27.795815
v -16.725029 3.834303 -28.091829
v -17.147392 5.062578 -27.262661
v -17.492483 4.762075 -27.629917
v -17.261734 4.456061 -27.815151
v -15.380217 4.947978 -28.527723
v -15.483775 5.405469 -28.713026
v -15.690192 5.175932 -28.781572
v -15.835068 5.669136 -28.890993
v -15.566146 4.651561 -28.305077
v -16.192871 4.759228 -28.289721
v -15.853675 4.783559 -28.472395
v -15.970006 5.184515 -28.744976
v -16.242727 5.072547 -28.530964
v -16.400394 5.012734 -28.488045
v -16.746443 5.315457 -28.605091
v -16.444902 5.486016 -28.628281
v -16.354074 3.534423 -28.284971
v -16.604309 3.592524 -28.551716
v -16.537649 3.313511 -28.487314
v -16.776770 3.335618 -28.967003
v -16.492554 3.772959 -28.232405
v -17.116488 4.387877 -28.927214
v -16.521385 4.618551 -28.190460
v -16.549322 4.778730 -28.454327
v -16.672709 5.038841 -28.611658
v -17.081629 4.587410 -29.027206
v -17.051790 3.297995 -28.364912
v -16.964624 3.585344 -28.415112
v -17.067698 3.445060 -28.369934
v -17.170877 3.191310 -28.900377
v -16.818977 3.618169 -28.537670
v -17.075357 4.284957 -28.450121
v -17.522879 4.129040 -28.793152
v -17.275454 4.284584 -28.183674
v -17.497057 4.502162 -27.895462
v -17.671766 4.210365 -28.506863
v -17.846146 4.467975 -28.301153
v -17.938141 4.879480 -28.112408
v -16.767290 3.222889 -28.863289
v -16.838867 3.465533 -28.901506
v -16.980867 4.798994 -28.931747
v -17.208637 5.131494 -29.009687
v -17.490038 4.729634 -29.501741
v -16.985350 3.129777 -28.811666
v -17.003826 3.416449 -29.130821
v -17.231365 3.322644 -29.153553
v -17.208815 3.120459 -29.586262
v -17.048862 3.210581 -29.421276
v -17.266840 3.265791 -29.669920
v -17.479809 4.141400 -29.132208
v -17.668974 4.166018 -29.728031
v -17.834679 4.034451 -29.230091
v -18.095871 4.443466 -28.758177
v -18.300758 4.700175 -29.336040
v -18.166739 4.895053 -29.315222
v -18.044348 4.196975 -29.021765
v -18.166668 4.736276 -28.729965
v -12.559622 7.003995 -18.002159
v -12.814871 6.086140 -18.109972
v -13.172524 6.099244 -17.949614
v -12.557530 6.214880 -18.262730
v -12.765252 5.838250 -18.250551
v -12.489108 6.174421 -18.395786
v -12.933633 5.776891 -18.380241
v -12.840321 5.959150 -18.671787
v -12.591805 6.233750 -18.694941
v -12.711215 6.252666 -18.890221
v -12.956068 5.821352 -18.665195
v -12.911307 6.790852 -17.936514
v -13.253255 7.155227 -17.999203
v -13.165407 6.575260 -18.031549
v -12.778581 7.539874 -18.182705
v -13.465092 7.437006 -18.129158
v -13.486400 7.620620 -18.241482
v -13.520763 7.735756 -18.488832
v -13.144206 5.865731 -18.047852
v -13.147694 5.718354 -18.255842
v -13.553749 6.381247 -18.245090
v -13.506675 5.976498 -18.162258
v -13.501464 5.821694 -18.250675
v -13.628855 6.274076 -18.364059
v -13.075339 5.645055 -18.482479
v -13.338730 5.606892 -18.514595
v -13.785349 5.925921 -18.580980
v -13.736773 5.759609 -18.675852
v -13.472251 7.032674 -18.212963
v -13.723441 7.035364 -18.388155
v -13.735213 6.777839 -18.443871
v -13.747151 7.382268 -18.467386
v -13.019072 5.882467 -18.868086
v -13.018806 6.364017 -19.195658
v -13.293648 5.853323 -19.090801
v -13.980922 7.550743 -18.820944
v -13.416611 8.007019 -19.059238
v -13.587221 5.540515 -18.861856
v -13.800401 5.586267 -19.173424
v -13.905025 5.806683 -19.040359
v -13.905751 5.507217 -19.600475
v -14.080667 5.652494 -19.566444
v -13.581345 6.572375 -18.969271
v -13.608325 6.821891 -18.909784
v -13.655154 6.383034 -18.639240
v -13.611682 6.896827 -19.399839
v -13.915994 7.101684 -18.915184
v -13.862204 6.150148 -19.004335
v -13.716157 6.648067 -19.482876
v -14.002554 6.283237 -19.327103
v -14.079373 7.366237 -18.879074
v -13.877864 7.070762 -18.715349
v -14.288960 7.397808 -19.088009
v -14.233006 7.546465 -19.130064
v -13.248067 6.655241 -19.880047
v -13.431010 6.463733 -19.840574
v -13.376977 6.147835 -19.478260
v -13.863990 7.953716 -19.617424
v -13.619882 5.602057 -19.581497
v -13.977668 5.523761 -19.874290
v -13.690751 5.974745 -19.928265
v -13.694241 5.275915 -20.045334
v -14.087811 5.591639 -20.068897
v -14.206040 5.572904 -19.913588
v -13.877238 5.890934 -20.125389
v -13.908017 5.622895 -20.069000
v -13.977677 5.684279 -20.210051
v -14.157588 5.567402 -20.223858
v -13.857268 7.048520 -19.641901
v -13.819952 6.807295 -19.691530
v -14.221465 6.919710 -19.798538
v -14.303697 6.721557 -19.820847
v -14.239039 6.380218 -19.628618
v -14.556059 6.719736 -20.056110
v -14.085537 7.135021 -19.578255
v -14.248124 7.265219 -19.161604
v -14.385850 7.646769 -19.507441
v -14.467925 7.806911 -19.804901
v -14.360261 7.273297 -19.552414
v -14.565516 7.637582 -19.762583
v -14.364882 7.029552 -19.810520
v -14.592822 7.302014 -19.919825
v -14.105578 6.069599 -19.359055
v -14.385550 6.027593 -19.708735
v -14.373779 5.755766 -19.946709
v -13.858444 6.663543 -20.734806
v -14.079108 8.174852 -20.401184
v -14.110003 8.452431 -20.760958
v -13.936165 5.798345 -20.309431
v -13.971502 6.156882 -20.544083
v -14.034177 6.080426 -20.560860
v -13.891850 5.680740 -20.570353
v -14.236888 5.777354 -20.779366
v -14.109830 5.395424 -20.685757
v -14.289302 5.716177 -20.835320
v -14.282475 5.932646 -21.059551
v -14.758296 7.067144 -20.225243
v -14.916727 7.752701 -20.478550
v -14.730632 7.907307 -20.427029
v -14.599008 5.950350 -20.591108
v -14.305133 5.585798 -20.360989
v -14.329997 5.678067 -20.567450
v -14.469762 5.685630 -20.957378
v -14.493957 5.705990 -20.682430
v -14.716737 6.715167 -20.332527
v -14.974331 7.493535 -20.543575
v -15.299776 7.959018 -20.883623
v -14.082736 6.850708 -21.410931
v -14.140231 6.396507 -21.322550
v -13.890519 7.087245 -21.617836
v -14.256169 6.791807 -22.247255
v -13.939278 9.095704 -21.307882
v -14.680942 9.059592 -21.478825
v -14.403410 5.792497 -21.123589
v -14.420580 5.961174 -21.550072
v -14.572919 5.815501 -21.405897
v -14.627179 7.089998 -21.422646
v -14.987138 7.035686 -21.193947
v -15.014760 6.772713 -21.289637
v -14.535210 7.258165 -21.581268
v -14.787089 6.831678 -21.591547
v -15.097238 7.334828 -21.109144
v -14.699122 7.383175 -21.399906
v -15.100101 7.503332 -21.257030
v -14.908384 7.509966 -21.466015
v -14.669883 7.484552 -21.565800
v -14.797524 7.483552 -21.646793
v -15.229577 7.480287 -21.652555
v -14.926543 8.006504 -20.714790
v -14.791242 5.977484 -21.010763
v -14.792433 5.801606 -21.267141
v -15.251201 6.032125 -21.403034
v -15.108893 6.616372 -21.136541
v -15.078404 6.495601 -21.049341
v -15.052959 6.692717 -21.545305
v -15.276155 6.333971 -21.427338
v -15.148808 7.265124 -20.895983
v -15.361569 7.665266 -21.078102
v -15.247951 7.588488 -21.435402
v -15.559576 7.696371 -21.384266
v -15.518649 8.284869 -21.167171
v -15.684150 8.072317 -21.264816
v -15.899673 8.561235 -21.508747
v -13.906306 7.032743 -22.072369
v -14.116048 7.056408 -22.553699
v -14.362542 6.293968 -22.325798
v -14.417917 9.421391 -21.968718
v -15.304055 9.466166 -22.230276
v -14.738128 7.028722 -21.762043
v -14.678258 7.308601 -21.781067
v -15.559254 8.018951 -22.224838
v -15.056048 9.127864 -21.616608
v -15.407394 8.929151 -21.521931
v -15.781683 8.775911 -21.553995
v -15.900114 9.420198 -22.445116
v -16.252394 9.168657 -22.376909
v -14.964660 5.703183 -21.666925
v -15.304158 5.780537 -21.716635
v -15.191128 5.686545 -21.890060
v -15.504100 5.573147 -22.108049
v -15.707210 6.303620 -21.803797
v -15.210031 6.769727 -21.702375
v -15.543290 6.756134 -21.800230
v -15.684422 7.380047 -21.713209
v -15.364856 7.057754 -21.778126
v -15.508674 7.219960 -21.749781
v -15.754407 7.344217 -21.914478
v -15.745778 6.866468 -21.999554
v -15.752227 7.392802 -22.127382
v -15.773839 7.108434 -22.104080
v -15.876405 7.749359 -21.963665
v -15.475471 7.686134 -22.161983
v -16.029240 8.367528 -21.574774
v -15.837889 7.870275 -22.080437
v -16.065578 8.206927 -22.164806
v -16.231430 8.290951 -22.059423
v -16.086830 8.647770 -21.743507
v -16.183376 8.322945 -21.802896
v -16.371208 8.532655 -22.174917
v -15.573495 6.037171 -21.677116
v -15.931739 6.059455 -22.234352
v -15.713777 5.730659 -22.138863
v -16.035767 6.508958 -22.418142
v -13.762598 7.199311 -23.294455
v -14.495815 6.943462 -23.264273
v -14.769561 10.144218 -22.993164
v -14.660674 5.953409 -22.640547
v -14.797309 6.241006 -23.182306
v -14.983356 6.146014 -23.703041
v -15.245673 7.797533 -22.360023
v -15.236613 7.238032 -22.589413
v -15.246785 7.765532 -22.643993
v -15.191842 7.453372 -22.623409
v -15.436881 7.502601 -23.029697
v -15.383870 7.185914 -23.021004
v -15.588502 8.242550 -22.386171
v -16.016321 8.546791 -22.678167
v -15.361937 8.041172 -22.584047
v -15.778533 8.498112 -22.841785
v -16.283594 9.627120 -23.061241
v -16.525417 9.398396 -22.989761
v -14.894695 5.736260 -22.362028
v -15.002985 5.866438 -22.960045
v -15.629853 7.057912 -22.314310
v -15.277590 7.356730 -22.314184
v -15.492305 6.879753 -22.729681
v -15.824576 6.808145 -22.342045
v -16.032326 6.615125 -22.777378
v -16.230793 8.391756 -22.367741
v -16.407064 9.044209 -22.416464
v -16.393692 8.454621 -22.386650
v -16.593714 8.577413 -22.472557
v -16.664209 8.480824 -22.681337
v -16.330893 8.526745 -22.936495
v -16.699680 8.358602 -22.973431
v -16.848112 9.090838 -23.098942
v -16.813763 8.661956 -22.714226
v -15.638354 5.711675 -22.654354
v -16.164850 6.311679 -22.747915
v -16.048042 5.950083 -22.680395
v -16.369068 6.517754 -23.186754
v -14.709796 6.698925 -23.416344
v -14.571737 6.815292 -23.938992
v -13.692592 6.738846 -24.430073
v -14.427604 6.599770 -24.675003
v -15.164063 5.966383 -23.552483
v -14.853456 6.429300 -24.273617
v -15.047253 5.894775 -24.164097
v -15.844659 8.191166 -23.332689
v -16.076279 8.500637 -23.145784
v -16.117327 8.106227 -23.488626
v -15.984841 9.915427 -23.310499
v -16.969290 9.905842 -23.936905
v -15.438025 5.753628 -24.041456
v -15.707205 5.774144 -23.823147
v -15.558789 6.856013 -23.381689
v -15.754111 6.726248 -23.452248
v -16.184504 6.715508 -23.460531
v -15.802531 6.880602 -23.724228
v -15.652974 7.140352 -23.730179
v -16.440163 6.767013 -23.475616
v -15.918313 7.458202 -23.761480
v -16.020828 7.158962 -23.810022
v -16.495291 7.349216 -23.604809
v -16.870848 7.417123 -23.489229
v -16.325567 8.436749 -23.192636
v -16.967064 7.963375 -23.264404
v -16.780235 7.725414 -23.403431
v -16.446812 7.945377 -23.526091
v -16.889332 8.333407 -22.982645
v -17.052914 8.513677 -23.042004
v -17.023062 9.519246 -23.599358
v -17.155317 9.037752 -23.530460
v -16.404556 6.285548 -23.209457
v -16.676640 6.614918 -23.435184
v -16.566509 6.297155 -23.505104
v -16.868258 6.413038 -23.812880
v -16.725254 6.989459 -23.535959
v -16.943451 7.233509 -23.615316
v -17.016821 6.670092 -23.771780
v -16.990683 6.884144 -23.650841
v -17.120840 8.117192 -23.254639
v -17.251081 8.220542 -23.431007
v -13.906514 6.638756 -24.487288
v -13.621758 6.683528 -24.640747
v -14.268081 6.358913 -24.872612
v -14.594920 6.515592 -24.804234
v -14.294789 6.102819 -25.043251
v -15.732270 10.413805 -24.196697
v -15.002164 5.697305 -24.288475
v -14.839017 6.254534 -24.756498
v -16.119192 8.423096 -24.480656
v -16.311840 8.726862 -24.405523
v -15.257116 5.750969 -24.157961
v -15.402224 5.523719 -24.280558
v -15.530270 5.621520 -24.309240
v -16.191046 5.904724 -23.712660
v -15.681581 5.509501 -24.485361
v -15.775270 5.572997 -24.583786
v -16.091707 5.673097 -24.515472
v -15.870638 5.556718 -24.771385
v -16.734148 7.263493 -24.166229
v -16.529119 7.148432 -24.530958
v -16.048943 7.439276 -24.554323
v -16.247475 7.228948 -24.575348
v -16.467930 8.596149 -24.171501
v -16.413950 8.115504 -24.155809
v -16.962709 7.856782 -23.953886
v -17.065388 8.378729 -23.966131
v -16.830509 7.327057 -24.022497
v -16.123470 8.083494 -24.359629
v -17.121391 8.656178 -24.087214
v -16.583736 8.804001 -24.278479
v -17.161730 8.815675 -24.275230
v -16.828035 8.927976 -24.507292
v -17.329443 9.337506 -23.962000
v -17.305103 9.839671 -24.273808
v -17.098751 10.081056 -24.436747
v -15.936465 5.268456 -24.402031
v -16.498184 5.821095 -24.686483
v -16.956242 7.338446 -23.817541
v -17.015348 7.063201 -23.945356
v -17.038914 6.933895 -24.447433
v -17.089777 6.529840 -24.362803
v -17.299017 8.937632 -24.056717
v -17.218782 8.464911 -23.872274
v -15.403207 10.715126 -24.756731
v -15.981986 7.896637 -24.653526
v -16.237131 8.557641 -25.148344
v -16.418627 8.689384 -25.320900
v -16.435099 8.856800 -24.961004
v -16.664190 8.874762 -24.973600
v -16.306391 10.453382 -24.761068
v -16.803509 10.187698 -24.331844
v -16.589436 10.415595 -25.157688
v -16.108871 7.321927 -24.878788
v -16.004438 7.585266 -24.939793
v -16.349192 7.209723 -24.905680
v -16.221903 7.472690 -25.556179
v -16.711527 7.235703 -25.302158
v -16.484507 7.263088 -25.552660
v -16.554041 8.921629 -24.593313
v -17.148743 8.810692 -24.825531
v -17.331806 8.851640 -24.772137
v -17.496651 8.962619 -24.829802
v -17.423735 8.670468 -25.052607
v -17.035725 8.270004 -25.290871
v -17.522804 9.269417 -24.616938
v -17.567892 9.692060 -25.069704
v -16.079502 5.577177 -25.021393
v -16.551218 5.648933 -25.428087
v -16.448999 5.544480 -25.379484
v -17.033854 6.337222 -24.473040
v -16.990923 6.110888 -24.849983
v -16.913916 5.832675 -25.430218
v -16.828142 7.141696 -24.718252
v -17.161812 7.013830 -24.818357
v -17.279257 6.557702 -24.837194
v -17.128601 6.785782 -24.499746
v -17.159304 7.185897 -25.196480
v -17.440987 6.797212 -25.165676
v -14.047976 6.332438 -25.987217
v -14.534879 6.410872 -26.552898
v -14.385889 6.498332 -26.485199
v -16.106663 10.537546 -26.422558
v -16.155563 10.595826 -25.505331
v -16.285067 10.523710 -26.071980
v -16.622868 10.562181 -25.941635
v -16.289923 7.927146 -25.699409
v -16.275860 8.337629 -25.511318
v -16.800650 10.390149 -25.796171
v -16.940718 10.220535 -25.692749
v -16.816408 7.309266 -25.471153
v -16.332048 7.376032 -25.730782
v -16.583973 7.399465 -25.750349
v -16.798571 7.548384 -25.613337
v -16.538338 7.678275 -25.825039
v -17.032412 8.615267 -25.106823
v -17.027332 7.934889 -25.362547
v -16.594358 8.409660 -25.582554
v -16.417587 8.123869 -25.724182
v -16.675879 7.972571 -25.702271
v -17.783396 9.926851 -25.914429
v -17.415007 10.004763 -25.204115
v -17.418314 10.105162 -25.619125
v -16.729357 5.025712 -25.719343
v -16.774307 5.724054 -25.806797
v -17.129538 5.642227 -26.286686
v -16.999414 5.257848 -26.104134
v -16.979931 5.937551 -26.206005
v -17.547377 6.409401 -25.665157
v -17.237413 6.055285 -26.024620
v -17.361639 7.412795 -25.344040
v -17.037104 7.460063 -25.399143
v -17.676182 6.845528 -25.493393
v -17.649271 8.132478 -25.400026
v -17.293711 8.223337 -25.217060
v -17.692436 8.836469 -25.273373
v -17.800291 8.857807 -26.086163
v -17.889959 9.275537 -25.881851
v -14.664612 6.520924 -27.103567
v -14.484470 6.945372 -27.302750
v -14.771066 6.769010 -27.339685
v -14.848041 6.217790 -27.214039
v -16.048096 10.470608 -26.738461
v -16.288118 10.502913 -26.591841
v -16.350557 10.419532 -26.819889
v -16.788855 10.595605 -26.178177
v -16.618057 10.531429 -26.700096
v -17.015593 10.495698 -26.567720
v -17.196543 10.403166 -26.301731
v -17.212980 10.610390 -26.910133
v -17.637564 10.212017 -26.106474
v -18.108240 10.421524 -26.845261
v -18.227386 10.146562 -26.661892
v -17.259560 5.960568 -26.684589
v -17.129025 6.132498 -26.517117
v -17.190123 6.209981 -26.828354
v -17.620071 6.457661 -26.358381
v -17.426027 6.368654 -26.702728
v -17.854033 6.838714 -26.108776
v -17.904121 7.326356 -26.243032
v -17.897154 7.084021 -26.746708
v -17.803324 8.408541 -25.681643
v -17.624451 7.526305 -25.721867
v -17.776432 7.922500 -26.333046
v -17.894278 7.811587 -26.914381
v -17.928591 9.607346 -25.935692
v -18.164764 9.473580 -26.329132
v -18.262888 9.857985 -26.491600
v -17.014120 5.148546 -26.231636
v -17.472443 5.960623 -27.003973
v -15.143559 6.706152 -27.930935
v -15.008431 6.462635 -27.471619
v -16.110098 9.920359 -27.446466
v -16.173954 9.752040 -27.591980
v -16.477308 9.865251 -27.595947
v -16.281660 10.115809 -27.088230
v -16.710218 10.112855 -27.221533
v -16.679409 9.949733 -27.450350
v -15.149819 6.092517 -27.722572
v -16.935482 10.459849 -27.019608
v -16.851833 10.223079 -27.279327
v -16.790888 9.668201 -27.847511
v -17.466700 10.460851 -28.104607
v -17.530899 10.650595 -26.964916
v -17.607014 8.122985 -27.693508
v -18.571211 10.095031 -26.965004
v -18.000460 10.648950 -27.095642
v -17.189680 5.311934 -27.011478
v -17.219492 6.357090 -27.273048
v -17.366785 6.352402 -27.545183
v -17.683992 6.740281 -27.303997
v -17.901083 7.305375 -27.126040
v -17.782982 8.307543 -27.056761
v -17.791138 8.198713 -26.786238
v -17.726820 8.195304 -27.254395
v -17.690775 7.677920 -27.979546
v -17.915260 8.577121 -26.814573
v -18.152029 8.972508 -27.109241
v -17.995310 8.644299 -27.063007
v -18.059214 8.707455 -27.271408
v -18.205055 9.237909 -26.693201
v -18.677790 9.783108 -27.029922
v -17.370911 5.602263 -26.892391
v -17.581673 5.679735 -27.482752
v -17.400637 5.373158 -27.313457
v -15.473389 6.836204 -28.492485
v -14.874393 7.239819 -28.571100
v -15.255792 7.086922 -28.715790
v -15.170352 7.454550 -28.891342
v -15.570189 7.045758 -28.848827
v -15.654417 7.297759 -28.921028
v -15.376398 8.039508 -28.920944
v -15.953279 7.662118 -28.855694
v -16.333826 9.419321 -27.803078
v -16.437962 8.849683 -28.023502
v -16.666229 9.533344 -28.031229
v -15.412633 6.560509 -28.324562
v -15.714563 6.757545 -28.719551
v -15.524937 5.991203 -28.558359
v -15.812575 6.062751 -28.856251
v -15.943635 7.108059 -28.972345
v -16.060114 6.714727 -28.914604
v -16.610380 8.255166 -28.325245
v -16.215813 7.800203 -28.737875
v -16.983408 7.603475 -28.761147
v -16.557619 8.983058 -27.986095
v -16.816942 8.671071 -27.997942
v -17.066689 8.380630 -28.042866
v -16.055864 8.065233 -28.654800
v -16.700424 9.282531 -28.126621
v -16.931206 9.533383 -28.080606
v -17.171770 9.136662 -28.192469
v -17.191816 9.306184 -28.277193
v -17.289940 9.703124 -28.412209
v -17.520712 9.613523 -28.631306
v -16.811899 9.925700 -27.650652
v -17.472181 10.584843 -27.791115
v -18.110674 10.918332 -28.030014
v -18.318663 10.953574 -28.663816
v -16.847540 5.857968 -28.596359
v -16.906492 6.576855 -28.633759
v -17.034571 6.535678 -28.413160
v -17.571899 8.373162 -27.688288
v -17.436153 8.182218 -27.926460
v -17.339544 8.433137 -27.925472
v -17.565559 7.628742 -28.351852
v -17.691584 8.631537 -27.787130
v -17.895596 8.773527 -27.991127
v -17.443251 8.681407 -27.996635
v -17.621523 8.773848 -28.025265
v -17.398596 9.102135 -28.295654
v -18.085272 10.841961 -27.608887
v -17.613342 5.783791 -28.112299
v -17.153959 5.836165 -28.422745
v -17.426096 5.873940 -28.230408
v -17.016413 5.622509 -28.575483
v -17.228153 6.496212 -27.713524
v -17.206024 6.587659 -27.991392
v -17.162550 6.470079 -28.168951
v -17.126423 6.262058 -28.355946
v -17.307623 6.777709 -28.174723
v -17.736940 7.004484 -27.604755
v -17.714272 7.388641 -27.949965
v -18.175898 8.775174 -27.771965
v -18.541632 8.991515 -27.880621
v -18.569212 9.291468 -27.548225
v -18.886301 9.725769 -27.533232
v -18.778696 9.215364 -28.073757
v -18.979074 10.295351 -27.460361
v -19.162718 10.188475 -27.703899
v -19.187952 10.511555 -27.813770
v -18.777029 10.631003 -27.501911
v -19.076841 10.680796 -27.816473
v -17.844606 5.206181 -27.838703
v -17.710911 5.678686 -28.075905
v -17.544218 6.228995 -27.699781
v -16.193102 6.173907 -28.942152
v -16.244905 7.110124 -28.998125
v -16.301334 6.822879 -28.921108
v -16.621264 7.356544 -28.911947
v -17.331867 9.960886 -28.391172
v -17.898092 9.647502 -28.930836
v -18.179321 10.512812 -29.135799
v -18.123260 10.727825 -28.830956
v -16.372208 6.080425 -28.899868
v -16.748991 6.670827 -28.785080
v -17.469999 7.224229 -28.549273
v -17.131746 7.812410 -28.564352
v -17.221062 7.304845 -28.767620
v -17.335119 7.477491 -28.678627
v -18.259325 9.166595 -28.621218
v -18.553457 10.843563 -27.673889
v -18.810869 11.102125 -28.372856
v -19.077913 11.257550 -28.882389
v -19.332102 11.037784 -28.425430
v -17.448006 5.400855 -28.859709
v -17.906977 5.166440 -29.045887
v -17.634958 5.065805 -29.315624
v -18.329588 8.983267 -28.284348
v -18.641951 9.101385 -28.300488
v -18.997257 9.326391 -28.440836
v -18.984762 9.507017 -29.043112
v -19.054348 9.594731 -28.239340
v -19.353844 10.239153 -28.007740
v -19.655741 10.484362 -28.344051
v -19.661634 10.107960 -28.505688
v -19.305420 9.939543 -28.194052
v -19.570969 10.683505 -28.301271
v -17.838699 5.488995 -27.971203
v -18.141806 4.975117 -28.836987
v -11.004076 7.125912 -31.279293
v -11.037171 7.438831 -31.677366
v -11.244589 7.580516 -32.161915
v -10.888506 6.059835 -31.130739
v -10.806457 6.035662 -31.299875
v -10.881928 6.054581 -31.285198
v -10.848610 6.039744 -31.348198
v -11.215783 6.927255 -30.630459
v -11.226023 7.064110 -31.707386
v -11.457908 7.801931 -31.324171
v -11.732062 7.563291 -31.240398
v -11.703928 7.314481 -31.338539
v -11.258709 7.759042 -31.587353
v -11.706841 7.554992 -31.703827
v -11.497921 7.035461 -31.388165
v -11.388871 7.043258 -31.795925
v -11.412930 7.156498 -32.276081
v -11.211325 7.252834 -32.150517
v -11.640948 7.221739 -32.608093
v -11.690377 7.243701 -32.104992
v -11.566501 7.705178 -32.283199
v -11.618290 7.672032 -31.927444
v -11.746676 7.529820 -32.131989
v -11.638791 7.604385 -33.102509
v -11.552564 7.695083 -32.709354
v -11.846359 7.362690 -32.868736
v -11.484798 7.412189 -32.799438
v -11.837153 7.739976 -33.082214
v -11.950252 7.528220 -33.412331
v -11.936513 7.597638 -33.019646
v -11.821000 7.574429 -33.377945
v -11.981145 7.701083 -33.626755
v -11.966588 7.768685 -33.488358
v -12.053447 7.652394 -33.574337
v -12.042905 7.743293 -33.698097
v -12.057438 7.754242 -33.694714
v -12.053802 7.772144 -33.730011
v -14.388045 13.200788 -30.578737
v -13.835691 11.532564 -29.816175
v -14.419978 11.599161 -30.510052
v -14.155323 12.201786 -30.790112
v -14.391410 13.150579 -30.044350
v -14.677362 13.393557 -30.490778
v -15.152898 11.636812 -30.492537
v -15.421603 11.880515 -30.111055
v -15.365856 11.935453 -30.691666
v -15.597610 12.822490 -30.525913
v -15.313733 13.362975 -30.646236
v -15.622176 12.561864 -30.693314
v -14.220146 12.664618 -30.693172
v -14.223817 12.516264 -31.067129
v -14.460809 12.696492 -31.623816
v -14.673432 13.402487 -31.389446
v -14.880372 13.675027 -31.641258
v -15.019433 13.783033 -31.620899
v -14.462665 12.095082 -31.105694
v -14.993765 12.274413 -31.643900
v -15.172742 12.134223 -31.408661
v -14.843852 13.622181 -31.151655
v -14.969435 13.433735 -30.525373
v -15.445039 13.729696 -31.534077
v -15.652225 13.671160 -31.694466
v -14.927412 11.703865 -30.770905
v -15.394866 12.315052 -31.583786
v -15.583700 12.396152 -31.166529
v -15.614986 12.594532 -31.816025
v -15.733239 13.243764 -31.320307
v -14.680903 13.146512 -32.196522
v -15.145968 13.956551 -32.451321
v -14.729087 12.575569 -31.870590
v -14.875128 13.053131 -32.519695
v -15.149897 13.050157 -32.801083
v -15.583734 12.792046 -32.427288
v -15.317759 12.738596 -32.438313
v -15.219584 13.829129 -31.639851
v -15.778024 14.098518 -32.647514
v -15.746113 12.890381 -31.316589
v -15.809187 12.946335 -32.078442
v -15.949388 13.314706 -32.334274
v -15.809966 13.565558 -31.858688
v -16.017731 13.664837 -32.585545
v -14.875998 13.295228 -32.610706
v -15.070995 13.351553 -33.037796
v -15.425881 14.172457 -32.709541
v -15.840972 13.114769 -32.763226
v -15.567594 14.071585 -32.408779
v -15.957330 13.911178 -32.622772
v -16.165585 13.822773 -33.279472
v -15.258138 13.672946 -33.544586
v -15.822187 13.611911 -33.966305
v -15.389283 13.508965 -33.587975
v -15.713722 14.321035 -33.126820
v -15.674035 14.399790 -33.520233
v -15.506059 14.230731 -33.594978
v -15.446694 13.950958 -34.016117
v -15.765886 14.609801 -34.019371
v -16.061543 13.533565 -33.393040
v -15.807214 13.273685 -33.272457
v -15.585061 13.224947 -33.262356
v -16.035328 13.628119 -33.848030
v -16.248760 13.924485 -33.927586
v -16.266859 14.176427 -33.723515
v -16.016459 14.377785 -33.484093
v -15.698211 14.598893 -34.300083
v -15.623251 14.112191 -34.496677
v -15.720481 13.969269 -34.462093
v -15.978977 13.955952 -34.592148
v -15.848210 14.582718 -33.867725
v -16.054039 14.820387 -34.526592
v -16.154886 14.737965 -34.365643
v -16.210545 13.981798 -34.491543
v -16.401911 14.260935 -34.513577
v -16.326368 14.460529 -34.155277
v -15.845136 14.696423 -35.137924
v -15.827588 14.425260 -35.057316
v -15.991303 14.270969 -35.094238
v -16.173389 14.207842 -35.026943
v -15.800216 14.192486 -34.819191
v -16.350981 14.369015 -35.276184
v -16.596163 14.723625 -35.564201
v -16.333017 14.782252 -34.643883
v -15.929069 14.889130 -35.033421
v -16.014086 14.925183 -34.881134
v -16.130348 15.131248 -35.587517
v -16.483706 14.426279 -34.917377
v -16.521082 14.728518 -34.977699
v -16.237677 15.273974 -36.104515
v -16.036966 14.546102 -35.494423
v -16.145779 14.883548 -35.978611
v -16.497328 14.999556 -35.263340
v -16.681011 15.097281 -35.814640
v -16.094297 15.000984 -35.871094
v -16.306742 15.141855 -35.401493
v -16.663700 15.359893 -36.137608
v -16.552090 14.735798 -35.835854
v -16.283245 14.699032 -35.892941
v -16.417992 14.605109 -35.732296
v -16.440147 15.411611 -36.107071
v -16.489889 15.588910 -36.596268
v -16.270809 15.200585 -36.418671
v -16.416967 15.487717 -36.764969
v -16.689320 15.033504 -36.333038
v -16.805098 15.362165 -36.552166
v -16.394650 15.086515 -36.501812
v -16.587721 15.035170 -36.476501
v -16.828638 15.666262 -36.933529
v -16.523817 15.474752 -37.066875
v -16.671638 15.790739 -37.209465
v -16.755981 15.735512 -37.638573
v -16.778847 15.896204 -37.523743
v -16.849943 15.449378 -37.021786
v -16.629457 15.393721 -37.104218
v -16.727625 15.261757 -36.864723
v -16.949644 15.808756 -37.440651
v -16.815037 15.468884 -37.266422
v -16.942690 15.687634 -37.553284
v -16.990488 15.886818 -37.904266
v -16.912939 15.953976 -37.920502
v -17.332386 3.178326 -29.517071
v -17.331734 3.173370 -29.828823
v -18.024178 4.019413 -29.829288
v -17.559462 4.377713 -29.711437
v -17.842918 5.052242 -29.358255
v -18.392422 4.641416 -29.915009
v -18.154926 4.785715 -29.986240
v -17.937815 4.781608 -29.948507
v -17.768682 4.520565 -30.047434
v -18.258224 4.086047 -29.943394
v -18.394220 4.345678 -29.737110
v -18.023235 4.139273 -30.358120
v -18.380373 4.157950 -30.618898
v -18.271866 4.305495 -30.991632
v -18.371698 4.693192 -30.573257
v -17.993141 4.327572 -30.533464
v -18.245390 4.670361 -30.679218
v -18.216503 4.467891 -30.978479
v -18.384439 4.206039 -29.992880
v -18.586462 4.571038 -30.655510
v -18.611761 4.363878 -30.950996
v -18.620584 4.724863 -31.277714
v -18.740877 4.592735 -31.334518
v -18.418427 4.320718 -31.142363
v -18.374441 4.636545 -31.215137
v -18.509777 4.549995 -31.569941
v -18.611975 4.426178 -31.367733
v -18.772209 4.668720 -31.828108
v -18.693474 4.723013 -31.885012
v -18.722834 4.783779 -31.822302
v -18.805658 4.764274 -31.964390
v -18.816427 4.773558 -31.959311
v -18.839121 4.775902 -32.012821
v -18.146498 9.983538 -29.227329
v -18.106722 10.259685 -29.176208
v -18.450193 9.793411 -29.319141
v -18.962704 9.879879 -29.580864
v -18.548164 10.283280 -29.595600
v -18.673838 10.063348 -29.611914
v -18.989471 11.251276 -29.263475
v -19.489027 11.352801 -29.137056
v -19.169067 9.472076 -28.773540
v -19.399191 9.674420 -28.810024
v -18.929304 9.616433 -29.242065
v -19.510878 9.917049 -29.632654
v -19.723818 9.895307 -29.246340
v -19.729706 10.946032 -28.654491
v -20.085947 10.729420 -28.975502
v -20.113785 10.977058 -29.055389
v -20.425781 11.386836 -29.681532
v -19.814142 10.332734 -28.681553
v -19.783514 10.156125 -28.945133
v -18.940733 10.356750 -29.924759
v -18.991980 10.614916 -30.007689
v -18.858271 11.056683 -29.532772
v -19.578291 11.475008 -29.621918
v -19.090948 11.000792 -29.961184
v -19.798403 9.963134 -29.512579
v -20.010405 10.259770 -30.121750
v -20.165436 10.226306 -29.803080
v -19.986515 11.276468 -29.207310
v -19.966166 11.509148 -29.626303
v -20.050596 10.152954 -29.566324
v -20.387594 10.978262 -29.473558
v -19.425104 10.632773 -30.366663
v -19.585173 10.957510 -30.544355
v -19.915871 10.903844 -30.829708
v -19.771374 11.422235 -30.479185
v -19.847033 11.239715 -30.756176
v -19.968382 11.623451 -30.394518
v -19.424511 10.393426 -30.220953
v -19.800388 10.317731 -30.247765
v -20.864496 11.561238 -30.254286
v -20.309250 11.732447 -30.319672
v -20.633810 11.890488 -30.888529
v -20.372288 10.440891 -30.326254
v -20.661699 10.612672 -30.444252
v -20.609039 10.633040 -30.114912
v -20.558884 11.250140 -29.721807
v -19.981991 10.755309 -30.772747
v -20.414696 10.765468 -30.945366
v -20.821142 10.775698 -30.899845
v -20.224331 11.162083 -31.145279
v -20.381813 11.057444 -31.223335
v -20.618055 11.760931 -30.401909
v -21.186119 11.892473 -30.928165
v -20.599985 11.726878 -31.379759
v -20.862215 10.799954 -30.652031
v -21.176395 10.988017 -31.076393
v -21.173811 11.650755 -30.692190
v -20.994019 11.402947 -30.349886
v -21.477148 11.579147 -31.176758
v -20.821661 11.519989 -31.751598
v -20.906130 11.176821 -31.597734
v -20.993296 11.456505 -31.886372
v -20.682272 11.885450 -31.249989
v -20.552610 11.523772 -31.461521
v -21.046803 12.031613 -31.235140
v -21.418064 12.103133 -31.433611
v -21.490595 11.236185 -31.684587
v -21.082678 11.035464 -31.400805
v -21.569490 11.850617 -31.278320
v -21.532520 11.312754 -31.487154
v -21.845823 12.057228 -31.651201
v -21.200251 12.096678 -31.833408
v -21.130041 11.920000 -31.980667
v -21.861128 11.687012 -32.614372
v -21.742538 11.785358 -32.646469
v -21.797831 12.354700 -32.331589
v -21.317051 11.402500 -32.045692
v -21.815720 11.418987 -31.904919
v -21.986347 11.619017 -32.504005
v -22.168592 11.677747 -32.526283
v -21.855598 12.287144 -32.030891
v -22.084124 11.959353 -31.864397
v -22.263975 12.213952 -32.199615
v -21.485619 11.968281 -32.442577
v -22.168850 12.038923 -33.171501
v -21.638344 11.897201 -32.612061
v -22.359682 11.862922 -32.462475
v -22.679749 11.979600 -33.020531
v -22.715822 12.132660 -33.593334
v -22.374992 12.393207 -32.520012
v -22.436125 12.134952 -32.374508
v -22.293745 12.530771 -32.865589
v -22.796490 12.166903 -32.947166
v -22.838339 12.480968 -33.052898
v -22.681828 12.003367 -33.279827
v -22.718824 12.318515 -33.821014
v -22.804840 12.615386 -33.213795
v -22.091112 12.438271 -32.903805
v -22.581221 12.441248 -33.692562
v -22.292030 12.433942 -33.285973
v -23.083527 12.541550 -33.396164
v -22.807978 12.727214 -33.525837
v -23.073788 12.217240 -33.704681
v -23.286663 12.649793 -34.541733
v -22.777611 12.695634 -33.763626
v -23.213278 12.480839 -34.341785
v -23.345596 12.722282 -33.854126
v -23.264658 12.901129 -34.278530
v -23.106752 12.749876 -34.286308
v -23.546904 12.523263 -34.457718
v -23.211763 12.837274 -33.938988
v -23.594206 12.937475 -34.404568
v -23.694605 12.817507 -34.388077
v -23.328491 12.544355 -33.757633
v -23.248491 12.345757 -33.791061
v -23.642588 12.647407 -34.345497
v -23.651445 12.713788 -34.874928
v -23.550056 12.815245 -34.852730
v -23.638052 13.022943 -34.795300
v -24.137480 13.039693 -35.451855
v -23.942648 13.089972 -35.043926
v -23.777573 12.997652 -35.079044
v -23.804647 12.710588 -34.815353
v -23.985334 13.003371 -34.892670
v -24.033472 12.862803 -35.145695
v -24.142046 13.120769 -35.401508
v -24.275831 13.067904 -35.444164
v -17.964584 9.779734 -28.538519
v -18.239679 9.328460 -28.319805
v -18.394737 9.270205 -28.729736
v -17.705477 8.984841 -28.704720
v -17.838421 8.968431 -29.077362
v -17.034182 9.418092 -28.994843
v -18.220892 9.683192 -28.983227
v -15.027610 11.094708 -29.409292
v -15.236939 10.414506 -29.344484
v -15.064673 11.082505 -30.036015
vn 0.0361 -0.3741 0.9267
vn 0.9507 0.2959 0.0929
vn 0.6766 -0.1562 0.7196
vn 0.8008 0.5981 -0.0321
vn 0.2452 -0.1421 0.9590
vn -0.9078 -0.3985 0.1308
vn 0.8893 0.1754 0.4223
vn 0.1318 0.0676 0.9890
vn -0.7440 -0.6465 -0.1687
vn 0.8088 -0.0783 0.5829
vn -0.1220 0.6250 0.7711
vn 0.8443 -0.5321 0.0635
vn 0.9610 -0.2735 -0.0415
vn 0.7764 -0.4145 0.4748
vn 0.9459 -0.1589 0.2830
vn 0.9316 0.1741 -0.3191
vn 0.9913 0.0383 0.1256
vn 0.2543 0.0824 0.9636
vn -0.9387 0.3421 -0.0417
vn -0.9440 0.0760 0.3209
vn 0.7828 0.4485 0.4313
vn 0.5834 0.6282 -0.5149
vn 0.5845 0.6285 -0.5132
vn 0.5842 0.6284 -0.5137
vn -0.0336 0.3777 0.9253
vn -0.2957 0.2640 -0.9181
vn 0.7114 0.5281 -0.4638
vn -0.7437 -0.0492 0.6668
vn -0.6316 0.7537 0.1819
vn 0.9634 -0.0023 -0.2682
vn 0.1778 0.4321 0.8842
vn 0.8976 0.2435 -0.3675
vn 0.1140 -0.4714 0.8745
vn 0.4026 0.3336 -0.8524
vn 0.7364 0.0065 -0.6765
vn 0.7458 -0.0208 0.6659
vn -0.3948 -0.8777 0.2716
vn -0.7434 -0.5755 -0.3408
vn -0.7690 -0.3148 -0.5563
vn -0.3970 -0.0055 -0.9178
vn 0.1228 -0.0130 -0.9923
vn 0.0982 -0.7487 0.6556
vn -0.3330 -0.0727 -0.9401
vn 0.3574 -0.4324 0.8278
vn 0.7314 -0.6750 -0.0975
vn -0.3377 -0.9210 -0.1941
vn 0.1442 -0.0048 0.9895
vn -0.8431 -0.5331 -0.0708
vn -0.8019 -0.5719 -0.1727
vn 0.2380 0.1168 0.9642
vn -0.1017 0.4151 0.9041
vn 0.5147 -0.5400 0.6659
vn 0.5576 -0.7976 0.2298
vn 0.6532 -0.0312 0.7565
vn 0.3838 -0.3758 0.8435
vn -0.5272 -0.1253 0.8405
vn 0.4121 0.8979 0.1547
vn -0.5037 0.7524 0.4245
vn -0.4442 0.8470 0.2921
vn -0.4951 0.5799 -0.6470
vn 0.1399 0.2754 0.9511
vn 0.8925 0.4309 0.1334
vn 0.7029 0.6098 0.3661
vn 0.6479 0.4882 -0.5847
vn -0.0272 0.4330 -0.9010
vn -0.9928 -0.0526 0.1080
vn -0.7335 0.3687 -0.5710
vn -0.9897 0.1311 -0.0572
vn -0.1070 0.6036 0.7901
vn 0.3027 0.9506 -0.0695
vn 0.3775 -0.9203 -0.1025
vn 0.8453 0.2817 0.4539
vn 0.5803 0.8079 0.1024
vn 0.5800 0.8080 0.1035
vn 0.5803 0.8079 0.1026
vn 0.0916 0.0691 -0.9934
vn 0.8035 -0.5952 0.0011
vn 0.7257 -0.6832 -0.0811
vn 0.9059 -0.2949 -0.3039
vn 0.8979 -0.3865 -0.2107
vn -0.6856 0.6991 0.2029
vn -0.7266 0.1148 0.6774
vn 0.9676 0.2398 0.0795
vn 0.8038 0.5116 0.3037
vn 0.8921 -0.4027 -0.2050
vn 0.7454 0.5193 0.4180
vn 0.6890 0.5951 0.4137
vn -0.6897 0.6696 0.2755
vn -0.6919 0.6681 0.2737
vn -0.6872 0.6714 0.2776
vn -0.9468 0.3090 -0.0899
vn -0.5487 0.8096 0.2085
vn -0.4906 0.5962 -0.6355
vn -0.8096 0.3756 -0.4511
vn 0.7328 0.0124 0.6803
vn -0.1339 -0.0916 0.9867
vn 0.5167 0.6782 -0.5226
vn -0.0260 0.8170 0.5761
vn -0.3322 -0.1698 0.9278
vn -0.9836 0.1433 -0.1092
vn -0.9677 -0.1630 0.1922
vn -0.9781 0.1930 -0.0777
vn 0.4323 -0.1549 0.8883
vn 0.6045 -0.5976 -0.5267
vn 0.4888 -0.7640 -0.4212
vn 0.8763 -0.0342 0.4805
vn 0.7716 0.1782 -0.6107
vn -0.3496 -0.4370 0.8287
vn 0.9356 -0.1329 -0.3270
vn 0.2025 -0.7430 -0.6379
vn 0.2032 -0.7431 -0.6375
vn 0.2027 -0.7430 -0.6378
vn -0.2029 -0.6846 0.7001
vn 0.3883 -0.9192 -0.0658
vn -0.7616 -0.4756 -0.4402
vn -0.6513 -0.7387 -0.1734
vn 0.9250 0.3253 0.1963
vn 0.5520 -0.8134 0.1834
vn 0.6001 -0.7976 0.0607
vn 0.6831 -0.7303 -0.0036
vn 0.5551 -0.7857 -0.2729
vn -0.6282 0.7107 0.3168
vn -0.7121 0.6958 0.0936
vn -0.3892 0.9149 0.1070
vn 0.9246 0.3083 0.2237
vn -0.0442 0.9501 0.3089
vn 0.9988 -0.0306 -0.0385
vn 0.9814 0.1390 0.1322
vn 0.6386 0.7575 0.1355
vn -0.1238 0.9462 0.2990
vn 0.3705 0.0610 0.9268
vn 0.7040 0.5944 -0.3887
vn 0.2218 0.6267 -0.7470
vn 0.5351 0.7751 0.3360
vn 0.5519 0.6416 0.5327
vn 0.7029 -0.6368 0.3168
vn 0.8549 -0.4986 -0.1433
vn 0.8588 -0.4942 -0.1351
vn 0.8561 -0.4972 -0.1406
vn 0.7120 -0.6647 -0.2263
vn 0.9279 -0.3686 -0.0563
vn 0.2316 -0.8025 -0.5498
vn 0.2740 -0.9106 -0.3094
vn 0.0752 -0.9292 -0.3619
vn -0.5311 0.5821 0.6156
vn -0.7171 0.6886 0.1076
vn 0.9319 0.3404 -0.1253
vn -0.6925 0.6677 0.2732
vn 0.7902 -0.3422 0.5084
vn -0.8287 0.4976 0.2562
vn -0.7930 0.5230 0.3124
vn -0.7071 0.0111 0.7070
vn 0.2040 -0.4487 0.8701
vn -0.8388 0.4676 0.2788
vn -0.0949 0.9607 0.2609
vn -0.8460 -0.1339 0.5161
vn -0.5612 0.4503 -0.6945
vn -0.8961 0.4388 -0.0672
vn -0.9685 0.1843 -0.1677
vn 0.0439 -0.5074 -0.8606
vn -0.4221 0.5639 -0.7098
vn -0.8851 0.3032 0.3531
vn -0.9775 0.2079 0.0345
vn 0.2023 -0.7429 -0.6381
vn 0.9617 0.2324 0.1453
vn 0.5243 -0.1612 0.8361
vn 0.4898 -0.6398 0.5922
vn 0.9268 -0.3455 0.1471
vn 0.6777 -0.3711 0.6348
vn -0.0939 -0.0658 -0.9934
vn -0.6889 -0.6963 0.2017
vn -0.7461 -0.5678 -0.3477
vn 0.8014 -0.0896 0.5914
vn 0.2619 -0.8504 -0.4563
vn -0.3815 0.9194 0.0956
vn -0.0221 -0.7840 -0.6204
vn 0.0537 -0.7849 -0.6172
vn -0.1290 -0.6988 -0.7036
vn -0.2067 -0.7200 -0.6625
vn -0.7004 -0.2294 0.6758
vn -0.3493 0.9189 0.1832
vn 0.9625 0.1361 0.2346
vn 0.8078 0.5597 0.1851
vn -0.4757 0.8310 0.2884
vn 0.9948 -0.0971 -0.0293
vn -0.5605 0.6507 0.5123
vn 0.3629 0.8010 0.4760
vn 0.2398 0.6582 -0.7136
vn 0.4344 0.8313 0.3467
vn -0.2518 0.9163 0.3115
vn 0.1039 0.9403 0.3242
vn 0.4870 0.7574 0.4349
vn 0.0009 0.9598 0.2807
vn 0.3911 -0.1487 0.9083
vn 0.3569 0.9163 0.1818
vn -0.6481 0.5026 -0.5721
vn 0.9446 0.2097 0.2525
vn -0.7958 -0.1663 0.5823
vn -0.4267 -0.8031 0.4160
vn 0.0347 0.9398 0.3399
vn 0.7986 0.5972 -0.0746
vn -0.2524 0.5859 -0.7700
vn -0.8440 0.3346 -0.4191
vn 0.8636 -0.3344 0.3774
vn -0.6645 0.7246 -0.1828
vn 0.9841 -0.1314 0.1194
vn 0.2995 -0.5090 0.8069
vn 0.9440 0.3235 -0.0655
vn -0.1705 0.7706 -0.6140
vn -0.9470 -0.1341 0.2920
vn 0.9994 -0.0190 0.0280
vn -0.0962 -0.9729 -0.2101
vn 0.6279 -0.7120 -0.3144
vn -0.5840 0.6444 0.4937
vn -0.7037 0.5489 0.4512
vn -0.5875 0.5922 0.5515
vn -0.6244 0.6429 0.4437
vn -0.6244 0.6428 0.4437
vn -0.6246 0.6432 0.4429
vn -0.7106 0.5273 0.4657
vn -0.6243 0.6427 0.4442
vn -0.8853 0.0970 0.4547
vn -0.1757 -0.2432 -0.9539
vn -0.2818 -0.8920 -0.3534
vn 0.0873 -0.8148 -0.5731
vn -0.3067 -0.9308 -0.1987
vn -0.4156 0.8103 0.4131
vn -0.1114 0.9224 0.3699
vn -0.3950 0.8262 0.4016
vn 0.1998 -0.8619 -0.4660
vn -0.3372 0.8920 0.3011
vn 0.9951 0.0969 -0.0200
vn 0.9955 0.0916 -0.0258
vn 0.9956 0.0895 -0.0282
vn -0.2457 0.6539 -0.7156
vn 0.8601 -0.4926 -0.1324
vn 0.6779 -0.6904 -0.2526
vn 0.6787 -0.6893 -0.2534
vn 0.6832 -0.6831 -0.2580
vn 0.2241 -0.8662 -0.4466
vn 0.8703 0.4421 0.2170
vn 0.8669 0.4454 0.2238
vn 0.8697 0.4428 0.2182
vn 0.9995 0.0108 0.0284
vn 0.9999 0.0079 -0.0079
vn 0.9999 0.0112 -0.0077
vn 0.9999 0.0073 -0.0078
vn 0.9826 0.1808 0.0436
vn -0.3070 0.6585 -0.6871
vn 0.9001 0.3523 -0.2564
vn -0.1335 0.8841 0.4478
vn 0.0269 0.9604 0.2773
vn 0.1898 -0.6925 -0.6960
vn -0.3954 0.7595 0.5166
vn -0.0538 0.8920 0.4487
vn -0.7691 0.5383 0.3445
vn 0.3168 -0.8235 -0.4706
vn -0.3177 -0.7110 -0.6273
vn 0.8663 0.4459 0.2251
vn -0.8626 0.1251 0.4902
vn -0.7166 0.5082 0.4777
vn 0.1588 0.7997 0.5791
vn -0.4035 0.8011 0.4422
vn -0.8792 0.2357 0.4142
vn -0.3313 -0.8714 -0.3619
vn 0.0387 -0.8546 -0.5179
vn 0.2903 -0.4033 -0.8678
vn -0.4272 -0.6827 -0.5928
vn 0.4718 -0.0816 -0.8779
vn -0.5925 -0.4709 -0.6536
vn -0.3044 0.9256 0.2248
vn -0.6187 0.6438 0.4503
vn 0.9550 -0.2357 -0.1803
vn 0.9949 0.0991 -0.0177
vn 0.9912 -0.0687 -0.1128
vn 0.8886 0.4478 0.0998
vn 0.6904 0.5796 0.4329
vn 0.6857 0.5756 0.4456
vn -0.1109 0.7898 0.6033
vn 0.4339 -0.8358 -0.3364
vn 0.2462 -0.9246 -0.2906
vn 0.6018 -0.7330 -0.3173
vn 0.6839 -0.6822 -0.2586
vn 0.9988 -0.0373 -0.0324
vn 0.9475 -0.2486 -0.2013
vn -0.1048 0.8690 0.4836
vn 0.1123 0.6565 0.7459
vn -0.6486 0.5424 0.5340
vn -0.1897 0.6524 0.7338
vn -0.1788 0.6841 0.7071
vn -0.1787 0.6827 0.7086
vn -0.1788 0.6837 0.7076
vn -0.1643 -0.8969 -0.4106
vn -0.9274 0.2521 0.2764
vn -0.7029 0.4734 0.5309
vn -0.2871 -0.7635 -0.5785
vn -0.7672 -0.5406 -0.3453
vn 0.6170 -0.7105 -0.3384
vn -0.6090 -0.6853 -0.3992
vn -0.7259 0.3908 0.5661
vn -0.7123 0.5623 0.4201
vn -0.7017 0.5476 0.4558
vn -0.7666 0.2784 0.5786
vn -0.7822 0.2912 0.5508
vn -0.1073 -0.9942 -0.0080
vn -0.4732 0.8096 0.3473
vn -0.7430 0.4935 0.4521
vn -0.6045 0.6742 0.4243
vn -0.0353 0.9033 0.4276
vn 0.9092 0.4159 -0.0189
vn 0.0944 -0.8133 -0.5742
vn 0.0924 -0.8141 -0.5733
vn 0.1002 -0.8109 -0.5765
vn 0.7793 -0.5166 -0.3547
vn 0.7786 -0.3818 -0.4980
vn 0.7792 -0.3816 -0.4973
vn 0.7765 -0.3826 -0.5007
vn 0.9285 -0.1134 -0.3535
vn 0.8246 0.5574 0.0967
vn 0.9621 -0.0820 -0.2600
vn 0.9824 0.1864 -0.0109
vn -0.0437 0.6413 0.7661
vn 0.0623 0.8066 0.5879
vn 0.9834 0.1565 -0.0919
vn 0.6311 0.6746 0.3830
vn -0.5225 0.6021 0.6037
vn -0.4583 0.4413 0.7715
vn 0.4187 -0.5825 -0.6967
vn -0.6303 0.4769 0.6127
vn -0.1325 -0.9497 -0.2838
vn -0.1606 0.2085 0.9647
vn -0.6515 -0.7424 -0.1560
vn -0.7745 -0.6133 -0.1549
vn -0.5063 -0.7521 -0.4218
vn -0.4780 -0.7524 -0.4533
vn -0.7676 -0.6243 -0.1447
vn -0.9225 -0.1517 0.3550
vn -0.7872 0.2596 0.5594
vn -0.7470 0.4088 0.5243
vn -0.8826 0.1691 0.4387
vn -0.8793 0.1694 0.4451
vn -0.8798 0.1693 0.4441
vn -0.7332 0.1946 0.6515
vn -0.8829 0.1692 0.4380
vn -0.3063 0.7032 0.6416
vn -0.8789 0.0367 0.4756
vn 0.6114 -0.5493 -0.5697
vn -0.3884 0.7403 0.5488
vn -0.3802 0.7392 0.5559
vn -0.3823 0.7395 0.5541
vn -0.3906 0.7405 0.5468
vn -0.1341 0.6136 0.7781
vn 0.1569 -0.7101 -0.6863
vn 0.1611 -0.7118 -0.6836
vn 0.1600 -0.7114 -0.6844
vn -0.0908 0.7241 0.6837
vn -0.8757 -0.3542 0.3282
vn 0.9527 0.2326 -0.1956
vn 0.7333 -0.5008 -0.4599
vn 0.7757 -0.3829 -0.5016
vn 0.9307 0.0256 -0.3649
vn 0.9362 0.0287 -0.3503
vn 0.8274 -0.1009 -0.5525
vn 0.8622 -0.0698 -0.5017
vn 0.9313 0.0527 -0.3605
vn 0.2771 0.8870 0.3693
vn 0.7168 0.6057 -0.3456
vn 0.7214 0.6005 -0.3449
vn 0.7211 0.6009 -0.3449
vn 0.8406 0.5152 -0.1673
vn 0.2605 0.9584 -0.1170
vn -0.5541 -0.7856 -0.2751
vn -0.0615 -0.8673 -0.4940
vn -0.0100 -0.8773 -0.4799
vn -0.0098 -0.8769 -0.4806
vn -0.0089 -0.8728 -0.4880
vn -0.3220 -0.8377 -0.4411
vn -0.3221 -0.8376 -0.4412
vn -0.3210 -0.8383 -0.4406
vn 0.4056 -0.6906 -0.5988
vn 0.1169 -0.2339 0.9652
vn 0.1168 -0.2392 0.9639
vn 0.1167 -0.2427 0.9631
vn -0.8172 -0.5550 -0.1555
vn -0.7693 -0.6091 -0.1929
vn -0.5849 0.5160 0.6258
vn 0.5898 -0.4759 -0.6524
vn 0.5887 -0.4763 -0.6531
vn 0.5958 -0.4739 -0.6484
vn 0.5886 -0.4763 -0.6532
vn -0.7585 0.1116 0.6420
vn -0.6177 0.3095 0.7230
vn 0.1236 -0.4706 -0.8736
vn -0.3387 -0.8469 -0.4099
vn 0.3592 -0.3830 -0.8510
vn -0.7031 0.3698 0.6073
vn 0.3349 -0.7197 -0.6082
vn 0.1167 -0.2445 0.9626
vn -0.6350 -0.3239 0.7013
vn -0.5856 -0.5126 0.6279
vn -0.6498 -0.3194 0.6897
vn -0.5297 -0.5666 0.6312
vn -0.7981 0.0728 0.5981
vn -0.7580 0.2295 0.6106
vn -0.4031 0.0322 0.9146
vn 0.0782 -0.2340 0.9691
vn -0.0290 0.3444 0.9384
vn 0.1158 0.4857 0.8664
vn 0.0433 0.2477 0.9679
vn 0.1120 0.5830 0.8047
vn 0.1368 0.2174 0.9664
vn 0.2562 0.4361 0.8627
vn -0.5776 -0.7992 0.1666
vn -0.2890 0.5406 0.7901
vn 0.3307 -0.5537 0.7642
vn 0.6531 -0.0244 0.7569
vn 0.6855 -0.4002 -0.6082
vn 0.8249 -0.1909 -0.5320
vn 0.8252 -0.1964 -0.5296
vn 0.8251 -0.1904 -0.5319
vn 0.8253 -0.1977 -0.5289
vn 0.3446 0.8980 0.2736
vn 0.4480 -0.6912 -0.5671
vn 0.9565 0.2910 -0.0180
vn -0.0090 -0.8725 -0.4885
vn -0.6104 -0.7754 -0.1615
vn -0.6314 -0.7727 -0.0657
vn -0.6644 -0.7085 -0.2379
vn 0.2649 -0.7708 -0.5794
vn -0.6450 -0.7495 -0.1492
vn -0.6649 -0.7446 -0.0599
vn -0.7500 -0.6608 0.0282
vn -0.4147 -0.8547 -0.3122
vn -0.6507 -0.7591 -0.0188
vn -0.7097 -0.6943 -0.1197
vn -0.4397 -0.7980 -0.4121
vn -0.4862 -0.7922 -0.3688
vn -0.4781 -0.8267 -0.2967
vn -0.0323 -0.3801 -0.9244
vn -0.0335 -0.3818 -0.9236
vn -0.0271 -0.3734 -0.9273
vn 0.1350 -0.7013 -0.7000
vn -0.0728 -0.6205 -0.7808
vn 0.1399 -0.8133 -0.5648
vn 0.9434 -0.0090 -0.3315
vn 0.4132 -0.5276 -0.7422
vn -0.0578 -0.6485 -0.7590
vn 0.8171 -0.4170 -0.3980
vn -0.5553 -0.8155 0.1631
vn 0.4508 -0.5923 -0.6678
vn -0.2135 -0.8519 -0.4782
vn 0.7140 -0.4762 -0.5133
vn 0.7378 -0.3551 -0.5741
vn 0.8996 0.4340 -0.0478
vn 0.9408 0.0538 -0.3347
vn 0.8452 -0.2031 -0.4943
vn 0.8147 -0.3396 -0.4701
vn 0.8315 -0.3062 -0.4635
vn 0.9514 0.3011 -0.0646
vn 0.6370 -0.4366 -0.6353
vn -0.1461 -0.9150 -0.3760
vn 0.3394 -0.8018 -0.4919
vn -0.7090 -0.6473 0.2798
vn -0.1914 -0.9253 -0.3273
vn 0.4791 -0.7696 -0.4220
vn -0.0570 -0.9818 -0.1810
vn -0.0571 -0.9817 -0.1816
vn -0.0572 -0.9812 -0.1843
vn 0.7893 -0.0778 0.6091
vn -0.5577 -0.8256 0.0854
vn -0.5821 -0.8102 0.0686
vn -0.4735 -0.8683 0.1476
vn -0.5718 -0.7938 -0.2072
vn -0.2934 -0.9133 -0.2823
vn -0.4421 -0.8862 0.1383
vn 0.4770 0.8704 -0.1220
vn 0.8877 -0.2020 0.4137
vn 0.8196 0.4511 0.3533
vn 0.7132 0.6951 -0.0905
vn 0.9624 0.0699 0.2623
vn 0.8875 0.3978 0.2325
vn 0.4810 -0.8429 0.2410
vn 0.7572 -0.0811 0.6481
vn 0.9841 0.0527 0.1697
vn 0.7952 0.4102 0.4466
vn 0.8112 -0.2021 0.5487
vn 0.8903 -0.1097 -0.4420
vn 0.8907 -0.1082 -0.4416
vn 0.8901 -0.1104 -0.4421
vn 0.9602 0.0789 -0.2679
vn 0.4551 -0.8802 -0.1347
vn 0.7823 0.6144 -0.1029
vn 0.9412 0.1452 0.3050
vn 0.9749 0.1415 -0.1719
vn 0.6506 -0.5941 -0.4731
vn 0.4177 -0.8155 -0.4005
vn -0.0233 -0.9967 -0.0772
vn 0.7590 0.2865 -0.5847
vn -0.3195 -0.8970 -0.3054
vn -0.1109 -0.9450 -0.3077
vn -0.4354 -0.8962 -0.0853
vn 0.1852 -0.8952 -0.4054
vn -0.0572 -0.9811 -0.1850
vn -0.6018 -0.7944 0.0823
vn -0.6287 -0.6912 -0.3564
vn -0.5377 -0.7751 0.3317
vn 0.7988 -0.5658 0.2044
vn 0.9221 -0.3616 0.1381
vn 0.9336 -0.3480 0.0850
vn 0.7242 0.6888 -0.0317
vn 0.8578 0.2060 0.4709
vn 0.1546 0.9391 -0.3070
vn -0.3804 0.1888 -0.9054
vn 0.5445 -0.8346 0.0831
vn 0.9606 0.2324 0.1523
vn 0.7680 -0.5737 0.2847
vn -0.6616 -0.7030 -0.2608
vn 0.5543 -0.8293 0.0708
vn 0.4371 0.3813 -0.8146
vn 0.5871 -0.4302 -0.6858
vn -0.5479 0.0051 -0.8365
vn 0.0055 0.2067 -0.9784
vn -0.5441 -0.0531 -0.8373
vn -0.8986 -0.1684 -0.4051
vn -0.7752 -0.3738 -0.5093
vn 0.0105 0.2418 -0.9703
vn 0.2245 -0.8021 -0.5534
vn 0.5446 -0.5731 -0.6123
vn -0.8786 0.1367 -0.4577
vn 0.2777 -0.6434 -0.7134
vn 0.4094 -0.8071 -0.4253
vn 0.9823 -0.1471 -0.1160
vn 0.9115 0.1809 0.3695
vn 0.9899 -0.0486 -0.1332
vn 0.4063 -0.7391 -0.5373
vn -0.4497 -0.6996 -0.5553
vn 0.2766 -0.5723 -0.7720
vn -0.2667 -0.3720 -0.8891
vn -0.4781 -0.0866 -0.8740
vn 0.3281 -0.7364 -0.5917
vn 0.4077 -0.7169 -0.5656
vn 0.5355 -0.5660 -0.6268
vn -0.2606 -0.9166 -0.3033
vn -0.1855 0.9731 -0.1368
vn -0.6581 -0.7353 0.1621
vn -0.8448 -0.5025 -0.1839
vn -0.4416 -0.8593 0.2580
vn -0.8684 -0.4933 -0.0497
vn 0.8577 0.4689 -0.2107
vn -0.7726 -0.6062 -0.1888
vn 0.2028 -0.9697 -0.1364
vn 0.2041 -0.9789 -0.0064
vn 0.6763 0.7366 0.0045
vn 0.6297 -0.7713 0.0929
vn 0.9410 0.3357 0.0416
vn -0.7802 0.6254 -0.0073
vn -0.9831 -0.1441 -0.1128
vn 0.9390 -0.3329 0.0867
vn 0.9786 0.0514 0.1992
vn 0.9423 -0.3186 0.1026
vn -0.0154 -0.9984 -0.0537
vn 0.1710 -0.9794 -0.1074
vn 0.1697 -0.9795 -0.1086
vn 0.1706 -0.9794 -0.1077
vn -0.6153 -0.7465 -0.2532
vn -0.6826 -0.7121 -0.1645
vn -0.9755 -0.0162 -0.2192
vn 0.5933 0.7917 -0.1456
vn -0.9300 -0.3610 -0.0686
vn -0.8347 -0.4741 -0.2802
vn 0.1695 -0.9795 -0.1089
vn -0.6380 0.7038 -0.3124
vn -0.1245 0.9527 -0.2772
vn 0.5842 -0.8064 0.0922
vn 0.0254 -0.9984 -0.0498
vn -0.2114 -0.3931 -0.8949
vn -0.3281 -0.9167 -0.2282
vn -0.7186 -0.4199 -0.5544
vn 0.1248 -0.8215 -0.5564
vn 0.5886 -0.3153 -0.7444
vn 0.0544 -0.6993 -0.7127
vn 0.2713 -0.4990 -0.8231
vn -0.0093 -0.1611 -0.9869
vn -0.4333 -0.8444 -0.3150
vn -0.6411 -0.7563 -0.1302
vn 0.7966 0.5722 -0.1951
vn -0.8337 -0.5294 -0.1567
vn -0.8038 -0.5898 -0.0782
vn -0.4871 -0.4771 -0.7315
vn -0.5528 -0.4615 -0.6938
vn -0.4860 0.8560 -0.1762
vn -0.8894 -0.2139 -0.4040
vn 0.9439 0.3187 -0.0862
vn -0.2466 -0.9609 -0.1257
vn 0.2272 0.9527 -0.2017
vn 0.8235 0.5430 -0.1644
vn -0.0245 -0.9814 -0.1902
vn -0.4658 0.8791 -0.1013
vn -0.9785 -0.1519 -0.1399
vn -0.4176 0.9073 -0.0487
vn 0.6626 -0.7485 0.0261
vn 0.7600 0.6498 -0.0141
vn 0.9707 -0.2391 0.0254
vn 0.6718 0.7172 -0.1852
vn 0.6774 0.7145 -0.1748
vn 0.6767 0.7148 -0.1762
vn 0.5816 -0.8114 -0.0587
vn 0.6710 0.7176 -0.1866
vn -0.3726 -0.5150 -0.7720
vn -0.0660 -0.9289 -0.3645
vn -0.9129 -0.1583 -0.3763
vn -0.4372 -0.8771 -0.1986
vn -0.8016 -0.5119 -0.3089
vn -0.9686 -0.0908 -0.2313
vn -0.6787 -0.6959 -0.2349
vn 0.2706 -0.0047 0.9627
vn -0.7957 0.5708 -0.2028
vn 0.4084 0.8946 0.1811
vn 0.7631 0.5735 0.2977
vn 0.7503 -0.4104 0.5184
vn 0.8904 -0.3541 0.2861
vn 0.7327 0.6606 0.1638
vn 0.4013 -0.6071 0.6859
vn 0.7250 0.6242 -0.2912
vn 0.5293 0.6042 0.5956
vn 0.6119 0.6612 0.4340
vn 0.5541 0.4897 0.6732
vn 0.6240 0.5744 0.5298
vn 0.6781 0.2057 -0.7056
vn 0.7889 0.6143 -0.0179
vn 0.7869 0.6169 -0.0156
vn 0.7896 0.6133 -0.0188
vn 0.5007 0.6897 0.5231
vn 0.3256 -0.7595 0.5631
vn 0.3451 -0.1795 0.9212
vn 0.0110 -0.1517 0.9884
vn 0.2434 -0.9625 0.1198
vn 0.9602 -0.2025 0.1926
vn -0.5754 -0.4274 0.6973
vn 0.5408 -0.6616 0.5194
vn 0.2042 -0.5184 0.8304
vn 0.1582 -0.7193 0.6765
vn 0.5037 0.7028 0.5023
vn -0.0614 -0.9872 -0.1473
vn -0.5960 -0.6169 0.5139
vn 0.0638 -0.9329 -0.3545
vn -0.0242 0.4160 0.9090
vn 0.5612 0.4978 0.6613
vn 0.9932 0.1165 -0.0048
vn 0.0165 0.3149 0.9490
vn -0.2728 0.5654 0.7784
vn 0.7099 0.5630 0.4232
vn 0.7129 0.5797 0.3946
vn -0.4190 0.7709 0.4797
vn -0.2232 -0.9690 -0.1060
vn 0.3004 -0.5322 0.7915
vn -0.3194 0.8855 0.3375
vn -0.3115 0.8888 0.3363
vn -0.3197 0.8853 0.3376
vn -0.1730 0.7883 0.5904
vn 0.8592 0.5112 0.0232
vn 0.9796 -0.1348 0.1492
vn 0.0207 -0.9767 -0.2137
vn 0.8612 -0.2323 0.4521
vn 0.4557 0.8880 0.0607
vn 0.9811 0.1772 0.0775
vn 0.8430 0.4383 -0.3118
vn 0.4005 0.9042 -0.1482
vn 0.7515 -0.1570 -0.6408
vn 0.9029 -0.3905 -0.1796
vn 0.0648 0.9545 0.2911
vn 0.5722 0.7471 0.3381
vn -0.5713 -0.7494 0.3348
vn -0.5057 0.7974 0.3292
vn 0.9310 -0.1527 -0.3317
vn 0.3525 0.8345 0.4235
vn 0.8129 0.5063 0.2876
vn 0.4991 0.8095 0.3092
vn 0.9720 0.2350 0.0058
vn -0.1678 -0.9290 -0.3299
vn -0.2004 -0.7910 -0.5781
vn 0.2077 -0.7700 -0.6033
vn -0.3594 0.9113 0.2010
vn 0.4744 -0.8775 -0.0708
vn -0.1255 0.9696 0.2102
vn 0.4208 0.8266 0.3738
vn -0.0829 0.9624 0.2586
vn -0.5272 0.8007 0.2845
vn 0.8881 0.3717 -0.2703
vn 0.9742 0.2251 0.0172
vn 0.1028 -0.9852 -0.1372
vn 0.7242 -0.6518 -0.2252
vn 0.8069 0.5908 -0.0026
vn 0.8099 0.5866 -0.0030
vn 0.8092 0.5874 -0.0091
vn 0.8257 0.5450 -0.1455
vn 0.6917 0.6586 0.2963
vn 0.6829 0.6854 0.2525
vn 0.5174 -0.8479 0.1157
vn -0.7285 -0.3884 -0.5643
vn -0.4290 -0.8947 -0.1248
vn -0.8338 -0.5465 0.0780
vn 0.4379 -0.3176 -0.8411
vn -0.3058 -0.9146 0.2647
vn -0.4142 -0.8565 -0.3079
vn -0.4370 -0.8995 -0.0011
vn 0.8455 0.5023 -0.1809
vn 0.8467 0.5007 -0.1798
vn 0.8453 0.5026 -0.1812
vn -0.0402 0.8687 0.4937
vn 0.1231 0.7459 0.6546
vn 0.2393 0.2458 0.9393
vn 0.9423 -0.2591 0.2121
vn 0.8787 0.2033 0.4318
vn 0.8230 0.5490 0.1461
vn 0.3382 0.5398 0.7709
vn 0.4250 0.8292 0.3630
vn 0.5609 0.6534 0.5083
vn -0.2828 0.8850 0.3698
vn 0.9850 0.1053 0.1365
vn 0.9361 -0.2623 0.2343
vn 0.8196 0.2771 0.5015
vn 0.1799 0.9485 0.2607
vn 0.1756 0.9507 0.2557
vn 0.1806 0.9482 0.2614
vn 0.9839 -0.1565 -0.0858
vn -0.2934 0.8865 0.3578
vn -0.0483 -0.9500 -0.3083
vn -0.4349 -0.8438 -0.3143
vn 0.3201 -0.8947 -0.3117
vn 0.3041 -0.8648 -0.3996
vn 0.2938 -0.8659 -0.4048
vn 0.3036 -0.8651 -0.3993
vn -0.4041 -0.8888 -0.2161
vn 0.9544 -0.1659 -0.2483
vn 0.7742 0.5864 0.2384
vn -0.7042 0.5260 0.4769
vn -0.7034 0.5277 0.4763
vn -0.7030 0.5284 0.4760
vn 0.7633 -0.5521 -0.3354
vn 0.9684 0.2137 -0.1286
vn -0.8057 -0.5828 0.1056
vn -0.2373 0.9354 0.2623
vn 0.8316 0.5418 0.1224
vn 0.9187 0.3946 -0.0189
vn 0.7228 0.2634 -0.6389
vn 0.7621 0.6469 -0.0284
vn 0.5122 -0.8587 0.0159
vn 0.9964 0.0188 -0.0833
vn 0.9002 0.4156 0.1304
vn 0.8023 0.5969 -0.0038
vn 0.8034 0.5954 -0.0031
vn 0.8073 0.5901 -0.0080
vn 0.7822 0.5921 0.1940
vn -0.8089 -0.5676 0.1532
vn 0.1264 0.8212 0.5565
vn -0.2962 -0.9211 -0.2526
vn -0.7611 -0.0766 -0.6441
vn 0.3497 -0.8921 -0.2862
vn -0.8269 -0.4972 0.2628
vn 0.6137 -0.5614 -0.5552
vn -0.3995 -0.9166 -0.0189
vn -0.8732 -0.4559 -0.1720
vn -0.2962 -0.9520 -0.0768
vn -0.0067 -0.8515 0.5243
vn -0.7601 -0.4377 0.4802
vn 0.7603 0.6316 0.1516
vn 0.4154 0.8993 0.1368
vn -0.1102 0.8513 0.5130
vn -0.1106 0.8508 0.5137
vn -0.1152 0.8459 0.5207
vn 0.5390 0.7109 0.4518
vn -0.1156 0.8458 0.5208
vn 0.3413 -0.9002 -0.2705
vn 0.6343 -0.6325 -0.4445
vn -0.0688 -0.9532 -0.2943
vn -0.0647 -0.9594 -0.2744
vn -0.3214 0.8763 0.3590
vn 0.0451 -0.9689 -0.2433
vn -0.2036 0.7666 0.6090
vn -0.5140 -0.8562 -0.0516
vn 0.9519 -0.1160 -0.2837
vn -0.2034 0.7538 0.6248
vn -0.1339 0.6623 0.7372
vn 0.8015 0.4017 0.4431
vn 0.1540 -0.8097 -0.5663
vn 0.9985 -0.0172 -0.0525
vn -0.1486 -0.2075 -0.9669
vn 0.6311 -0.7678 -0.1101
vn 0.9281 0.0704 0.3657
vn 0.8329 0.4976 0.2422
vn 0.9488 -0.2981 0.1050
vn 0.8526 0.5222 0.0184
vn 0.5167 0.6803 -0.5199
vn 0.4598 0.8531 0.2466
vn 0.3598 0.9049 0.2273
vn 0.9258 0.0932 0.3664
vn 0.8544 -0.2388 -0.4616
vn -0.1621 0.5252 -0.8354
vn 0.2039 0.7220 0.6612
vn -0.4069 0.9080 -0.0997
vn 0.9789 0.1627 0.1238
vn 0.8847 0.3863 0.2610
vn 0.7745 0.4322 0.4618
vn 0.4466 0.3685 -0.8153
vn 0.6530 -0.3264 -0.6835
vn 0.8295 0.1433 -0.5398
vn 0.9025 0.3837 0.1958
vn 0.5669 0.6488 0.5075
vn 0.2692 0.6741 0.6879
vn -0.7942 -0.5832 -0.1708
vn -0.3043 -0.9506 -0.0607
vn -0.6502 -0.3285 -0.6851
vn 0.2095 -0.9440 -0.2549
vn -0.5065 -0.8615 -0.0363
vn 0.2071 0.9769 0.0517
vn -0.1064 0.8717 -0.4783
vn -0.0131 0.7155 0.6985
vn 0.4197 -0.5064 -0.7533
vn 0.4167 0.7053 -0.5735
vn 0.9871 0.1153 -0.1110
vn 0.8998 0.4095 -0.1507
vn -0.0168 0.6508 0.7591
vn 0.3224 0.7318 0.6005
vn -0.1395 -0.9880 -0.0670
vn -0.0720 -0.9932 -0.0918
vn 0.9688 -0.1595 -0.1897
vn -0.1806 0.7613 0.6228
vn -0.2317 0.8378 0.4943
vn -0.1673 0.6558 0.7361
vn 0.9497 0.1161 0.2910
vn 0.9242 -0.2626 -0.2773
vn 0.7426 0.5988 0.3000
vn 0.4816 0.8758 0.0340
vn 0.7662 0.6402 0.0554
vn 0.6453 -0.7255 0.2393
vn -0.0847 0.7307 0.6774
vn 0.9500 0.3114 -0.0238
vn 0.4249 0.7573 0.4959
vn 0.2236 0.7422 0.6317
vn 0.6286 0.6030 0.4911
vn 0.5974 0.7175 0.3583
vn 0.4967 -0.0946 0.8628
vn 0.6382 -0.4295 0.6389
vn 0.9125 -0.4084 -0.0226
vn 0.2513 0.5799 0.7749
vn 0.7401 0.4162 0.5283
vn 0.5264 0.4153 0.7419
vn 0.9257 0.0725 -0.3711
vn 0.8277 0.5470 0.1253
vn 0.8369 0.4765 -0.2694
vn -0.0229 0.7725 0.6346
vn 0.8329 0.2888 -0.4721
vn 0.4591 -0.0313 -0.8878
vn 0.5489 0.6603 0.5125
vn 0.5512 0.6645 0.5046
vn 0.5515 0.6652 0.5033
vn 0.2864 0.8618 0.4187
vn 0.2803 0.8746 0.3956
vn 0.2217 0.8908 0.3967
vn -0.3643 -0.9205 -0.1415
vn 0.2724 0.8811 0.3866
vn 0.1427 0.1254 -0.9818
vn 0.4819 0.8639 0.1466
vn 0.4940 -0.2065 0.8445
vn 0.4701 0.6039 0.6437
vn 0.3340 0.0678 0.9401
vn -0.1316 0.8453 0.5178
vn 0.4207 -0.9037 0.0800
vn 0.3662 -0.9079 -0.2042
vn 0.6825 -0.6617 0.3104
vn -0.3760 -0.9257 -0.0411
vn 0.3807 -0.9247 0.0033
vn 0.4648 -0.8822 -0.0753
vn -0.0625 0.7910 0.6086
vn 0.9441 0.2878 0.1607
vn -0.3460 0.6896 0.6362
vn -0.1592 0.7302 0.6644
vn 0.9586 0.2813 -0.0452
vn -0.4459 0.8835 -0.1437
vn 0.6461 0.7629 0.0213
vn 0.4156 -0.8635 -0.2856
vn 0.7716 0.5970 0.2198
vn 0.0540 0.9266 0.3721
vn 0.6382 -0.6252 -0.4493
vn 0.5061 -0.8097 -0.2970
vn 0.6579 0.1666 -0.7345
vn 0.4937 -0.8129 -0.3089
vn -0.2206 0.9691 -0.1101
vn 0.2762 0.8780 0.3910
vn 0.2382 0.9643 -0.1160
vn 0.2384 0.9651 -0.1086
vn 0.2382 0.9642 -0.1165
vn -0.5023 0.8499 0.1594
vn -0.5047 0.8479 0.1621
vn -0.5016 0.8505 0.1586
vn 0.5294 0.7278 -0.4359
vn -0.2079 0.9137 -0.3491
vn -0.3430 0.5363 -0.7712
vn 0.0676 0.5676 -0.8205
vn 0.7444 0.6676 0.0162
vn 0.4255 -0.5539 -0.7157
vn 0.4632 0.8595 0.2160
vn 0.8122 -0.2651 -0.5197
vn 0.8194 0.5373 0.1996
vn 0.7581 -0.3665 -0.5394
vn 0.0099 -0.9484 -0.3170
vn 0.4981 0.7980 0.3393
vn 0.1561 0.8671 0.4730
vn 0.5771 -0.7212 -0.3831
vn 0.4122 -0.8908 -0.1912
vn -0.3478 -0.9300 -0.1193
vn -0.1214 -0.9656 -0.2298
vn 0.6015 0.5348 -0.5935
vn 0.0320 -0.9985 0.0437
vn -0.2253 -0.9512 0.2111
vn 0.6714 0.7377 0.0705
vn 0.2385 0.9651 -0.1080
vn 0.9850 0.1673 0.0418
vn 0.8080 0.4942 0.3208
vn 0.8139 0.5486 0.1915
vn 0.7081 -0.6483 -0.2800
vn -0.2664 0.8344 0.4824
vn -0.0935 0.9022 0.4212
vn -0.7970 -0.3887 0.4623
vn -0.0214 -0.9953 -0.0945
vn 0.1905 -0.9677 0.1649
vn 0.7239 0.6899 -0.0080
vn 0.0833 0.8860 0.4562
vn -0.7968 -0.4261 0.4284
vn 0.9897 -0.1112 -0.0902
vn 0.9794 -0.1022 -0.1742
vn 0.1994 0.9760 -0.0873
vn 0.8555 -0.4480 -0.2596
vn 0.9815 -0.0651 -0.1800
vn 0.9202 0.3654 0.1405
vn 0.2104 0.8124 0.5439
vn -0.5053 0.8475 0.1626
vn 0.6098 0.6259 0.4862
vn 0.7972 0.2187 0.5626
vn 0.9205 0.3344 0.2020
vn 0.8886 0.3941 0.2349
vn 0.0847 0.4020 0.9117
vn -0.2312 0.1782 0.9564
vn 0.6988 0.6940 0.1730
vn 0.6277 0.7775 0.0392
vn 0.8285 -0.5598 -0.0128
vn 0.6337 -0.7590 -0.1494
vn 0.6273 -0.7375 0.2502
vn 0.8781 -0.4526 0.1553
vn 0.2952 0.8823 0.3667
vn -0.2425 0.8667 0.4359
vn -0.4514 0.6175 0.6442
vn 0.4628 0.8406 -0.2814
vn 0.0078 0.3776 0.9259
vn 0.2000 -0.2528 0.9466
vn 0.4433 -0.5086 0.7381
vn 0.5347 -0.4520 0.7140
vn 0.7360 0.4552 -0.5011
vn 0.1885 -0.3093 0.9321
vn -0.3743 0.5341 0.7581
vn 0.4001 -0.1779 0.8990
vn 0.5830 -0.3087 0.7515
vn -0.1068 0.1293 0.9858
vn 0.9522 -0.1393 0.2718
vn 0.8436 0.1363 0.5194
vn 0.4568 -0.7857 0.4171
vn 0.7191 -0.6786 0.1497
vn 0.4772 0.8567 0.1958
vn 0.4774 0.8569 0.1942
vn 0.4773 0.8567 0.1954
vn 0.4776 0.8572 0.1924
vn 0.3776 -0.9185 0.1171
vn 0.1862 0.9417 0.2804
vn 0.0919 0.9247 0.3695
vn 0.2733 0.8621 0.4267
vn 0.1023 0.8873 0.4498
vn 0.3221 -0.8835 0.3400
vn 0.3223 -0.8834 0.3403
vn 0.3223 -0.8835 0.3401
vn 0.1229 -0.9521 0.2800
vn -0.0928 -0.7247 0.6828
vn 0.3859 -0.8465 0.3666
vn 0.8777 0.4770 0.0459
vn 0.9135 0.3186 0.2529
vn -0.0827 0.8442 0.5297
vn 0.7796 0.3757 0.5011
vn 0.8502 -0.3676 0.3768
vn 0.8925 -0.2631 0.3664
vn 0.7201 -0.2417 0.6505
vn 0.9458 0.1242 0.3002
vn -0.2463 0.8461 0.4727
vn 0.8286 -0.4062 0.3852
vn 0.9717 0.2223 0.0800
vn 0.3235 0.2793 -0.9041
vn 0.9846 0.1479 -0.0928
vn -0.0367 0.8978 0.4388
vn -0.0059 0.9892 0.1461
vn -0.0429 0.8770 0.4786
vn 0.4691 -0.2190 0.8555
vn 0.9536 0.2583 -0.1545
vn 0.9577 -0.2677 -0.1059
vn 0.5445 0.7782 -0.3130
vn 0.7959 0.5954 0.1095
vn 0.5473 0.4340 -0.7156
vn 0.4432 0.8866 -0.1324
vn 0.8019 0.5760 -0.1588
vn -0.1534 0.9290 -0.3369
vn 0.6111 0.7880 -0.0748
vn -0.1656 0.9709 0.1731
vn 0.8049 0.5302 -0.2666
vn 0.6866 0.7262 -0.0339
vn 0.3603 0.9094 0.2077
vn 0.8898 -0.4564 -0.0051
vn 0.6382 0.7628 -0.1044
vn -0.0053 0.8326 0.5539
vn 0.7476 -0.5932 0.2986
vn -0.3726 0.5779 0.7261
vn 0.5400 0.3425 0.7689
vn -0.1076 0.8038 0.5851
vn 0.5528 0.7841 0.2822
vn -0.1045 -0.0134 -0.9944
vn -0.3977 0.8678 -0.2980
vn -0.3057 0.3282 -0.8938
vn -0.4480 0.8054 -0.3882
vn -0.6408 0.7644 -0.0706
vn -0.0675 -0.3804 -0.9223
vn -0.1029 0.3099 -0.9452
vn 0.6910 0.7166 -0.0943
vn 0.3541 0.1389 -0.9248
vn 0.2792 -0.5149 -0.8105
vn 0.1547 -0.4781 -0.8646
vn 0.8619 0.4990 -0.0900
vn 0.3961 -0.6663 0.6318
vn -0.1573 0.9288 0.3354
vn -0.0160 0.9981 0.0595
vn 0.4288 0.5212 -0.7379
vn 0.7357 -0.2445 -0.6316
vn 0.8672 0.3938 -0.3049
vn 0.2890 -0.5047 0.8134
vn -0.4164 0.8474 0.3294
vn -0.4663 -0.7940 0.3901
vn 0.8196 -0.3672 0.4397
vn 0.4209 -0.1964 0.8856
vn 0.8238 -0.1576 0.5446
vn 0.1006 0.9908 0.0909
vn -0.3164 0.9004 0.2985
vn 0.5376 0.8154 0.2147
vn -0.9522 -0.2846 0.1109
vn 0.9055 -0.4170 -0.0784
vn 0.8944 -0.4379 -0.0913
vn 0.5704 0.7593 0.3131
vn 0.5693 0.7594 0.3150
vn 0.5748 0.7592 0.3054
vn 0.9679 -0.0984 0.2313
vn 0.8109 0.5173 0.2736
vn 0.9566 -0.2896 -0.0314
vn 0.9988 -0.0424 -0.0253
vn 0.7444 0.6675 0.0171
vn -0.1638 0.9612 0.2222
vn -0.1519 0.9702 0.1887
vn 0.3027 0.9462 0.1142
vn -0.6333 0.7692 0.0848
vn -0.4182 0.8852 0.2040
vn 0.9229 0.3687 -0.1107
vn -0.5169 0.7613 0.3915
vn -0.5759 0.7380 0.3517
vn 0.0899 0.9720 0.2173
vn 0.3439 0.9390 -0.0013
vn 0.6695 0.7351 -0.1069
vn 0.7872 0.6142 -0.0565
vn -0.3111 0.9383 0.1508
vn 0.0851 0.9931 0.0812
vn -0.5010 0.4702 0.7266
vn 0.9905 0.0052 -0.1375
vn 0.7028 -0.5277 0.4771
vn 0.5893 -0.7265 0.3534
vn 0.9174 -0.3386 0.2090
vn 0.6506 -0.0849 0.7547
vn 0.8251 -0.0804 -0.5592
vn -0.3385 0.9400 0.0438
vn 0.6360 0.7717 0.0007
vn 0.5428 0.0817 -0.8359
vn 0.8521 0.5173 -0.0790
vn 0.7260 0.6877 -0.0019
vn 0.9674 -0.0498 -0.2485
vn 0.9375 -0.2620 0.2289
vn 0.9437 -0.2171 0.2498
vn -0.3563 0.9084 0.2189
vn 0.6754 0.7241 -0.1399
vn 0.2662 -0.8458 -0.4624
vn -0.3551 0.9326 0.0653
vn 0.3011 0.8293 0.4708
vn -0.5259 0.8324 0.1748
vn 0.7931 0.4776 0.3780
vn 0.8005 0.5494 0.2396
vn 0.7159 0.6704 0.1954
vn 0.5755 0.7592 0.3039
vn 0.9686 0.2417 -0.0585
vn 0.9674 0.2472 -0.0553
vn 0.9669 0.2495 -0.0540
vn 0.6425 0.7295 0.2345
vn 0.5480 0.8077 0.2176
vn 0.9527 -0.1107 -0.2829
vn 0.6273 0.7271 0.2789
vn 0.5114 0.8443 0.1598
vn -0.1838 -0.0254 0.9826
vn 0.9391 0.3356 -0.0740
vn 0.9530 -0.0837 -0.2911
vn 0.1948 0.6708 0.7156
vn 0.4828 0.8021 0.3515
vn 0.6855 0.7281 0.0004
vn 0.4341 0.0558 0.8991
vn 0.7528 0.6292 0.1933
vn 0.7808 0.4906 0.3869
vn 0.9021 0.4307 0.0270
vn 0.5134 0.3095 0.8004
vn 0.7296 0.6689 0.1424
vn 0.8991 0.3494 0.2638
vn -0.0187 0.9931 0.1154
vn 0.1998 -0.1853 0.9622
vn -0.1540 -0.3022 0.9407
vn 0.3884 0.8572 0.3382
vn 0.3489 -0.5167 0.7819
vn 0.3968 -0.6492 0.6489
vn 0.7578 0.5686 0.3201
vn -0.1909 -0.5487 0.8139
vn -0.0105 -0.5376 0.8431
vn 0.4508 -0.3627 0.8156
vn -0.3625 -0.1355 0.9221
vn 0.2584 -0.3481 0.9012
vn 0.3489 0.9235 0.1594
vn 0.5302 -0.7383 -0.4169
vn -0.4889 0.8259 0.2808
vn 0.9095 0.1298 0.3950
vn -0.1818 0.9761 0.1194
vn -0.0435 0.9382 0.3434
vn 0.7345 0.6780 -0.0291
vn 0.9519 -0.1864 0.2431
vn -0.8178 0.5403 0.1983
vn -0.8165 0.5412 0.2010
vn -0.8167 0.5411 0.2006
vn -0.0205 0.9625 0.2705
vn -0.0653 -0.8779 -0.4743
vn 0.2219 -0.8518 -0.4746
vn -0.2279 -0.9408 -0.2508
vn 0.9143 0.1813 -0.3622
vn 0.9386 0.2433 -0.2446
vn 0.7701 0.6361 -0.0477
vn 0.5499 0.8022 0.2325
vn 0.8789 0.4707 -0.0770
vn 0.9825 0.1036 -0.1548
vn 0.9170 0.2795 -0.2846
vn 0.8386 -0.1451 -0.5251
vn 0.8922 0.0717 -0.4459
vn 0.8481 -0.1749 -0.5000
vn 0.4661 0.8582 0.2149
vn -0.0071 0.9866 0.1631
vn 0.4519 0.8556 0.2523
vn 0.8688 0.1616 -0.4681
vn 0.6553 0.6880 -0.3119
vn -0.0932 -0.3483 0.9327
vn 0.6124 0.7394 -0.2798
vn 0.5024 0.8573 -0.1124
vn 0.6318 0.6961 -0.3410
vn 0.6337 0.6965 -0.3367
vn 0.6304 0.6969 -0.3419
vn 0.7677 0.5976 -0.2314
vn 0.9388 0.3092 -0.1521
vn 0.6342 0.6958 -0.3373
vn 0.8379 0.5412 0.0705
vn 0.7840 0.6150 -0.0840
vn 0.7330 0.6428 0.2227
vn -0.3365 -0.9402 0.0529
vn -0.3381 0.8264 0.4502
vn 0.4938 0.8402 0.2239
vn 0.0810 0.9558 0.2826
vn -0.4174 0.8047 0.4222
vn 0.4450 0.8370 0.3185
vn 0.2155 0.8833 0.4164
vn -0.5129 0.7113 0.4807
vn -0.4521 0.8899 -0.0610
vn 0.0025 -0.9864 -0.1643
vn -0.6399 0.7684 -0.0109
vn 0.0151 -0.8025 -0.5964
vn -0.6114 -0.7059 -0.3576
vn 0.9853 0.0238 0.1691
vn -0.8975 0.4182 -0.1402
vn -0.9076 0.4114 -0.0837
vn -0.4139 0.7011 -0.5807
vn -0.7833 0.6125 -0.1064
vn -0.7830 0.6110 -0.1166
vn -0.7830 0.6113 -0.1148
vn -0.0287 0.9759 0.2162
vn 0.9963 0.0669 0.0540
vn 0.8504 0.4423 0.2851
vn 0.8356 0.4477 0.3185
vn 0.7611 0.5597 0.3278
vn -0.2842 0.7341 -0.6168
vn 0.8250 -0.1626 -0.5412
vn 0.7834 0.4146 -0.4630
vn 0.0293 0.9754 0.2184
vn 0.8009 0.3963 -0.4488
vn 0.3872 0.8944 -0.2239
vn 0.8937 0.1614 -0.4186
vn 0.8643 0.4870 -0.1256
vn 0.7502 0.1796 -0.6364
vn 0.7506 0.1799 -0.6358
vn 0.7504 0.1800 -0.6360
vn 0.8327 0.2111 -0.5118
vn 0.4550 0.8305 -0.3213
vn 0.3671 0.7882 -0.4940
vn 0.9099 0.4022 -0.1018
vn 0.7223 0.6668 0.1838
vn 0.6255 0.6390 -0.4477
vn 0.7824 0.6180 -0.0771
vn 0.8024 -0.0288 -0.5961
vn 0.9627 0.2602 -0.0740
vn 0.9510 0.2980 0.0821
vn 0.8316 0.5204 0.1940
vn -0.7949 0.5557 0.2436
vn 0.9811 0.1724 -0.0874
vn -0.4800 0.7378 0.4747
vn -0.4806 0.7364 0.4761
vn -0.4771 0.7430 0.4694
vn 0.5097 0.7704 0.3830
vn 0.5063 0.7715 0.3852
vn 0.5079 0.7713 0.3836
vn 0.5042 0.7725 0.3861
vn 0.5050 0.7720 0.3860
vn 0.9861 0.0462 -0.1596
vn 0.6057 0.4172 -0.6775
vn 0.2614 0.8802 0.3962
vn -0.2051 0.8289 0.5205
vn -0.4764 0.7441 0.4683
vn 0.8812 0.4697 0.0535
vn -0.7182 -0.6878 -0.1058
vn -0.8061 -0.5903 -0.0417
vn -0.6151 -0.7798 -0.1166
vn -0.7317 0.5086 -0.4537
vn -0.7321 0.5075 -0.4544
vn -0.7336 0.5030 -0.4569
vn -0.9893 -0.1435 0.0274
vn -0.9149 0.4026 0.0287
vn -0.7834 0.6127 -0.1045
vn -0.9049 0.3525 0.2386
vn -0.9731 0.1181 -0.1976
vn -0.0588 -0.9693 -0.2389
vn -0.3812 0.6831 -0.6229
vn -0.3258 -0.9009 -0.2867
vn -0.7972 -0.0597 -0.6008
vn -0.2932 0.6675 -0.6844
vn -0.3543 0.2230 -0.9081
vn -0.4442 0.7029 -0.5556
vn 0.4578 0.8882 0.0386
vn -0.9863 -0.0628 -0.1526
vn -0.9867 -0.0627 -0.1500
vn -0.9864 -0.0628 -0.1520
vn -0.7598 0.5028 -0.4122
vn 0.4501 0.8925 -0.0296
vn 0.7370 0.6759 -0.0031
vn -0.0317 0.9552 -0.2944
vn 0.2046 0.8501 -0.4852
vn -0.2174 0.9411 0.2589
vn 0.0612 0.3742 -0.9253
vn -0.5947 0.3954 -0.7000
vn -0.0651 0.9234 -0.3782
vn -0.0573 0.9204 -0.3868
vn -0.0588 0.9210 -0.3852
vn 0.8170 0.0324 -0.5757
vn -0.0051 0.8385 -0.5449
vn 0.2237 0.8639 -0.4513
vn 0.7704 0.0092 -0.6375
vn -0.0334 0.6795 -0.7329
vn 0.7982 0.1099 -0.5922
vn 0.5663 0.5855 -0.5800
vn 0.7720 0.1570 -0.6159
vn 0.7113 0.2846 -0.6427
vn 0.3620 0.6794 -0.6383
vn 0.3428 0.8248 -0.4496
vn 0.8739 -0.2677 -0.4059
vn 0.4333 0.0275 -0.9008
vn 0.7473 -0.4596 -0.4799
vn 0.9693 0.2167 -0.1159
vn 0.9773 0.1810 -0.1099
vn 0.2691 0.8153 -0.5128
vn 0.9017 0.4324 0.0004
vn 0.5572 0.7683 0.3151
vn 0.1608 0.9111 0.3795
vn 0.4557 0.8423 0.2879
vn 0.2254 0.0179 -0.9741
vn -0.0429 -0.1517 -0.9875
vn 0.1799 -0.1022 -0.9783
vn 0.2977 0.6177 -0.7279
vn 0.2053 0.7168 -0.6663
vn 0.1895 0.8447 -0.5005
vn 0.0185 0.7680 -0.6401
vn 0.5003 0.0032 -0.8659
vn 0.1106 0.8615 -0.4956
vn -0.0679 0.2722 -0.9598
vn -0.5481 0.5453 -0.6342
vn -0.5506 0.5436 -0.6336
vn -0.5486 0.5449 -0.6341
vn 0.7849 -0.1575 -0.5992
vn 0.7202 -0.5203 -0.4589
vn 0.7212 -0.5232 -0.4540
vn 0.7202 -0.5199 -0.4595
vn 0.2127 -0.7915 -0.5729
vn 0.5943 -0.4508 -0.6660
vn -0.8322 0.4640 0.3035
vn -0.7131 0.5923 0.3752
vn 0.9578 0.2388 -0.1601
vn -0.6234 -0.6503 -0.4342
vn -0.6997 -0.6653 -0.2604
vn 0.7812 0.1320 0.6102
vn -0.6223 -0.4024 -0.6714
vn -0.3373 0.3638 -0.8683
vn -0.3380 0.3636 -0.8681
vn -0.3414 0.3627 -0.8671
vn -0.4715 -0.2228 -0.8532
vn -0.2239 -0.3311 -0.9167
vn -0.4165 0.4890 -0.7664
vn -0.2892 0.4999 -0.8164
vn -0.8691 0.3768 -0.3205
vn -0.7341 0.5018 -0.4575
vn -0.2153 -0.4590 -0.8620
vn -0.6162 -0.0974 -0.7815
vn -0.6254 -0.6586 -0.4184
vn -0.9120 -0.3999 -0.0912
vn -0.9257 0.1907 -0.3268
vn -0.7116 0.6278 0.3155
vn -0.4400 -0.8750 -0.2018
vn -0.9903 0.0877 0.1077
vn -0.3585 -0.0251 -0.9332
vn -0.4174 0.5958 -0.6862
vn -0.9651 0.1394 0.2216
vn 0.0970 -0.6283 -0.7719
vn -0.0343 -0.9375 -0.3464
vn 0.2232 -0.9076 -0.3556
vn 0.1340 -0.2313 -0.9636
vn -0.2991 -0.3311 -0.8949
vn -0.0626 -0.8180 -0.5718
vn -0.0976 -0.7865 -0.6099
vn -0.3416 0.3626 -0.8671
vn -0.3038 0.5172 -0.8001
vn -0.3755 0.5401 -0.7532
vn -0.3521 0.5369 -0.7667
vn -0.7613 -0.3661 -0.5351
vn -0.9288 -0.1498 -0.3390
vn -0.4944 -0.5975 -0.6313
vn -0.2485 0.6702 -0.6993
vn 0.9454 0.1455 -0.2915
vn -0.4296 0.7917 -0.4344
vn 0.3440 0.9105 -0.2295
vn -0.6131 0.6498 -0.4493
vn -0.6037 0.7514 -0.2663
vn -0.2109 0.9264 -0.3119
vn -0.8425 0.3322 -0.4241
vn 0.2303 0.9575 -0.1738
vn -0.8541 0.2589 -0.4510
vn -0.9298 0.2299 -0.2873
vn 0.0957 -0.4609 -0.8823
vn 0.6990 -0.4870 -0.5236
vn 0.9235 0.3797 -0.0538
vn 0.9694 0.2052 -0.1345
vn 0.5138 -0.6191 -0.5939
vn 0.9056 0.4142 0.0915
vn 0.8967 0.3410 -0.2822
vn 0.5871 0.7930 0.1626
vn 0.9103 0.3484 -0.2235
vn 0.6086 0.7645 0.2126
vn 0.3722 0.8943 0.2484
vn 0.0914 0.9368 0.3378
vn 0.0998 0.9360 0.3374
vn 0.0971 0.9363 0.3376
vn 0.5092 0.4011 -0.7615
vn -0.2247 0.8741 0.4308
vn 0.3545 0.3288 -0.8753
vn 0.1265 0.1634 -0.9784
vn 0.1326 0.1646 -0.9774
vn 0.1277 0.1637 -0.9782
vn 0.4797 0.0482 -0.8761
vn 0.1274 0.1404 -0.9819
vn -0.0337 0.6196 -0.7842
vn -0.2000 0.1143 -0.9731
vn 0.3491 -0.7074 -0.6146
vn -0.0689 -0.7938 -0.6042
vn -0.0487 -0.8172 -0.5743
vn -0.2355 0.8854 0.4007
vn -0.2262 0.0753 -0.9712
vn -0.9874 -0.1580 0.0052
vn -0.5666 0.7173 0.4055
vn -0.5513 0.7219 0.4183
vn -0.5455 0.7293 0.4130
vn -0.5499 0.7237 0.4170
vn -0.3167 -0.0346 -0.9479
vn -0.0352 -0.2838 -0.9582
vn -0.0824 -0.6429 -0.7615
vn -0.3562 -0.6657 -0.6557
vn -0.1880 -0.2737 -0.9432
vn -0.4519 -0.3648 -0.8140
vn -0.5177 -0.0475 -0.8542
vn -0.3784 -0.0950 -0.9208
vn -0.5305 0.1858 -0.8271
vn -0.2400 -0.8086 -0.5372
vn -0.9074 -0.4010 -0.1253
vn -0.6874 -0.6488 -0.3264
vn -0.6887 -0.6473 -0.3267
vn -0.6877 -0.6484 -0.3265
vn -0.8802 -0.4575 -0.1261
vn -0.8825 -0.4549 -0.1196
vn -0.8820 -0.4555 -0.1212
vn -0.4374 -0.7687 -0.4666
vn -0.9881 -0.1217 0.0940
vn 0.2030 -0.9319 -0.3007
vn -0.3505 0.1166 -0.9293
vn 0.6370 0.1798 0.7496
vn 0.0098 -0.1010 0.9948
vn 0.2731 -0.5395 0.7964
vn -0.6189 -0.7664 -0.1718
vn 0.3081 -0.4830 0.8196
vn -0.1892 -0.3695 0.9098
vn 0.7300 0.2575 -0.6331
vn -0.0545 -0.3957 0.9167
vn -0.1375 -0.1360 -0.9811
vn -0.7052 -0.7054 -0.0718
vn -0.0421 -0.3860 0.9216
vn 0.9575 -0.1154 0.2645
vn 0.3762 -0.6175 0.6907
vn 0.3065 0.1338 0.9424
vn 0.3116 -0.9022 0.2984
vn 0.1730 -0.2989 0.9385
vn 0.1694 -0.5137 0.8411
vn 0.1957 0.3370 0.9209
vn -0.0456 0.6338 0.7722
vn -0.1861 -0.4175 0.8894
vn -0.3511 -0.4742 0.8074
vn 0.9777 0.1610 -0.1345
vn -0.0573 0.3604 0.9310
vn 0.1686 0.7327 -0.6594
vn -0.2111 -0.7479 0.6293
vn 0.0009 0.9985 -0.0539
vn -0.4071 0.8624 -0.3007
vn -0.2305 0.1542 0.9608
vn 0.6350 0.7567 -0.1555
vn 0.6585 0.7394 -0.1401
vn -0.2743 0.8123 0.5146
vn 0.6238 0.7473 -0.2290
vn -0.8455 -0.2533 0.4700
vn -0.9854 -0.1176 -0.1230
vn -0.2232 0.5751 -0.7870
vn 0.2083 -0.4470 0.8699
vn -0.1687 -0.6271 0.7604
vn 0.0269 -0.9286 0.3700
vn -0.0156 -0.9508 0.3094
vn 0.2121 -0.9271 0.3091
vn -0.7978 -0.3326 0.5029
vn 0.2891 -0.9417 0.1720
vn -0.1652 0.9208 0.3533
vn -0.0739 0.6981 0.7122
vn -0.6251 -0.2376 0.7435
vn 0.0652 -0.2382 0.9690
vn -0.0593 0.9646 0.2569
vn -0.8242 -0.5644 0.0460
vn 0.6712 0.5140 0.5341
vn 0.6597 0.5395 0.5232
vn -0.5155 -0.3534 0.7806
vn -0.3371 0.3470 0.8752
vn 0.7477 0.6230 0.2299
vn 0.5314 0.8464 -0.0358
vn 0.7289 0.6316 -0.2641
vn -0.0025 0.5187 -0.8550
vn -0.9021 -0.1224 0.4138
vn -0.2637 0.3611 -0.8945
vn -0.9484 -0.3165 0.0174
vn -0.0826 -0.7572 -0.6479
vn -0.6983 -0.6762 0.2350
vn 0.3109 -0.7132 0.6282
vn -0.2322 -0.8522 0.4688
vn 0.0167 0.0572 -0.9982
vn -0.2143 -0.7520 -0.6233
vn -0.3472 0.1151 -0.9307
vn -0.4817 -0.7527 0.4488
vn 0.5851 -0.6569 -0.4755
vn 0.9656 0.0640 0.2519
vn 0.8404 -0.2600 0.4755
vn 0.8789 -0.3767 -0.2926
vn 0.9872 -0.1061 -0.1190
vn 0.9601 0.0440 0.2761
vn -0.6102 -0.7441 0.2720
vn 0.9163 0.2584 -0.3060
vn 0.0833 -0.9911 0.1035
vn 0.3103 0.5574 0.7701
vn -0.3953 0.1321 0.9090
vn 0.0115 0.9886 0.1504
vn 0.6488 0.7279 -0.2217
vn -0.3795 -0.8978 0.2234
vn -0.3112 -0.2819 0.9076
vn -0.0427 -0.9974 0.0583
vn -0.1325 -0.9876 0.0841
vn -0.2017 -0.9794 0.0014
vn 0.6682 0.7337 -0.1233
vn -0.9130 -0.1150 -0.3915
vn 0.3781 0.9256 0.0201
vn -0.4137 0.9058 0.0915
vn -0.6507 -0.7299 0.2093
vn -0.3899 0.6492 -0.6530
vn 0.2028 0.0747 0.9764
vn -0.7577 0.2179 0.6152
vn 0.0329 0.4142 0.9096
vn -0.5162 0.4153 0.7491
vn -0.1971 -0.3579 0.9127
vn -0.5206 0.4485 -0.7266
vn -0.6336 -0.7737 0.0065
vn -0.0256 0.7398 -0.6724
vn 0.5298 0.2133 -0.8208
vn -0.5650 -0.4904 -0.6635
vn 0.8498 0.1050 0.5165
vn -0.1284 -0.4928 0.8606
vn 0.2883 -0.8041 0.5198
vn 0.2118 -0.7794 0.5896
vn -0.8457 -0.4980 0.1920
vn -0.2481 -0.4436 -0.8612
vn 0.6740 0.2499 -0.6952
vn -0.7808 -0.3978 -0.4818
vn -0.6801 -0.2967 0.6704
vn -0.7062 -0.5989 0.3776
vn -0.8182 0.3471 0.4584
vn -0.0159 0.9986 -0.0508
vn -0.9146 -0.3424 0.2150
vn -0.7470 -0.2067 0.6319
vn -0.7052 0.0241 0.7086
vn -0.9293 -0.3131 0.1958
vn 0.2107 -0.9683 -0.1339
vn 0.1880 -0.7549 -0.6283
vn 0.4273 -0.7805 -0.4563
vn 0.0554 0.9980 -0.0313
vn -0.0781 0.9969 0.0072
vn -0.4116 0.8859 0.2140
vn -0.5415 0.7575 0.3646
vn -0.1608 0.9576 0.2392
vn -0.0691 0.9823 0.1743
vn -0.3617 -0.9323 -0.0086
vn -0.3776 0.8683 0.3216
vn -0.4607 -0.8530 0.2450
vn -0.6259 -0.6439 0.4400
vn 0.8397 0.1225 -0.5290
vn -0.4230 -0.8742 0.2383
vn -0.8437 0.3740 -0.3851
vn -0.1503 -0.2161 0.9648
vn 0.7393 0.3559 0.5717
vn 0.7441 0.6660 0.0525
vn 0.5852 0.7781 -0.2283
vn 0.7761 0.6302 -0.0218
vn 0.4820 0.8760 -0.0158
vn 0.4992 0.8277 -0.2562
vn 0.3329 0.7981 -0.5022
vn -0.3846 -0.6272 0.6772
vn 0.1046 0.9432 0.3154
vn 0.4435 -0.5858 0.6783
vn -0.2955 -0.9040 0.3090
vn -0.8756 -0.0892 0.4748
vn -0.0056 -0.2398 -0.9708
vn -0.8867 -0.3516 0.3003
vn -0.8711 -0.3503 0.3442
vn -0.2831 0.5018 -0.8174
vn -0.5969 0.7879 0.1514
vn -0.6161 -0.6988 0.3635
vn 0.1317 -0.9516 -0.2777
vn -0.3006 0.9270 0.2242
vn 0.2966 0.9416 0.1592
vn -0.6098 -0.2850 0.7396
vn -0.8866 -0.4619 0.0238
vn -0.9637 -0.0050 -0.2670
vn -0.8395 -0.1881 0.5098
vn -0.9159 0.2552 0.3097
vn -0.6290 -0.4787 0.6125
vn -0.2032 -0.4694 0.8593
vn -0.8722 -0.4770 -0.1081
vn 0.7015 -0.5359 -0.4698
vn 0.6977 -0.5393 -0.4715
vn 0.6975 -0.5394 -0.4717
vn 0.6359 -0.6592 -0.4014
vn 0.5542 -0.6737 -0.4889
vn 0.6830 -0.5257 -0.5070
vn -0.4723 0.7605 0.4456
vn 0.8101 -0.4198 -0.4093
vn 0.5314 -0.7194 -0.4473
vn 0.3140 -0.9101 -0.2704
vn 0.7017 -0.5356 -0.4697
vn -0.0442 -0.9971 -0.0612
vn 0.5195 0.8508 0.0784
vn 0.5198 0.8507 0.0778
vn 0.5191 0.8511 0.0791
vn -0.0551 0.8974 0.4378
vn 0.1094 0.9540 0.2790
vn 0.1139 0.9484 0.2959
vn 0.1140 0.9480 0.2970
vn 0.1123 0.9516 0.2862
vn 0.5638 0.8161 0.1271
vn -0.1570 0.9181 0.3640
vn -0.2330 0.9447 0.2308
vn -0.3956 0.8443 0.3614
vn 0.2289 -0.9383 -0.2591
vn -0.6550 -0.4964 0.5697
vn -0.4998 -0.7281 0.4691
vn -0.3799 -0.8855 0.2674
vn -0.6878 0.3829 0.6168
vn -0.0905 -0.3555 0.9303
vn 0.1872 0.9593 0.2114
vn -0.8689 -0.1516 0.4713
vn -0.7793 -0.5789 0.2400
vn -0.8198 -0.5333 0.2086
vn -0.5779 0.6585 0.4821
vn 0.5750 -0.3637 0.7328
vn -0.7532 -0.1658 0.6366
vn -0.3434 -0.8203 0.4574
vn -0.7105 0.4381 0.5507
vn 0.1683 0.7912 -0.5880
vn 0.4740 0.1408 0.8692
vn 0.8020 0.5183 0.2970
vn -0.8907 -0.3006 0.3410
vn -0.9743 0.1500 -0.1683
vn 0.3764 0.7910 -0.4824
vn -0.1113 0.7253 -0.6794
vn 0.9439 0.1626 -0.2873
vn 0.9712 0.0447 0.2339
vn 0.7111 0.5577 0.4281
vn -0.8545 -0.4059 0.3242
vn -0.8689 0.3058 -0.3891
vn 0.8019 0.5966 -0.0327
vn -0.8565 -0.4497 0.2533
vn 0.2332 -0.6132 -0.7547
vn 0.6335 -0.3591 -0.6854
vn 0.5656 -0.2241 -0.7936
vn 0.5368 -0.2081 -0.8176
vn 0.1860 -0.8674 -0.4615
vn -0.1347 -0.7639 -0.6311
vn -0.0758 0.9571 0.2797
vn -0.4857 0.7943 0.3650
vn -0.0320 0.9540 0.2981
vn 0.8543 0.4902 0.1730
vn 0.5587 -0.5706 -0.6019
vn 0.3516 -0.6791 -0.6443
vn 0.5464 -0.1951 -0.8145
vn 0.6919 0.0368 -0.7211
vn 0.2961 0.9078 0.2971
vn 0.1120 0.9520 0.2850
vn 0.3526 0.9199 0.1718
vn 0.2944 0.9388 0.1786
vn 0.1356 0.9541 0.2672
vn 0.4512 -0.6256 -0.6365
vn -0.2089 0.8880 0.4096
vn -0.6949 -0.4434 0.5662
vn -0.6952 -0.4434 0.5657
vn -0.7004 -0.4463 0.5569
vn 0.2116 -0.1764 0.9613
vn -0.2338 -0.9707 0.0545
vn -0.4419 -0.8388 0.3179
vn -0.6383 -0.7035 0.3125
vn -0.6984 0.5889 -0.4066
vn -0.7957 0.0894 0.5990
vn -0.5385 0.4107 0.7358
vn -0.5269 0.4295 0.7335
vn 0.7430 0.5938 0.3088
vn -0.2964 0.8198 -0.4899
vn -0.6565 0.3817 -0.6506
vn -0.5684 0.6528 0.5008
vn -0.2335 0.8585 0.4566
vn -0.4062 0.7341 0.5442
vn -0.6567 0.6766 0.3330
vn -0.6618 -0.0275 0.7491
vn 0.2165 -0.7853 -0.5801
vn -0.0625 0.9438 0.3245
vn -0.0647 0.9101 0.4092
vn 0.5195 -0.3516 -0.7788
vn 0.5103 -0.3788 -0.7721
vn 0.7298 -0.2009 -0.6535
vn 0.7726 -0.1027 -0.6266
vn 0.1638 0.9301 0.3287
vn 0.3000 0.9116 0.2809
vn 0.8113 0.0218 -0.5842
vn 0.2147 0.9316 0.2934
vn 0.5023 0.8228 0.2660
vn 0.4475 0.8291 0.3352
vn 0.4029 0.8405 0.3622
vn 0.5167 0.8150 0.2624
vn 0.1046 -0.9721 -0.2098
vn -0.2295 -0.9733 0.0102
vn 0.4874 -0.7604 -0.4293
vn 0.4867 -0.7596 -0.4315
vn 0.4875 -0.7605 -0.4290
vn -0.1743 0.7105 0.6817
vn 0.0510 -0.9748 -0.2172
vn -0.1226 0.6571 0.7437
vn -0.5417 0.3454 0.7663
vn -0.1338 0.6791 0.7218
vn -0.3326 0.2089 0.9196
vn -0.1205 0.6842 0.7192
vn -0.6039 -0.7395 0.2972
vn 0.0978 -0.9684 -0.2294
vn -0.6673 -0.6798 0.3044
vn -0.8497 -0.3607 0.3846
vn -0.6350 -0.7224 0.2739
vn -0.8361 -0.3530 0.4199
vn -0.6776 -0.6845 0.2689
vn -0.6775 -0.6846 0.2689
vn -0.6779 -0.6844 0.2684
vn -0.7445 -0.3395 0.5748
vn -0.7444 -0.3403 0.5745
vn -0.7443 -0.3406 0.5745
vn -0.4294 0.4315 0.7933
vn -0.1686 0.6877 0.7062
vn -0.4427 0.3982 0.8034
vn -0.4354 0.4005 0.8062
vn -0.4442 0.3978 0.8028
vn -0.0614 0.9161 0.3961
vn -0.6660 -0.3609 0.6528
vn -0.5784 -0.8067 0.1213
vn 0.1015 -0.8104 -0.5770
vn 0.7787 -0.1481 -0.6097
vn 0.1565 -0.7099 -0.6867
vn 0.8195 -0.0587 -0.5700
vn 0.7893 -0.3839 -0.4791
vn 0.7098 0.0037 -0.7044
vn 0.0451 -0.7186 -0.6940
vn 0.6942 0.7011 0.1633
vn -0.1772 -0.8893 -0.4215
vn 0.4335 -0.8237 -0.3655
vn 0.2551 0.9282 0.2710
vn 0.5677 0.8183 0.0899
vn 0.4922 0.7555 0.4323
vn 0.4897 0.7747 0.4001
vn 0.3462 0.8896 0.2980
vn 0.5610 -0.6797 -0.4724
vn -0.3817 -0.9221 -0.0629
vn 0.0005 -0.9518 -0.3068
vn 0.6200 -0.5465 -0.5630
vn 0.8302 -0.1849 -0.5259
vn 0.1413 0.8238 0.5490
vn 0.0602 0.8458 0.5301
vn -0.1623 0.7114 0.6838
vn 0.2481 0.5518 0.7962
vn 0.2912 0.5809 0.7601
vn -0.7478 -0.5941 0.2964
vn -0.6978 -0.7161 0.0122
vn -0.8045 -0.5691 0.1701
vn -0.8480 -0.3870 0.3622
vn -0.6653 -0.7447 0.0529
vn -0.7451 0.0942 0.6603
vn -0.2285 0.5891 0.7751
vn -0.4512 0.5673 0.6889
vn -0.7920 0.0056 0.6105
vn -0.4800 0.5684 0.6682
vn 0.4088 -0.8083 -0.4237
vn -0.3054 0.6842 0.6622
vn -0.2178 0.4274 0.8775
vn 0.2475 -0.0467 0.9678
vn 0.2401 -0.0450 0.9697
vn 0.2409 -0.0452 0.9695
vn 0.5601 0.7281 0.3952
vn -0.5757 -0.8110 0.1042
vn -0.5755 -0.8111 0.1042
vn -0.5751 -0.8115 0.1041
vn 0.4160 -0.6998 -0.5807
vn -0.1339 -0.5330 -0.8355
vn -0.2382 -0.2536 0.9375
vn -0.1342 -0.5398 0.8311
vn 0.0020 0.2602 0.9655
vn 0.6865 0.7175 0.1181
vn 0.6013 -0.4427 -0.6652
vn -0.2563 -0.8526 -0.4554
vn -0.1204 -0.7053 -0.6986
vn 0.5728 0.7695 0.2823
vn -0.0768 -0.6507 -0.7555
vn 0.2688 -0.5846 0.7655
vn 0.2783 -0.6667 -0.6914
vn 0.5678 0.2334 0.7894
vn 0.3526 0.8346 0.4232
vn 0.6662 0.1453 0.7315
vn 0.6666 0.1459 0.7310
vn 0.6642 0.1435 0.7337
vn 0.6633 0.1428 0.7346
vn 0.9211 0.2932 0.2561
vn 0.6191 0.6907 0.3736
vn 0.8358 0.0313 -0.5482
vn 0.6216 0.4569 0.6362
vn 0.8198 -0.1400 -0.5552
vn 0.5821 -0.5687 -0.5812
vn 0.0929 -0.8513 -0.5164
vn 0.0928 -0.8515 -0.5160
vn 0.0923 -0.8531 -0.5136
vn -0.3818 -0.2380 0.8931
vn 0.2284 0.0535 0.9721
vn -0.2232 -0.8942 -0.3882
vn -0.5430 -0.8133 -0.2091
vn -0.4993 -0.8366 -0.2255
vn -0.1787 -0.8867 -0.4264
vn -0.7489 -0.6274 0.2133
vn -0.7562 -0.6500 0.0750
vn -0.5614 -0.7935 -0.2347
vn -0.7463 -0.5800 0.3266
vn -0.7445 -0.5874 0.3173
vn -0.7450 -0.5853 0.3199
vn -0.3753 0.5485 0.7472
vn -0.8897 0.1478 0.4319
vn -0.8567 0.2046 0.4735
vn -0.7155 0.4304 0.5502
vn -0.7659 0.6390 0.0712
vn -0.9610 0.2350 0.1458
vn -0.6717 0.6374 0.3775
vn -0.8406 0.3928 0.3730
vn -0.8935 -0.4486 -0.0206
vn -0.8939 -0.4478 -0.0198
vn -0.8955 -0.4447 -0.0168
vn 0.1152 -0.4515 -0.8848
vn 0.9058 -0.3940 -0.1559
vn 0.1520 -0.7185 -0.6787
vn 0.9081 0.0162 -0.4184
vn 0.9499 0.0664 -0.3056
vn -0.5539 -0.7947 -0.2481
vn -0.5511 -0.7985 -0.2421
vn -0.5539 -0.7939 -0.2508
vn 0.0922 -0.8533 -0.5132
vn -0.9917 -0.1217 -0.0409
vn 0.6288 -0.3214 -0.7080
vn 0.6891 -0.3158 -0.6522
vn 0.7919 -0.2493 -0.5575
vn 0.8943 -0.1990 -0.4008
vn -0.8877 -0.4570 -0.0552
vn -0.8870 -0.4580 -0.0585
vn -0.8874 -0.4575 -0.0567
vn 0.8261 -0.1877 -0.5314
vn 0.3670 -0.7062 -0.6054
vn -0.0112 -0.8608 -0.5088
vn 0.8770 -0.1589 -0.4534
vn -0.2170 -0.8619 -0.4582
vn -0.2450 -0.8797 -0.4076
vn -0.5536 -0.7977 -0.2393
vn -0.5487 -0.7983 -0.2483
vn -0.4772 -0.4196 0.7721
vn -0.8878 -0.4569 -0.0548
vn -0.7414 -0.6308 -0.2291
vn -0.8991 -0.4336 -0.0601
vn -0.7947 -0.4518 0.4053
vn 0.9580 -0.0074 -0.2868
vn 0.9905 0.1298 -0.0443
vn 0.9669 -0.0970 -0.2358
vn 0.9972 -0.0634 -0.0400
vn -0.3430 -0.8525 -0.3945
vn 0.8486 -0.4197 -0.3221
vn -0.0536 -0.9231 -0.3808
vn -0.0136 -0.9319 -0.3624
vn 0.4665 -0.8106 -0.3540
vn 0.9394 0.0689 -0.3359
vn -0.8543 -0.5100 0.1002
vn -0.5346 -0.8091 -0.2441
vn -0.7057 -0.6984 0.1193
vn -0.6540 -0.7564 -0.0112
vn -0.7800 -0.6258 0.0062
vn 0.0113 -0.9209 0.3896
vn -0.6535 -0.7565 0.0266
vn -0.8192 -0.4576 0.3456
vn 0.5905 0.2226 -0.7757
vn -0.8536 -0.3428 0.3923
vn -0.4284 -0.8719 -0.2372
vn 0.9716 -0.1621 -0.1723
vn 0.7472 -0.5664 -0.3478
vn 0.9295 -0.3128 -0.1956
vn -0.9673 -0.0966 0.2344
vn -0.1826 0.9400 0.2883
vn 0.2741 -0.9144 -0.2978
vn 0.1817 -0.9208 -0.3452
vn 0.7742 -0.6207 -0.1242
vn -0.9614 -0.1307 0.2420
vn 0.4005 -0.8513 -0.3389
vn 0.1951 -0.8344 -0.5154
vn 0.5313 -0.8294 0.1728
vn 0.7346 -0.5342 -0.4184
vn -0.3593 -0.9161 0.1779
vn 0.5143 -0.8519 -0.0987
vn -0.5830 -0.6314 0.5113
vn -0.1428 -0.5480 0.8242
vn -0.3765 -0.1959 0.9055
vn 0.8345 -0.2386 -0.4966
vn 0.5327 -0.8171 0.2205
vn 0.1314 -0.8199 0.5573
vn -0.1777 -0.7846 0.5939
vn -0.4526 -0.8104 0.3720
vn -0.6718 -0.7316 -0.1160
vn -0.9051 -0.3158 0.2848
vn -0.8271 -0.3904 0.4043
vn -0.8615 0.0152 0.5075
vn -0.5341 -0.5064 0.6770
vn 0.9157 -0.1854 -0.3566
vn 0.7068 -0.5158 -0.4841
vn 0.9651 0.0291 -0.2604
vn 0.6529 -0.5947 -0.4692
vn 0.1922 -0.8770 -0.4403
vn 0.1633 -0.8727 -0.4601
vn -0.0656 -0.8435 -0.5331
vn -0.0633 -0.8443 -0.5322
vn -0.0715 -0.8414 -0.5357
vn 0.4170 -0.4976 -0.7606
vn 0.2206 -0.8414 -0.4934
vn -0.1328 -0.4281 -0.8939
vn 0.3721 -0.6953 -0.6149
vn -0.1043 -0.6830 -0.7229
vn 0.3819 -0.8941 0.2340
vn 0.7664 -0.6207 -0.1653
vn 0.8316 -0.1291 -0.5402
vn 0.3656 0.3008 -0.8808
vn 0.2047 -0.1807 -0.9620
vn 0.5108 0.4570 -0.7282
vn 0.3446 -0.9300 0.1279
vn -0.9659 0.1798 -0.1866
vn 0.5029 -0.8631 -0.0466
vn -0.1397 -0.6942 -0.7061
vn -0.5884 0.2059 -0.7819
vn -0.7656 -0.3434 -0.5440
vn -0.7604 -0.3520 -0.5458
vn -0.7612 -0.3509 -0.5454
vn 0.5142 -0.8576 0.0048
vn -0.9261 0.3755 0.0366
vn -0.3877 0.8227 -0.4158
vn 0.6668 -0.7351 -0.1228
vn -0.5397 -0.5797 0.6104
vn -0.8321 -0.4766 -0.2836
vn -0.9663 -0.0729 0.2471
vn -0.4739 -0.8716 0.1256
vn -0.1559 -0.8920 0.4244
vn -0.9619 0.1486 0.2295
vn -0.7243 -0.4843 0.4907
vn -0.8773 0.3814 -0.2911
vn -0.4534 -0.8208 0.3474
vn -0.8926 0.4485 0.0466
vn -0.9189 -0.2982 0.2583
vn -0.7664 -0.3419 -0.5438
vn -0.5464 -0.3189 0.7744
vn 0.4809 0.0498 -0.8754
vn 0.8216 -0.2076 -0.5310
vn 0.3745 -0.3614 -0.8539
vn 0.8190 0.1996 -0.5380
vn 0.7716 -0.0809 -0.6310
vn 0.5173 -0.2181 -0.8275
vn 0.1378 -0.6487 -0.7485
vn 0.1376 -0.6482 -0.7489
vn 0.1378 -0.6485 -0.7486
vn -0.0737 -0.8406 -0.5366
vn 0.2526 -0.8775 -0.4077
vn 0.1966 -0.8288 -0.5239
vn -0.3427 -0.6068 -0.7172
vn 0.0149 -0.6085 -0.7934
vn -0.1331 -0.2518 -0.9586
vn -0.1230 -0.5821 -0.8038
vn -0.1458 -0.2936 -0.9447
vn 0.0825 -0.2760 -0.9576
vn -0.0776 0.0016 -0.9970
vn 0.6798 0.5106 -0.5265
vn 0.8914 0.1116 -0.4392
vn -0.9766 -0.0435 0.2108
vn -0.7609 -0.4542 0.4633
vn 0.2471 0.7226 -0.6456
vn -0.1684 0.7705 -0.6147
vn -0.7350 0.5960 -0.3232
vn 0.7396 -0.0549 -0.6708
vn 0.7399 -0.0507 -0.6708
vn 0.7397 -0.0537 -0.6708
vn 0.7311 0.0172 -0.6821
vn -0.9483 -0.0922 0.3036
vn 0.5767 -0.7869 -0.2195
vn 0.3585 -0.3527 -0.8643
vn -0.2680 0.8003 -0.5363
vn 0.4688 -0.8802 -0.0742
vn -0.0824 -0.9816 0.1723
vn -0.5140 -0.8128 0.2743
vn -0.4798 -0.8422 0.2458
vn -0.3588 0.9123 -0.1975
vn -0.3643 0.9110 -0.1932
vn -0.3664 0.9105 -0.1916
vn 0.2144 -0.9636 0.1598
vn 0.2219 -0.9609 0.1654
vn 0.2227 -0.9607 0.1659
vn -0.8167 0.5690 -0.0963
vn 0.7244 -0.5526 -0.4121
vn 0.6285 -0.7474 -0.2154
vn 0.7338 -0.4025 -0.5474
vn 0.2138 -0.9638 0.1592
vn -0.0301 -0.9655 0.2586
vn 0.3244 -0.9459 0.0067
vn 0.0355 -0.9167 0.3981
vn 0.0396 -0.9065 0.4203
vn -0.6006 -0.5662 0.5645
vn -0.7160 -0.4169 0.5599
vn -0.1764 -0.8899 0.4207
vn -0.3238 -0.8146 0.4813
vn -0.7996 -0.3887 0.4578
vn -0.4935 -0.7217 0.4854
vn 0.6340 0.1868 -0.7504
vn 0.6875 0.3179 -0.6529
vn 0.8083 -0.3831 -0.4471
vn -0.3564 0.9128 -0.1994
vn 0.2726 0.8818 -0.3848
vn -0.7928 0.6054 0.0710
vn 0.8496 -0.3166 -0.4218
vn -0.4178 -0.9084 0.0136
vn -0.9668 0.0411 0.2523
vn 0.6905 0.5353 -0.4865
vn -0.3735 0.9245 -0.0761
vn 0.6322 -0.7395 -0.2313
vn -0.8082 0.5888 -0.0097
vn -0.8091 0.5876 -0.0107
vn -0.8080 0.5891 -0.0094
vn -0.0530 -0.9675 0.2473
vn 0.2881 -0.9576 0.0017
vn 0.8095 -0.3699 -0.4560
vn -0.8202 0.5697 -0.0526
vn -0.8188 -0.4904 0.2985
vn -0.9609 0.1902 0.2013
vn -0.9765 0.0140 0.2152
vn 0.8969 0.1024 0.4301
vn -0.4602 0.1573 0.8738
vn 0.3779 -0.3197 0.8689
vn 0.3982 -0.1675 0.9019
vn 0.5941 -0.3036 0.7449
vn 0.1097 -0.0284 0.9936
vn -0.6711 -0.5785 0.4636
vn 0.5444 -0.8084 0.2239
vn 0.4199 -0.8421 -0.3384
vn 0.9434 0.1550 -0.2931
vn 0.0797 0.3474 0.9343
vn -0.0989 -0.2391 -0.9660
vn -0.6018 -0.5763 -0.5529
vn -0.3582 -0.8795 0.3133
vn 0.1968 -0.8930 -0.4047
vn 0.6419 -0.6191 -0.4525
vn -0.0106 -0.3752 -0.9269
vn 0.1305 -0.2000 -0.9711
vn 0.7522 -0.6395 -0.1590
vn 0.7649 0.4527 0.4583
vn 0.0512 0.2158 0.9751
vn 0.5897 -0.4545 -0.6676
vn 0.0243 0.3281 0.9443
vn 0.0072 0.4233 0.9060
vn 0.0693 0.9081 0.4131
vn -0.6490 -0.1434 0.7471
vn -0.6487 -0.1428 0.7475
vn -0.6497 -0.1417 0.7469
vn -0.8157 -0.0865 0.5720
vn -0.7602 0.2726 0.5898
vn -0.5607 0.1029 0.8216
vn 0.0952 -0.9379 0.3337
vn -0.2235 -0.7935 0.5660
vn 0.4514 -0.7968 0.4018
vn -0.2317 -0.8195 0.5241
vn -0.8338 0.0314 0.5511
vn -0.3911 -0.8111 0.4349
vn -0.4772 -0.7349 0.4819
vn -0.4601 -0.8060 0.3723
vn -0.7328 -0.4858 0.4765
vn -0.4887 0.0181 0.8723
vn -0.5332 0.1512 0.8323
vn -0.5715 0.0311 0.8200
vn -0.5648 0.1469 0.8121
vn 0.6937 -0.6010 -0.3969
vn 0.6935 -0.6015 -0.3965
vn 0.6937 -0.6011 -0.3969
vn 0.5252 -0.4788 -0.7035
vn 0.9566 0.0211 -0.2907
vn 0.2989 -0.7595 -0.5778
vn 0.6212 0.0932 -0.7781
vn 0.7029 -0.4849 -0.5204
vn 0.7031 -0.4810 -0.5237
vn 0.7031 -0.4851 -0.5199
vn 0.7033 -0.4805 -0.5238
vn -0.3200 0.8852 0.3376
vn 0.4004 -0.7872 -0.4691
vn -0.3788 -0.9170 0.1245
vn -0.9690 0.0970 0.2273
vn -0.9631 -0.0407 -0.2661
vn -0.4881 -0.8690 0.0811
vn -0.0165 0.9984 0.0532
vn -0.9144 0.2897 0.2827
vn -0.7498 -0.6077 -0.2617
vn -0.1644 -0.9566 -0.2406
vn 0.8805 -0.1052 -0.4622
vn -0.8285 0.0447 0.5583
vn -0.7101 -0.5785 0.4013
vn -0.7081 -0.5796 0.4033
vn -0.7062 -0.5802 0.4058
vn -0.5792 -0.7640 0.2843
vn -0.3453 -0.9039 0.2525
vn -0.9053 -0.0499 0.4219
vn -0.9341 0.2922 0.2050
vn -0.6729 -0.7396 0.0139
vn -0.9644 -0.0692 -0.2554
vn -0.6678 -0.7364 -0.1080
vn -0.9944 -0.1053 -0.0093
vn -0.8984 -0.2374 0.3695
vn -0.5383 -0.8426 0.0181
vn -0.8259 0.1671 0.5384
vn -0.7768 0.0893 0.6234
vn -0.7639 0.2161 0.6081
vn -0.6536 -0.4831 0.5826
vn -0.6879 0.1429 0.7116
vn -0.7041 0.4258 0.5683
vn -0.6603 -0.5096 0.5517
vn -0.4449 0.8237 0.3514
vn -0.7955 0.4223 0.4345
vn -0.8803 -0.4067 0.2442
vn 0.8246 -0.3597 -0.4366
vn 0.4676 -0.8499 -0.2431
vn 0.8819 -0.3286 -0.3380
vn 0.1565 -0.9017 -0.4031
vn 0.8345 -0.2818 -0.4735
vn 0.6967 0.1151 -0.7081
vn 0.1521 -0.8766 -0.4566
vn 0.8403 -0.2023 -0.5030
vn 0.5473 -0.8287 -0.1168
vn -0.4921 0.6388 0.5914
vn -0.5559 0.6550 0.5118
vn -0.7208 0.2510 0.6461
vn -0.4394 -0.4917 0.7518
vn -0.2580 -0.0017 0.9662
vn -0.1276 -0.0585 0.9901
vn -0.6696 0.1948 0.7167
vn -0.4389 -0.8921 0.1075
vn -0.7421 -0.6543 0.1455
vn -0.8382 -0.1740 0.5169
vn -0.7658 -0.4606 0.4487
vn -0.6727 -0.1579 0.7228
vn -0.7976 -0.1848 0.5742
vn -0.6460 0.6378 0.4194
vn -0.7045 0.5253 0.4772
vn -0.7115 -0.3464 0.6113
vn -0.7808 -0.4855 0.3933
vn -0.6633 -0.5090 0.5486
vn -0.7777 0.1868 0.6002
vn -0.7780 0.1870 0.5998
vn -0.7795 0.1882 0.5975
vn 0.5955 -0.6625 -0.4544
vn -0.3504 0.7809 0.5171
vn 0.8066 -0.3561 -0.4719
vn 0.8052 -0.3577 -0.4729
vn 0.8128 -0.3482 -0.4671
vn 0.7267 -0.4940 -0.4774
vn 0.5728 -0.7516 -0.3271
vn -0.5013 -0.8577 0.1142
vn -0.3615 0.7229 0.5888
vn 0.6387 -0.3763 -0.6712
vn 0.9095 -0.4065 -0.0867
vn 0.9603 -0.0802 -0.2671
vn -0.7693 -0.3886 0.5072
vn 0.9858 0.1260 0.1107
vn 0.7992 0.2970 -0.5226
vn 0.3374 0.3915 -0.8561
vn -0.7670 -0.3816 -0.5158
vn 0.4167 -0.9042 0.0939
vn 0.8810 0.0924 0.4640
vn -0.7468 0.5306 0.4010
vn -0.6048 0.5299 0.5944
vn -0.1223 -0.9925 -0.0015
vn 0.1114 -0.9903 0.0831
vn -0.6718 -0.7407 -0.0043
vn -0.7557 -0.6062 0.2479
vn -0.8262 -0.4708 0.3093
vn -0.8358 -0.2480 0.4899
vn -0.8826 -0.2667 0.3871
vn -0.8642 0.0389 0.5017
vn -0.5402 -0.1303 0.8314
vn -0.7823 -0.2110 0.5861
vn -0.8891 0.0848 0.4498
vn -0.7290 -0.0097 0.6844
vn 0.7261 -0.6799 -0.1027
vn -0.2887 0.6054 0.7417
vn -0.4280 0.4066 0.8071
vn -0.4250 0.4086 0.8077
vn -0.4259 0.4081 0.8075
vn 0.8154 -0.5516 -0.1756
vn -0.1595 0.6401 0.7515
vn -0.6438 -0.6296 0.4349
vn -0.3726 0.8785 0.2991
vn 0.4784 0.0439 -0.8770
vn 0.9410 0.2287 0.2494
vn 0.8676 -0.4184 -0.2686
vn 0.4482 0.0216 -0.8937
vn 0.7581 -0.4301 -0.4902
vn -0.1005 -0.9616 -0.2553
vn 0.8644 -0.4823 -0.1422
vn -0.7952 -0.4449 -0.4120
vn 0.1672 -0.9716 0.1672
vn -0.7817 -0.1447 -0.6067
vn -0.5283 -0.0640 -0.8467
vn -0.3875 -0.8389 -0.3822
vn -0.0606 -0.9923 0.1078
vn -0.3726 -0.7114 0.5959
vn 0.9648 -0.1753 -0.1959
vn -0.1548 0.6036 0.7821
vn 0.4600 -0.8190 -0.3429
vn -0.5029 -0.7117 0.4905
vn -0.2556 -0.9077 0.3327
vn -0.2552 -0.9100 0.3269
vn -0.2553 -0.9095 0.3281
vn -0.4948 -0.6351 0.5931
vn -0.9775 -0.1235 0.1708
vn -0.8564 -0.1752 0.4857
vn -0.6392 -0.3016 0.7075
vn -0.8974 0.0859 0.4328
vn -0.4808 0.8547 -0.1956
vn -0.9150 0.2193 -0.3386
vn -0.6580 0.0062 0.7530
vn -0.6470 0.0374 0.7615
vn -0.8231 -0.1828 0.5376
vn -0.8231 -0.1933 0.5339
vn -0.8233 -0.1838 0.5371
vn -0.7439 -0.5609 -0.3634
vn -0.5377 0.0408 -0.8421
vn -0.3100 -0.9450 0.1045
vn -0.0639 -0.2883 0.9554
vn -0.3875 0.6200 0.6822
vn -0.7167 -0.2738 0.6413
vn -0.7849 -0.4082 0.4661
vn -0.6642 0.1843 0.7245
vn 0.6399 -0.7017 -0.3133
vn 0.8015 -0.5343 -0.2685
vn -0.0610 0.8183 0.5716
vn -0.7297 0.6136 0.3017
vn -0.0134 0.2476 0.9688
vn -0.2715 0.7287 0.6288
vn -0.2788 0.6671 0.6909
vn -0.0059 -0.6114 0.7913
vn -0.5104 -0.6265 0.5890
vn -0.5106 -0.6265 0.5889
vn -0.5090 -0.6257 0.5912
vn -0.2859 0.7744 0.5645
vn -0.3509 0.7361 0.5788
vn -0.4009 0.7163 0.5712
vn -0.2556 -0.9074 0.3335
vn -0.0222 0.0725 0.9971
vn -0.3153 0.3721 -0.8730
vn 0.2891 -0.9539 0.0811
vn -0.5006 -0.8647 -0.0414
vn -0.2046 0.7824 0.5882
vn -0.5694 0.5540 0.6073
vn -0.2354 -0.8777 0.4174
vn -0.6212 0.2191 0.7524
vn -0.4178 0.4203 0.8055
vn -0.0976 -0.2547 0.9621
vn 0.0681 -0.1129 0.9913
vn -0.2841 0.0981 0.9538
vn -0.7079 -0.0239 0.7059
vn -0.9971 0.0764 0.0072
vn -0.6409 -0.4171 0.6444
vn -0.6018 -0.1505 0.7843
vn -0.5091 -0.6254 0.5914
vn -0.9520 -0.2961 -0.0773
vn -0.1667 -0.8881 0.4284
vn -0.8992 -0.1200 -0.4208
vn -0.3433 0.2161 -0.9140
vn -0.8333 -0.5074 0.2194
vn -0.7651 -0.2917 0.5740
vn -0.1888 0.0625 -0.9800
vn -0.2502 -0.3912 -0.8856
vn -0.6301 -0.5157 -0.5805
vn -0.8427 0.1805 0.5073
vn -0.6044 0.1367 0.7849
vn -0.5997 0.4666 0.6501
vn -0.8326 0.1500 0.5332
vn -0.8433 0.1567 0.5141
vn -0.5962 0.5366 0.5971
vn -0.5947 0.5377 0.5977
vn -0.5910 0.5404 0.5989
vn -0.5892 0.5417 0.5995
vn -0.5446 -0.6130 0.5724
vn -0.4375 0.8986 -0.0324
vn 0.3284 -0.9442 -0.0254
vn -0.8596 0.1143 0.4979
vn -0.8245 0.5579 0.0947
vn 0.4645 -0.8441 -0.2679
vn -0.2640 0.9055 0.3321
vn 0.1202 -0.3180 0.9405
vn -0.7074 -0.7000 -0.0976
vn -0.9624 0.1662 -0.2149
vn -0.8561 -0.1279 0.5008
vn -0.8566 -0.1176 0.5024
vn -0.8565 -0.1194 0.5021
vn -0.2553 0.8046 0.5362
vn -0.2574 0.7990 0.5434
vn -0.2551 0.8043 0.5367
vn -0.9276 0.2383 0.2877
vn -0.6184 -0.5114 -0.5967
vn -0.7579 -0.5991 -0.2582
vn -0.2841 0.8199 0.4970
vn 0.5480 -0.7875 -0.2819
vn -0.4403 0.1525 0.8848
vn 0.1397 -0.9511 -0.2755
vn -0.0999 -0.4389 0.8930
vn -0.5599 0.8281 0.0269
vn -0.9739 -0.0150 0.2266
vn -0.6797 0.6313 -0.3734
vn -0.3583 0.7948 0.4899
vn -0.4178 0.8876 -0.1942
vn -0.3057 -0.5831 -0.7527
vn -0.2021 -0.8004 -0.5644
vn -0.5245 -0.8366 -0.1584
vn -0.7854 -0.3784 0.4898
vn -0.2502 -0.8085 -0.5327
vn -0.2404 -0.7918 -0.5615
vn -0.5931 -0.7330 0.3331
vn -0.5990 -0.6303 0.4939
vn 0.4197 -0.9049 -0.0708
vn -0.4956 -0.7781 0.3858
vn 0.1043 -0.9219 0.3731
vn -0.6300 -0.3993 0.6661
vn -0.8253 0.5437 0.1528
vn -0.8286 -0.4542 0.3274
vn -0.7777 -0.6140 0.1347
vn -0.0275 -0.9608 0.2759
vn 0.2221 -0.9232 0.3138
vn 0.3220 -0.8837 0.3397
vn 0.6861 -0.6929 0.2216
vn 0.9923 -0.0327 -0.1195
vn -0.9661 0.0435 -0.2543
vn 0.8989 -0.4381 -0.0129
vn 0.3310 -0.4476 0.8307
vn 0.9422 -0.3314 0.0500
vn 0.8742 -0.2292 0.4281
vn 0.5374 -0.7696 0.3449
vn 0.7294 -0.6360 0.2520
vn -0.5188 -0.6917 0.5024
vn -0.9179 -0.3939 0.0480
vn -0.6934 -0.0965 0.7140
vn -0.5453 -0.3818 0.7462
vn -0.2321 -0.6243 0.7459
vn 0.4360 -0.8605 -0.2637
vn -0.4644 0.6715 0.5774
vn -0.6429 0.4561 0.6153
vn -0.2379 0.8740 0.4237
vn -0.3344 0.7903 0.5134
vn 0.1783 -0.9347 0.3074
vn 0.1820 -0.9348 0.3050
vn 0.1778 -0.9349 0.3071
vn 0.1824 -0.9349 0.3046
vn -0.5997 0.6454 0.4731
vn -0.0312 0.8669 0.4975
vn 0.2292 0.4463 0.8650
vn 0.2293 0.5175 0.8244
vn -0.3331 -0.4510 0.8281
vn 0.1152 0.7597 0.6400
vn 0.1166 0.7650 0.6333
vn 0.1150 0.7585 0.6414
vn -0.2033 0.1393 0.9692
vn 0.4282 -0.1524 0.8907
vn 0.2851 -0.1482 0.9470
vn 0.3061 -0.6900 0.6559
vn 0.4379 -0.1717 0.8824
vn 0.0428 -0.6109 0.7905
vn 0.2248 -0.3220 0.9197
vn 0.2576 -0.3286 0.9087
vn 0.2976 -0.2514 0.9210
vn -0.7561 0.4024 0.5161
vn 0.3674 -0.8751 0.3151
vn -0.6849 0.5482 0.4801
vn -0.6563 -0.3811 0.6512
vn -0.7725 0.3886 0.5022
vn -0.7955 0.2944 0.5297
vn -0.7974 0.2945 0.5267
vn -0.7953 0.2943 0.5300
vn -0.8661 -0.1937 0.4608
vn -0.8859 0.0909 0.4549
vn -0.6038 -0.7376 0.3024
vn -0.5998 -0.7377 0.3101
vn -0.6040 -0.7376 0.3019
vn -0.3216 0.6763 0.6627
vn -0.6246 0.0191 0.7807
vn -0.7075 -0.4903 0.5090
vn -0.0019 0.2596 0.9657
vn -0.0709 0.2506 0.9655
vn -0.9556 -0.2818 -0.0858
vn -0.5919 -0.2839 0.7543
vn -0.6821 -0.3746 0.6280
vn -0.5699 -0.0065 0.8217
vn -0.3606 -0.4136 0.8360
vn -0.8406 -0.3406 0.4211
vn -0.3959 -0.4083 0.8225
vn -0.9222 0.1514 0.3558
vn -0.5976 -0.2970 0.7448
vn -0.9520 -0.2329 -0.1987
vn -0.9501 -0.2382 -0.2015
vn -0.9494 -0.2401 -0.2025
vn -0.1885 -0.6945 0.6943
vn -0.1965 -0.6964 0.6902
vn -0.1921 -0.6954 0.6925
vn -0.0874 -0.5460 0.8332
vn 0.5153 -0.3378 0.7876
vn -0.1004 0.0217 0.9947
vn -0.1004 0.0220 0.9947
vn -0.0978 0.0140 0.9951
vn -0.1874 -0.6943 0.6949
vn 0.0419 -0.0137 0.9990
vn 0.9691 0.2392 -0.0600
vn -0.2332 0.9243 0.3020
vn -0.9109 -0.2848 0.2985
vn -0.5138 0.5508 -0.6577
vn -0.9481 -0.1398 0.2855
vn -0.1561 0.4010 0.9027
vn 0.2260 -0.9022 0.3672
vn 0.2238 -0.9024 0.3681
vn 0.2242 -0.9023 0.3681
vn -0.1048 -0.9591 0.2630
vn -0.5512 -0.3126 0.7736
vn -0.9387 0.1700 0.2998
vn -0.1938 -0.9440 0.2670
vn 0.2283 -0.9020 0.3663
vn -0.5112 -0.4555 0.7289
vn -0.5040 0.7053 0.4985
vn -0.2451 -0.9392 0.2406
vn -0.7403 -0.0536 0.6701
vn -0.9039 -0.3775 0.2012
vn -0.5218 0.2062 -0.8278
vn -0.3103 0.8426 -0.4402
vn -0.4290 0.8998 0.0797
vn -0.8473 -0.1454 -0.5108
vn -0.8469 -0.1451 -0.5115
vn -0.8500 -0.1467 -0.5060
vn -0.0191 -0.7644 -0.6444
vn -0.5787 -0.0914 -0.8104
vn -0.2976 -0.0809 -0.9513
vn -0.8504 -0.1468 -0.5052
vn -0.3168 -0.0665 -0.9462
vn -0.4724 -0.5969 -0.6485
vn -0.1540 -0.4212 -0.8938
vn -0.1561 -0.5194 -0.8402
vn -0.6839 -0.3630 -0.6329
vn -0.9418 0.1938 0.2747
vn -0.9417 0.1941 0.2749
vn -0.9417 0.1939 0.2749
vn -0.7977 0.2944 0.5264
vn -0.6419 0.5531 0.5312
vn -0.7949 0.3474 0.4975
vn -0.9442 0.2056 0.2574
vn -0.7711 -0.4673 0.4325
vn -0.5238 0.7143 0.4641
vn -0.5996 -0.7377 0.3101
vn -0.9923 0.0587 0.1090
vn -0.9923 0.0600 0.1082
vn -0.9923 0.0589 0.1089
vn -0.5503 -0.7991 0.2422
vn -0.7720 -0.5799 0.2603
vn -0.8163 -0.5139 0.2638
vn -0.4100 -0.8886 0.2056
vn -0.9796 0.1463 0.1379
vn -0.9812 0.1171 0.1533
vn -0.9923 0.0498 0.1133
vn -0.7156 0.3197 -0.6211
vn -0.7414 0.2257 0.6320
vn -0.2891 0.8548 0.4309
vn -0.4215 0.8476 0.3223
vn -0.6530 0.7403 -0.1600
vn -0.4063 0.7807 -0.4747
vn -0.6839 -0.1936 -0.7034
vn -0.6328 -0.4134 -0.6547
vn -0.8318 -0.4984 -0.2444
vn 0.4034 -0.6689 -0.6244
vn -0.9221 -0.1195 -0.3679
vn -0.9454 -0.1661 0.2806
vn -0.9928 -0.0201 0.1181
vn -0.7189 -0.6422 0.2658
vn -0.7556 -0.5214 0.3966
vn -0.6003 -0.7980 -0.0535
vn -0.0853 -0.9856 0.1462
vn -0.0938 -0.9043 0.4164
vn 0.2891 -0.7445 0.6018
vn -0.8829 0.4051 0.2375
vn -0.9262 0.3755 0.0353
vn -0.0950 0.9887 0.1161
vn -0.0758 0.9867 0.1437
vn 0.2228 -0.9639 -0.1460
vn 0.2002 0.9377 0.2839
vn -0.9594 -0.0460 0.2783
vn -0.9616 -0.1304 0.2416
vn 0.0141 -0.9929 0.1183
vn 0.1812 -0.9679 0.1741
vn -0.0813 -0.9058 0.4158
vn 0.2867 -0.7271 0.6238
vn -0.0394 -0.8282 0.5591
vn -0.0269 -0.8356 0.5486
vn 0.3043 -0.7399 0.6000
vn 0.3077 -0.2483 0.9185
vn -0.3326 -0.4092 0.8496
vn -0.4478 0.8890 0.0962
vn 0.7510 -0.5309 -0.3927
vn -0.6709 0.7124 0.2057
vn -0.7171 0.3094 0.6245
vn -0.3970 -0.9035 0.1617
vn -0.6475 -0.3096 0.6964
vn -0.8826 0.0470 0.4678
vn -0.8485 -0.4260 0.3139
vn -0.5555 -0.7761 0.2984
vn -0.7005 -0.6753 0.2308
vn -0.9258 0.0593 0.3733
vn -0.7404 -0.6101 0.2820
vn -0.8481 0.3850 0.3640
vn -0.4274 0.8239 0.3721
vn -0.8312 0.4969 0.2493
vn 0.0541 0.5779 0.8143
vn -0.7723 0.5802 0.2589
vn -0.8161 0.4263 0.3902
vn -0.9051 -0.0296 0.4241
vn 0.4227 -0.6205 -0.6605
vn 0.4407 -0.7184 -0.5383
vn -0.0873 -0.9498 -0.3005
vn 0.5955 -0.6596 -0.4586
vn -0.4264 0.8986 -0.1031
vn -0.8190 0.5394 0.1958
vn 0.0588 0.9885 -0.1393
vn 0.9644 -0.0879 -0.2496
vn -0.2985 -0.5452 0.7834
vn -0.7164 0.6879 -0.1165
vn -0.4437 0.8955 -0.0352
vn -0.8363 -0.5460 0.0497
vn -0.9405 -0.0342 0.3381
vn -0.3517 0.9218 0.1632
vn -0.4370 -0.0178 0.8993
vn -0.9730 -0.2023 0.1108
vn -0.0500 0.2661 0.9627
vn 0.0341 0.8306 0.5558
vn 0.2338 0.8513 0.4697
vn 0.6634 0.3452 0.6638
vn 0.5909 0.1171 0.7982
vn 0.6378 -0.0231 0.7699
vn 0.6807 -0.0702 0.7291
vn 0.2533 -0.2992 0.9199
vn -0.2199 0.9727 -0.0735
vn -0.7763 0.5277 0.3447
vn -0.5867 -0.8097 0.0161
vn -0.9207 -0.0443 0.3878
vn -0.4327 0.7995 0.4166
vn -0.2286 0.9019 0.3665
vn -0.8287 -0.0233 0.5592
vn -0.8202 -0.0060 0.5720
vn 0.5789 -0.7626 -0.2888
vn -0.7545 0.2596 0.6028
vn -0.6412 -0.7489 -0.1677
vn 0.4111 -0.0785 0.9082
vn -0.0068 0.9153 0.4026
vn -0.7634 0.2686 0.5875
vn -0.9604 -0.0222 0.2778
vn 0.5017 0.3583 0.7873
vn 0.6969 -0.0516 0.7153
vn 0.1887 -0.1674 0.9677
vn -0.8241 -0.2916 0.4856
vn -0.8931 0.2026 0.4015
vn -0.9828 0.1271 0.1338
vn -0.7092 -0.5309 0.4640
vn -0.6860 -0.1694 0.7076
vn -0.9168 -0.1245 0.3795
vn -0.9570 -0.2641 0.1201
vn -0.8550 -0.0154 0.5185
vn -0.5071 -0.8274 -0.2413
vn 0.2932 -0.5053 -0.8116
vn 0.7312 -0.2054 -0.6505
vn 0.7220 -0.2886 -0.6288
vn 0.8659 0.0429 -0.4984
vn -0.1525 0.9876 -0.0386
vn 0.9571 -0.2784 -0.0801
vn -0.0717 0.9429 -0.3251
vn 0.0852 0.6705 -0.7370
vn -0.7341 0.6790 -0.0079
vn 0.1877 0.9822 0.0071
vn -0.6527 0.6236 0.4303
vn -0.0097 0.9465 0.3226
vn -0.5185 -0.6489 0.5569
vn 0.1973 0.8964 -0.3968
vn -0.1937 0.8832 0.4272
vn -0.5632 0.6400 0.5227
vn -0.6575 -0.7452 -0.1115
vn -0.5407 -0.8047 -0.2452
vn -0.8225 0.2817 0.4941
vn 0.5250 -0.7834 -0.3327
vn -0.8003 -0.5995 0.0078
vn -0.7286 0.4828 0.4857
vn -0.8789 -0.4621 -0.1183
vn -0.9951 -0.0936 0.0313
vn -0.9616 0.2288 0.1513
vn -0.8941 -0.4205 0.1543
vn -0.9995 -0.0182 -0.0277
vn -0.7096 -0.5967 0.3748
vn -0.9995 -0.0293 0.0146
vn -0.9242 -0.2840 0.2553
vn -0.8871 -0.3762 0.2673
vn -0.8572 -0.0012 0.5150
vn -0.9433 -0.1902 0.2719
vn -0.8325 -0.5493 0.0723
vn -0.8023 -0.5943 0.0561
vn -0.9279 0.0769 0.3647
vn -0.7240 0.6669 0.1764
vn 0.7887 -0.4161 -0.4526
vn 0.8465 0.0367 -0.5311
vn 0.6034 -0.7381 -0.3017
vn 0.8273 -0.3578 -0.4331
vn -0.9807 0.1261 0.1498
vn 0.6016 0.4875 -0.6328
vn 0.0977 0.9944 -0.0404
vn 0.1677 0.8133 -0.5572
vn 0.2153 0.6736 -0.7071
vn -0.4499 0.6756 -0.5841
vn 0.6600 0.6505 -0.3758
vn 0.6598 0.6489 -0.3791
vn 0.6599 0.6491 -0.3784
vn 0.3059 0.8017 -0.5135
vn 0.0435 0.8891 -0.4556
vn 0.9002 -0.0507 -0.4324
vn 0.2120 0.9438 -0.2534
vn 0.5861 0.6620 -0.4671
vn -0.1253 0.8897 0.4390
vn -0.6171 -0.7588 -0.2081
vn -0.6190 -0.7571 -0.2088
vn -0.6200 -0.7562 -0.2092
vn -0.4395 0.7509 0.4929
vn -0.8065 -0.4964 -0.3211
vn -0.6374 0.7604 0.1246
vn -0.1049 0.9250 0.3652
vn -0.9997 -0.0227 -0.0029
vn -0.6143 -0.7614 -0.2070
vn -0.5187 0.8123 0.2668
vn -0.6106 -0.7585 -0.2276
vn -0.8900 0.2484 0.3823
vn -0.9592 -0.2511 -0.1300
vn -0.9493 0.1391 -0.2819
vn -0.9452 0.1605 -0.2843
vn -0.9113 -0.1713 0.3744
vn -0.9350 -0.3184 -0.1563
vn -0.9000 -0.4083 0.1522
vn -0.7526 -0.5944 0.2833
vn -0.6271 0.4516 0.6346
vn -0.7945 0.0529 0.6050
vn -0.7932 0.1481 0.5907
vn -0.5751 0.6116 0.5434
vn -0.5729 0.6118 0.5454
vn -0.5727 0.6119 0.5455
vn -0.5650 0.7715 0.2925
vn -0.8613 0.4375 -0.2585
vn -0.7392 -0.5361 0.4077
vn -0.7019 -0.2415 0.6701
vn -0.8970 0.2028 0.3928
vn -0.8969 0.2050 0.3919
vn -0.8965 0.2128 0.3886
vn 0.8405 -0.1344 -0.5248
vn 0.3955 -0.4690 -0.7897
vn 0.1406 -0.7573 -0.6378
vn 0.4699 -0.7785 -0.4161
vn 0.9115 0.3361 -0.2372
vn 0.6291 0.1778 -0.7567
vn -0.1933 0.3978 -0.8969
vn -0.4645 0.4068 -0.7866
vn 0.0921 0.3447 -0.9342
vn -0.3297 0.3525 -0.8758
vn -0.5140 -0.2636 -0.8163
vn 0.8094 0.1774 -0.5599
vn -0.3093 0.5002 -0.8088
vn -0.1373 0.1513 -0.9789
vn -0.4562 0.4890 -0.7435
vn 0.6013 0.2111 -0.7706
vn 0.7057 -0.2486 -0.6635
vn 0.7230 0.0338 -0.6900
vn 0.4791 0.1039 -0.8716
vn 0.3984 -0.0856 -0.9132
vn 0.6584 -0.5569 -0.5064
vn 0.2013 -0.4830 -0.8521
vn 0.4985 -0.2686 -0.8242
vn -0.1303 0.6017 -0.7880
vn 0.5507 0.5349 -0.6408
vn 0.7166 0.4047 -0.5681
vn -0.3507 0.5027 -0.7901
vn -0.8230 -0.4425 0.3562
vn -0.1647 0.6118 -0.7737
vn -0.0205 0.7993 -0.6006
vn 0.1013 0.8335 -0.5431
vn 0.2065 -0.2390 -0.9488
vn 0.1730 0.3294 -0.9282
vn 0.0626 0.2355 -0.9699
vn -0.0084 -0.3909 -0.9204
vn 0.4128 -0.5564 -0.7212
vn 0.6510 -0.0952 -0.7530
vn 0.4311 -0.3621 -0.8265
vn -0.1220 0.9875 -0.1000
vn 0.7288 0.5706 -0.3786
vn 0.6423 0.7165 -0.2721
vn 0.6126 0.7641 -0.2024
vn 0.6121 0.7391 -0.2811
vn 0.6121 0.7389 -0.2817
vn 0.6120 0.7390 -0.2816
vn 0.7302 0.4862 -0.4801
vn 0.7299 0.4868 -0.4799
vn 0.7292 0.4884 -0.4793
vn 0.6121 0.7388 -0.2820
vn 0.4202 0.1333 -0.8976
vn -0.4196 -0.3343 -0.8439
vn -0.3673 0.1450 -0.9187
vn -0.6163 0.0425 -0.7863
vn -0.9482 0.0707 -0.3096
vn -0.8149 0.1262 -0.5656
vn -0.7202 0.2798 -0.6348
vn -0.5836 -0.4395 -0.6828
vn -0.5142 0.5950 -0.6177
vn -0.8603 0.3801 -0.3396
vn -0.0645 -0.8481 -0.5258
vn -0.1601 -0.5605 -0.8125
vn 0.7007 -0.0683 -0.7101
vn -0.0466 0.9322 0.3590
vn -0.0466 0.9324 0.3583
vn -0.0469 0.9313 0.3611
vn -0.5076 0.6334 0.5841
vn -0.3254 0.7776 0.5381
vn -0.4951 0.1658 -0.8529
vn -0.8973 -0.4031 0.1801
vn -0.6139 0.3446 -0.7102
vn -0.7498 -0.6210 -0.2283
vn -0.7311 0.3815 -0.5657
vn -0.8878 0.2127 -0.4081
vn -0.9778 -0.1630 -0.1315
vn -0.9291 -0.0400 -0.3677
vn -0.5096 -0.8604 0.0024
vn -0.4970 -0.5012 -0.7084
vn -0.8017 -0.4574 0.3848
vn -0.8017 -0.4578 0.3842
vn -0.7797 -0.4957 0.3826
vn -0.7789 -0.4964 0.3833
vn -0.7793 -0.4999 0.3777
vn -0.2416 -0.9222 -0.3021
vn -0.4809 -0.8695 -0.1126
vn -0.8179 -0.4251 0.3876
vn -0.7680 -0.5706 0.2909
vn -0.7684 -0.5710 0.2888
vn -0.7684 -0.5709 0.2892
vn -0.8307 -0.3846 0.4025
vn -0.8038 0.0267 0.5944
vn -0.8180 0.1269 0.5611
vn -0.8248 -0.3211 0.4653
vn -0.7441 0.1623 0.6481
vn -0.7362 -0.2982 0.6075
vn -0.9525 0.1453 0.2676
vn -0.9354 -0.0275 0.3525
vn -0.6101 0.3146 -0.7272
vn -0.7285 0.5230 -0.4424
vn 0.2190 -0.0042 -0.9757
vn 0.0448 0.0398 -0.9982
vn 0.2826 -0.1757 -0.9430
vn -0.0828 -0.2429 -0.9665
vn 0.7331 0.1729 -0.6578
vn -0.3317 -0.1830 -0.9255
vn 0.0568 0.2212 -0.9736
vn -0.1425 0.4716 -0.8702
vn 0.7358 0.4624 -0.4947
vn 0.6896 0.0346 -0.7234
vn 0.6902 0.0262 -0.7232
vn 0.6946 0.0330 -0.7186
vn 0.6890 -0.0022 -0.7248
vn 0.5886 -0.2474 -0.7697
vn 0.5872 -0.2539 -0.7686
vn 0.5893 -0.2439 -0.7702
vn 0.7289 0.4892 -0.4790
vn 0.0829 -0.1687 -0.9822
vn -0.4848 -0.1416 -0.8631
vn -0.2856 -0.0166 -0.9582
vn 0.0005 0.1525 -0.9883
vn -0.6855 -0.5318 -0.4973
vn -0.2470 -0.1316 -0.9600
vn -0.5213 -0.3669 -0.7705
vn -0.3095 0.2661 -0.9129
vn -0.2460 0.2162 -0.9448
vn -0.5409 -0.3724 -0.7542
vn 0.4922 -0.4304 -0.7566
vn -0.1515 0.9076 0.3915
vn 0.4910 0.8638 -0.1131
vn 0.4841 0.8680 -0.1106
vn 0.4863 0.8667 -0.1114
vn 0.1469 0.9650 0.2174
vn 0.2898 0.9557 0.0515
vn 0.4626 0.4787 -0.7462
vn -0.1085 0.7398 -0.6640
vn -0.7175 -0.6427 -0.2686
vn 0.3578 0.6764 -0.6438
vn 0.7714 0.2065 -0.6020
vn -0.2934 0.8769 -0.3808
vn -0.0879 -0.8672 -0.4902
vn -0.5558 -0.8274 0.0807
vn -0.7534 -0.5872 0.2960
vn -0.7531 -0.5873 0.2966
vn -0.7556 -0.5877 0.2893
vn -0.4275 0.8996 -0.0896
vn -0.3210 -0.8856 -0.3356
vn -0.3221 -0.8855 -0.3350
vn -0.3187 -0.8860 -0.3369
vn -0.3177 -0.8862 -0.3374
vn -0.4970 -0.8595 -0.1197
vn -0.1174 -0.8618 -0.4935
vn -0.1136 -0.8608 -0.4961
vn -0.1121 -0.8587 -0.5001
vn -0.8751 -0.3955 0.2787
vn -0.8463 -0.3611 0.3917
vn -0.6662 -0.7355 0.1234
vn -0.8084 -0.3862 0.4441
vn -0.7425 0.1773 0.6459
vn -0.4866 0.6492 0.5846
vn -0.6371 0.7273 -0.2553
vn 0.2395 0.0718 -0.9682
vn 0.0736 0.7890 -0.6100
vn 0.6935 -0.6708 -0.2627
vn 0.8549 0.4649 -0.2300
vn 0.6862 0.6992 -0.2004
vn 0.6480 0.7317 -0.2114
vn 0.5740 -0.8181 -0.0357
vn 0.1516 0.9080 -0.3907
vn -0.9621 -0.2509 -0.1064
vn -0.9515 -0.2670 0.1527
vn -0.9769 -0.2111 -0.0344
vn -0.1894 -0.9795 -0.0694
vn -0.6571 -0.7483 -0.0907
vn 0.0744 0.9677 -0.2409
vn -0.7694 0.6054 -0.2038
vn -0.4711 0.8632 -0.1814
vn -0.0245 0.9836 -0.1788
vn -0.3463 0.9318 -0.1086
vn -0.8516 0.5201 -0.0650
vn -0.9944 -0.0917 -0.0525
vn -0.0501 0.9790 -0.1975
vn -0.8657 0.4974 -0.0560
vn 0.9247 0.0852 -0.3709
vn 0.9247 0.0849 -0.3710
vn 0.9247 0.0850 -0.3710
vn 0.2212 0.9689 -0.1112
vn 0.9314 -0.3369 0.1376
vn 0.9254 0.0773 -0.3710
vn -0.1123 0.9933 -0.0272
vn -0.5504 -0.8347 -0.0176
vn 0.2477 -0.9401 -0.2341
vn 0.5598 -0.7689 -0.3089
vn -0.7270 0.6288 0.2758
vn -0.7279 0.6286 0.2739
vn -0.7278 0.6287 0.2741
vn -0.6731 -0.7388 -0.0339
vn -0.9894 0.1174 0.0852
vn -0.7653 0.6428 0.0334
vn -0.7134 0.6997 -0.0387
vn -0.9659 -0.1718 0.1935
vn -0.4339 0.8442 0.3147
vn -0.3600 -0.9095 -0.2081
vn 0.1781 0.9839 -0.0175
vn 0.6081 0.6810 0.4081
vn 0.5522 0.8254 -0.1176
vn 0.4052 -0.7916 -0.4574
vn 0.4047 -0.7919 -0.4573
vn 0.4050 -0.7917 -0.4574
vn 0.8302 -0.1714 -0.5305
vn -0.7269 0.6288 0.2761
vn 0.7873 0.2769 -0.5509
vn 0.4057 -0.6821 -0.6084
vn 0.7675 0.5404 -0.3447
vn 0.5319 0.7956 -0.2899
vn 0.1209 -0.8049 -0.5809
vn -0.9090 0.3046 0.2844
vn 0.8050 0.5932 0.0013
vn 0.9491 0.1862 -0.2541
vn 0.9238 -0.0975 -0.3702
vn 0.1567 -0.7727 -0.6151
vn 0.7164 -0.4421 -0.5396
vn 0.7134 -0.4444 -0.5417
vn 0.7120 -0.4455 -0.5428
vn 0.8896 0.4041 -0.2128
vn 0.7179 -0.4410 -0.5386
vn 0.8481 0.4896 -0.2025
vn 0.7186 0.6919 0.0695
vn 0.4896 -0.6525 -0.5784
vn -0.1187 -0.8361 -0.5356
vn -0.3663 -0.7991 -0.4768
vn -0.3611 -0.7987 -0.4813
vn -0.3684 -0.7992 -0.4750
vn -0.7667 0.5109 -0.3888
vn -0.7143 -0.6362 -0.2914
vn -0.3590 -0.7985 -0.4832
vn -0.3153 0.8642 0.3921
vn -0.3174 0.8597 0.4003
vn -0.3157 0.8635 0.3933
vn -0.8796 -0.4582 -0.1278
vn -0.7403 0.5757 0.3471
vn -0.5440 0.7312 0.4116
vn -0.6698 -0.6786 -0.3015
vn -0.9427 -0.3283 -0.0595
vn 0.7360 0.6707 -0.0922
vn -0.6364 -0.7576 -0.1451
vn 0.7935 0.6085 0.0065
vn 0.9410 0.3200 -0.1102
vn 0.8786 -0.1932 -0.4366
vn 0.5773 0.8056 0.1333
vn 0.6165 0.7864 0.0389
vn 0.0944 0.9479 0.3042
vn -0.6759 0.6314 0.3800
vn -0.6812 0.6299 0.3730
vn -0.6747 0.6318 0.3817
vn 0.1197 0.9438 0.3080
vn -0.3176 0.8589 0.4017
vn -0.7589 0.5164 0.3969
vn 0.7084 -0.4620 -0.5337
vn 0.7048 -0.4643 -0.5363
vn 0.7073 -0.4626 -0.5344
vn 0.1117 -0.8279 -0.5496
vn -0.3278 -0.8335 -0.4448
vn -0.3290 -0.8337 -0.4435
vn -0.3273 -0.8334 -0.4454
vn -0.8994 0.3067 0.3115
vn -0.6198 -0.7292 -0.2901
vn -0.8448 -0.5218 -0.1187
vn 0.5200 -0.8431 0.1368
vn -0.3050 -0.8397 -0.4493
vn -0.9522 -0.3041 0.0291
vn -0.9829 -0.0246 0.1825
vn -0.9815 0.0377 0.1876
vn -0.8245 -0.5511 -0.1286
vn 0.8654 -0.1741 -0.4698
vn 0.8654 -0.1738 -0.4699
vn 0.8654 -0.1745 -0.4697
vn 0.8705 0.4180 -0.2599
vn 0.8654 -0.1736 -0.4700
vn 0.6182 0.7829 0.0694
vn 0.1923 0.9446 0.2661
vn 0.5563 0.8263 0.0879
vn 0.6991 -0.4917 -0.5191
vn 0.0086 -0.8619 -0.5071
vn 0.3003 -0.7879 -0.5377
vn 0.3606 -0.7281 -0.5830
vn -0.5176 0.7611 0.3909
vn -0.9611 0.0106 0.2762
vn -0.1190 0.9066 0.4049
vn -0.9768 0.0378 0.2109
vn -0.6663 -0.4260 0.6120
vn -0.5612 -0.8097 0.1716
vn -0.9679 0.1296 0.2154
vn -0.9600 0.1487 0.2374
vn 0.8907 -0.1555 -0.4271
vn 0.8903 -0.1574 -0.4273
vn 0.8905 -0.1568 -0.4272
vn -0.9649 -0.1690 0.2011
vn 0.5804 -0.5906 -0.5606
vn 0.5820 -0.5876 -0.5621
vn 0.5799 -0.5917 -0.5600
vn 0.8908 -0.1548 -0.4271
vn 0.7208 -0.4333 -0.5410
vn 0.7205 -0.4328 -0.5419
vn 0.7204 -0.4328 -0.5419
vn 0.6246 -0.5769 -0.5264
vn 0.5805 0.8127 0.0502
vn 0.2692 -0.7887 -0.5528
vn -0.1574 0.9563 0.2466
vn 0.8798 0.4436 -0.1707
vn -0.1936 -0.8719 -0.4498
vn -0.1938 -0.8711 -0.4513
vn -0.1938 -0.8715 -0.4504
vn -0.9207 -0.3868 -0.0524
vn -0.5910 -0.7581 -0.2757
vn -0.5910 -0.7581 -0.2758
vn -0.5911 -0.7580 -0.2756
vn 0.2553 -0.7994 -0.5438
vn -0.1713 -0.8748 -0.4532
vn -0.9791 -0.0495 0.1973
vn 0.2738 -0.8017 -0.5313
vn 0.2697 -0.8055 -0.5277
vn 0.2752 -0.8004 -0.5326
vn 0.6978 0.7147 -0.0484
vn 0.1891 0.9590 0.2110
vn 0.7691 0.6363 -0.0608
vn 0.2002 0.9399 0.2765
vn 0.9409 0.3279 -0.0852
vn -0.0073 0.8833 0.4687
vn -0.6223 -0.7345 -0.2705
vn -0.6563 -0.7303 -0.1896
vn 0.7201 -0.4323 -0.5428
vn -0.1750 -0.8865 -0.4284
vn -0.7662 0.5415 0.3459
vn 0.9319 -0.0859 -0.3524
vn -0.9310 -0.3597 0.0630
vn 0.6329 -0.5599 -0.5347
vn 0.8632 -0.2890 -0.4141
vn 0.2683 -0.8068 -0.5265
vn 0.7372 -0.4389 -0.5138
vn 0.9294 -0.0486 -0.3659
vn 0.6548 -0.5665 -0.5003
vn 0.0958 -0.8421 -0.5307
vn -0.2074 0.8978 0.3886
vn 0.6036 0.7889 0.1149
vn -0.7773 -0.6056 -0.1706
vn -0.2880 -0.8702 -0.3998
vn -0.2750 -0.8700 -0.4094
vn -0.9829 0.0591 0.1743
vn -0.8153 -0.5679 -0.1130
vn -0.2679 -0.8808 -0.3905
vn -0.7767 0.5211 0.3537
vn -0.9748 -0.0286 0.2215
vn 0.8784 0.1338 0.4587
vn 0.3950 -0.7738 -0.4952
vn 0.1124 -0.8581 -0.5010
vn -0.1180 -0.8701 -0.4785
vn -0.2552 0.9161 0.3092
vn -0.7405 -0.6502 -0.1701
vn -0.2814 0.8797 0.3832
vn 0.8835 0.4518 -0.1235
vn 0.9378 -0.0418 -0.3447
vn 0.2915 0.9301 0.2234
vn -0.8205 -0.5678 -0.0663
vn -0.2539 -0.8846 -0.3911
vn -0.7534 -0.6332 -0.1776
vn -0.8007 0.4664 0.3760
vn -0.9827 -0.0891 0.1626
vn 0.8771 0.0525 -0.4774
vn 0.0601 -0.8828 -0.4658
vn -0.8234 0.4443 0.3531
vn -0.6890 -0.6800 -0.2508
vn -0.7995 0.4863 0.3526
vn -0.9823 -0.1380 0.1269
vn -0.3336 0.8475 0.4128
vn 0.9076 0.4131 -0.0744
vn -0.2577 0.8853 0.3872
vn 0.5139 -0.6453 -0.5652
vn -0.9523 -0.3006 0.0522
vn -0.9798 -0.1958 0.0398
vn -0.7750 -0.6131 -0.1532
vn 0.8566 0.5121 0.0631
vn 0.7461 -0.4569 -0.4844
vn 0.9392 0.0734 -0.3355
vn 0.6253 -0.5691 -0.5340
vn 0.7411 -0.4269 -0.5181
vn 0.5442 0.8050 0.2364
vn 0.5540 -0.6527 -0.5167
vn -0.8277 -0.5606 -0.0251
vn 0.1465 -0.8222 -0.5500
vn -0.8973 0.3165 0.3078
vn -0.0368 -0.8688 -0.4938
vn -0.2564 0.9001 0.3523
vn 0.1614 -0.8523 -0.4976
vn -0.9152 -0.3901 -0.1015
vn -0.1767 0.9057 0.3853
vn 0.9032 0.2730 -0.3314
vn 0.9178 0.3288 -0.2227
vn -0.7610 -0.6290 -0.1587
vn 0.9313 0.2900 -0.2204
vn -0.2643 0.8835 0.3867
vn 0.9116 0.3169 -0.2619
vn -0.0023 -0.8698 -0.4933
vn 0.0498 -0.8832 -0.4663
vn 0.1582 -0.8144 -0.5584
vn -0.9930 0.0548 0.1050
vn -0.9726 0.0010 0.2324
vn -0.1961 0.9308 0.3083
vn -0.7484 -0.6441 -0.1581
vn -0.0616 -0.8067 -0.5877
vn 0.3861 -0.6126 -0.6897
vn -0.9906 -0.1193 0.0672
vn 0.7390 -0.0893 -0.6677
vn -0.8093 0.5872 -0.0110
vn -0.3813 -0.8748 0.2987
vn 0.3062 -0.9492 -0.0730
vn 0.8673 0.1697 -0.4679
vn 0.8228 -0.3935 -0.4101
vn 0.6023 0.5928 -0.5347
vn -0.8254 0.5597 0.0739
vn -0.5451 0.8259 -0.1442
vn -0.4479 0.8812 -0.1515
vn 0.0912 0.8996 -0.4271
vn 0.6133 0.5682 -0.5486
vn -0.7887 -0.5517 0.2711
vn 0.7072 0.6000 -0.3741
vn 0.4219 -0.8844 -0.1997
vn 0.7630 -0.5016 -0.4077
vn -0.5083 0.8596 0.0516
vn -0.5075 0.8601 0.0517
vn -0.5086 0.8595 0.0516
vn 0.1096 -0.9694 -0.2195
vn 0.0461 0.9841 -0.1714
vn 0.0407 0.9850 -0.1678
vn 0.0386 0.9853 -0.1663
vn 0.7425 -0.5162 -0.4269
vn 0.8989 0.0506 -0.4352
vn 0.0487 0.9837 -0.1730
vn 0.6593 0.6507 -0.3766
vn 0.8470 0.5004 -0.1795
vn 0.8337 -0.2441 -0.4954
vn 0.1662 0.9860 -0.0144
vn -0.5072 0.8603 0.0517
vn -0.9468 -0.2962 0.1255
vn -0.2894 0.9262 0.2418
vn 0.2165 -0.9277 -0.3042
vn -0.5461 0.8058 0.2292
vn 0.8518 0.4684 -0.2347
vn 0.8110 0.5615 -0.1645
vn 0.3283 0.9437 0.0405
vn -0.1881 -0.9417 -0.2791
vn -0.5558 -0.8222 -0.1226
vn 0.6959 -0.1810 -0.6950
vn 0.7337 -0.5210 -0.4361
vn -0.7655 0.6136 0.1937
vn -0.7662 0.6075 0.2096
vn 0.0879 -0.8687 -0.4875
vn 0.0870 -0.8686 -0.4879
vn 0.0910 -0.8691 -0.4862
vn -0.9594 -0.1856 0.2123
vn 0.5617 0.7099 -0.4249
vn 0.1687 -0.8192 -0.5482
vn 0.5792 0.7874 -0.2111
vn 0.4878 0.7799 -0.3921
vn -0.7945 0.3147 0.5193
vn 0.1239 -0.7979 -0.5899
vn -0.1097 -0.8577 -0.5023
vn 0.4928 -0.4189 -0.7627
vn 0.5450 -0.2521 -0.7996
vn 0.2891 -0.5836 -0.7589
vn 0.7011 0.5156 -0.4926
vn 0.7141 0.3054 -0.6299
vn 0.6893 0.0317 -0.7238
vn 0.6892 0.0225 -0.7242
vn 0.0827 0.9699 0.2292
vn 0.0828 0.9699 0.2292
vn -0.1531 0.8907 0.4281
vn 0.5823 0.7667 -0.2704
vn 0.5845 0.7656 -0.2686
vn 0.5821 0.7668 -0.2705
vn 0.6073 0.7399 -0.2893
vn 0.7851 0.4502 -0.4254
vn 0.7850 0.4502 -0.4256
vn 0.7850 0.4502 -0.4255
vn 0.3228 0.9446 0.0594
vn -0.7836 -0.5381 0.3106
vn -0.3562 -0.8641 -0.3556
vn -0.1961 0.8799 0.4328
vn -0.2914 -0.8874 -0.3572
vn -0.4924 0.6271 0.6036
vn -0.8042 0.0987 0.5862
vn -0.8597 -0.3956 0.3231
vn -0.5438 0.5519 0.6322
vn -0.1983 0.8609 0.4685
vn -0.5809 0.5510 0.5992
vn -0.4438 0.8085 -0.3866
vn -0.8734 -0.4455 0.1970
vn -0.8754 -0.4425 0.1948
vn -0.8757 -0.4420 0.1944
vn -0.4400 -0.8919 -0.1040
vn -0.3166 -0.9150 -0.2501
vn 0.6305 -0.1211 -0.7667
vn 0.6307 -0.1181 -0.7670
vn 0.6314 -0.1115 -0.7674
vn -0.7930 -0.5891 0.1554
vn 0.7258 0.2628 -0.6357
vn 0.7264 0.2628 -0.6351
vn 0.7215 0.2623 -0.6408
vn 0.5847 0.7656 -0.2684
vn 0.6178 0.7290 -0.2948
vn 0.3097 0.9505 0.0263
vn 0.0045 -0.7892 -0.6141
vn 0.6238 -0.1241 -0.7717
vn -0.2848 -0.8971 -0.3377
vn -0.6073 -0.7930 0.0489
vn 0.3550 0.9349 0.0004
vn -0.3988 -0.8714 -0.2855
vn -0.0055 -0.8391 -0.5440
vn -0.6473 0.4487 0.6162
vn -0.6431 0.4416 0.6256
vn -0.6471 0.4481 0.6169
vn 0.7035 0.5472 -0.4535
vn 0.7393 0.2043 -0.6417
vn 0.7210 0.2622 -0.6414
vn -0.7931 -0.3775 0.4780
vn -0.8337 0.0825 0.5461
vn 0.6993 0.4941 -0.5166
vn -0.8926 -0.1884 0.4096
vn -0.7252 -0.6703 0.1574
vn 0.4356 -0.4673 -0.7693
vn 0.6317 -0.1086 -0.7676
vn 0.6588 -0.0844 -0.7476
vn -0.2796 0.8451 0.4557
vn -0.0617 -0.8638 -0.5001
vn 0.4426 -0.4860 -0.7536
vn -0.2783 0.8200 0.5001
vn -0.6426 0.4411 0.6265
vn 0.0208 0.9663 0.2566
vn -0.3145 0.7839 0.5354
vn -0.4454 -0.8764 -0.1833
vn -0.7573 -0.6331 0.1603
vn -0.8226 -0.2564 0.5075
vn 0.3195 0.9442 0.0800
vn -0.7611 0.2653 0.5919
vn 0.7003 0.1219 -0.7034
vn 0.7232 0.4692 -0.5067
vn -0.0771 -0.8661 -0.4939
vn 0.7240 0.3962 -0.5647
vn 0.7309 0.0699 -0.6789
vn 0.3234 -0.6713 -0.6669
vn 0.4148 0.9074 -0.0683
vn 0.1168 0.9607 0.2520
vn -0.0366 0.9163 0.3987
vn -0.8138 -0.3926 0.4285
vn -0.6465 0.5158 0.5621
vn -0.2779 -0.9083 -0.3127
vn -0.6617 -0.7489 -0.0364
vn -0.8379 -0.3561 0.4137
vn -0.5127 -0.8586 -0.0009
vn -0.4044 -0.8810 -0.2457
vn 0.5795 -0.3098 -0.7538
vn 0.4361 -0.5769 -0.6907
vn 0.6498 -0.4384 -0.6210
vn 0.4452 0.8925 -0.0721
vn 0.3039 0.9523 0.0256
vn 0.7491 0.3902 -0.5353
vn 0.1537 0.9858 0.0678
vn 0.6817 0.6090 -0.4056
vn 0.7212 0.1716 -0.6711
vn 0.0037 -0.8139 -0.5809
vn -0.7334 -0.6717 0.1048
vn -0.3013 -0.9272 -0.2227
vn -0.5493 0.6513 0.5235
vn -0.7863 -0.3925 0.4771
vn -0.7522 -0.0094 0.6588
vn -0.7010 0.2606 0.6639
vn -0.5747 -0.7967 0.1870
vn -0.4012 0.6422 0.6532
vn -0.8269 -0.3453 0.4439
vn -0.7948 -0.4271 0.4311
vn -0.7936 -0.4268 0.4337
vn -0.7951 -0.4272 0.4304
vn -0.3373 0.8014 0.4940
vn -0.3390 0.8009 0.4937
vn -0.3448 0.7990 0.4927
vn -0.8390 -0.0842 0.5376
vn -0.0279 -0.9028 -0.4292
vn 0.7447 -0.0089 -0.6673
vn 0.4431 -0.5354 -0.7190
vn 0.6564 -0.6989 0.2839
vn 0.4836 -0.5047 -0.7152
vn 0.7357 0.5051 -0.4511
vn 0.0900 0.9679 0.2348
vn 0.0873 0.9682 0.2343
vn 0.0881 0.9681 0.2344
vn 0.4729 0.8736 -0.1148
vn 0.6506 0.6218 -0.4359
vn -0.0055 -0.9073 -0.4205
vn -0.6793 -0.7293 0.0821
vn -0.3770 -0.9055 -0.1950
vn 0.4076 0.9120 -0.0461
vn -0.8190 -0.3715 0.4373
vn 0.0484 -0.8740 -0.4835
vn -0.7933 -0.4266 0.4343
vn -0.7444 0.2752 0.6084
vn -0.3465 0.7984 0.4924
vn 0.0907 0.9678 0.2349
vn -0.4500 -0.8896 -0.0779
vn -0.0078 -0.8474 -0.5309
vn 0.6251 -0.3711 -0.6867
vn 0.3838 -0.6701 -0.6353
vn -0.2752 -0.9365 -0.2172
vn -0.6419 -0.7362 0.2142
vn 0.6833 -0.2066 -0.7003
vn 0.4027 0.9124 -0.0731
vn -0.7280 0.4592 0.5091
vn -0.6150 0.4925 0.6158
vn -0.8427 0.0675 0.5341
vn -0.0743 0.9385 0.3371
vn -0.8026 0.0915 0.5894
vn 0.6972 0.6120 -0.3735
vn 0.4219 0.9042 -0.0662
vn 0.3366 -0.7273 -0.5981
vn -0.4092 -0.9089 -0.0800
vn 0.7320 -0.1186 -0.6709
vn 0.7406 0.4267 -0.5191
vn -0.8846 -0.1473 0.4426
vn -0.0891 0.9373 0.3368
vn -0.5074 0.7103 0.4878
vn -0.1032 -0.9234 -0.3696
vn -0.0987 -0.9237 -0.3703
vn -0.1019 -0.9235 -0.3698
vn 0.0137 -0.7745 -0.6324
vn 0.4431 0.8943 -0.0622
vn -0.8068 0.2199 0.5484
vn 0.0166 -0.9226 -0.3854
vn 0.6957 -0.1892 -0.6930
vn -0.5330 0.6373 0.5565
vn -0.7188 -0.6809 0.1404
vn 0.7676 0.4712 -0.4345
vn 0.5092 -0.5561 -0.6568
vn -0.6116 -0.7886 0.0638
vn -0.3766 0.7924 0.4799
vn 0.7348 0.2687 -0.6228
vn 0.0272 0.9772 0.2107
vn 0.9908 0.0013 -0.1351
vn 0.6435 0.6889 -0.3337
vn -0.1995 0.6692 0.7158
vn 0.6506 0.6949 -0.3063
vn 0.7424 -0.1486 -0.6533
vn -0.1175 0.9673 0.2248
vn 0.1266 -0.9065 -0.4028
vn -0.8357 -0.4000 0.3764
vn -0.7111 -0.6863 0.1530
vn 0.1394 -0.7306 -0.6685
vn 0.2663 -0.8498 -0.4548
vn 0.5720 -0.4171 -0.7063
vn -0.1160 -0.9302 -0.3483
vn 0.0221 -0.8624 -0.5058
vn -0.8821 -0.1587 0.4435
vn -0.8817 -0.1584 0.4445
vn -0.8801 -0.1570 0.4481
vn 0.3277 0.1339 0.9352
vn -0.6226 0.5915 0.5124
vn -0.1305 -0.9138 -0.3846
vn -0.8796 -0.1566 0.4491
vn -0.8540 -0.4658 0.2319
vn -0.5977 0.5768 0.5568
vn 0.4516 0.8746 -0.1765
vn -0.8275 -0.4091 0.3847
vn 0.0608 0.5290 -0.8464
vn 0.8110 0.0230 0.5846
vn 0.9279 -0.1582 -0.3375
vn -0.0692 -0.1724 0.9826
vn 0.7217 -0.5568 0.4112
vn 0.7397 -0.5359 0.4070
vn 0.7764 -0.4895 0.3969
vn -0.0541 -0.1406 -0.9886
vn 0.5054 -0.1491 0.8499
vn -0.1369 -0.3689 -0.9193
vn -0.0482 -0.2973 -0.9536
vn 0.0922 -0.1765 -0.9800
vn 0.4889 0.3854 0.7826
vn 0.2914 -0.0085 0.9566
vn -0.3581 -0.1646 0.9191
vn 0.7519 0.4754 0.4568
vn 0.9248 0.2166 -0.3127
vn -0.9707 -0.1349 0.1989
vn -0.5475 -0.0662 0.8342
vn -0.9552 0.0749 0.2863
vn 0.4314 -0.7682 0.4729
vn 0.4614 -0.7456 0.4808
vn 0.4907 -0.7218 0.4880
vn 0.9373 0.3352 0.0959
vn -0.8323 -0.5329 0.1529
vn 0.9443 0.2475 -0.2169
vn -0.0134 -0.9997 -0.0194
vn 0.4387 -0.5966 0.6720
vn 0.1336 -0.0685 0.9887
vn 0.4710 0.6954 -0.5427
vn 0.4557 0.6858 -0.5675
vn 0.4448 0.6787 -0.5844
vn 0.5990 -0.7701 0.2193
vn 0.7297 -0.6820 -0.0486
vn -0.5002 -0.1225 0.8572
vn -0.8627 -0.0874 0.4982
vn 0.7116 0.0676 0.6993
vn -0.7106 0.5774 0.4021
vn -0.5854 -0.5642 -0.5823
vn -0.5037 -0.6700 -0.5453
vn -0.3588 -0.8078 -0.4677
vn -0.4398 0.6697 -0.5984
vn 0.0092 0.6370 0.7708
vn 0.6686 0.0318 0.7430
vn 0.8527 0.4807 0.2048
vn 0.9094 0.3934 0.1348
vn 0.9456 0.3165 0.0753
vn 0.8545 -0.4521 -0.2559
vn 0.9149 0.3782 -0.1413
vn 0.9025 0.4306 -0.0111
vn 0.8896 -0.3787 -0.2555
vn 0.6142 -0.7549 -0.2299
vn 0.0054 0.9611 -0.2762
vn 0.0049 0.9587 -0.2844
vn -0.0312 0.5988 -0.8003
vn 0.5831 0.6280 -0.5154
vn 0.7799 0.5446 0.3085
vn 0.8132 0.4984 0.3005
vn 0.8212 0.4864 0.2984
vn -0.6286 0.7419 0.2336
vn -0.4657 0.7267 0.5050
vn 0.1688 0.2736 0.9469
vn -0.8566 -0.1056 0.5050
vn -0.9864 0.1511 0.0640
vn -0.2127 0.4810 -0.8505
vn 0.5426 0.6673 -0.5102
vn -0.2536 0.7670 -0.5894
vn -0.6835 -0.5109 -0.5214
vn -0.3575 0.9026 0.2400
vn -0.3585 0.9025 0.2388
vn -0.3526 0.9029 0.2459
vn 0.6300 0.7564 0.1761
vn 0.5796 0.8081 0.1047
vn 0.4856 0.1484 0.8615
vn 0.6929 0.6025 -0.3961
vn 0.4881 -0.8411 -0.2332
vn 0.9576 0.2336 0.1685
vn 0.9991 -0.0368 0.0190
vn 0.3184 -0.8474 -0.4250
vn 0.9797 -0.2003 0.0093
vn 0.4047 0.6136 -0.6780
vn -0.7650 0.4217 -0.4867
vn -0.9853 0.1558 0.0695
vn -0.4738 -0.5844 0.6588
vn -0.6486 -0.6234 0.4367
vn 0.9659 0.0357 0.2563
vn 0.9968 -0.0519 0.0600
vn 0.9629 -0.2662 0.0440
vn 0.8831 0.3917 0.2582
vn 0.6676 0.6983 0.2580
vn -0.0362 -0.0989 0.9944
vn 0.8735 0.2679 0.4064
vn 0.8290 0.2265 -0.5114
vn 0.8344 0.4790 0.2725
vn -0.0069 -0.9418 -0.3360
vn -0.0245 -0.9388 -0.3436
vn 0.0115 -0.9446 -0.3280
vn -0.2301 0.9363 0.2652
vn 0.6483 0.5930 0.4776
vn -0.9080 -0.1567 0.3885
vn -0.2339 0.8981 0.3724
vn 0.9189 0.3499 -0.1823
vn 0.2638 -0.8775 -0.4005
vn -0.9044 0.2123 0.3701
vn -0.6794 0.5745 0.4565
vn -0.2512 -0.9225 -0.2930
vn 0.3315 -0.7078 -0.6237
vn 0.9494 -0.3113 -0.0418
vn 0.9490 -0.3126 -0.0411
vn 0.9486 -0.3138 -0.0405
vn 0.7944 0.4938 0.3536
vn 0.7283 0.5186 0.4480
vn 0.4866 0.7472 0.4527
vn 0.1753 0.6759 0.7158
vn 0.5455 0.7457 0.3826
vn -0.0326 0.9536 0.2994
vn 0.9999 0.0123 -0.0075
vn 0.9989 0.0097 -0.0456
vn 0.6512 -0.6927 -0.3100
vn 0.3098 -0.8188 -0.4833
vn -0.8689 0.2192 0.4439
vn -0.4259 -0.7554 -0.4980
vn -0.1809 -0.6239 -0.7602
vn -0.2408 -0.6358 -0.7333
vn 0.9884 0.1433 0.0504
vn 0.8744 0.4792 0.0761
vn 0.1936 -0.7857 -0.5875
vn 0.2252 -0.7777 -0.5869
vn 0.2348 -0.7751 -0.5866
vn 0.6476 0.6066 0.4612
vn -0.2652 -0.8958 -0.3568
vn 0.8879 -0.4313 -0.1597
vn -0.1786 0.6823 0.7089
vn -0.6512 -0.6651 -0.3654
vn -0.8955 0.2884 0.3389
vn -0.7080 -0.6841 -0.1756
vn -0.6385 -0.7170 -0.2796
vn -0.6415 -0.7082 -0.2949
vn -0.5856 -0.8061 -0.0851
vn 0.9089 0.4160 -0.0297
vn 0.9120 0.4097 -0.0228
vn 0.9274 0.3737 0.0161
vn -0.6075 0.3881 0.6930
vn 0.3741 -0.7783 -0.5042
vn -0.6095 0.6234 0.4897
vn -0.5770 0.6637 0.4760
vn -0.3404 0.7975 0.4982
vn 0.9533 -0.0793 -0.2916
vn 0.9879 0.1510 -0.0355
vn 0.9738 0.2273 -0.0103
vn -0.1053 0.6992 0.7071
vn 0.9581 0.2805 -0.0588
vn -0.0748 -0.9201 -0.3845
vn 0.2323 -0.8574 -0.4593
vn -0.2915 -0.8744 -0.3879
vn 0.4909 -0.7229 -0.4863
vn 0.3118 -0.7861 -0.5337
vn 0.3100 -0.7855 -0.5356
vn 0.3096 -0.7854 -0.5360
vn -0.1867 0.7009 0.6884
vn -0.2059 0.7576 0.6194
vn -0.6368 0.5072 0.5807
vn -0.4519 -0.8484 -0.2757
vn 0.1784 -0.7866 -0.5911
vn -0.3542 -0.8283 -0.4342
vn 0.4329 -0.5870 -0.6841
vn -0.7366 0.3695 0.5666
vn -0.6830 0.6290 0.3712
vn 0.2528 -0.7116 -0.6556
vn 0.2657 -0.7911 -0.5510
vn 0.5912 -0.7968 -0.1245
vn -0.3651 0.7634 0.5329
vn 0.8991 0.4363 -0.0366
vn 0.9505 0.1542 -0.2696
vn 0.8964 -0.1175 -0.4274
vn 0.8759 0.3242 -0.3573
vn 0.8755 0.3236 -0.3588
vn 0.8783 0.3283 -0.3475
vn 0.1851 0.8731 0.4511
vn 0.8388 0.5336 0.1082
vn 0.4871 0.8424 0.2305
vn -0.4831 -0.1152 0.8679
vn 0.4695 0.8727 -0.1337
vn 0.3120 -0.7861 -0.5335
vn -0.2724 -0.8870 -0.3728
vn 0.6359 -0.5000 -0.5879
vn -0.6561 -0.7108 -0.2538
vn -0.2406 0.2079 0.9481
vn -0.3404 -0.8411 -0.4203
vn -0.6171 -0.7631 -0.1922
vn -0.3230 -0.8370 -0.4418
vn -0.8480 0.2096 0.4868
vn -0.5569 -0.1410 0.8185
vn 0.2931 0.3064 0.9057
vn -0.0832 0.5187 0.8509
vn 0.0692 -0.5535 -0.8299
vn 0.0701 -0.5543 -0.8293
vn 0.0720 -0.5561 -0.8280
vn 0.0729 -0.5569 -0.8273
vn 0.2482 -0.0470 0.9676
vn 0.3331 0.3876 0.8596
vn 0.5669 0.1375 0.8122
vn 0.3846 0.2101 0.8989
vn 0.8783 0.3287 -0.3472
vn 0.9345 0.2578 -0.2453
vn 0.8232 0.1098 -0.5570
vn 0.7164 0.6060 -0.3456
vn 0.8414 0.3157 -0.4385
vn 0.8906 0.4393 -0.1179
vn 0.6168 0.7699 -0.1640
vn -0.2941 -0.8580 -0.4211
vn -0.7223 -0.6795 0.1288
vn -0.1915 -0.8716 -0.4513
vn 0.8897 0.0857 -0.4485
vn 0.9880 0.0040 -0.1541
vn 0.9584 -0.1149 -0.2614
vn 0.4811 -0.8242 0.2986
vn 0.4816 -0.8243 0.2977
vn 0.4512 -0.8184 0.3559
vn 0.3954 -0.7446 -0.5377
vn -0.7320 -0.6737 0.1018
vn -0.0328 -0.9784 -0.2041
vn -0.5161 -0.8384 -0.1750
vn -0.5107 -0.8555 0.0858
vn 0.6938 -0.7098 -0.1219
vn 0.6646 -0.7455 -0.0500
vn 0.6415 -0.7671 0.0001
vn 0.8362 -0.5473 0.0340
vn 0.6078 -0.6058 0.5134
vn 0.8185 -0.4783 0.3182
vn 0.8281 0.4862 0.2791
vn 0.9575 0.2642 -0.1158
vn 0.9079 0.4173 -0.0395
vn 0.3467 -0.8203 -0.4549
vn -0.6676 -0.6648 0.3352
vn -0.6568 -0.7377 0.1563
vn -0.6488 -0.7452 0.1540
vn -0.6484 -0.7455 0.1543
vn 0.4314 0.8997 -0.0658
vn 0.9220 0.3829 -0.0580
vn 0.9215 0.3884 -0.0069
vn 0.3235 0.9012 -0.2885
vn 0.8985 0.0264 0.4382
vn 0.9277 -0.0498 0.3699
vn 0.8490 -0.4075 0.3363
vn 0.8313 -0.5110 0.2187
vn 0.3100 -0.9436 0.1162
vn -0.0679 -0.9977 0.0021
vn 0.3079 0.7949 -0.5229
vn -0.3229 0.8224 -0.4685
vn 0.5765 -0.4936 -0.6512
vn -0.8725 0.0349 -0.4873
vn 0.4372 -0.7660 -0.4713
vn -0.5811 0.6552 -0.4827
vn 0.7989 0.5901 -0.1161
vn 0.4475 0.7595 -0.4722
vn 0.0142 -0.9998 0.0129
vn -0.3151 -0.8645 -0.3916
vn -0.0737 -0.9108 -0.4062
vn -0.6579 -0.7366 0.1567
vn 0.8859 -0.4637 0.0090
vn 0.9705 -0.2340 -0.0586
vn 0.9694 -0.2357 -0.0687
vn 0.9757 -0.2125 0.0542
vn -0.4639 0.7899 -0.4010
vn -0.4715 0.8100 -0.3488
vn -0.4846 0.8526 -0.1955
vn 0.9618 0.2720 -0.0312
vn 0.1299 -0.5886 -0.7979
vn -0.7200 -0.6004 -0.3479
vn -0.7468 -0.5460 -0.3798
vn -0.6993 -0.6369 -0.3247
vn 0.2439 -0.6142 -0.7505
vn -0.9727 0.0528 -0.2260
vn -0.9809 0.0478 -0.1885
vn -0.9083 0.0767 -0.4113
vn -0.4955 -0.2434 -0.8338
vn -0.2223 -0.3347 -0.9157
vn 0.3293 -0.4099 -0.8506
vn -0.1475 -0.2811 -0.9483
vn 0.2887 -0.1115 -0.9509
vn -0.8116 -0.5595 -0.1684
vn -0.8714 -0.4866 -0.0631
vn -0.4807 -0.7414 -0.4683
vn -0.4119 -0.7129 -0.5675
vn -0.8017 -0.4529 -0.3901
vn -0.4333 0.8895 -0.1451
vn 0.7255 -0.5717 -0.3832
vn 0.9755 -0.0333 -0.2173
vn -0.2267 -0.9675 -0.1124
vn 0.0597 -0.9949 -0.0812
vn 0.9164 -0.3898 -0.0912
vn 0.6356 0.7564 -0.1544
vn 0.3551 -0.7967 0.4890
vn 0.3563 -0.8398 0.4096
vn 0.3526 -0.8928 0.2805
vn -0.5207 -0.7922 -0.3182
vn 0.3161 -0.2389 0.9182
vn 0.7904 -0.4548 0.4104
vn 0.2295 -0.3171 0.9202
vn 0.2337 -0.3246 0.9165
vn 0.2226 -0.3046 0.9261
vn 0.4844 0.6132 0.6239
vn 0.7246 0.6310 -0.2770
vn 0.7575 0.5111 0.4063
vn 0.6307 0.1425 0.7628
vn 0.5410 -0.7308 0.4163
vn 0.5852 -0.7385 0.3348
vn 0.5031 -0.7202 0.4777
vn 0.4183 -0.8484 -0.3245
vn 0.4185 -0.8481 -0.3251
vn 0.4152 -0.8546 -0.3120
vn -0.2627 -0.9098 0.3213
vn -0.7543 -0.6408 -0.1429
vn -0.1208 -0.7379 -0.6640
vn -0.0940 -0.4683 -0.8786
vn -0.0694 -0.2532 -0.9649
vn 0.8290 -0.5566 -0.0550
vn 0.9156 -0.3857 -0.1136
vn 0.9339 -0.3331 -0.1297
vn 0.4346 0.3076 0.8465
vn -0.2844 0.6227 0.7290
vn 0.3060 0.9116 0.2746
vn -0.1565 0.6149 0.7729
vn 0.9732 -0.1874 0.1333
vn 0.3903 -0.8168 -0.4248
vn 0.4026 -0.8504 -0.3388
vn 0.2737 -0.5340 -0.8000
vn 0.9703 0.2378 0.0441
vn 0.6623 0.6897 0.2927
vn 0.5067 0.6803 -0.5295
vn 0.9499 -0.0654 -0.3057
vn 0.9189 -0.2479 -0.3068
vn 0.9892 -0.0658 -0.1309
vn 0.7862 0.6178 -0.0147
vn 0.3087 0.8872 0.3428
vn 0.0830 0.9435 0.3208
vn -0.7012 -0.5813 -0.4128
vn 0.3867 -0.8087 0.4432
vn 0.0661 -0.8548 -0.5147
vn 0.0399 -0.9033 -0.4272
vn -0.3227 0.8763 0.3578
vn 0.7821 0.6227 -0.0224
vn 0.8732 -0.4658 -0.1435
vn 0.8012 -0.5659 -0.1944
vn 0.8936 -0.4308 -0.1261
vn -0.5262 -0.6462 0.5528
vn -0.5284 -0.6942 0.4887
vn -0.4948 -0.4591 0.7378
vn -0.5365 -0.6109 0.5822
vn 0.3931 -0.9046 -0.1647
vn -0.5513 -0.2711 -0.7890
vn 0.0484 0.9072 0.4178
vn 0.4506 0.7686 0.4542
vn 0.4651 0.5017 0.7294
vn 0.7393 -0.0510 0.6714
vn 0.8551 0.2947 0.4265
vn 0.5386 0.7294 0.4217
vn 0.8338 0.5520 0.0026
vn 0.2933 -0.8658 -0.4053
vn -0.3948 -0.8901 -0.2277
vn 0.9408 0.2990 -0.1599
vn 0.8170 0.3495 -0.4587
vn 0.9165 0.2201 0.3340
vn 0.6402 -0.5462 -0.5402
vn 0.9839 -0.1401 0.1111
vn 0.8797 0.4527 0.1456
vn 0.8049 0.5732 0.1533
vn -0.1386 -0.1135 -0.9838
vn 0.5503 -0.0368 0.8342
vn -0.4234 -0.9009 -0.0953
vn 0.0159 0.6303 -0.7762
vn -0.0200 0.6306 -0.7759
vn 0.0491 0.6293 -0.7756
vn 0.1748 0.9510 0.2548
vn -0.0872 0.8441 0.5291
vn 0.5754 0.2979 -0.7617
vn 0.6943 -0.7023 -0.1573
vn 0.9731 -0.1119 0.2013
vn -0.6093 -0.7876 0.0920
vn -0.6101 -0.7866 0.0956
vn -0.6017 -0.7967 0.0567
vn 0.7940 -0.6077 0.0167
vn 0.2830 0.9590 -0.0181
vn 0.8599 0.4755 0.1854
vn 0.4520 0.3147 -0.8346
vn 0.8522 -0.5002 0.1534
vn 0.4891 0.7108 0.5054
vn 0.5499 0.6537 0.5199
vn 0.4025 -0.9132 -0.0632
vn 0.3071 -0.9446 -0.1159
vn 0.4303 -0.9014 -0.0471
vn -0.1926 -0.9698 0.1495
vn -0.0915 0.6658 0.7405
vn 0.1457 0.9349 -0.3235
vn 0.5328 -0.0245 -0.8459
vn 0.4197 -0.4278 -0.8005
vn 0.1077 0.1431 -0.9838
vn 0.0167 0.6749 0.7377
vn -0.3213 0.7432 0.5868
vn 0.0016 0.7516 0.6597
vn 0.7158 0.6456 0.2662
vn -0.2450 0.2374 -0.9400
vn -0.2194 0.2281 -0.9486
vn -0.1756 0.2120 -0.9614
vn 0.9338 -0.0965 0.3447
vn 0.6658 -0.7444 0.0505
vn 0.1636 0.1585 0.9737
vn 0.9502 0.0590 0.3061
vn 0.5253 -0.1008 0.8449
vn 0.5483 0.7444 -0.3810
vn 0.1964 -0.1660 -0.9664
vn 0.2465 -0.2328 -0.9408
vn 0.1763 -0.1394 -0.9744
vn -0.0187 0.3810 -0.9244
vn 0.9133 0.3486 0.2106
vn 0.7535 0.2991 -0.5855
vn 0.8420 0.4848 0.2366
vn 0.2696 0.0254 -0.9626
vn -0.1300 -0.0136 -0.9914
vn -0.0385 -0.9992 -0.0108
vn 0.0053 -0.9998 0.0189
vn -0.0485 -0.9987 -0.0176
vn 0.5485 0.6599 0.5135
vn 0.8343 0.5472 0.0677
vn 0.8291 0.5555 0.0638
vn 0.7964 0.6034 0.0403
vn 0.7648 -0.5537 0.3294
vn 0.7453 -0.6099 0.2695
vn 0.6780 -0.7252 0.1203
vn 0.7247 0.4816 -0.4929
vn 0.7248 0.4814 -0.4929
vn 0.7271 0.4777 -0.4930
vn 0.4402 0.7214 0.5346
vn 0.0457 -0.9983 0.0364
vn 0.0240 -0.9986 0.0473
vn 0.0182 -0.9986 0.0502
vn 0.1707 0.7679 0.6174
vn 0.4948 0.7882 0.3660
vn 0.4947 0.7887 0.3650
vn 0.4924 0.7976 0.3484
vn 0.2535 -0.9016 -0.3506
vn 0.1842 -0.9753 -0.1222
vn -0.3581 0.7148 0.6007
vn 0.4277 0.8654 0.2611
vn 0.6697 -0.7164 -0.1959
vn 0.3078 -0.9483 -0.0776
vn -0.4033 0.9140 -0.0429
vn -0.0929 0.9203 -0.3801
vn -0.4546 -0.7637 0.4583
vn -0.4695 -0.7500 0.4660
vn -0.4977 -0.7223 0.4803
vn 0.4077 -0.3323 -0.8505
vn 0.4482 -0.4848 -0.7510
vn 0.9787 0.1049 0.1763
vn 0.3871 0.5814 0.7156
vn 0.3905 0.5915 0.7054
vn 0.3632 0.5150 0.7764
vn 0.3628 0.8866 0.2870
vn -0.1471 0.7947 -0.5890
vn 0.6950 0.7058 0.1372
vn 0.6737 -0.0476 -0.7375
vn 0.9312 0.3380 0.1366
vn -0.2361 0.8188 0.5232
vn 0.9715 -0.0721 -0.2260
vn 0.9032 -0.2831 -0.3225
vn 0.9188 0.3788 0.1110
vn -0.0812 -0.9944 -0.0679
vn 0.9451 -0.1934 -0.2635
vn -0.2322 0.8021 0.5502
vn 0.8317 0.4004 -0.3848
vn 0.8891 0.2793 0.3625
vn 0.8717 0.3125 0.3775
vn 0.9165 0.2193 0.3346
vn 0.4633 0.4483 0.7645
vn 0.3954 0.0256 0.9181
vn 0.6731 0.0827 0.7349
vn 0.7363 0.2099 0.6433
vn 0.6873 0.6299 -0.3618
vn 0.5941 -0.7857 -0.1725
vn 0.1028 0.9928 -0.0620
vn 0.1281 -0.2231 0.9663
vn 0.4362 -0.5445 0.7164
vn 0.1846 0.4339 0.8819
vn 0.5962 0.2047 0.7763
vn -0.0545 0.9476 0.3148
vn -0.0199 0.9466 0.3218
vn 0.0192 0.9441 0.3292
vn 0.7935 0.0021 0.6085
vn 0.6037 0.7290 0.3227
vn 0.5533 -0.0368 0.8322
vn 0.5666 -0.8037 0.1819
vn -0.3539 -0.9336 0.0562
vn 0.0902 -0.9704 0.2240
vn -0.0141 -0.9875 0.1569
vn -0.3643 -0.8771 0.3130
vn 0.3083 -0.9028 0.2999
vn -0.2873 0.8476 0.4461
vn -0.2898 0.8470 0.4457
vn -0.2792 0.8496 0.4475
vn 0.8713 0.4485 0.1990
vn 0.7540 -0.6470 0.1138
vn 0.3092 -0.8745 0.3737
vn 0.2802 -0.8684 0.4091
vn -0.2770 0.8501 0.4479
vn -0.3170 0.8624 0.3946
vn 0.3086 0.9064 0.2884
vn 0.6132 0.7818 -0.1131
vn 0.0603 0.8313 -0.5525
vn 0.0574 0.8054 -0.5899
vn -0.2882 0.6447 -0.7080
vn 0.6552 0.6077 -0.4488
vn 0.4788 0.2254 -0.8485
vn 0.8374 0.4841 -0.2539
vn 0.8959 0.2937 -0.3334
vn 0.1672 0.6975 0.6968
vn 0.8745 0.1808 0.4501
vn -0.0211 0.2042 -0.9787
vn -0.0998 0.5220 -0.8471
vn 0.0106 -0.0800 -0.9967
vn 0.5105 -0.0829 -0.8559
vn 0.6147 -0.1467 -0.7750
vn 0.4162 0.8622 0.2887
vn 0.5524 0.8076 0.2065
vn 0.1155 0.9933 0.0013
vn -0.2521 0.2197 0.9424
vn -0.1222 0.3324 0.9352
vn 0.0533 0.4651 0.8837
vn -0.4222 -0.7205 0.5501
vn -0.4062 0.8277 0.3872
vn -0.2987 -0.4934 0.8169
vn 0.2533 0.3750 -0.8917
vn 0.3920 0.6202 -0.6795
vn 0.8887 0.3883 -0.2437
vn 0.4492 0.8934 -0.0038
vn 0.9608 -0.2620 -0.0902
vn 0.9527 -0.3000 -0.0486
vn 0.9926 0.0865 -0.0857
vn 0.0042 0.9808 -0.1951
vn 0.6479 -0.7359 -0.1967
vn 0.6491 -0.7436 -0.1604
vn 0.6385 -0.7679 0.0512
vn -0.2071 0.9590 0.1936
vn 0.0955 0.8291 -0.5509
vn 0.0942 0.8323 -0.5463
vn 0.0953 0.8291 -0.5509
vn 0.4162 0.6890 -0.5934
vn 0.0961 0.8290 -0.5510
vn -0.5997 0.7847 0.1569
vn 0.3240 0.9363 -0.1359
vn 0.5744 -0.7510 -0.3257
vn 0.5763 -0.7495 -0.3257
vn 0.5141 -0.7949 -0.3223
vn 0.9010 -0.4326 -0.0326
vn 0.9055 -0.4206 -0.0557
vn 0.9082 -0.4126 -0.0707
vn 0.8866 0.4094 -0.2153
vn 0.8843 0.4056 -0.2316
vn 0.8875 0.4108 -0.2089
vn 0.9450 0.1727 0.2779
vn 0.5938 0.8025 -0.0587
vn 0.9287 -0.0982 -0.3575
vn 0.9239 -0.0896 -0.3721
vn 0.9332 -0.1064 -0.3434
vn 0.8533 0.0804 0.5152
vn -0.3508 0.9359 -0.0331
vn -0.3338 0.9236 0.1883
vn 0.6601 0.6528 0.3716
vn 0.6961 0.7021 -0.1500
vn 0.6627 0.7170 -0.2164
vn 0.7263 0.6826 -0.0807
vn 0.4683 0.6959 0.5445
vn 0.8292 0.5554 0.0626
vn 0.3781 0.9000 0.2168
vn 0.0113 0.3175 0.9482
vn 0.8905 0.4532 0.0408
vn 0.5332 0.2192 0.8171
vn 0.3010 -0.2220 0.9274
vn 0.4741 -0.5612 0.6785
vn 0.4556 -0.6383 0.6205
vn 0.4367 -0.6982 0.5673
vn 0.6942 0.7048 -0.1462
vn 0.8640 0.4814 -0.1476
vn 0.4755 0.3614 0.8021
vn 0.4761 0.3605 0.8021
vn 0.4702 0.3690 0.8017
vn 0.9585 0.2706 -0.0894
vn 0.9836 0.1688 -0.0631
vn 0.9922 -0.1236 0.0135
vn 0.3588 0.9224 0.1430
vn -0.0543 0.9985 -0.0067
vn -0.2991 -0.9531 0.0470
vn -0.0327 -0.9586 -0.2829
vn -0.0172 -0.9916 -0.1283
vn -0.4428 0.8930 -0.0803
vn -0.2443 0.9512 0.1883
vn 0.9335 0.3298 -0.1411
vn -0.4452 0.4802 0.7558
vn -0.4555 0.4653 0.7590
vn -0.4656 0.4504 0.7618
vn 0.8909 -0.1074 -0.4414
vn 0.7971 0.5884 0.1357
vn 0.1163 0.9407 0.3187
vn 0.7884 0.5105 -0.3432
vn 0.7151 0.6424 -0.2757
vn 0.6454 0.6123 -0.4566
vn 0.4667 0.8783 0.1043
vn 0.4816 0.8670 -0.1279
vn 0.7781 0.5975 -0.1940
vn 0.4126 -0.8661 -0.2821
vn 0.4188 -0.8642 -0.2790
vn 0.3397 -0.8855 -0.3170
vn 0.6611 0.7387 0.1313
vn -0.1077 0.9401 0.3234
vn -0.0846 0.8911 0.4458
vn -0.1096 0.8922 0.4382
vn -0.0632 0.9425 0.3283
vn -0.7345 0.5332 0.4198
vn -0.4469 0.8272 0.3407
vn -0.4605 0.8518 -0.2498
vn -0.4575 0.8515 -0.2564
vn -0.4538 0.8510 -0.2645
vn -0.2601 -0.7717 -0.5804
vn -0.2328 -0.7867 -0.5717
vn 0.5757 0.8111 -0.1037
vn 0.5756 0.8110 -0.1047
vn 0.5794 0.8150 -0.0070
vn -0.1725 -0.9502 -0.2597
vn -0.5694 0.7913 0.2227
vn -0.4967 0.7528 -0.4320
vn -0.4551 0.6468 -0.6120
vn -0.4598 0.6624 -0.5914
vn -0.4747 0.7167 -0.5109
vn 0.9175 -0.0369 -0.3961
vn 0.7900 -0.1178 -0.6017
vn -0.2175 0.7909 -0.5720
vn 0.7483 0.1777 -0.6391
vn 0.9532 -0.2498 -0.1703
vn 0.6342 0.6957 -0.3374
vn 0.3833 0.8246 -0.4160
vn 0.8908 -0.0823 -0.4468
vn 0.8753 0.4680 0.1216
vn 0.9824 0.1815 -0.0429
vn 0.2666 0.8124 0.5185
vn -0.0692 0.8207 0.5672
vn 0.1417 0.8417 0.5210
vn -0.9868 -0.0626 -0.1494
vn -0.3946 0.5390 -0.7441
vn 0.2383 -0.9328 -0.2703
vn 0.2355 -0.9343 -0.2676
vn 0.2391 -0.9324 -0.2710
vn 0.2350 -0.9346 -0.2671
vn -0.8475 0.1597 -0.5062
vn -0.8687 0.1593 -0.4691
vn -0.8602 0.1536 -0.4864
vn -0.8560 0.3976 -0.3306
vn -0.0241 -0.3188 -0.9475
vn 0.0038 -0.3398 -0.9405
vn 0.1095 -0.4152 -0.9031
vn -0.8694 0.4047 -0.2835
vn -0.8955 0.3160 -0.3134
vn 0.3298 0.9388 0.0997
vn 0.5072 0.8602 -0.0536
vn 0.0205 0.9729 -0.2302
vn -0.4440 0.5474 -0.7094
vn -0.8410 0.0771 -0.5355
vn 0.1335 0.1647 -0.9773
vn -0.0658 0.9236 -0.3776
vn -0.1343 0.6743 -0.7262
vn -0.1740 0.3924 -0.9032
vn 0.5478 0.6538 -0.5220
vn 0.9450 0.3272 -0.0005
vn 0.9210 0.3890 0.0211
vn -0.2450 0.8713 0.4253
vn 0.1261 0.9170 0.3784
vn 0.1481 0.6140 -0.7753
vn 0.6927 0.3431 -0.6344
vn -0.8778 -0.4397 -0.1898
vn -0.9833 0.1235 0.1339
vn -0.9741 0.1369 0.1801
vn -0.9644 0.1481 0.2191
vn -0.3122 0.4037 -0.8599
vn -0.5507 0.5435 -0.6335
vn 0.7507 -0.0717 -0.6568
vn 0.7214 -0.5237 -0.4531
vn -0.5810 0.7017 0.4125
vn -0.7835 0.5103 0.3546
vn -0.7156 -0.5808 -0.3880
vn -0.5719 -0.2883 -0.7680
vn -0.6346 0.3528 -0.6876
vn -0.4258 0.1488 -0.8925
vn -0.3051 0.7291 -0.6126
vn -0.4816 0.4332 -0.7618
vn -0.3663 -0.2026 -0.9082
vn -0.2753 -0.4567 -0.8460
vn -0.8646 -0.1402 -0.4825
vn -0.2980 -0.5152 -0.8036
vn -0.8474 -0.1184 -0.5176
vn -0.4127 -0.7583 -0.5047
vn -0.6890 -0.6470 -0.3267
vn -0.3434 0.3493 -0.8718
vn -0.3418 0.3498 -0.8722
vn -0.3540 0.3458 -0.8690
vn 0.0457 -0.9505 -0.3074
vn -0.5421 0.6010 -0.5873
vn 0.0240 -0.9754 -0.2192
vn -0.0863 -0.8135 -0.5751
vn -0.9857 0.0063 0.1683
vn -0.9795 0.0917 0.1795
vn -0.9861 -0.0134 0.1655
vn -0.8528 0.0261 -0.5217
vn 0.0630 0.9654 -0.2531
vn -0.3493 0.8890 -0.2960
vn -0.2190 0.9173 -0.3325
vn -0.8329 0.4373 -0.3390
vn 0.9186 0.3931 -0.0404
vn 0.9118 -0.1164 -0.3939
vn 0.9903 0.1002 -0.0964
vn 0.5949 0.0314 -0.8032
vn 0.0935 -0.0470 -0.9945
vn 0.5323 0.2636 -0.8045
vn -0.2129 0.4380 -0.8734
vn 0.3374 -0.7316 -0.5924
vn -0.8527 0.3952 0.3416
vn -0.0292 -0.7347 0.6778
vn -0.5061 -0.3973 0.7655
vn -0.6533 -0.2176 0.7252
vn -0.0948 0.0056 -0.9955
vn -0.4261 -0.2383 -0.8727
vn -0.5256 -0.0364 -0.8500
vn -0.9932 -0.1160 0.0133
vn -0.8463 -0.4771 0.2370
vn 0.6032 0.1435 -0.7846
vn -0.8237 -0.4171 0.3842
vn 0.1663 -0.0020 0.9861
vn 0.7272 0.4360 0.5302
vn -0.8122 -0.3044 0.4976
vn 0.0530 0.2585 0.9646
vn 0.5355 -0.2950 0.7913
vn -0.0432 0.5968 0.8012
vn -0.7952 0.4588 -0.3965
vn -0.3678 0.8403 -0.3982
vn 0.7068 0.5524 0.4419
vn -0.5017 -0.1190 -0.8568
vn 0.1320 -0.9173 0.3757
vn -0.5899 -0.6656 0.4572
vn -0.2356 0.0725 0.9691
vn 0.5921 0.2749 0.7575
vn -0.8510 -0.5042 0.1472
vn -0.8382 -0.5365 0.0982
vn -0.8602 -0.4723 0.1927
vn -0.6287 -0.2199 0.7459
vn -0.5712 -0.5900 0.5707
vn -0.5811 -0.7109 0.3963
vn 0.2815 0.8305 -0.4807
vn 0.1361 0.3877 0.9117
vn 0.1835 0.5426 -0.8197
vn -0.9634 -0.1416 -0.2275
vn -0.9363 -0.3513 0.0044
vn -0.8226 -0.2347 -0.5179
vn 0.8307 0.0126 -0.5565
vn 0.9640 0.1510 -0.2187
vn -0.1927 -0.3548 -0.9149
vn 0.4628 -0.2935 0.8365
vn 0.2917 -0.8828 -0.3681
vn -0.0431 0.9668 0.2519
vn -0.0443 0.9658 0.2556
vn 0.0230 0.9989 0.0411
vn 0.3033 -0.9392 0.1613
vn 0.1218 -0.9848 0.1235
vn -0.3512 0.9030 0.2474
vn 0.0605 0.9803 0.1881
vn -0.0833 -0.9965 0.0031
vn -0.0896 -0.9960 0.0051
vn -0.0847 -0.9964 0.0036
vn -0.3055 -0.9516 0.0338
vn -0.8712 -0.3863 0.3030
vn -0.7683 -0.2199 0.6012
vn -0.0284 0.6561 -0.7541
vn -0.9389 0.1075 -0.3271
vn -0.9739 -0.2211 0.0512
vn -0.9560 -0.2575 0.1402
vn -0.8841 -0.3292 0.3316
vn 0.7607 0.2652 0.5925
vn -0.0922 -0.0199 -0.9955
vn 0.0807 -0.6904 -0.7189
vn 0.9153 0.0208 0.4023
vn -0.7026 -0.7000 0.1278
vn -0.8935 0.2497 0.3732
vn 0.3674 -0.4893 -0.7909
vn 0.3171 -0.5144 -0.7968
vn -0.0901 -0.9959 0.0053
vn -0.5935 -0.7545 0.2802
vn -0.7194 -0.2977 -0.6275
vn -0.2092 0.9779 0.0069
vn -0.2109 -0.1383 -0.9677
vn 0.1783 0.9771 0.1164
vn 0.1521 0.9739 0.1684
vn 0.3769 0.7279 -0.5728
vn -0.5108 0.4924 -0.7047
vn 0.1396 0.8614 0.4883
vn 0.9162 -0.0107 0.4007
vn 0.7989 -0.3195 0.5096
vn -0.2843 -0.1803 -0.9416
vn 0.2520 0.0804 0.9644
vn -0.8775 -0.3580 0.3192
vn -0.7986 0.0543 -0.5994
vn -0.8073 0.0066 -0.5902
vn -0.8112 -0.0199 -0.5844
vn -0.1004 0.8506 0.5161
vn -0.7053 -0.4953 0.5073
vn -0.1904 0.9151 0.3555
vn 0.5183 0.8514 0.0804
vn 0.1585 0.9497 0.2702
vn 0.0660 0.9140 0.4002
vn 0.5411 0.8177 0.1966
vn 0.5438 0.8156 0.1975
vn 0.5434 0.8159 0.1973
vn 0.5161 0.0213 -0.8563
vn -0.3948 -0.8777 0.2718
vn -0.5482 -0.7405 0.3888
vn -0.7006 -0.4466 0.5565
vn -0.6467 0.4866 0.5874
vn -0.8022 0.1859 0.5674
vn -0.2185 -0.5780 0.7862
vn -0.6489 -0.6325 0.4229
vn -0.0624 -0.9870 -0.1484
vn -0.0933 -0.9927 -0.0763
vn -0.1017 -0.9932 -0.0565
vn -0.6399 0.6111 0.4660
vn -0.6692 0.4844 0.5635
vn -0.5796 0.7700 0.2667
vn -0.2160 0.6049 -0.7665
vn -0.5527 -0.3032 0.7763
vn -0.5167 0.5440 -0.6612
vn -0.8860 -0.4637 -0.0018
vn 0.3477 -0.6400 -0.6852
vn 0.1436 -0.9329 -0.3303
vn 0.3248 -0.7940 -0.5139
vn 0.3674 -0.7937 -0.4849
vn 0.2189 -0.7862 -0.5779
vn 0.4988 0.8667 -0.0004
vn 0.4918 0.8705 0.0197
vn 0.5192 0.8523 -0.0632
vn 0.4528 -0.1803 -0.8732
vn 0.5406 0.8180 0.1965
vn 0.5403 0.8366 0.0905
vn -0.6897 -0.6136 0.3845
vn -0.6905 -0.6226 0.3681
vn -0.6910 -0.6289 0.3563
vn -0.3130 -0.8964 0.3138
vn -0.1312 -0.9889 -0.0701
vn -0.1152 -0.9933 -0.0123
vn -0.0880 -0.9927 0.0823
vn -0.7704 -0.3273 0.5472
vn -0.5876 -0.7065 0.3944
vn 0.2005 -0.8309 -0.5190
vn 0.1994 -0.8361 -0.5111
vn 0.1987 -0.8397 -0.5054
vn -0.5158 0.7638 0.3880
vn -0.8665 -0.4458 0.2244
vn -0.3298 0.7039 0.6290
vn -0.8122 -0.3711 0.4501
vn -0.6025 -0.6774 0.4221
vn -0.7358 -0.3372 0.5873
vn 0.1395 0.9352 0.3254
vn 0.3109 -0.6017 -0.7358
vn 0.3130 -0.5974 -0.7383
vn 0.3100 -0.6035 -0.7346
vn 0.1040 -0.8011 -0.5895
vn 0.5692 -0.3670 -0.7358
vn 0.5273 -0.7304 -0.4341
vn 0.3138 -0.5958 -0.7393
vn -0.8115 -0.3527 0.4659
vn -0.1042 0.8091 0.5784
vn -0.2649 0.7564 0.5980
vn 0.3618 0.8270 0.4304
vn -0.7389 -0.5607 0.3737
vn -0.6540 -0.7526 0.0762
vn -0.1766 0.7032 0.6887
vn -0.3837 -0.9225 0.0412
vn -0.7446 -0.3392 0.5749
vn -0.4340 0.4011 0.8067
vn 0.2049 -0.8241 -0.5281
vn 0.1959 -0.6546 -0.7301
vn 0.8657 -0.1247 -0.4848
vn 0.8798 0.1077 -0.4630
vn 0.8400 0.0750 -0.5374
vn 0.7675 -0.1416 -0.6252
vn 0.1021 0.9542 0.2813
vn 0.1247 0.7974 0.5905
vn 0.4866 -0.7595 -0.4316
vn 0.0786 0.8664 0.4931
vn -0.8045 -0.5851 0.1022
vn -0.1702 -0.9530 -0.2507
vn -0.6782 -0.6843 0.2677
vn -0.6643 -0.7197 0.2017
vn -0.7612 -0.5622 0.3234
vn -0.8281 -0.3975 0.3953
vn -0.1852 0.4029 0.8963
vn -0.1035 -0.6965 -0.7100
vn -0.2008 0.3797 0.9031
vn 0.0796 -0.4126 -0.9074
vn 0.3230 0.2955 0.8991
vn -0.2340 0.1139 0.9655
vn -0.1006 0.0225 0.9947
vn 0.8653 0.1225 -0.4861
vn 0.8438 0.1952 -0.5000
vn 0.6893 -0.2174 -0.6911
vn 0.0461 0.8535 0.5191
vn 0.8046 -0.2643 -0.5318
vn 0.8095 -0.2817 -0.5151
vn 0.8707 -0.0314 -0.4908
vn 0.6509 0.6042 0.4597
vn 0.6649 0.5805 0.4700
vn 0.5656 0.7229 0.3969
vn 0.4844 0.8485 0.2131
vn 0.9416 0.0715 -0.3291
vn 0.5083 0.4962 0.7039
vn 0.9304 0.0881 0.3557
vn -0.7663 -0.5607 0.3136
vn -0.7730 -0.5610 0.2963
vn -0.7779 -0.5612 0.2828
vn 0.8223 0.0270 0.5684
vn 0.8082 -0.1637 -0.5657
vn 0.7280 0.4219 0.5404
vn -0.2004 0.7296 0.6538
vn -0.2137 0.6600 0.7202
vn -0.9641 -0.2464 0.0988
vn -0.9643 -0.2459 0.0984
vn -0.9046 -0.3776 0.1977
vn -0.7465 -0.5788 0.3281
vn -0.0264 -0.3728 -0.9275
vn -0.5760 -0.8108 0.1043
vn -0.7325 -0.6751 -0.0873
vn -0.9233 -0.1815 0.3385
vn 0.8624 -0.0444 -0.5042
vn 0.4723 -0.6559 -0.5888
vn 0.4704 -0.6586 -0.5874
vn 0.4731 -0.6549 -0.5893
vn 0.8077 -0.2105 -0.5507
vn 0.4696 -0.6596 -0.5868
vn -0.8960 -0.4437 -0.0159
vn -0.6922 -0.6891 -0.2145
vn -0.7912 -0.6068 -0.0760
vn -0.9710 -0.2372 0.0299
vn -0.9131 0.3150 0.2589
vn -0.6297 -0.7760 0.0351
vn -0.6286 -0.7769 0.0353
vn -0.6046 -0.7955 0.0404
vn -0.8309 -0.3986 0.3883
vn 0.9559 0.0538 -0.2887
vn 0.9421 -0.0845 -0.3245
vn 0.7993 -0.3120 -0.5136
vn 0.8647 -0.4268 -0.2648
vn 0.5432 -0.6441 -0.5385
vn -0.2321 -0.9170 -0.3243
vn 0.7671 -0.3967 -0.5042
vn -0.7507 -0.6605 0.0104
vn -0.7950 -0.5698 0.2081
vn -0.3754 -0.8962 -0.2364
vn 0.0775 -0.9963 -0.0373
vn 0.0764 -0.9962 -0.0426
vn 0.0467 -0.9828 -0.1787
vn 0.9837 -0.1747 -0.0433
vn 0.9998 0.0180 0.0041
vn -0.5130 -0.4114 0.7534
vn 0.8722 0.2577 -0.4157
vn 0.8753 0.2547 -0.4112
vn 0.8816 0.2482 -0.4015
vn 0.1805 -0.8171 0.5475
vn 0.4102 -0.8810 0.2358
vn -0.5488 -0.3512 0.7586
vn -0.8097 -0.3858 0.4422
vn 0.0432 -0.7843 0.6189
vn -0.6365 -0.5192 0.5703
vn -0.7196 -0.6937 0.0300
vn -0.9855 0.0703 0.1542
vn 0.9209 -0.1529 -0.3586
vn 0.8646 0.2229 -0.4504
vn 0.1962 -0.8978 -0.3942
vn 0.1605 -0.9006 -0.4040
vn 0.1193 -0.9021 -0.4146
vn 0.4571 -0.5899 -0.6656
vn 0.3988 -0.8937 0.2053
vn 0.6808 -0.7237 -0.1127
vn 0.1695 0.5958 -0.7850
vn -0.2111 0.2125 -0.9541
vn -0.3774 -0.9151 0.1418
vn 0.5750 -0.8011 -0.1661
vn 0.3929 -0.9054 -0.1609
vn 0.6086 -0.7758 -0.1662
vn -0.2217 -0.8468 0.4835
vn -0.1793 -0.9103 0.3730
vn -0.7846 -0.4578 0.4181
vn -0.2929 -0.5865 0.7551
vn -0.3112 -0.6527 0.6907
vn -0.3546 -0.6652 0.6572
vn 0.6421 -0.5310 -0.5529
vn -0.1687 -0.2410 -0.9558
vn -0.2152 -0.8224 -0.5267
vn -0.2220 -0.8236 -0.5219
vn -0.2182 -0.8229 -0.5246
vn -0.2144 -0.8222 -0.5273
vn 0.1374 -0.6477 -0.7494
vn -0.3311 -0.5943 -0.7329
vn -0.4539 -0.4083 -0.7920
vn 0.8500 0.1157 -0.5139
vn 0.8393 -0.3282 -0.4335
vn -0.0564 0.8776 -0.4762
vn -0.4503 0.8370 -0.3109
vn 0.0771 0.8907 -0.4480
vn -0.1152 -0.0055 -0.9933
vn 0.7399 -0.0497 -0.6709
vn 0.0384 -0.9735 0.2254
vn 0.3788 -0.9232 -0.0649
vn -0.4156 -0.8699 0.2657
vn 0.0841 0.9172 -0.3894
vn -0.5868 0.7908 -0.1741
vn -0.8872 -0.2518 0.3867
vn 0.5712 0.5705 -0.5901
vn 0.7480 -0.0579 -0.6611
vn 0.4186 0.5713 -0.7060
vn 0.6045 0.5697 -0.5568
vn -0.3664 -0.9232 0.1156
vn -0.3626 -0.9248 0.1156
vn -0.3674 -0.9228 0.1157
vn 0.5950 0.6093 -0.5241
vn -0.3648 -0.8770 -0.3126
vn -0.3568 -0.8959 -0.2646
vn -0.3367 -0.9278 -0.1607
vn -0.5577 -0.7146 0.4222
vn -0.6970 -0.5866 0.4123
vn -0.9185 -0.2515 0.3051
vn -0.3996 -0.5114 0.7608
vn -0.0115 0.5208 0.8536
vn -0.1988 -0.7607 0.6180
vn 0.5509 -0.7932 0.2596
vn -0.2768 -0.0953 0.9562
vn -0.6503 -0.1401 0.7466
vn -0.7527 -0.1208 0.6472
vn -0.5788 0.7056 0.4088
vn 0.4864 -0.7167 0.4997
vn -0.3844 -0.3972 0.8333
vn -0.3927 -0.4661 0.7928
vn -0.8493 0.0092 0.5278
vn 0.7320 -0.6620 -0.1609
vn -0.7636 -0.3394 0.5492
vn 0.8725 -0.0932 0.4796
vn -0.9230 -0.3040 0.2361
vn -0.8988 0.3713 0.2329
vn 0.6938 -0.6007 -0.3971
vn -0.4796 -0.8551 0.1971
vn -0.3867 -0.8897 0.2427
vn -0.6211 -0.7751 0.1163
vn 0.8371 -0.3336 -0.4336
vn -0.8382 -0.4336 0.3309
vn -0.8994 0.2970 0.3206
vn -0.7100 -0.5790 0.4008
vn -0.8308 0.5422 0.1253
vn -0.8082 0.5137 0.2879
vn -0.8136 0.3197 0.4856
vn -0.8434 -0.5316 0.0787
vn -0.7522 0.2422 0.6128
vn -0.8514 -0.3808 0.3606
vn -0.3441 -0.9380 0.0408
vn 0.8131 -0.3483 -0.4665
vn -0.8985 -0.3695 0.2370
vn 0.9805 0.1965 0.0108
vn 0.9100 -0.2724 -0.3125
vn 0.9141 -0.2305 -0.3335
vn 0.9163 -0.1851 -0.3552
vn 0.7701 0.1016 -0.6297
vn -0.5331 -0.3800 -0.7559
vn -0.1877 -0.1815 -0.9653
vn 0.1018 -0.2698 0.9575
vn -0.7529 -0.2424 0.6119
vn -0.4776 0.5675 0.6707
vn -0.3117 -0.2375 0.9200
vn -0.3033 0.4233 0.8537
vn -0.4063 0.8287 0.3848
vn -0.0630 -0.6940 0.7172
vn -0.2871 -0.6939 0.6604
vn -0.6197 -0.2157 0.7546
vn 0.2226 -0.9735 0.0520
vn -0.9414 -0.2287 0.2478
vn -0.7799 0.1884 0.5969
vn 0.8617 -0.4017 -0.3100
vn 0.8610 -0.4040 -0.3090
vn 0.8526 -0.4299 -0.2971
vn 0.6485 -0.6506 -0.3952
vn -0.3446 0.7901 0.5069
vn 0.9266 -0.0097 0.3760
vn 0.9421 0.3353 0.0089
vn 0.8497 0.1317 -0.5106
vn 0.4718 -0.8801 -0.0535
vn 0.1524 -0.9814 -0.1165
vn -0.0629 -0.9867 -0.1499
vn 0.7170 0.0215 -0.6967
vn 0.1403 -0.8975 -0.4180
vn 0.1680 -0.2359 0.9571
vn -0.6073 0.5401 -0.5827
vn -0.6642 0.4745 -0.5777
vn -0.4682 0.6680 -0.5784
vn -0.8108 -0.4759 0.3407
vn -0.9337 -0.2579 0.2484
vn -0.9168 -0.2115 0.3388
vn -0.1984 0.6649 0.7201
vn 0.5673 -0.7973 -0.2061
vn -0.7647 -0.4840 0.4253
vn -0.8368 0.5170 0.1802
vn -0.8571 0.4773 0.1940
vn -0.8871 0.4077 0.2164
vn -0.6171 0.6282 -0.4738
vn -0.6175 0.6279 -0.4738
vn -0.5688 0.6707 -0.4760
vn -0.5907 0.0113 -0.8068
vn -0.3077 -0.7868 -0.5350
vn -0.7995 -0.3068 -0.5164
vn -0.8794 -0.0345 0.4748
vn -0.8674 0.4969 -0.0259
vn -0.8517 0.5237 -0.0187
vn -0.8475 -0.1418 0.5115
vn -0.8230 -0.1947 0.5337
vn -0.9735 0.0245 -0.2275
vn -0.6782 -0.4912 -0.5465
vn -0.4219 -0.6021 -0.6778
vn -0.5167 -0.8560 0.0196
vn -0.2395 -0.9383 -0.2495
vn -0.6086 0.1131 0.7853
vn -0.4290 0.4059 0.8070
vn 0.5371 -0.8395 0.0820
vn 0.6925 -0.6717 -0.2633
vn -0.2577 0.7983 0.5443
vn -0.1085 0.8514 0.5132
vn 0.6112 -0.7788 -0.1411
vn 0.8882 -0.1198 -0.4435
vn 0.6119 -0.6242 -0.4857
vn -0.6432 -0.0330 -0.7649
vn -0.7703 0.2058 0.6035
vn 0.0055 -0.9890 0.1479
vn -0.5424 -0.2857 -0.7901
vn 0.1088 -0.9934 -0.0363
vn -0.0092 -0.8816 0.4718
vn 0.8401 -0.3620 -0.4040
vn 0.2859 -0.9581 -0.0168
vn 0.0711 -0.7323 0.6772
vn -0.5948 -0.7299 0.3368
vn -0.9059 -0.2296 0.3559
vn -0.9863 -0.0460 0.1583
vn -0.8231 0.0161 -0.5676
vn -0.7623 -0.3517 0.5434
vn -0.8832 -0.4687 -0.0141
vn -0.5009 -0.5134 -0.6968
vn -0.3339 -0.2554 -0.9073
vn -0.7099 0.2504 0.6583
vn -0.8864 -0.4089 0.2170
vn -0.5942 -0.8022 -0.0574
vn -0.9067 0.4068 0.1115
vn -0.8324 -0.1665 0.5285
vn 0.2153 -0.9337 0.2861
vn 0.1834 -0.9285 0.3229
vn 0.1004 -0.9051 0.4132
vn 0.8879 -0.3323 -0.3181
vn -0.7245 0.2109 0.6562
vn -0.7319 0.2150 0.6466
vn -0.6911 0.1926 0.6966
vn 0.9114 -0.3116 -0.2688
vn 0.7378 -0.6735 0.0449
vn 0.8097 -0.5560 -0.1878
vn -0.9849 -0.1718 0.0232
vn -0.8009 -0.2312 0.5524
vn -0.7778 -0.4805 0.4052
vn -0.8560 -0.1295 0.5005
vn -0.3954 -0.8616 -0.3183
vn -0.1239 -0.9858 0.1132
vn -0.4293 0.7412 0.5161
vn 0.1232 -0.9648 -0.2323
vn 0.2068 -0.9763 -0.0644
vn -0.8239 0.5631 0.0635
vn -0.6231 0.5478 -0.5584
vn -0.2043 -0.8120 -0.5467
vn -0.8856 -0.3973 0.2405
vn 0.1539 -0.9818 -0.1112
vn -0.7183 -0.5065 0.4769
vn -0.3184 -0.9466 0.0508
vn -0.4406 -0.8977 0.0068
vn -0.2435 -0.9669 0.0762
vn -0.0193 -0.9947 0.1007
vn -0.5167 0.7002 0.4927
vn -0.6165 0.6066 0.5020
vn -0.9258 -0.1455 0.3488
vn -0.9258 -0.1452 0.3489
vn -0.9227 -0.2421 0.2999
vn -0.8889 0.2067 0.4089
vn -0.8232 0.3102 0.4756
vn -0.7216 0.4280 0.5442
vn -0.8835 -0.0131 0.4682
vn -0.7563 0.3819 0.5313
vn 0.7777 -0.6251 0.0663
vn -0.3043 0.8311 0.4654
vn -0.8865 -0.2962 0.3554
vn 0.9772 -0.1888 0.0975
vn 0.0269 -0.6574 0.7531
vn 0.7477 -0.6536 0.1176
vn -0.5246 0.8177 0.2370
vn -0.0276 0.9881 0.1513
vn -0.7101 -0.2670 -0.6515
vn -0.7086 -0.2479 -0.6606
vn -0.7069 -0.2295 -0.6690
vn 0.0740 -0.3676 0.9270
vn 0.1170 0.7660 0.6321
vn 0.2934 -0.0046 0.9560
vn -0.2154 -0.0840 0.9729
vn 0.3749 -0.0627 0.9249
vn 0.1951 -0.5832 0.7885
vn 0.5014 -0.5671 0.6534
vn 0.1758 -0.9276 0.3296
vn -0.8312 0.2834 0.4783
vn -0.5677 0.5848 0.5794
vn -0.8179 -0.3788 0.4332
vn -0.6970 -0.2864 0.6574
vn -0.9525 -0.2316 -0.1980
vn -0.4370 -0.4850 0.7575
vn -0.8343 -0.1427 0.5325
vn 0.9022 -0.0628 0.4267
vn 0.2237 -0.3615 0.9051
vn -0.9500 -0.1714 0.2609
vn -0.4332 0.8097 0.3960
vn -0.2532 -0.9442 0.2107
vn -0.5512 0.1823 -0.8142
vn -0.8922 0.0329 -0.4504
vn -0.4079 0.1643 -0.8981
vn -0.2767 0.9526 0.1263
vn -0.5562 -0.8227 0.1179
vn -0.5755 -0.8068 0.1338
vn -0.5867 -0.7971 0.1431
vn -0.5700 -0.1312 -0.8111
vn -0.4044 -0.8436 -0.3533
vn -0.1338 -0.9241 -0.3579
vn -0.0458 0.9932 0.1069
vn -0.0661 0.9899 0.1253
vn -0.0240 0.9959 0.0872
vn -0.0205 -0.8881 -0.4593
vn -0.8480 0.4955 0.1881
vn -0.9615 0.1414 0.2357
vn -0.5459 0.7364 0.3995
vn -0.7755 0.5573 0.2967
vn -0.6018 -0.7449 0.2882
vn -0.9917 0.1277 0.0137
vn -0.7726 0.3962 -0.4960
vn -0.2964 0.9473 0.1213
vn -0.8394 -0.5420 0.0391
vn -0.3831 0.9111 0.1521
vn -0.8189 -0.5719 0.0479
vn -0.9893 0.1308 -0.0647
vn -0.2708 0.9623 0.0274
vn -0.4358 0.8846 0.1657
vn -0.4454 0.8788 0.1715
vn -0.4323 0.8868 0.1636
vn -0.5230 0.7368 0.4285
vn -0.5055 0.7563 0.4153
vn -0.5407 0.7159 0.4418
vn 0.0557 -0.4701 0.8809
vn -0.1944 0.9531 0.2321
vn -0.9420 0.1934 0.2744
vn -0.2967 -0.9395 0.1710
vn -0.7471 -0.5799 0.3251
vn -0.3416 -0.9098 0.2356
vn -0.6789 0.2912 0.6740
vn -0.4406 -0.8670 0.2328
vn -0.5874 -0.5783 0.5661
vn 0.8034 -0.5184 -0.2929
vn -0.7323 0.6801 -0.0349
vn -0.6095 0.7742 0.1708
vn -0.8540 0.0357 0.5190
vn -0.8634 -0.2926 0.4111
vn -0.8408 -0.3259 0.4322
vn -0.8981 -0.2337 0.3727
vn -0.4340 -0.1038 0.8949
vn -0.0545 -0.4060 0.9122
vn 0.5906 -0.3840 0.7098
vn 0.3019 -0.1922 0.9338
vn 0.5906 -0.3138 0.7435
vn 0.6962 -0.1334 0.7054
vn 0.5224 0.4067 0.7495
vn -0.6178 -0.3100 0.7226
vn -0.2998 -0.5660 0.7680
vn 0.0079 0.1300 0.9915
vn -0.8688 0.3732 0.3254
vn -0.6909 -0.7148 0.1083
vn -0.6916 0.6937 0.2011
vn -0.5557 0.8071 0.1997
vn -0.4505 -0.8883 0.0892
vn -0.8011 -0.0286 0.5979
vn -0.7947 0.0671 0.6033
vn -0.7975 0.2546 0.5469
vn -0.8563 -0.4097 0.3145
vn -0.8578 -0.4018 0.3204
vn -0.8522 -0.4288 0.2997
vn -0.5131 -0.8384 -0.1841
vn -0.7367 -0.6755 0.0302
vn -0.3176 0.3014 0.8990
vn -0.9290 -0.2025 0.3097
vn 0.4187 -0.5253 -0.7407
vn 0.0057 0.9785 -0.2063
vn 0.2041 0.9001 -0.3850
vn -0.1432 0.9755 -0.1668
vn 0.1133 0.9899 -0.0846
vn -0.4317 0.9018 0.0200
vn 0.0643 0.9452 0.3202
vn -0.7237 0.4146 0.5517
vn -0.7507 0.3020 0.5876
vn -0.5775 0.6112 0.5412
vn -0.6516 -0.7378 -0.1765
vn -0.8926 -0.3668 0.2620
vn -0.7499 0.4745 0.4610
vn -0.5869 -0.8051 -0.0852
vn -0.9999 0.0150 -0.0038
vn -0.9660 0.2055 0.1566
vn -0.9377 -0.3122 -0.1525
vn -0.9383 -0.3172 -0.1375
vn -0.9367 -0.3066 -0.1692
vn -0.8570 -0.3629 0.3659
vn -0.8305 -0.0629 0.5535
vn 0.1838 0.4621 -0.8676
vn 0.2923 0.6156 -0.7318
vn 0.6598 0.6510 -0.3753
vn 0.4733 0.8801 -0.0364
vn 0.2336 0.6025 -0.7632
vn 0.4816 0.8762 0.0159
vn 0.1580 0.7545 -0.6370
vn 0.1368 0.9882 -0.0689
vn -0.3117 0.7663 0.5619
vn -0.3088 0.7715 0.5563
vn -0.3109 0.7676 0.5605
vn -0.8952 -0.4400 -0.0710
vn -0.7535 -0.5597 -0.3448
vn -0.7561 -0.5534 -0.3492
vn -0.7570 -0.5512 -0.3509
vn -0.6504 -0.6930 -0.3109
vn -0.7424 -0.6320 -0.2222
vn -0.7359 -0.6348 -0.2357
vn -0.8427 -0.5295 0.0979
vn -0.9724 0.1010 -0.2103
vn -0.9461 0.2958 -0.1321
vn -0.8400 -0.5272 0.1281
vn -0.9791 0.0596 -0.1945
vn -0.0346 0.0131 -0.9993
vn -0.0480 0.0181 -0.9987
vn -0.1481 0.0556 -0.9874
vn -0.8017 -0.4578 0.3843
vn -0.7678 -0.5706 0.2913
vn -0.7781 -0.4978 0.3831
vn -0.7790 -0.5024 0.3753
vn -0.7430 0.1167 0.6590
vn -0.5264 0.4923 0.6932
vn -0.9352 -0.1679 0.3118
vn -0.7489 -0.0788 0.6580
vn -0.8964 0.2144 0.3880
vn 0.4587 -0.7678 -0.4472
vn -0.2316 -0.1304 -0.9640
vn 0.5872 -0.7258 -0.3582
vn -0.0529 -0.7541 -0.6547
vn 0.3310 -0.7714 -0.5435
vn 0.9457 -0.2127 -0.2458
vn 0.9609 -0.1733 -0.2161
vn 0.9395 -0.2270 -0.2566
vn 0.4711 -0.4669 -0.7484
vn 0.6678 -0.0305 -0.7437
vn 0.9128 -0.0124 -0.4082
vn 0.8105 0.0785 -0.5804
vn 0.7275 0.2225 -0.6490
vn -0.3325 0.4589 -0.8239
vn -0.2169 0.3287 -0.9192
vn -0.4259 -0.4092 -0.8069
vn 0.3495 -0.2563 -0.9012
vn -0.0616 -0.8624 -0.5025
vn 0.7110 -0.2453 -0.6590
vn -0.4885 0.2770 -0.8274
vn 0.1411 0.9756 0.1684
vn 0.4931 0.8625 -0.1139
vn -0.5435 0.5472 -0.6365
vn -0.3857 -0.3440 -0.8561
vn -0.8528 -0.0966 -0.5132
vn -0.7531 0.5025 -0.4246
vn -0.2766 -0.8961 -0.3471
vn -0.3117 -0.7725 -0.5533
vn -0.3081 0.7729 0.5547
vn -0.0470 0.9311 0.3618
vn 0.1737 0.9708 0.1656
vn 0.1641 0.6414 -0.7494
vn -0.6431 0.7536 -0.1359
vn -0.7842 0.4829 -0.3898
vn -0.8816 0.2645 -0.3910
vn -0.5541 0.1638 -0.8162
vn -0.7699 -0.5506 -0.3227
vn -0.9603 -0.1529 -0.2332
vn -0.7527 -0.5618 -0.3434
vn -0.9220 -0.2273 -0.3135
vn -0.9452 0.0437 -0.3236
vn -0.9249 0.3129 -0.2160
vn -0.2856 -0.9563 -0.0628
vn -0.6718 -0.7400 -0.0331
vn -0.7555 -0.5880 0.2889
vn -0.5965 0.4420 0.6699
vn -0.6105 0.4483 0.6529
vn -0.6374 0.4294 0.6398
vn -0.6353 0.4274 0.6432
vn -0.6379 0.4290 0.6395
vn -0.9559 0.1971 0.2177
vn -0.2453 0.0318 -0.9689
vn -0.0429 0.2708 -0.9617
vn -0.2205 -0.1376 -0.9656
vn -0.0825 0.4285 -0.8998
vn 0.5864 -0.2574 -0.7680
vn 0.7332 0.3071 -0.6067
vn -0.6604 -0.0929 -0.7451
vn -0.1301 -0.1909 -0.9730
vn 0.0854 0.1368 -0.9869
vn -0.7876 0.1098 -0.6063
vn -0.3617 0.4902 -0.7930
vn -0.6515 -0.0399 -0.7576
vn 0.1974 0.6049 -0.7714
vn -0.3284 -0.9054 -0.2692
vn -0.6983 -0.4560 0.5518
vn -0.8010 -0.2256 0.5545
vn -0.6467 -0.6600 0.3825
vn -0.6462 -0.6604 0.3825
vn -0.6440 -0.6622 0.3830
vn -0.6434 -0.6627 0.3832
vn -0.6325 0.4256 0.6471
vn -0.6149 0.4751 0.6294
vn -0.8509 -0.1960 0.4874
vn -0.8369 0.5465 -0.0314
vn -0.7210 0.6622 -0.2040
vn -0.6748 0.7328 -0.0875
vn 0.2559 -0.9660 -0.0361
vn 0.3738 -0.9182 -0.1315
vn 0.3946 -0.9067 -0.1489
vn -0.2936 -0.8783 -0.3773
vn -0.0365 -0.9911 -0.1279
vn 0.4766 -0.7623 -0.4379
vn 0.5560 -0.7142 -0.4253
vn 0.4205 -0.7911 -0.4442
vn -0.9925 -0.0739 -0.0973
vn -0.3262 -0.9394 -0.1052
vn 0.0600 -0.9709 -0.2320
vn 0.5176 0.8019 -0.2985
vn -0.8076 -0.5877 -0.0485
vn -0.8076 -0.5878 -0.0479
vn -0.8081 -0.5707 -0.1460
vn -0.2783 0.9592 0.0489
vn 0.8855 0.3195 -0.3373
vn 0.8788 0.3225 -0.3517
vn 0.8498 0.3336 -0.4082
vn -0.9812 -0.1930 0.0005
vn -0.5996 0.7780 0.1877
vn -0.9356 -0.3406 0.0930
vn -0.8606 -0.4956 0.1177
vn -0.9476 -0.3074 0.0875
vn -0.8532 0.4700 0.2263
vn -0.9255 -0.3787 -0.0078
vn -0.9234 -0.3780 -0.0669
vn -0.9183 -0.3761 -0.1238
vn 0.8370 0.4518 -0.3087
vn -0.8560 0.3804 0.3502
vn 0.0622 -0.7726 -0.6318
vn -0.5903 -0.6258 -0.5099
vn 0.9858 0.1528 -0.0703
vn 0.0889 0.9369 0.3380
vn 0.5695 0.8180 0.0804
vn -0.6826 0.6295 0.3712
vn 0.3804 -0.6971 -0.6077
vn 0.7037 -0.4650 -0.5372
vn 0.1944 0.9479 0.2522
vn -0.2179 0.8987 0.3807
vn -0.2240 0.9016 0.3701
vn -0.2236 0.9013 0.3710
vn 0.8693 0.4743 -0.1392
vn 0.8643 0.4810 -0.1473
vn 0.8530 0.4952 -0.1650
vn -0.6942 -0.6701 -0.2626
vn -0.0577 -0.8377 -0.5431
vn -0.9046 0.2928 0.3097
vn -0.4940 0.7821 0.3799
vn -0.3861 0.8234 0.4158
vn -0.3708 0.8281 0.4203
vn 0.3262 -0.7522 -0.5725
vn 0.5825 -0.5866 -0.5626
vn -0.1939 -0.8719 -0.4497
vn -0.9354 0.2338 0.2652
vn -0.9513 0.1146 0.2862
vn -0.9285 0.2667 0.2585
vn -0.0207 0.9508 0.3091
vn -0.7557 0.5296 0.3853
vn -0.6416 0.6647 0.3827
vn -0.3295 -0.8338 -0.4430
vn -0.9535 -0.2960 0.0572
vn -0.6373 -0.7232 -0.2663
vn -0.9452 -0.3218 0.0546
vn 0.8899 0.4110 -0.1979
vn -0.2172 0.8984 0.3816
vn 0.9285 0.3251 -0.1796
vn -0.8824 -0.4704 -0.0038
vn -0.9155 0.2696 0.2985
vn -0.6346 0.6604 0.4013
vn -0.5915 -0.7579 -0.2751
vn -0.8411 -0.5330 -0.0921
vn 0.7322 0.6652 0.1458
vn 0.7331 0.6645 0.1447
vn 0.7300 0.6670 0.1488
vn -0.1039 0.9434 0.3149
vn -0.2244 0.8635 0.4517
vn -0.0703 0.9587 0.2755
vn -0.0427 0.9805 0.1920
vn 0.2991 0.8980 0.3228
vn -0.2950 -0.8614 -0.4135
vn -0.9371 -0.3479 0.0274
vn -0.2755 0.8855 0.3741
vn 0.9332 0.2485 -0.2595
vn -0.6334 0.6765 0.3758
vn -0.7774 0.4709 0.4170
vn 0.7292 0.6676 0.1499
vn 0.3010 -0.8018 -0.5162
vn 0.3177 -0.7705 -0.5526
vn 0.9673 0.2077 -0.1454
vn -0.5521 0.6929 0.4637
vn 0.1652 0.9406 0.2966
vn -0.9829 -0.1533 0.1021
vn -0.9713 -0.1880 0.1459
vn -0.7913 -0.6006 -0.1147
vn -0.1205 0.9122 0.3916
vn 0.6234 -0.5221 -0.5821
vn 0.4333 -0.7188 -0.5436
vn 0.6575 -0.5837 -0.4763
vn -0.3587 -0.8724 -0.3320
vn -0.1188 -0.8403 -0.5290
vn -0.0825 -0.8286 -0.5537
vn 0.5846 0.7997 0.1371
vn 0.7488 -0.4529 -0.4839
vn 0.9725 0.1821 -0.1451
vn -0.9872 -0.0967 0.1272
vn 0.8774 0.4684 -0.1036
vn -0.6350 -0.7602 -0.1371
vn 0.3462 0.8963 0.2772
vn -0.8584 0.4195 0.2951
vn 0.5577 0.8225 0.1113
vn -0.5147 -0.7907 -0.3314
vn -0.1310 0.9295 0.3448
vn 0.7865 0.6169 -0.0301
vn -0.5357 0.7972 0.2783
vn -0.4056 0.8911 0.2036
vn -0.5855 0.7503 0.3071
vn 0.8897 0.4147 -0.1907
vn -0.4462 -0.8335 -0.3257
vn -0.4542 -0.8724 0.1805
vn -0.3770 -0.9065 0.1899
vn -0.4880 -0.8549 0.1758
vn 0.6281 -0.5795 -0.5194
vn -0.9829 -0.1524 0.1032
vn 0.8961 0.1102 -0.4300
vn -0.7168 -0.6529 0.2449
vn -0.6992 -0.7132 0.0502
vn -0.7026 -0.7099 0.0500
vn -0.6984 -0.7139 0.0503
vn 0.4169 -0.8931 -0.1692
vn 0.0270 0.9070 -0.4202
vn 0.8648 0.1199 -0.4875
vn -0.9848 0.0940 0.1464
vn -0.2470 -0.9673 -0.0583
vn 0.1818 -0.9313 -0.3157
vn -0.6908 0.3240 0.6464
vn -0.7658 0.2698 0.5838
vn -0.8120 0.2305 0.5362
vn 0.3668 0.9187 -0.1463
vn 0.8785 0.2626 -0.3991
vn -0.7962 -0.5984 -0.0891
vn 0.8498 0.3360 -0.4061
vn -0.9147 0.3866 0.1176
vn 0.0920 -0.8692 -0.4858
vn -0.7942 -0.6061 -0.0429
vn -0.6993 -0.6545 -0.2875
vn 0.0425 -0.7867 -0.6159
vn 0.4702 -0.3624 -0.8047
vn 0.0610 0.9632 0.2619
vn -0.1067 -0.8584 -0.5018
vn -0.8426 -0.4097 0.3494
vn -0.8631 -0.3863 0.3253
vn -0.8328 -0.4203 0.3602
vn -0.0358 -0.8818 -0.4702
vn 0.0181 -0.8482 -0.5294
vn 0.0439 -0.8298 -0.5563
vn -0.8710 -0.4489 0.1996
vn -0.7624 -0.5563 0.3306
vn -0.8439 -0.2136 0.4921
vn 0.5860 -0.2784 -0.7610
vn 0.3142 -0.6169 -0.7216
vn 0.4478 -0.4291 -0.7844
vn 0.6921 0.5648 -0.4495
vn 0.0814 0.9597 0.2688
vn -0.0763 -0.8515 -0.5188
vn 0.1894 -0.6947 -0.6940
vn -0.8363 -0.0270 0.5475
vn -0.5958 -0.8022 -0.0375
vn -0.7501 -0.4385 0.4950
vn 0.2507 -0.6992 -0.6695
vn 0.1926 -0.7200 -0.6667
vn 0.4536 -0.4626 -0.7617
vn 0.6155 0.7207 -0.3189
vn 0.6632 0.6584 -0.3560
vn 0.6719 0.6457 -0.3629
vn 0.0071 0.9529 0.3033
vn -0.3416 0.7937 0.5033
vn -0.8850 -0.3483 0.3089
vn 0.6596 -0.1189 -0.7421
vn 0.2574 -0.6813 -0.6852
vn 0.4629 -0.4895 -0.7390
vn 0.5667 -0.2730 -0.7774
vn 0.7138 0.0364 -0.6994
vn 0.7657 0.0965 -0.6359
vn 0.6687 0.0463 -0.7421
vn 0.7930 0.1122 -0.5988
vn -0.1225 0.9237 0.3631
vn 0.6720 0.6456 -0.3628
vn -0.4574 -0.8759 -0.1534
vn -0.8500 0.0982 0.5176
vn 0.4464 -0.4553 -0.7703
vn 0.2898 0.9464 0.1426
vn -0.5973 0.5445 0.5889
vn -0.6569 -0.7291 0.1920
vn -0.7633 -0.6000 0.2396
vn -0.6400 -0.7458 0.1847
vn -0.2721 -0.9333 -0.2341
vn -0.7009 0.3343 0.6300
vn -0.3615 0.7547 0.5475
vn 0.7335 0.0415 -0.6784
vn 0.7886 0.2621 -0.5562
vn 0.7315 0.5587 -0.3909
vn 0.3047 -0.7664 -0.5655
vn -0.0973 -0.9238 -0.3704
vn -0.1301 0.9313 0.3401
vn -0.0849 0.9324 0.3512
vn -0.7491 -0.5871 0.3069
vn -0.4532 0.7282 0.5140
vn -0.9308 0.2548 0.2620
vn -0.8689 0.1339 0.4765
vn -0.9217 0.3860 -0.0391
vn -0.7624 -0.3936 0.5136
vn -0.3905 0.7959 0.4626
vn 0.7783 0.1543 -0.6087
vn 0.0935 0.9810 0.1699
vn 0.0401 0.9831 0.1786
vn -0.7960 0.2277 0.5609
vn 0.5124 -0.3395 -0.7888
vn 0.7847 0.4503 -0.4260
vn 0.4213 0.8613 -0.2839
vn 0.9441 0.0764 -0.3206
vn 0.9604 0.0583 -0.2724
vn 0.9342 0.0860 -0.3461
vn -0.1758 0.8749 0.4513
vn 0.6775 0.4152 -0.6072
vn -0.2029 -0.8761 -0.4373
vn 0.2037 0.9258 -0.3184
vn -0.5999 -0.2197 -0.7693
vn -0.9532 0.2982 0.0506
vn -0.7833 0.5598 0.2702
vn -0.7828 0.5559 0.2797
vn -0.7784 0.5321 0.3331
vn -0.3787 -0.8936 0.2409
vn -0.3807 -0.9013 0.2066
vn -0.3768 -0.8865 0.2685
vn 0.4846 -0.0249 0.8744
vn 0.5198 -0.0092 0.8542
vn 0.5954 0.0262 0.8030
vn 0.6829 -0.5985 0.4188
vn -0.2302 -0.4400 -0.8680
vn 0.4117 -0.7823 0.4675
vn 0.4786 0.7001 -0.5299
vn -0.7222 -0.2999 -0.6233
vn 0.5886 0.7020 0.4010
vn 0.0473 0.8455 0.5318
vn 0.7549 0.5761 0.3134
vn -0.0419 -0.9355 -0.3510
vn 0.9497 -0.3102 -0.0425
vn 0.1205 0.6528 0.7479
vn 0.1794 -0.7890 -0.5876
vn -0.6550 -0.6501 -0.3852
vn 0.8825 0.4630 -0.0828
vn 0.5139 -0.8267 0.2291
vn 0.7108 -0.6824 -0.1704
vn 0.9502 -0.2539 -0.1809
vn -0.4320 0.7137 -0.5514
vn -0.7659 -0.5000 -0.4043
vn -0.9983 0.0293 -0.0498
vn 0.3406 -0.6695 0.6601
vn 0.2476 -0.3495 0.9036
vn 0.6098 -0.7401 0.2835
vn 0.4213 -0.8421 -0.3366
vn -0.1329 -0.9089 -0.3953
vn 0.8016 -0.5965 -0.0398
vn 0.4131 -0.9062 0.0901
vn 0.7712 -0.6002 -0.2122
vn -0.4331 -0.8976 -0.0819
vn -0.0385 0.6304 -0.7753
vn -0.6137 -0.7812 0.1144
vn 0.2320 -0.9603 -0.1551
vn -0.3026 0.2578 -0.9176
vn 0.2727 -0.2682 -0.9240
vn 0.0456 -0.9979 0.0462
vn 0.8574 0.5074 0.0861
vn 0.7852 -0.4513 0.4240
vn 0.7221 0.4856 -0.4927
vn 0.0531 -0.9981 0.0327
vn 0.4972 0.7780 0.3841
vn -0.4235 -0.7908 0.4418
vn 0.4115 0.6555 0.6332
vn 0.8426 0.3618 0.3989
vn -0.0771 0.9476 0.3100
vn -0.3974 0.0765 0.9145
vn 0.6244 -0.6732 -0.3961
vn 0.6050 -0.7261 -0.3267
vn 0.8995 -0.4362 -0.0255
vn 0.8830 0.4036 -0.2396
vn 0.9191 -0.0816 -0.3855
vn 0.6205 0.7288 -0.2897
vn 0.4861 -0.4921 0.7222
vn 0.4850 0.3474 0.8025
vn 0.9249 0.3631 -0.1130
vn -0.4315 0.4993 0.7513
vn 0.4796 -0.8420 -0.2469
vn -0.4641 0.8522 -0.2416
vn 0.5671 0.8000 -0.1959
vn -0.4152 0.5308 -0.7388
vn -0.1742 -0.1986 -0.9645
vn -0.9887 0.1131 0.0987
vn -0.3295 0.3538 -0.8754
vn -0.9782 0.1023 0.1808
vn 0.2786 -0.8187 0.5022
vn -0.8209 -0.5693 0.0447
vn -0.1414 0.8207 0.5536
vn -0.9779 -0.1225 -0.1692
vn -0.7925 0.0825 -0.6042
vn -0.0544 -0.9845 -0.1668
vn 0.5356 -0.7690 -0.3489
vn 0.4798 0.8758 0.0527
vn -0.6890 -0.6071 0.3959
vn -0.1622 -0.9691 -0.1859
vn 0.2017 -0.8247 -0.5284
vn 0.7010 0.5118 0.4967
vn -0.7604 -0.5603 0.3285
vn -0.9921 -0.1250 0.0093
vn -0.6511 -0.7584 0.0305
vn 0.1047 -0.9900 0.0950
vn 0.8683 0.2615 -0.4214
vn 0.2307 -0.8940 -0.3841
vn 0.3556 -0.9210 -0.1591
vn -0.3620 -0.9250 0.1156
vn -0.3879 -0.7665 -0.5120
vn -0.2499 -0.9202 0.3012
vn 0.9042 -0.3117 -0.2919
vn 0.8720 -0.3652 -0.3260
vn 0.7502 -0.6609 0.0199
vn -0.7919 0.2805 -0.5424
vn -0.7976 0.5828 0.1555
vn -0.6707 0.5749 -0.4687
vn 0.3313 -0.9331 0.1400
vn -0.7620 0.2320 0.6045
vn -0.5021 -0.8646 -0.0166
vn -0.9188 -0.0527 0.3912
vn -0.9311 0.1155 0.3459
vn -0.7116 -0.2934 -0.6385
vn -0.5518 -0.8261 0.1144
vn -0.0846 0.9863 0.1419
vn -0.4478 0.8773 0.1730
vn -0.4876 0.7751 0.4018
vn -0.7660 -0.4184 0.4880
vn -0.8621 -0.3765 0.3391
vn -0.9388 -0.3233 -0.1187
vn -0.6579 -0.6544 -0.3726
vn 0.0696 -0.0260 -0.9972
vn 0.9657 -0.1591 -0.2053
vn 0.0684 -0.9918 0.1077
vn 0.5904 -0.6903 -0.4183
vn -0.8003 -0.5982 0.0411
vn 0.9131 0.3049 -0.2706
vn -0.8365 -0.5338 0.1236
vn -0.9241 -0.3780 0.0572
vn 0.8769 0.4637 -0.1264
vn -0.5088 0.7753 0.3743
vn -0.9527 0.0911 0.2899
vn -0.2622 0.8297 0.4929
vn -0.3988 -0.8691 -0.2925
vn -0.3746 0.9083 0.1859
vn -0.3543 -0.9151 0.1924
vn -0.7030 -0.7094 0.0499
vn -0.6658 0.3400 0.6642
vn -0.8754 -0.3711 0.3097
vn -0.0708 -0.9001 -0.4298
vn 0.6090 0.7284 -0.3140
vn 0.6128 0.0201 -0.7899
vn -0.7765 -0.5802 0.2457
vn -0.7690 0.0212 0.6390
vn 0.9683 0.0481 -0.2452
vn -0.7845 0.5820 0.2140
vn -0.3820 -0.9072 0.1762
vn 0.4237 -0.0510 0.9044
vt 0.000000 0.000000
vt 0.014042 0.000000
vt 0.000528 0.000000
s 1
f 1/1/1 3/1/1 420/1/1
f 2/1/2 424/1/2 421/1/2
f 3/1/3 2/1/3 420/1/3
f 450/1/4 449/1/4 452/1/4
f 438/1/5 5/1/5 431/1/5
f 6/1/6 438/1/6 8/1/6
f 14/1/7 11/1/7 22/1/7
f 46/1/8 45/1/8 47/1/8
f 439/1/9 8/1/9 438/1/9
f 9/1/10 11/1/10 14/1/10
f 52/1/11 15/1/11 20/1/11
f 12/1/12 13/1/12 11/1/12
f 66/1/13 11/1/13 13/1/13
f 16/1/14 15/1/14 19/1/14
f 18/1/15 16/1/15 19/1/15
f 18/1/16 19/1/16 23/1/16
f 22/1/17 11/1/17 66/1/17
f 24/1/18 25/1/18 16/1/18
f 69/1/19 27/1/19 25/1/19
f 21/1/20 27/1/20 73/1/20
f 14/1/21 19/1/21 15/1/21
f 28/1/22 24/1/23 29/1/24
f 24/1/25 26/1/25 25/1/25
f 26/1/26 28/1/26 69/1/26
f 28/1/27 26/1/27 24/1/27
f 25/1/28 21/1/28 20/1/28
f 52/1/29 20/1/29 56/1/29
f 30/1/30 33/1/30 2/1/30
f 47/1/31 45/1/31 15/1/31
f 424/1/32 2/1/32 33/1/32
f 37/1/33 39/1/33 34/1/33
f 33/1/34 32/1/34 424/1/34
f 32/1/35 35/1/35 424/1/35
f 34/1/36 39/1/36 38/1/36
f 37/1/37 42/1/37 39/1/37
f 4/1/38 31/1/38 33/1/38
f 4/1/39 33/1/39 30/1/39
f 31/1/40 32/1/40 33/1/40
f 40/1/41 42/1/41 41/1/41
f 36/1/42 34/1/42 35/1/42
f 43/1/43 41/1/43 42/1/43
f 34/1/44 36/1/44 37/1/44
f 38/1/45 41/1/45 447/1/45
f 464/1/46 468/1/46 36/1/46
f 967/1/47 969/1/47 46/1/47
f 42/1/48 37/1/48 43/1/48
f 468/1/49 43/1/49 37/1/49
f 46/1/50 47/1/50 50/1/50
f 51/1/51 967/1/51 50/1/51
f 46/1/52 10/1/52 9/1/52
f 44/1/53 68/1/53 10/1/53
f 45/1/54 9/1/54 14/1/54
f 50/1/55 47/1/55 49/1/55
f 51/1/56 50/1/56 59/1/56
f 979/1/57 975/1/57 980/1/57
f 980/1/58 53/1/58 55/1/58
f 53/1/59 980/1/59 975/1/59
f 54/1/60 56/1/60 55/1/60
f 48/1/61 59/1/61 49/1/61
f 48/1/62 52/1/62 57/1/62
f 48/1/63 57/1/63 58/1/63
f 58/1/64 57/1/64 54/1/64
f 54/1/65 55/1/65 58/1/65
f 59/1/66 60/1/66 55/1/66
f 60/1/67 58/1/67 55/1/67
f 55/1/68 53/1/68 59/1/68
f 15/1/69 52/1/69 47/1/69
f 450/1/70 474/1/70 430/1/70
f 1021/1/71 1047/1/71 89/1/71
f 71/1/72 64/1/72 63/1/72
f 64/1/73 61/1/74 65/1/75
f 470/1/76 86/1/76 87/1/76
f 67/1/77 68/1/77 109/1/77
f 13/1/78 68/1/78 67/1/78
f 107/1/79 66/1/79 108/1/79
f 109/1/80 108/1/80 67/1/80
f 74/1/81 91/1/81 73/1/81
f 91/1/82 20/1/82 21/1/82
f 22/1/83 66/1/83 61/1/83
f 19/1/84 22/1/84 23/1/84
f 86/1/85 84/1/85 83/1/85
f 23/1/86 22/1/86 61/1/86
f 23/1/87 61/1/87 64/1/87
f 160/1/88 92/1/89 112/1/90
f 27/1/91 69/1/91 73/1/91
f 74/1/92 72/1/92 70/1/92
f 69/1/93 28/1/93 72/1/93
f 69/1/94 72/1/94 73/1/94
f 70/1/95 64/1/95 71/1/95
f 75/1/96 70/1/96 71/1/96
f 78/1/97 76/1/97 63/1/97
f 70/1/98 23/1/98 64/1/98
f 75/1/99 74/1/99 70/1/99
f 77/1/100 76/1/100 79/1/100
f 74/1/101 77/1/101 112/1/101
f 77/1/102 79/1/102 112/1/102
f 80/1/103 82/1/103 81/1/103
f 447/1/104 41/1/104 82/1/104
f 41/1/105 43/1/105 82/1/105
f 81/1/106 84/1/106 80/1/106
f 470/1/107 84/1/107 86/1/107
f 81/1/108 85/1/108 83/1/108
f 66/1/109 107/1/109 95/1/109
f 1047/1/110 1048/1/111 127/1/112
f 82/1/113 85/1/113 81/1/113
f 90/1/114 1021/1/114 89/1/114
f 86/1/115 85/1/115 87/1/115
f 85/1/116 86/1/116 83/1/116
f 52/1/117 48/1/117 47/1/117
f 44/1/118 90/1/118 68/1/118
f 68/1/119 90/1/119 89/1/119
f 68/1/120 89/1/120 109/1/120
f 89/1/121 126/1/121 110/1/121
f 56/1/122 20/1/122 91/1/122
f 91/1/123 74/1/123 92/1/123
f 1051/1/124 1022/1/124 91/1/124
f 97/1/125 96/1/125 98/1/125
f 100/1/126 99/1/126 101/1/126
f 95/1/127 107/1/127 94/1/127
f 94/1/128 107/1/128 93/1/128
f 65/1/129 62/1/129 96/1/129
f 113/1/130 65/1/130 96/1/130
f 96/1/131 114/1/131 113/1/131
f 97/1/132 98/1/132 99/1/132
f 100/1/133 102/1/133 99/1/133
f 99/1/134 98/1/134 101/1/134
f 102/1/135 114/1/135 97/1/135
f 119/1/136 103/1/136 104/1/136
f 109/1/137 133/1/138 132/1/139
f 110/1/140 133/1/140 109/1/140
f 132/1/141 108/1/141 109/1/141
f 1153/1/142 212/1/142 186/1/142
f 156/1/143 178/1/143 177/1/143
f 128/1/144 157/1/144 156/1/144
f 111/1/145 65/1/145 113/1/145
f 92/1/146 74/1/146 112/1/146
f 62/1/147 95/1/147 98/1/147
f 160/1/88 130/1/148 92/1/89
f 83/1/149 84/1/149 81/1/149
f 115/1/150 111/1/150 113/1/150
f 160/1/151 112/1/151 115/1/151
f 115/1/152 113/1/152 117/1/152
f 473/1/153 120/1/153 119/1/153
f 111/1/154 115/1/154 112/1/154
f 131/1/155 1054/1/155 1051/1/155
f 115/1/156 117/1/156 160/1/156
f 116/1/157 102/1/157 100/1/157
f 117/1/158 118/1/158 160/1/158
f 116/1/159 118/1/159 117/1/159
f 129/1/160 127/1/160 1048/1/160
f 100/1/161 118/1/161 116/1/161
f 118/1/162 158/1/162 160/1/162
f 116/1/163 114/1/163 102/1/163
f 127/1/112 126/1/164 1047/1/110
f 119/1/165 104/1/165 492/1/165
f 473/1/166 119/1/166 491/1/166
f 119/1/167 120/1/167 122/1/167
f 103/1/168 119/1/168 122/1/168
f 124/1/169 125/1/169 106/1/169
f 122/1/170 500/1/170 103/1/170
f 120/1/171 123/1/171 122/1/171
f 500/1/172 122/1/172 123/1/172
f 124/1/173 106/1/173 105/1/173
f 1048/1/174 1049/1/174 1050/1/174
f 92/1/175 1051/1/175 91/1/175
f 156/1/176 126/1/176 128/1/176
f 126/1/177 127/1/177 128/1/177
f 165/1/178 127/1/178 129/1/178
f 127/1/179 165/1/179 128/1/179
f 117/1/180 113/1/180 114/1/180
f 1051/1/181 92/1/181 131/1/181
f 93/1/182 134/1/182 94/1/182
f 137/1/183 98/1/183 143/1/183
f 131/1/184 92/1/184 130/1/184
f 94/1/185 143/1/185 95/1/185
f 118/1/186 100/1/186 136/1/186
f 100/1/187 101/1/187 136/1/187
f 141/1/188 148/1/188 138/1/188
f 140/1/189 141/1/189 137/1/189
f 145/1/190 161/1/190 142/1/190
f 142/1/191 141/1/191 144/1/191
f 141/1/192 140/1/192 146/1/192
f 145/1/193 142/1/193 144/1/193
f 136/1/194 101/1/194 147/1/194
f 148/1/195 149/1/195 147/1/195
f 149/1/196 148/1/196 142/1/196
f 101/1/197 138/1/197 147/1/197
f 139/1/198 136/1/198 149/1/198
f 154/1/199 153/1/199 151/1/199
f 144/1/200 141/1/200 146/1/200
f 147/1/201 138/1/201 148/1/201
f 142/1/202 148/1/202 141/1/202
f 139/1/203 149/1/203 142/1/203
f 151/1/204 152/1/204 150/1/204
f 151/1/205 152/1/205 154/1/205
f 152/1/206 153/1/206 155/1/206
f 145/1/207 144/1/207 153/1/207
f 155/1/208 153/1/208 144/1/208
f 155/1/209 154/1/209 152/1/209
f 174/1/210 145/1/210 154/1/210
f 135/1/211 134/1/211 169/1/211
f 156/1/212 157/1/212 178/1/212
f 176/1/213 133/1/213 177/1/213
f 136/1/214 159/1/214 118/1/214
f 161/1/215 163/1/215 159/1/215
f 139/1/216 159/1/216 136/1/216
f 130/1/217 160/1/218 162/1/219
f 188/1/220 160/1/220 158/1/220
f 188/1/221 162/1/219 160/1/218
f 159/1/222 163/1/222 158/1/222
f 106/1/223 125/1/223 164/1/223
f 165/1/224 157/1/224 128/1/224
f 166/1/225 165/1/225 129/1/225
f 157/1/226 167/1/226 178/1/226
f 187/1/227 130/1/227 162/1/227
f 187/1/228 1054/1/228 131/1/228
f 187/1/229 131/1/229 130/1/229
f 1050/1/230 1049/1/230 1092/1/230
f 187/1/231 1128/1/231 1054/1/231
f 169/1/232 189/1/233 168/1/234
f 172/1/235 174/1/235 155/1/235
f 132/1/139 133/1/138 170/1/236
f 176/1/237 196/1/238 170/1/239
f 196/1/240 176/1/240 197/1/240
f 173/1/241 135/1/242 190/1/243
f 135/1/244 169/1/244 168/1/244
f 143/1/245 190/1/246 171/1/247
f 193/1/248 171/1/248 191/1/248
f 154/1/249 155/1/249 174/1/249
f 155/1/250 144/1/250 172/1/250
f 161/1/251 174/1/251 182/1/251
f 182/1/252 174/1/252 172/1/252
f 186/1/253 1090/1/253 1153/1/253
f 183/1/254 182/1/254 209/1/254
f 209/1/255 182/1/255 172/1/255
f 184/1/256 183/1/256 209/1/256
f 176/1/257 177/1/257 179/1/257
f 201/1/258 197/1/258 179/1/258
f 190/1/243 135/1/242 168/1/259
f 163/1/260 181/1/260 158/1/260
f 158/1/261 181/1/261 188/1/261
f 172/1/262 146/1/262 175/1/262
f 183/1/263 161/1/263 182/1/263
f 210/1/264 206/1/264 184/1/264
f 178/1/265 167/1/265 179/1/265
f 167/1/266 1090/1/266 185/1/266
f 1126/1/267 1127/1/267 1090/1/267
f 185/1/268 201/1/268 179/1/268
f 1134/1/269 1136/1/269 1126/1/269
f 185/1/270 180/1/270 201/1/270
f 1128/1/271 187/1/271 1129/1/271
f 162/1/219 188/1/221 211/1/272
f 169/1/273 214/1/273 215/1/273
f 189/1/233 169/1/232 215/1/274
f 191/1/275 192/1/275 218/1/275
f 192/1/276 168/1/276 189/1/276
f 194/1/277 195/1/277 193/1/277
f 220/1/278 195/1/278 194/1/278
f 198/1/279 209/1/279 175/1/279
f 196/1/280 223/1/280 226/1/280
f 197/1/281 223/1/281 196/1/281
f 196/1/282 226/1/282 214/1/282
f 170/1/239 196/1/238 214/1/283
f 192/1/284 191/1/284 171/1/284
f 216/1/285 215/1/285 214/1/285
f 172/1/286 175/1/286 209/1/286
f 199/1/287 195/1/287 228/1/287
f 210/1/288 184/1/288 209/1/288
f 199/1/289 228/1/289 200/1/289
f 200/1/290 198/1/291 199/1/292
f 197/1/293 201/1/293 204/1/293
f 181/1/294 183/1/294 184/1/294
f 183/1/295 163/1/295 161/1/295
f 202/1/296 203/1/296 180/1/296
f 203/1/297 205/1/297 180/1/297
f 225/1/298 214/1/298 226/1/298
f 205/1/299 204/1/299 201/1/299
f 198/1/300 210/1/300 209/1/300
f 206/1/301 207/1/301 181/1/301
f 207/1/302 206/1/302 238/1/302
f 210/1/303 208/1/303 206/1/303
f 237/1/304 208/1/304 210/1/304
f 238/1/305 206/1/305 208/1/305
f 162/1/306 211/1/306 1129/1/306
f 188/1/307 181/1/307 207/1/307
f 211/1/308 188/1/308 207/1/308
f 1129/1/309 1155/1/309 1130/1/309
f 218/1/310 189/1/310 247/1/310
f 1154/1/311 1191/1/312 1192/1/313
f 214/1/314 225/1/314 216/1/314
f 249/1/315 216/1/316 217/1/317
f 249/1/318 247/1/318 216/1/318
f 252/1/319 221/1/319 220/1/319
f 219/1/320 218/1/320 250/1/320
f 219/1/321 252/1/321 220/1/321
f 231/1/322 229/1/322 222/1/322
f 228/1/323 221/1/323 222/1/323
f 218/1/324 248/1/324 250/1/324
f 221/1/325 228/1/325 220/1/325
f 230/1/326 200/1/326 229/1/326
f 230/1/327 229/1/327 231/1/327
f 234/1/328 236/1/328 202/1/328
f 242/1/329 230/1/329 231/1/329
f 223/1/330 204/1/330 224/1/330
f 682/1/331 242/1/331 231/1/331
f 232/1/332 205/1/332 256/1/332
f 233/1/333 260/1/333 256/1/333
f 236/1/334 235/1/334 233/1/334
f 236/1/335 233/1/335 202/1/335
f 233/1/336 256/1/336 205/1/336
f 237/1/337 241/1/337 272/1/337
f 210/1/338 200/1/338 237/1/338
f 239/1/339 238/1/339 266/1/339
f 238/1/340 208/1/341 237/1/342
f 237/1/343 200/1/343 241/1/343
f 237/1/342 266/1/344 238/1/340
f 244/1/345 239/1/345 265/1/345
f 272/1/346 266/1/346 237/1/346
f 240/1/347 234/1/347 262/1/347
f 1155/1/348 211/1/349 243/1/350
f 1155/1/348 243/1/350 244/1/351
f 244/1/352 1187/1/352 1186/1/352
f 264/1/353 262/1/354 1185/1/355
f 1187/1/356 244/1/356 265/1/356
f 1206/1/357 1209/1/357 1242/1/357
f 219/1/358 245/1/358 252/1/358
f 225/1/359 217/1/359 216/1/359
f 246/1/360 249/1/315 217/1/317
f 219/1/361 250/1/361 251/1/361
f 247/1/362 249/1/362 248/1/362
f 246/1/363 248/1/363 249/1/363
f 251/1/364 250/1/364 283/1/364
f 245/1/365 219/1/365 251/1/365
f 253/1/366 221/1/366 254/1/366
f 255/1/367 245/1/368 301/1/369
f 245/1/370 255/1/370 252/1/370
f 665/1/371 254/1/371 284/1/371
f 256/1/372 257/1/372 232/1/372
f 258/1/373 227/1/373 257/1/373
f 257/1/374 259/1/375 258/1/376
f 263/1/377 268/1/378 235/1/379
f 258/1/380 281/1/380 217/1/380
f 270/1/381 682/1/382 656/1/383
f 261/1/384 260/1/384 233/1/384
f 235/1/385 261/1/385 233/1/385
f 265/1/386 239/1/386 266/1/386
f 262/1/387 263/1/388 240/1/389
f 264/1/390 263/1/388 262/1/387
f 266/1/391 273/1/391 267/1/391
f 266/1/392 267/1/392 265/1/392
f 269/1/393 264/1/393 294/1/393
f 269/1/394 290/1/394 268/1/394
f 269/1/395 263/1/395 264/1/395
f 271/1/396 241/1/396 242/1/396
f 213/1/397 1156/1/397 234/1/397
f 656/1/383 682/1/382 680/1/398
f 271/1/399 242/1/399 270/1/399
f 274/1/400 270/1/400 656/1/400
f 274/1/401 271/1/401 270/1/401
f 702/1/402 274/1/402 656/1/402
f 273/1/403 266/1/403 272/1/403
f 271/1/404 273/1/404 272/1/404
f 276/1/405 267/1/405 273/1/405
f 275/1/406 276/1/406 274/1/406
f 703/1/407 275/1/407 274/1/407
f 1187/1/408 265/1/408 277/1/408
f 279/1/409 1215/1/409 277/1/409
f 265/1/410 267/1/410 277/1/410
f 1221/1/411 1215/1/411 279/1/411
f 278/1/412 277/1/412 267/1/412
f 308/1/413 306/1/413 309/1/413
f 1545/1/414 1546/1/414 1521/1/414
f 1657/1/415 1220/1/415 708/1/415
f 709/1/416 708/1/416 275/1/416
f 246/1/417 281/1/417 280/1/417
f 280/1/418 282/1/419 246/1/420
f 282/1/419 280/1/418 298/1/421
f 285/1/422 665/1/422 284/1/422
f 258/1/423 304/1/423 281/1/423
f 286/1/424 302/1/424 287/1/424
f 259/1/375 305/1/425 258/1/376
f 259/1/426 260/1/426 288/1/426
f 261/1/427 268/1/427 292/1/427
f 257/1/428 260/1/428 259/1/428
f 304/1/429 258/1/429 305/1/429
f 288/1/430 260/1/430 289/1/430
f 288/1/431 289/1/431 306/1/431
f 260/1/432 261/1/432 289/1/432
f 268/1/433 290/1/433 292/1/433
f 292/1/434 289/1/434 261/1/434
f 292/1/435 311/1/435 289/1/435
f 291/1/436 290/1/436 269/1/436
f 292/1/437 291/1/437 293/1/437
f 290/1/438 291/1/438 292/1/438
f 295/1/439 269/1/440 294/1/441
f 296/1/442 295/1/442 1256/1/442
f 269/1/443 295/1/443 291/1/443
f 1734/1/444 774/1/444 296/1/444
f 303/1/445 302/1/445 301/1/445
f 1256/1/446 1255/1/446 1260/1/446
f 295/1/447 296/1/447 291/1/447
f 319/1/448 299/1/448 297/1/448
f 331/1/449 308/1/449 309/1/449
f 1257/1/450 1256/1/450 1260/1/450
f 293/1/451 296/1/451 313/1/451
f 304/1/452 297/1/452 280/1/452
f 299/1/453 280/1/453 297/1/453
f 302/1/454 286/1/454 301/1/454
f 303/1/455 301/1/455 283/1/455
f 298/1/456 280/1/456 299/1/456
f 298/1/457 299/1/457 300/1/457
f 299/1/458 319/1/458 300/1/458
f 322/1/459 287/1/459 302/1/459
f 280/1/460 281/1/460 304/1/460
f 305/1/461 288/1/461 306/1/461
f 305/1/462 307/1/462 304/1/462
f 310/1/463 331/1/463 309/1/463
f 306/1/464 307/1/464 305/1/464
f 329/1/465 297/1/465 307/1/465
f 307/1/466 308/1/467 328/1/468
f 320/1/469 317/1/469 318/1/469
f 309/1/470 306/1/470 289/1/470
f 367/1/471 308/1/471 331/1/471
f 798/1/472 333/1/472 312/1/472
f 293/1/473 311/1/473 292/1/473
f 313/1/474 312/1/474 293/1/474
f 310/1/475 312/1/475 333/1/475
f 338/1/476 360/1/476 314/1/476
f 320/1/477 315/1/477 334/1/477
f 320/1/478 314/1/478 326/1/478
f 338/1/479 314/1/479 339/1/479
f 339/1/480 320/1/480 334/1/480
f 314/1/481 320/1/481 339/1/481
f 321/1/482 329/1/482 316/1/482
f 323/1/483 318/1/483 317/1/483
f 323/1/484 300/1/484 318/1/484
f 326/1/485 317/1/485 320/1/485
f 318/1/486 315/1/486 320/1/486
f 325/1/487 322/1/488 303/1/489
f 325/1/490 303/1/490 324/1/490
f 321/1/491 319/1/491 329/1/491
f 326/1/492 359/1/492 324/1/492
f 326/1/493 323/1/493 317/1/493
f 327/1/494 325/1/494 324/1/494
f 329/1/495 319/1/495 297/1/495
f 328/1/496 330/1/496 329/1/496
f 330/1/497 349/1/497 316/1/497
f 361/1/498 359/1/498 360/1/498
f 330/1/499 362/1/499 349/1/499
f 330/1/500 316/1/500 329/1/500
f 366/1/501 308/1/501 367/1/501
f 363/1/502 328/1/502 366/1/502
f 366/1/503 328/1/468 308/1/467
f 370/1/504 367/1/504 331/1/504
f 804/1/505 845/1/505 798/1/505
f 310/1/506 333/1/506 332/1/506
f 336/1/507 334/1/507 348/1/507
f 336/1/508 335/1/508 334/1/508
f 335/1/509 336/1/509 337/1/509
f 338/1/510 339/1/510 340/1/510
f 813/1/511 327/1/511 345/1/511
f 338/1/512 342/1/512 341/1/512
f 861/1/513 884/1/513 883/1/513
f 348/1/514 379/1/514 336/1/514
f 856/1/515 345/1/515 377/1/515
f 334/1/516 315/1/516 348/1/516
f 349/1/517 350/1/517 378/1/517
f 379/1/518 372/1/518 336/1/518
f 341/1/519 355/1/519 361/1/519
f 389/1/520 358/1/520 364/1/520
f 353/1/521 356/1/521 354/1/521
f 355/1/522 352/1/522 361/1/522
f 353/1/523 354/1/523 352/1/523
f 351/1/524 356/1/524 350/1/524
f 351/1/525 354/1/525 356/1/525
f 352/1/526 355/1/526 353/1/526
f 358/1/527 392/1/527 385/1/527
f 344/1/528 361/1/528 357/1/528
f 383/1/529 356/1/529 353/1/529
f 358/1/530 357/1/530 352/1/530
f 328/1/531 329/1/531 307/1/531
f 359/1/532 361/1/532 344/1/532
f 359/1/533 343/1/533 327/1/533
f 343/1/534 359/1/534 344/1/534
f 362/1/535 330/1/535 363/1/535
f 362/1/536 364/1/536 351/1/536
f 358/1/537 352/1/537 364/1/537
f 364/1/538 354/1/538 351/1/538
f 364/1/539 352/1/539 354/1/539
f 362/1/540 389/1/540 364/1/540
f 365/1/541 362/1/541 363/1/541
f 389/1/542 362/1/542 365/1/542
f 367/1/543 393/1/543 366/1/543
f 375/1/544 374/1/544 401/1/544
f 368/1/545 332/1/545 333/1/545
f 369/1/546 368/1/546 798/1/546
f 368/1/547 333/1/547 798/1/547
f 369/1/548 370/1/548 368/1/548
f 371/1/549 400/1/549 401/1/549
f 845/1/550 369/1/550 798/1/550
f 379/1/551 380/1/551 372/1/551
f 403/1/552 372/1/552 380/1/552
f 371/1/553 374/1/553 337/1/553
f 384/1/554 347/1/554 344/1/554
f 377/1/555 376/1/555 856/1/555
f 381/1/556 375/1/556 373/1/556
f 402/1/557 404/1/557 382/1/557
f 408/1/558 377/1/558 347/1/558
f 345/1/559 346/1/559 377/1/559
f 377/1/560 346/1/560 347/1/560
f 378/1/561 380/1/561 379/1/561
f 357/1/562 385/1/563 384/1/564
f 350/1/565 349/1/565 351/1/565
f 350/1/566 380/1/566 378/1/566
f 381/1/567 350/1/567 383/1/567
f 371/1/568 401/1/568 374/1/568
f 380/1/569 381/1/569 382/1/569
f 350/1/570 381/1/570 380/1/570
f 384/1/564 385/1/563 409/1/571
f 375/1/572 381/1/572 383/1/572
f 375/1/573 342/1/573 374/1/573
f 384/1/574 344/1/574 357/1/574
f 384/1/575 409/1/575 1952/1/575
f 397/1/576 398/1/576 391/1/576
f 385/1/577 386/1/577 409/1/577
f 388/1/578 390/1/578 387/1/578
f 363/1/579 393/1/579 365/1/579
f 389/1/580 392/1/580 358/1/580
f 397/1/581 365/1/581 393/1/581
f 391/1/582 389/1/582 365/1/582
f 398/1/583 936/1/583 391/1/583
f 393/1/584 367/1/584 394/1/584
f 370/1/585 394/1/585 367/1/585
f 374/1/586 340/1/586 337/1/586
f 396/1/587 370/1/587 395/1/587
f 396/1/588 395/1/588 838/1/588
f 397/1/589 396/1/589 398/1/589
f 398/1/590 396/1/590 895/1/590
f 373/1/591 375/1/591 401/1/591
f 862/1/592 415/1/592 388/1/592
f 410/1/593 399/1/593 376/1/593
f 380/1/594 382/1/594 403/1/594
f 374/1/595 342/1/595 340/1/595
f 407/1/596 401/1/596 400/1/596
f 403/1/597 404/1/597 406/1/597
f 402/1/598 401/1/598 407/1/598
f 404/1/599 402/1/599 405/1/599
f 1950/1/600 1948/1/600 407/1/600
f 347/1/601 384/1/601 408/1/601
f 922/1/602 856/1/602 376/1/602
f 408/1/603 410/1/603 377/1/603
f 925/1/604 376/1/605 399/1/606
f 408/1/607 1952/1/607 1945/1/607
f 399/1/606 1957/1/608 925/1/604
f 390/1/609 388/1/609 386/1/609
f 386/1/610 385/1/610 390/1/610
f 388/1/611 415/1/611 414/1/611
f 413/1/612 412/1/612 409/1/612
f 413/1/613 414/1/613 1955/1/613
f 415/1/614 1955/1/614 414/1/614
f 1956/1/615 412/1/615 413/1/615
f 1393/1/616 432/1/616 442/1/616
f 415/1/617 411/1/617 1955/1/617
f 450/1/618 430/1/618 419/1/618
f 416/1/619 422/1/619 419/1/619
f 418/1/620 416/1/620 417/1/620
f 420/1/621 421/1/621 416/1/621
f 450/1/622 419/1/622 422/1/622
f 30/1/623 2/1/623 3/1/623
f 430/1/624 429/1/624 419/1/624
f 432/1/625 416/1/625 425/1/625
f 416/1/626 419/1/626 425/1/626
f 425/1/627 427/1/627 426/1/627
f 425/1/628 419/1/628 428/1/628
f 454/1/629 453/1/629 429/1/629
f 453/1/630 427/1/631 428/1/632
f 426/1/633 427/1/633 457/1/633
f 431/1/634 434/1/634 418/1/634
f 433/1/635 1404/1/635 1394/1/635
f 438/1/636 431/1/636 435/1/636
f 423/1/637 434/1/637 437/1/637
f 422/1/638 416/1/638 421/1/638
f 435/1/639 436/1/639 438/1/639
f 1411/1/640 1399/1/640 1394/1/640
f 438/1/641 6/1/641 5/1/641
f 433/1/642 435/1/642 431/1/642
f 441/1/643 442/1/643 432/1/643
f 436/1/644 440/1/644 439/1/644
f 423/1/645 462/1/645 1/1/645
f 440/1/646 463/1/646 439/1/646
f 443/1/647 444/1/647 1407/1/647
f 426/1/648 441/1/648 425/1/648
f 449/1/649 422/1/649 451/1/649
f 1407/1/650 442/1/650 443/1/650
f 446/1/651 1407/1/651 444/1/651
f 444/1/652 443/1/652 426/1/652
f 457/1/653 444/1/653 426/1/653
f 465/1/654 446/1/654 445/1/654
f 468/1/655 464/1/655 469/1/655
f 431/1/656 418/1/656 417/1/656
f 1450/1/657 489/1/658 1479/1/659
f 1410/1/660 446/1/660 465/1/660
f 450/1/661 422/1/661 449/1/661
f 451/1/662 421/1/662 424/1/662
f 35/1/663 38/1/663 424/1/663
f 35/1/664 34/1/664 38/1/664
f 455/1/665 450/1/665 452/1/665
f 449/1/666 451/1/666 447/1/666
f 428/1/667 429/1/667 453/1/667
f 430/1/668 474/1/668 454/1/668
f 456/1/669 461/1/669 454/1/669
f 480/1/670 461/1/670 475/1/670
f 474/1/671 450/1/671 455/1/671
f 457/1/672 460/1/672 459/1/672
f 4/1/673 1/1/673 462/1/673
f 1450/1/674 1428/1/674 1429/1/674
f 461/1/675 460/1/675 453/1/675
f 458/1/676 457/1/676 459/1/676
f 457/1/677 453/1/677 460/1/677
f 483/1/678 459/1/678 460/1/678
f 490/1/679 448/1/679 466/1/679
f 437/1/680 463/1/680 462/1/680
f 463/1/681 464/1/681 462/1/681
f 487/1/682 463/1/682 1402/1/682
f 489/1/683 1450/1/683 1429/1/683
f 1430/1/684 1018/1/684 1013/1/684
f 489/1/685 465/1/685 458/1/685
f 445/1/686 457/1/686 458/1/686
f 465/1/687 445/1/687 458/1/687
f 1410/1/688 1429/1/688 1428/1/688
f 84/1/689 470/1/689 80/1/689
f 448/1/690 447/1/690 466/1/690
f 471/1/691 473/1/691 491/1/691
f 492/1/692 466/1/692 491/1/692
f 467/1/693 448/1/694 490/1/695
f 497/1/696 498/1/696 490/1/696
f 452/1/697 448/1/697 476/1/697
f 476/1/698 448/1/698 467/1/698
f 447/1/699 82/1/699 80/1/699
f 468/1/700 82/1/700 43/1/700
f 468/1/701 469/1/701 82/1/701
f 88/1/702 85/1/702 469/1/702
f 471/1/703 470/1/703 87/1/703
f 472/1/704 121/1/704 473/1/704
f 471/1/705 88/1/705 472/1/705
f 472/1/706 473/1/706 471/1/706
f 456/1/707 474/1/708 475/1/709
f 477/1/710 474/1/710 478/1/710
f 478/1/711 476/1/711 481/1/711
f 477/1/712 478/1/712 479/1/712
f 480/1/713 475/1/713 479/1/713
f 475/1/714 477/1/714 479/1/714
f 477/1/715 475/1/715 474/1/715
f 482/1/716 478/1/716 481/1/716
f 481/1/717 476/1/717 467/1/717
f 482/1/718 467/1/718 495/1/718
f 489/1/719 458/1/719 506/1/719
f 486/1/720 480/1/720 484/1/720
f 484/1/721 480/1/721 479/1/721
f 484/1/722 482/1/722 486/1/722
f 485/1/723 506/1/724 483/1/725
f 460/1/726 480/1/726 486/1/726
f 507/1/727 489/1/727 506/1/727
f 510/1/728 509/1/728 488/1/728
f 509/1/729 88/1/729 469/1/729
f 487/1/730 1447/1/730 488/1/730
f 488/1/731 1447/1/732 510/1/733
f 88/1/734 509/1/734 512/1/734
f 492/1/735 493/1/735 466/1/735
f 495/1/736 485/1/736 486/1/736
f 1469/1/737 1472/1/738 1445/1/739
f 1482/1/740 1483/1/740 1501/1/740
f 493/1/741 490/1/741 466/1/741
f 1492/1/742 1493/1/742 1477/1/742
f 507/1/743 506/1/743 505/1/743
f 532/1/744 498/1/744 522/1/744
f 496/1/745 493/1/745 515/1/745
f 103/1/746 501/1/746 104/1/746
f 497/1/747 490/1/747 496/1/747
f 516/1/748 493/1/748 501/1/748
f 524/1/749 515/1/749 518/1/749
f 496/1/750 522/1/750 497/1/750
f 499/1/751 495/1/752 498/1/753
f 533/1/754 499/1/754 498/1/754
f 503/1/755 121/1/755 472/1/755
f 474/1/756 476/1/756 478/1/756
f 88/1/757 503/1/757 472/1/757
f 502/1/758 500/1/758 503/1/758
f 1502/1/759 550/1/759 510/1/759
f 503/1/760 123/1/760 121/1/760
f 501/1/761 500/1/761 502/1/761
f 539/1/762 503/1/762 512/1/762
f 123/1/763 503/1/763 500/1/763
f 503/1/764 539/1/764 504/1/764
f 502/1/765 494/1/765 501/1/765
f 125/1/766 124/1/766 494/1/766
f 485/1/767 495/1/767 499/1/767
f 499/1/768 505/1/768 485/1/768
f 547/1/769 508/1/770 505/1/771
f 505/1/772 499/1/772 547/1/772
f 507/1/773 505/1/771 508/1/770
f 511/1/774 1502/1/774 510/1/774
f 511/1/775 1448/1/775 1478/1/775
f 512/1/776 509/1/776 510/1/776
f 510/1/777 513/1/777 512/1/777
f 1479/1/778 489/1/778 507/1/778
f 513/1/779 510/1/779 550/1/779
f 1480/1/780 1479/1/780 507/1/780
f 512/1/781 513/1/781 539/1/781
f 516/1/782 515/1/782 493/1/782
f 514/1/783 1480/1/783 507/1/783
f 514/1/784 1504/1/784 1480/1/784
f 494/1/785 105/1/785 516/1/785
f 517/1/786 518/1/786 516/1/786
f 518/1/787 515/1/787 516/1/787
f 164/1/788 517/1/788 106/1/788
f 521/1/789 518/1/789 517/1/789
f 520/1/790 524/1/790 518/1/790
f 496/1/791 524/1/791 522/1/791
f 520/1/792 518/1/792 519/1/792
f 536/1/793 531/1/793 533/1/793
f 525/1/794 532/1/794 522/1/794
f 528/1/795 522/1/795 527/1/795
f 525/1/796 522/1/796 528/1/796
f 520/1/797 527/1/797 524/1/797
f 535/1/798 536/1/798 533/1/798
f 523/1/799 526/1/799 540/1/799
f 530/1/800 529/1/800 528/1/800
f 526/1/801 529/1/801 541/1/801
f 496/1/802 515/1/802 524/1/802
f 570/1/803 568/1/803 567/1/803
f 524/1/804 527/1/804 522/1/804
f 533/1/805 532/1/805 534/1/805
f 535/1/806 543/1/806 536/1/806
f 535/1/807 533/1/807 534/1/807
f 568/1/808 531/1/808 567/1/808
f 568/1/809 537/1/809 531/1/809
f 577/1/810 548/1/810 537/1/810
f 164/1/811 125/1/811 504/1/811
f 539/1/812 538/1/812 504/1/812
f 504/1/813 517/1/813 164/1/813
f 521/1/814 517/1/814 538/1/814
f 551/1/815 539/1/815 513/1/815
f 529/1/816 525/1/816 528/1/816
f 526/1/817 541/1/817 540/1/817
f 547/1/818 1504/1/818 508/1/818
f 544/1/819 545/1/819 534/1/819
f 542/1/820 544/1/820 540/1/820
f 546/1/821 545/1/821 544/1/821
f 544/1/822 542/1/822 546/1/822
f 547/1/823 549/1/823 1504/1/823
f 547/1/824 537/1/824 548/1/824
f 517/1/825 504/1/825 538/1/825
f 551/1/826 513/1/826 550/1/826
f 1503/1/827 1500/1/827 1501/1/827
f 1504/1/828 552/1/828 1505/1/828
f 552/1/829 1539/1/829 1505/1/829
f 549/1/830 589/1/830 552/1/830
f 527/1/831 520/1/831 553/1/831
f 553/1/832 591/1/832 592/1/832
f 527/1/833 555/1/833 554/1/833
f 564/1/834 556/1/834 593/1/834
f 557/1/835 556/1/835 555/1/835
f 553/1/836 558/1/836 591/1/836
f 584/1/837 529/1/837 530/1/837
f 555/1/838 553/1/838 557/1/838
f 528/1/839 554/1/839 560/1/839
f 530/1/840 528/1/840 560/1/840
f 528/1/841 527/1/841 554/1/841
f 561/1/842 554/1/842 556/1/842
f 562/1/843 585/1/843 563/1/843
f 567/1/844 562/1/844 563/1/844
f 567/1/845 536/1/845 562/1/845
f 530/1/846 560/1/846 561/1/846
f 561/1/847 569/1/847 563/1/847
f 585/1/848 530/1/848 561/1/848
f 574/1/849 570/1/849 573/1/849
f 569/1/850 561/1/850 564/1/850
f 565/1/851 571/1/851 569/1/851
f 579/1/852 549/1/852 548/1/852
f 570/1/853 569/1/853 571/1/853
f 574/1/854 573/1/854 575/1/854
f 577/1/855 568/1/856 578/1/857
f 579/1/858 577/1/858 578/1/858
f 579/1/859 578/1/859 580/1/859
f 581/1/860 579/1/860 580/1/860
f 583/1/861 611/1/861 612/1/861
f 542/1/862 541/1/862 584/1/862
f 540/1/863 534/1/863 523/1/863
f 561/1/864 556/1/864 564/1/864
f 546/1/865 585/1/865 562/1/865
f 561/1/866 560/1/866 554/1/866
f 546/1/867 584/1/867 585/1/867
f 589/1/868 579/1/868 581/1/868
f 587/1/869 550/1/869 1536/1/869
f 588/1/870 1536/1/870 1537/1/870
f 1576/1/871 1616/1/871 663/1/871
f 653/1/872 612/1/872 586/1/872
f 1576/1/873 588/1/873 1537/1/873
f 621/1/874 588/1/874 1576/1/874
f 589/1/875 549/1/875 579/1/875
f 555/1/876 527/1/876 553/1/876
f 552/1/877 589/1/877 1539/1/877
f 1539/1/878 590/1/878 1540/1/878
f 594/1/879 557/1/879 553/1/879
f 602/1/880 599/1/880 598/1/880
f 593/1/881 556/1/881 557/1/881
f 558/1/882 597/1/882 591/1/882
f 595/1/883 593/1/883 557/1/883
f 596/1/884 598/1/884 593/1/884
f 591/1/885 597/1/885 592/1/885
f 597/1/886 558/1/886 559/1/886
f 616/1/887 576/1/887 572/1/887
f 597/1/888 559/1/888 632/1/888
f 599/1/889 564/1/889 598/1/889
f 659/1/890 639/1/890 635/1/890
f 614/1/891 602/1/892 639/1/893
f 598/1/894 637/1/895 635/1/896
f 565/1/897 564/1/897 599/1/897
f 600/1/898 599/1/898 602/1/898
f 565/1/899 600/1/899 613/1/899
f 599/1/900 600/1/900 565/1/900
f 657/1/901 639/1/901 659/1/901
f 606/1/902 605/1/902 575/1/902
f 580/1/903 578/1/903 603/1/903
f 605/1/904 610/1/904 574/1/904
f 603/1/905 574/1/905 610/1/905
f 574/1/906 575/1/906 605/1/906
f 612/1/907 559/1/907 583/1/907
f 580/1/908 603/1/908 604/1/908
f 581/1/909 580/1/909 604/1/909
f 605/1/910 606/1/910 607/1/910
f 607/1/911 609/1/911 605/1/911
f 583/1/912 582/1/912 611/1/912
f 612/1/913 632/1/913 559/1/913
f 613/1/914 601/1/914 572/1/914
f 632/1/915 612/1/915 654/1/915
f 653/1/916 701/1/916 654/1/916
f 618/1/917 601/1/917 614/1/917
f 601/1/918 602/1/892 614/1/891
f 662/1/919 619/1/919 616/1/919
f 657/1/920 615/1/920 618/1/920
f 657/1/921 658/1/921 615/1/921
f 619/1/922 607/1/922 606/1/922
f 651/1/923 706/1/923 710/1/923
f 649/1/924 620/1/924 581/1/924
f 1717/1/925 1720/1/925 1770/1/925
f 586/1/926 621/1/926 653/1/926
f 663/1/927 653/1/927 621/1/927
f 657/1/928 614/1/928 639/1/928
f 649/1/929 651/1/929 620/1/929
f 1621/1/930 1584/1/930 1590/1/930
f 622/1/931 667/1/931 712/1/931
f 622/1/932 594/1/932 667/1/932
f 593/1/933 598/1/933 564/1/933
f 667/1/934 592/1/934 633/1/934
f 594/1/935 592/1/935 667/1/935
f 622/1/936 623/1/936 557/1/936
f 596/1/937 595/1/937 623/1/937
f 637/1/895 598/1/894 596/1/938
f 623/1/939 595/1/939 557/1/939
f 628/1/940 629/1/940 644/1/940
f 624/1/941 623/1/941 622/1/941
f 624/1/942 625/1/942 623/1/942
f 627/1/943 636/1/943 626/1/943
f 627/1/944 640/1/944 636/1/944
f 669/1/945 626/1/945 625/1/945
f 676/1/946 648/1/946 630/1/946
f 664/1/947 633/1/947 683/1/947
f 631/1/948 633/1/948 592/1/948
f 683/1/949 633/1/949 634/1/949
f 664/1/950 683/1/950 685/1/950
f 659/1/951 635/1/951 638/1/951
f 638/1/952 635/1/952 637/1/952
f 638/1/953 637/1/953 636/1/953
f 668/1/954 669/1/954 672/1/954
f 640/1/955 641/1/955 638/1/955
f 641/1/956 646/1/956 647/1/956
f 643/1/957 642/1/957 644/1/957
f 645/1/958 647/1/958 642/1/958
f 674/1/959 629/1/959 626/1/959
f 646/1/960 644/1/960 647/1/960
f 638/1/961 636/1/961 640/1/961
f 661/1/962 641/1/962 647/1/962
f 645/1/963 661/1/963 647/1/963
f 641/1/964 640/1/964 627/1/964
f 609/1/965 648/1/965 610/1/965
f 609/1/966 643/1/966 648/1/966
f 642/1/967 643/1/967 609/1/967
f 642/1/968 607/1/968 619/1/968
f 608/1/969 648/1/970 650/1/971
f 676/1/972 650/1/971 648/1/970
f 632/1/973 634/1/973 631/1/973
f 649/1/974 604/1/974 650/1/974
f 581/1/975 604/1/975 649/1/975
f 649/1/976 650/1/976 652/1/976
f 649/1/977 652/1/977 651/1/977
f 1657/1/978 1616/1/979 1656/1/980
f 655/1/981 634/1/981 654/1/981
f 634/1/982 655/1/982 656/1/982
f 656/1/983 680/1/983 634/1/983
f 658/1/984 657/1/984 659/1/984
f 658/1/985 659/1/985 660/1/985
f 620/1/986 589/1/986 581/1/986
f 662/1/987 658/1/987 661/1/987
f 642/1/988 619/1/988 645/1/988
f 619/1/989 662/1/989 645/1/989
f 629/1/990 643/1/990 644/1/990
f 658/1/991 660/1/991 661/1/991
f 651/1/992 1578/1/992 620/1/992
f 1657/1/993 707/1/993 1616/1/993
f 622/1/994 557/1/994 594/1/994
f 691/1/995 690/1/995 675/1/995
f 622/1/996 716/1/996 624/1/996
f 684/1/997 222/1/997 253/1/997
f 253/1/998 254/1/998 665/1/998
f 684/1/999 253/1/999 685/1/999
f 644/1/1000 646/1/1000 628/1/1000
f 624/1/1001 716/1/1001 671/1/1001
f 664/1/1002 712/1/1002 667/1/1002
f 669/1/1003 671/1/1003 672/1/1003
f 624/1/1004 669/1/1004 625/1/1004
f 670/1/1005 691/1/1005 674/1/1005
f 669/1/1006 668/1/1006 626/1/1006
f 669/1/1007 624/1/1007 671/1/1007
f 668/1/1008 672/1/1008 673/1/1008
f 672/1/1009 671/1/1009 717/1/1009
f 717/1/1010 718/1/1010 672/1/1010
f 629/1/1011 675/1/1011 630/1/1011
f 699/1/1012 679/1/1012 734/1/1012
f 700/1/1013 652/1/1013 699/1/1013
f 664/1/1014 667/1/1014 633/1/1014
f 676/1/1015 630/1/1015 679/1/1015
f 681/1/1016 684/1/1016 682/1/1016
f 683/1/1017 634/1/1017 680/1/1017
f 636/1/1018 637/1/1018 596/1/1018
f 680/1/1019 682/1/1019 683/1/1019
f 681/1/1020 222/1/1020 684/1/1020
f 685/1/1021 683/1/1021 684/1/1021
f 691/1/1022 692/1/1022 690/1/1022
f 686/1/1023 688/1/1023 689/1/1023
f 693/1/1024 686/1/1024 687/1/1024
f 688/1/1025 686/1/1025 673/1/1025
f 688/1/1026 673/1/1026 718/1/1026
f 690/1/1027 677/1/1027 675/1/1027
f 692/1/1028 691/1/1028 693/1/1028
f 679/1/1029 699/1/1029 676/1/1029
f 704/1/1030 697/1/1030 692/1/1030
f 695/1/1031 690/1/1031 697/1/1031
f 695/1/1032 697/1/1032 696/1/1032
f 723/1/1033 734/1/1033 678/1/1033
f 702/1/1034 707/1/1034 709/1/1034
f 706/1/1035 651/1/1035 735/1/1035
f 735/1/1036 700/1/1036 736/1/1036
f 694/1/1037 704/1/1037 693/1/1037
f 705/1/1038 698/1/1038 696/1/1038
f 694/1/1039 705/1/1039 704/1/1039
f 703/1/1040 702/1/1040 709/1/1040
f 706/1/1041 711/1/1041 1699/1/1041
f 701/1/1042 702/1/1042 656/1/1042
f 1657/1/1043 709/1/1043 707/1/1043
f 709/1/1044 275/1/1044 703/1/1044
f 708/1/1045 709/1/1045 1657/1/1045
f 685/1/1046 253/1/1046 665/1/1046
f 710/1/1047 1699/1/1047 1661/1/1047
f 745/1/1048 786/1/1048 754/1/1048
f 1700/1/1049 1664/1/1049 1701/1/1049
f 664/1/1050 685/1/1050 713/1/1050
f 713/1/1051 685/1/1051 666/1/1051
f 714/1/1052 665/1/1053 285/1/1054
f 713/1/1055 666/1/1055 714/1/1055
f 713/1/1056 714/1/1056 742/1/1056
f 715/1/1057 713/1/1057 742/1/1057
f 715/1/1058 716/1/1058 712/1/1058
f 748/1/1059 720/1/1059 671/1/1059
f 719/1/1060 717/1/1060 721/1/1060
f 719/1/1061 718/1/1061 717/1/1061
f 721/1/1062 717/1/1062 720/1/1062
f 727/1/1063 760/1/1063 725/1/1063
f 725/1/1064 689/1/1064 688/1/1064
f 723/1/1065 678/1/1065 722/1/1065
f 688/1/1066 718/1/1066 719/1/1066
f 725/1/1067 688/1/1067 719/1/1067
f 725/1/1068 726/1/1068 689/1/1068
f 726/1/1069 724/1/1069 689/1/1069
f 726/1/1070 737/1/1070 724/1/1070
f 757/1/1071 723/1/1071 756/1/1071
f 763/1/1072 725/1/1072 760/1/1072
f 726/1/1073 725/1/1073 728/1/1073
f 746/1/1074 760/1/1074 727/1/1074
f 730/1/1075 678/1/1075 729/1/1075
f 731/1/1076 733/1/1076 730/1/1076
f 732/1/1077 733/1/1077 731/1/1077
f 730/1/1078 733/1/1078 722/1/1078
f 733/1/1079 752/1/1079 722/1/1079
f 729/1/1080 678/1/1080 677/1/1080
f 773/1/1081 735/1/1081 736/1/1081
f 723/1/1082 757/1/1082 769/1/1082
f 705/1/1083 697/1/1083 704/1/1083
f 770/1/1084 738/1/1084 737/1/1084
f 770/1/1085 737/1/1085 726/1/1085
f 705/1/1086 739/1/1086 698/1/1086
f 678/1/1087 730/1/1087 722/1/1087
f 732/1/1088 739/1/1088 771/1/1088
f 706/1/1089 735/1/1089 711/1/1089
f 724/1/1090 737/1/1090 694/1/1090
f 775/1/1091 1734/1/1091 1736/1/1091
f 735/1/1092 773/1/1092 711/1/1092
f 714/1/1093 666/1/1093 665/1/1093
f 711/1/1094 777/1/1094 1699/1/1094
f 751/1/1095 753/1/1095 755/1/1095
f 741/1/1096 285/1/1096 287/1/1096
f 285/1/1097 286/1/1097 287/1/1097
f 714/1/1052 285/1/1054 741/1/1098
f 748/1/1099 716/1/1100 744/1/1101
f 743/1/1102 742/1/1102 741/1/1102
f 740/1/1103 781/1/1103 743/1/1103
f 743/1/1104 715/1/1104 742/1/1104
f 743/1/1105 741/1/1105 740/1/1105
f 717/1/1106 671/1/1106 720/1/1106
f 746/1/1107 747/1/1107 761/1/1107
f 749/1/1108 748/1/1108 744/1/1108
f 743/1/1109 744/1/1109 715/1/1109
f 721/1/1110 720/1/1110 745/1/1110
f 745/1/1111 720/1/1111 750/1/1111
f 786/1/1112 750/1/1112 749/1/1112
f 747/1/1113 751/1/1113 752/1/1113
f 720/1/1114 748/1/1114 750/1/1114
f 755/1/1115 753/1/1115 756/1/1115
f 832/1/1116 759/1/1116 789/1/1116
f 752/1/1117 755/1/1117 756/1/1117
f 757/1/1118 756/1/1118 753/1/1118
f 723/1/1119 722/1/1119 756/1/1119
f 768/1/1120 795/1/1120 736/1/1120
f 767/1/1121 762/1/1121 765/1/1121
f 765/1/1122 762/1/1122 761/1/1122
f 745/1/1123 754/1/1123 751/1/1123
f 764/1/1124 752/1/1124 733/1/1124
f 766/1/1125 764/1/1125 771/1/1125
f 770/1/1126 728/1/1126 767/1/1126
f 764/1/1127 765/1/1127 761/1/1127
f 765/1/1128 764/1/1128 766/1/1128
f 767/1/1129 766/1/1129 771/1/1129
f 762/1/1130 746/1/1130 761/1/1130
f 765/1/1131 766/1/1131 767/1/1131
f 736/1/1132 769/1/1132 768/1/1132
f 695/1/1133 729/1/1133 677/1/1133
f 772/1/1134 736/1/1134 795/1/1134
f 770/1/1135 767/1/1135 771/1/1135
f 711/1/1136 773/1/1136 776/1/1136
f 794/1/1137 795/1/1137 768/1/1137
f 770/1/1138 726/1/1138 728/1/1138
f 738/1/1139 771/1/1139 739/1/1139
f 778/1/1140 776/1/1141 799/1/1142
f 776/1/1143 772/1/1143 799/1/1143
f 296/1/1144 774/1/1144 313/1/1144
f 775/1/1145 774/1/1145 1734/1/1145
f 803/1/1146 312/1/1146 313/1/1146
f 782/1/1147 784/1/1147 744/1/1147
f 780/1/1148 322/1/1148 811/1/1148
f 780/1/1149 779/1/1149 740/1/1149
f 779/1/1150 781/1/1150 740/1/1150
f 812/1/1151 780/1/1151 814/1/1151
f 327/1/1152 811/1/1152 325/1/1152
f 784/1/1153 749/1/1153 744/1/1153
f 783/1/1154 782/1/1154 781/1/1154
f 819/1/1155 824/1/1155 784/1/1155
f 783/1/1156 819/1/1156 782/1/1156
f 781/1/1157 779/1/1157 817/1/1157
f 818/1/1158 783/1/1158 817/1/1158
f 817/1/1159 779/1/1159 812/1/1159
f 784/1/1160 782/1/1160 819/1/1160
f 787/1/1161 786/1/1161 825/1/1161
f 752/1/1162 761/1/1162 747/1/1162
f 785/1/1163 825/1/1163 786/1/1163
f 787/1/1164 788/1/1164 786/1/1164
f 788/1/1165 789/1/1166 758/1/1167
f 758/1/1168 754/1/1168 788/1/1168
f 832/1/1169 789/1/1169 831/1/1169
f 789/1/1166 788/1/1165 790/1/1170
f 759/1/1171 832/1/1171 792/1/1171
f 757/1/1172 759/1/1172 791/1/1172
f 791/1/1173 759/1/1173 792/1/1173
f 804/1/1174 798/1/1174 803/1/1174
f 772/1/1175 795/1/1175 796/1/1175
f 793/1/1176 768/1/1176 791/1/1176
f 794/1/1177 768/1/1177 793/1/1177
f 772/1/1178 796/1/1178 800/1/1178
f 792/1/1179 793/1/1179 791/1/1179
f 794/1/1180 793/1/1180 797/1/1180
f 796/1/1181 837/1/1181 801/1/1181
f 802/1/1182 799/1/1182 800/1/1182
f 803/1/1183 805/1/1183 804/1/1183
f 777/1/1184 778/1/1184 807/1/1184
f 846/1/1185 805/1/1185 1774/1/1185
f 806/1/1186 845/1/1186 804/1/1186
f 335/1/1187 339/1/1187 334/1/1187
f 808/1/1188 810/1/1188 807/1/1188
f 808/1/1189 809/1/1189 810/1/1189
f 1810/1/1190 810/1/1190 1807/1/1190
f 809/1/1191 808/1/1192 802/1/1193
f 818/1/1194 817/1/1194 822/1/1194
f 813/1/1195 811/1/1195 327/1/1195
f 856/1/1196 815/1/1196 345/1/1196
f 815/1/1197 813/1/1197 345/1/1197
f 815/1/1198 814/1/1198 813/1/1198
f 872/1/1199 940/1/1199 886/1/1199
f 820/1/1200 819/1/1200 818/1/1200
f 785/1/1201 824/1/1201 823/1/1201
f 820/1/1202 818/1/1202 822/1/1202
f 824/1/1203 785/1/1203 784/1/1203
f 816/1/1204 863/1/1204 822/1/1204
f 820/1/1205 821/1/1205 869/1/1205
f 789/1/1206 790/1/1206 831/1/1206
f 823/1/1207 824/1/1208 819/1/1209
f 830/1/1210 826/1/1210 889/1/1210
f 787/1/1211 825/1/1211 826/1/1211
f 827/1/1212 825/1/1212 829/1/1212
f 790/1/1213 826/1/1213 830/1/1213
f 790/1/1214 830/1/1214 831/1/1214
f 826/1/1215 827/1/1215 828/1/1215
f 831/1/1216 830/1/1216 874/1/1216
f 889/1/1217 826/1/1217 828/1/1217
f 874/1/1218 877/1/1218 876/1/1218
f 876/1/1219 831/1/1219 874/1/1219
f 833/1/1220 792/1/1220 832/1/1220
f 837/1/1221 844/1/1221 801/1/1221
f 879/1/1222 831/1/1222 876/1/1222
f 837/1/1223 796/1/1224 835/1/1225
f 793/1/1226 792/1/1227 834/1/1228
f 878/1/1229 834/1/1228 833/1/1230
f 875/1/1231 930/1/1231 874/1/1231
f 827/1/1232 885/1/1232 828/1/1232
f 797/1/1233 793/1/1233 834/1/1233
f 836/1/1234 893/1/1234 835/1/1234
f 893/1/1235 837/1/1223 835/1/1225
f 833/1/1236 879/1/1236 881/1/1236
f 369/1/1237 845/1/1237 838/1/1237
f 838/1/1238 395/1/1238 369/1/1238
f 845/1/1239 913/1/1239 838/1/1239
f 842/1/1240 843/1/1241 855/1/1242
f 910/1/1243 842/1/1243 840/1/1243
f 801/1/1244 839/1/1244 802/1/1244
f 839/1/1245 809/1/1191 802/1/1193
f 801/1/1246 844/1/1246 839/1/1246
f 839/1/1247 844/1/1247 840/1/1247
f 849/1/1248 846/1/1248 847/1/1248
f 1807/1/1249 852/1/1249 1808/1/1249
f 849/1/1250 913/1/1250 845/1/1250
f 851/1/1251 855/1/1251 853/1/1251
f 853/1/1252 852/1/1252 851/1/1252
f 883/1/1253 860/1/1253 861/1/1253
f 1807/1/1254 810/1/1254 854/1/1254
f 814/1/1255 815/1/1255 816/1/1255
f 839/1/1256 840/1/1257 841/1/1258
f 855/1/1259 841/1/1259 842/1/1259
f 858/1/1260 816/1/1260 815/1/1260
f 815/1/1261 856/1/1261 922/1/1261
f 857/1/1262 816/1/1262 858/1/1262
f 857/1/1263 863/1/1263 816/1/1263
f 864/1/1264 821/1/1264 822/1/1264
f 866/1/1265 883/1/1265 868/1/1265
f 860/1/1266 862/1/1266 861/1/1266
f 865/1/1267 864/1/1268 822/1/1269
f 869/1/1270 821/1/1270 864/1/1270
f 865/1/1271 863/1/1271 857/1/1271
f 867/1/1272 864/1/1272 865/1/1272
f 871/1/1273 869/1/1273 864/1/1273
f 865/1/1274 866/1/1274 868/1/1274
f 867/1/1275 871/1/1275 864/1/1275
f 873/1/1276 823/1/1276 870/1/1276
f 869/1/1277 871/1/1277 823/1/1277
f 871/1/1278 870/1/1278 823/1/1278
f 872/1/1279 873/1/1279 870/1/1279
f 873/1/1280 829/1/1280 825/1/1280
f 875/1/1281 1983/1/1281 930/1/1281
f 888/1/1282 890/1/1282 887/1/1282
f 929/1/1283 1983/1/1283 875/1/1283
f 877/1/1284 880/1/1284 879/1/1284
f 877/1/1285 879/1/1285 876/1/1285
f 829/1/1286 885/1/1286 827/1/1286
f 880/1/1287 881/1/1287 879/1/1287
f 878/1/1288 833/1/1288 881/1/1288
f 836/1/1289 878/1/1289 882/1/1289
f 878/1/1290 881/1/1290 882/1/1290
f 936/1/1291 883/1/1291 884/1/1291
f 950/1/1292 936/1/1292 398/1/1292
f 936/1/1293 884/1/1293 391/1/1293
f 938/1/1294 868/1/1294 883/1/1294
f 886/1/1295 885/1/1295 829/1/1295
f 872/1/1296 829/1/1296 873/1/1296
f 888/1/1297 885/1/1297 886/1/1297
f 885/1/1298 888/1/1298 887/1/1298
f 886/1/1299 829/1/1299 872/1/1299
f 900/1/1300 888/1/1300 886/1/1300
f 940/1/1301 941/1/1302 900/1/1303
f 889/1/1304 887/1/1304 891/1/1304
f 875/1/1305 891/1/1306 929/1/1307
f 943/1/1308 891/1/1308 892/1/1308
f 887/1/1309 890/1/1309 891/1/1309
f 912/1/1310 946/1/1310 956/1/1310
f 948/1/1311 949/1/1311 946/1/1311
f 399/1/1312 410/1/1312 1946/1/1312
f 913/1/1313 894/1/1313 838/1/1313
f 894/1/1314 895/1/1314 838/1/1314
f 957/1/1315 960/1/1315 1398/1/1315
f 398/1/1316 896/1/1316 952/1/1316
f 897/1/1317 919/1/1318 918/1/1319
f 902/1/1320 898/1/1320 903/1/1320
f 902/1/1321 899/1/1321 898/1/1321
f 898/1/1322 900/1/1322 897/1/1322
f 920/1/1323 898/1/1323 918/1/1323
f 843/1/1324 908/1/1324 901/1/1324
f 855/1/1242 843/1/1241 901/1/1325
f 902/1/1326 905/1/1326 899/1/1326
f 905/1/1327 904/1/1327 906/1/1327
f 906/1/1328 954/1/1328 905/1/1328
f 954/1/1329 906/1/1329 909/1/1329
f 842/1/1330 908/1/1330 843/1/1330
f 1824/1/1331 1910/1/1331 1804/1/1331
f 806/1/1332 849/1/1332 845/1/1332
f 840/1/1333 844/1/1333 910/1/1333
f 917/1/1334 1843/1/1334 919/1/1334
f 1807/1/1335 851/1/1335 852/1/1335
f 956/1/1336 911/1/1336 912/1/1336
f 917/1/1337 915/1/1337 1843/1/1337
f 913/1/1338 849/1/1338 847/1/1338
f 1841/1/1339 914/1/1339 847/1/1339
f 1843/1/1340 1844/1/1340 1845/1/1340
f 915/1/1341 917/1/1341 916/1/1341
f 914/1/1342 916/1/1342 896/1/1342
f 894/1/1343 914/1/1343 896/1/1343
f 918/1/1319 919/1/1318 920/1/1344
f 920/1/1345 921/1/1345 898/1/1345
f 852/1/1346 853/1/1346 920/1/1346
f 853/1/1347 921/1/1347 920/1/1347
f 901/1/1348 903/1/1348 853/1/1348
f 853/1/1349 855/1/1349 901/1/1349
f 902/1/1350 903/1/1350 904/1/1350
f 1862/1/1351 1857/1/1351 1922/1/1351
f 927/1/1352 934/1/1352 1994/1/1352
f 859/1/1353 860/1/1353 857/1/1353
f 922/1/1354 923/1/1354 858/1/1354
f 928/1/1355 860/1/1355 924/1/1355
f 924/1/1356 926/1/1356 928/1/1356
f 926/1/1357 924/1/1357 923/1/1357
f 860/1/1358 928/1/1358 862/1/1358
f 923/1/1359 922/1/1359 925/1/1359
f 928/1/1360 415/1/1360 862/1/1360
f 928/1/1361 411/1/1361 415/1/1361
f 891/1/1362 890/1/1362 892/1/1362
f 929/1/1363 932/1/1363 1983/1/1363
f 934/1/1364 930/1/1364 931/1/1364
f 880/1/1365 877/1/1365 934/1/1365
f 1984/1/1366 932/1/1366 929/1/1366
f 880/1/1367 927/1/1367 933/1/1367
f 1982/1/1368 927/1/1368 1994/1/1368
f 881/1/1369 933/1/1369 882/1/1369
f 1997/1/1370 1994/1/1370 1996/1/1370
f 882/1/1371 933/1/1371 1986/1/1371
f 882/1/1372 1986/1/1372 1987/1/1372
f 935/1/1373 882/1/1374 1987/1/1375
f 868/1/1376 867/1/1376 865/1/1376
f 836/1/1377 935/1/1377 893/1/1377
f 868/1/1378 938/1/1378 867/1/1378
f 937/1/1379 938/1/1380 936/1/1381
f 939/1/1382 871/1/1382 938/1/1382
f 942/1/1383 938/1/1383 937/1/1383
f 940/1/1384 872/1/1384 939/1/1384
f 939/1/1385 942/1/1385 941/1/1385
f 929/1/1386 891/1/1386 943/1/1386
f 944/1/1387 943/1/1387 892/1/1387
f 945/1/1388 943/1/1388 944/1/1388
f 2004/1/1389 947/1/1389 935/1/1389
f 387/1/1390 884/1/1390 861/1/1390
f 842/1/1391 910/1/1391 909/1/1391
f 946/1/1392 893/1/1392 947/1/1392
f 946/1/1393 947/1/1394 948/1/1395
f 950/1/1396 952/1/1396 937/1/1396
f 937/1/1397 952/1/1397 942/1/1397
f 951/1/1398 896/1/1398 916/1/1398
f 951/1/1399 952/1/1399 896/1/1399
f 942/1/1400 952/1/1400 951/1/1400
f 916/1/1401 917/1/1401 951/1/1401
f 953/1/1402 951/1/1402 917/1/1402
f 953/1/1403 942/1/1403 951/1/1403
f 941/1/1404 953/1/1404 919/1/1404
f 944/1/1405 892/1/1405 905/1/1405
f 955/1/1406 954/1/1406 909/1/1406
f 955/1/1407 907/1/1408 954/1/1409
f 955/1/1410 909/1/1411 1989/1/1412
f 907/1/1413 945/1/1413 944/1/1413
f 1993/1/1414 909/1/1414 911/1/1414
f 1841/1/1415 847/1/1415 848/1/1415
f 953/1/1416 941/1/1416 942/1/1416
f 973/1/1417 967/1/1417 972/1/1417
f 974/1/1418 973/1/1418 972/1/1418
f 961/1/1419 960/1/1419 958/1/1419
f 963/1/1420 958/1/1420 959/1/1420
f 958/1/1421 960/1/1421 957/1/1421
f 958/1/1422 957/1/1422 1397/1/1422
f 962/1/1423 1398/1/1423 960/1/1423
f 1417/1/1424 1418/1/1424 964/1/1424
f 963/1/1425 962/1/1425 961/1/1425
f 963/1/1426 961/1/1426 958/1/1426
f 964/1/1427 1418/1/1427 966/1/1427
f 965/1/1428 1403/1/1428 964/1/1428
f 966/1/1429 965/1/1429 964/1/1429
f 969/1/1430 976/1/1430 991/1/1430
f 970/1/1431 971/1/1431 44/1/1431
f 969/1/1432 991/1/1432 968/1/1432
f 968/1/1433 970/1/1433 969/1/1433
f 991/1/1434 976/1/1434 977/1/1434
f 51/1/1435 53/1/1435 975/1/1435
f 974/1/1436 976/1/1436 973/1/1436
f 977/1/1437 976/1/1437 974/1/1437
f 95/1/1438 61/1/1438 66/1/1438
f 993/1/1439 991/1/1439 977/1/1439
f 979/1/1440 983/1/1440 981/1/1440
f 992/1/1441 989/1/1441 987/1/1441
f 983/1/1442 1006/1/1442 982/1/1442
f 980/1/1443 56/1/1443 983/1/1443
f 984/1/1444 974/1/1444 972/1/1444
f 975/1/1445 981/1/1445 984/1/1445
f 981/1/1446 985/1/1446 984/1/1446
f 985/1/1447 986/1/1447 984/1/1447
f 981/1/1448 975/1/1448 979/1/1448
f 978/1/1449 974/1/1449 986/1/1449
f 982/1/1450 978/1/1450 986/1/1450
f 982/1/1451 986/1/1451 981/1/1451
f 970/1/1452 968/1/1452 987/1/1452
f 987/1/1453 968/1/1453 992/1/1453
f 989/1/1454 988/1/1454 987/1/1454
f 989/1/1455 990/1/1455 988/1/1455
f 988/1/1456 971/1/1456 970/1/1456
f 998/1/1457 999/1/1457 1005/1/1457
f 1021/1/1458 90/1/1458 44/1/1458
f 1006/1/1459 978/1/1459 982/1/1459
f 995/1/1460 993/1/1460 978/1/1460
f 996/1/1461 968/1/1461 993/1/1461
f 994/1/1462 993/1/1462 1000/1/1462
f 995/1/1463 978/1/1463 1006/1/1463
f 998/1/1464 1028/1/1464 997/1/1464
f 1001/1/1465 1000/1/1465 995/1/1465
f 1002/1/1466 1000/1/1466 1001/1/1466
f 999/1/1467 998/1/1467 994/1/1467
f 1002/1/1468 1004/1/1468 999/1/1468
f 995/1/1469 1006/1/1469 1001/1/1469
f 1006/1/1470 1003/1/1470 1001/1/1470
f 1003/1/1471 1002/1/1471 1001/1/1471
f 1003/1/1472 1025/1/1472 1002/1/1472
f 999/1/1473 1004/1/1473 1005/1/1473
f 1004/1/1474 1025/1/1474 1007/1/1474
f 1007/1/1475 1028/1/1475 998/1/1475
f 1012/1/1476 1010/1/1476 1013/1/1476
f 1430/1/1477 1420/1/1477 1432/1/1477
f 966/1/1478 1009/1/1478 965/1/1478
f 1008/1/1479 1009/1/1479 966/1/1479
f 1012/1/1480 1011/1/1480 1008/1/1480
f 1010/1/1481 1430/1/1481 1013/1/1481
f 1009/1/1482 1008/1/1482 1011/1/1482
f 1016/1/1483 1020/1/1483 1017/1/1483
f 1448/1/1484 1447/1/1484 1426/1/1484
f 1017/1/1485 1036/1/1485 1015/1/1485
f 1016/1/1486 1015/1/1486 1013/1/1486
f 1012/1/1487 1014/1/1487 1427/1/1487
f 1012/1/1488 1015/1/1488 1014/1/1488
f 1036/1/1489 1014/1/1489 1015/1/1489
f 1012/1/1490 1013/1/1490 1015/1/1490
f 1019/1/1491 1014/1/1491 1036/1/1491
f 1046/1/1492 1021/1/1492 988/1/1492
f 58/1/1493 59/1/1493 48/1/1493
f 984/1/1494 986/1/1494 974/1/1494
f 1022/1/1495 1006/1/1495 983/1/1495
f 1034/1/1496 1031/1/1496 1061/1/1496
f 989/1/1497 1023/1/1497 990/1/1497
f 994/1/1498 1000/1/1498 999/1/1498
f 988/1/1499 990/1/1499 1057/1/1499
f 988/1/1500 1057/1/1500 1046/1/1500
f 1046/1/1501 1057/1/1501 1049/1/1501
f 1032/1/1502 1031/1/1502 1034/1/1502
f 1007/1/1503 1026/1/1503 1028/1/1503
f 1033/1/1504 1032/1/1504 1034/1/1504
f 1051/1/1505 1053/1/1505 1022/1/1505
f 1056/1/1506 1059/1/1506 1082/1/1506
f 1027/1/1507 1026/1/1507 1003/1/1507
f 1030/1/1508 1029/1/1508 1032/1/1508
f 1028/1/1509 1026/1/1509 1029/1/1509
f 1033/1/1510 1030/1/1510 1032/1/1510
f 1028/1/1511 1029/1/1511 1044/1/1511
f 1030/1/1512 1044/1/1512 1029/1/1512
f 1033/1/1513 1034/1/1513 1035/1/1513
f 1059/1/1514 1060/1/1514 1023/1/1514
f 1062/1/1515 1034/1/1515 1061/1/1515
f 1019/1/1516 1036/1/1516 1451/1/1516
f 1036/1/1517 1037/1/1517 1451/1/1517
f 1041/1/1518 1039/1/1518 1038/1/1518
f 1038/1/1519 1433/1/1519 1041/1/1519
f 1451/1/1520 1038/1/1520 1039/1/1520
f 1041/1/1521 1042/1/1521 1040/1/1521
f 1452/1/1522 1042/1/1522 1433/1/1522
f 1040/1/1523 1042/1/1523 1454/1/1523
f 1040/1/1524 1454/1/1524 1039/1/1524
f 1452/1/1525 1458/1/1525 1042/1/1525
f 1043/1/1526 1028/1/1526 1045/1/1526
f 996/1/1527 1043/1/1527 1023/1/1527
f 1035/1/1528 1078/1/1528 1045/1/1528
f 1024/1/1529 1031/1/1529 1022/1/1529
f 1035/1/1530 1044/1/1530 1030/1/1530
f 996/1/1531 1028/1/1531 1043/1/1531
f 1044/1/1532 1045/1/1532 1028/1/1532
f 1030/1/1533 1033/1/1533 1035/1/1533
f 1047/1/1534 1021/1/1534 1046/1/1534
f 1048/1/1535 1047/1/1535 1049/1/1535
f 110/1/1536 126/1/1536 156/1/1536
f 1061/1/1537 1031/1/1537 1024/1/1537
f 1022/1/1538 1053/1/1538 1024/1/1538
f 1053/1/1539 1051/1/1539 1052/1/1539
f 1052/1/1540 1051/1/1540 1054/1/1540
f 1053/1/1541 1052/1/1541 1055/1/1541
f 1024/1/1542 1053/1/1542 1055/1/1542
f 1060/1/1543 1057/1/1543 1023/1/1543
f 1128/1/1544 1089/1/1544 1054/1/1544
f 1100/1/1545 1057/1/1545 1060/1/1545
f 1056/1/1546 1058/1/1546 1060/1/1546
f 1075/1/1547 1072/1/1547 1071/1/1547
f 1060/1/1548 1058/1/1548 1100/1/1548
f 1062/1/1549 1035/1/1549 1034/1/1549
f 1078/1/1550 1063/1/1550 1079/1/1550
f 1063/1/1551 1065/1/1551 1064/1/1551
f 1065/1/1552 1066/1/1552 1064/1/1552
f 1064/1/1553 1067/1/1553 1084/1/1553
f 1069/1/1554 1066/1/1554 1065/1/1554
f 1065/1/1555 1061/1/1555 1069/1/1555
f 1067/1/1556 1064/1/1556 1066/1/1556
f 1068/1/1557 1067/1/1557 1066/1/1557
f 1042/1/1558 1041/1/1558 1433/1/1558
f 1096/1/1559 1095/1/1559 1068/1/1559
f 1070/1/1560 1073/1/1560 1071/1/1560
f 1073/1/1561 1074/1/1561 1071/1/1561
f 1489/1/1562 1472/1/1562 1498/1/1562
f 1075/1/1563 1486/1/1563 1485/1/1563
f 1078/1/1564 1059/1/1564 1045/1/1564
f 1059/1/1565 1083/1/1565 1082/1/1565
f 1084/1/1566 1067/1/1566 1081/1/1566
f 1078/1/1567 1035/1/1567 1063/1/1567
f 1082/1/1568 1101/1/1568 1056/1/1568
f 1047/1/1569 1046/1/1569 1049/1/1569
f 1035/1/1570 1062/1/1570 1063/1/1570
f 1065/1/1571 1062/1/1571 1061/1/1571
f 1079/1/1572 1080/1/1572 1078/1/1572
f 1074/1/1573 1073/1/1573 1494/1/1573
f 1081/1/1574 1080/1/1574 1084/1/1574
f 1106/1/1575 1083/1/1575 1107/1/1575
f 1084/1/1576 1080/1/1576 1079/1/1576
f 1460/1/1577 1493/1/1577 1073/1/1577
f 1073/1/1578 1070/1/1578 1460/1/1578
f 1493/1/1579 1494/1/1579 1073/1/1579
f 1050/1/1580 1087/1/1581 1086/1/1582
f 1131/1/1583 1125/1/1583 1087/1/1583
f 1086/1/1584 1088/1/1584 166/1/1584
f 1086/1/1585 1087/1/1585 1088/1/1585
f 1052/1/1586 1054/1/1586 1089/1/1586
f 1087/1/1587 1125/1/1587 1088/1/1587
f 1090/1/1588 166/1/1588 1088/1/1588
f 1092/1/1589 1131/1/1589 1050/1/1589
f 1087/1/1581 1050/1/1580 1131/1/1590
f 1100/1/1591 1093/1/1591 1092/1/1591
f 1096/1/1592 1068/1/1593 1069/1/1594
f 1104/1/1595 1068/1/1595 1095/1/1595
f 1095/1/1596 1096/1/1596 1097/1/1596
f 1138/1/1597 1055/1/1598 1091/1/1599
f 1096/1/1600 1094/1/1600 1097/1/1600
f 1091/1/1601 1055/1/1601 1089/1/1601
f 1098/1/1602 1095/1/1602 1097/1/1602
f 1151/1/1603 1098/1/1603 1137/1/1603
f 1093/1/1604 1131/1/1604 1092/1/1604
f 1103/1/1605 1056/1/1605 1101/1/1605
f 1103/1/1606 1058/1/1606 1056/1/1606
f 1103/1/1607 1141/1/1607 1058/1/1607
f 1105/1/1608 1083/1/1608 1081/1/1608
f 1115/1/1609 1108/1/1609 1105/1/1609
f 1055/1/1610 1094/1/1610 1069/1/1610
f 1106/1/1611 1107/1/1611 1109/1/1611
f 1107/1/1612 1108/1/1612 1109/1/1612
f 1108/1/1613 1110/1/1613 1109/1/1613
f 1112/1/1614 1113/1/1614 1111/1/1614
f 1122/1/1615 1113/1/1615 1112/1/1615
f 1109/1/1616 1148/1/1616 1106/1/1616
f 1117/1/1617 1121/1/1617 1124/1/1617
f 1147/1/1618 1109/1/1618 1113/1/1618
f 1118/1/1619 1121/1/1619 1119/1/1619
f 1115/1/1620 1104/1/1620 1114/1/1620
f 1114/1/1621 1104/1/1621 1095/1/1621
f 1110/1/1622 1108/1/1622 1115/1/1622
f 1115/1/1623 1116/1/1623 1110/1/1623
f 1114/1/1624 1095/1/1624 1098/1/1624
f 1114/1/1625 1098/1/1625 1116/1/1625
f 1120/1/1626 1118/1/1626 1117/1/1626
f 1123/1/1627 1117/1/1627 1122/1/1627
f 1112/1/1628 1123/1/1628 1122/1/1628
f 1117/1/1629 1124/1/1629 1122/1/1629
f 1121/1/1630 1120/1/1630 1124/1/1630
f 1120/1/1631 1117/1/1631 1123/1/1631
f 1124/1/1632 1113/1/1632 1122/1/1632
f 1153/1/1633 1090/1/1633 1127/1/1633
f 1133/1/1634 1088/1/1634 1125/1/1634
f 1133/1/1635 1126/1/1635 1088/1/1635
f 1126/1/1636 1133/1/1636 1134/1/1636
f 1156/1/1637 212/1/1637 1154/1/1637
f 202/1/1638 180/1/1638 186/1/1638
f 1128/1/1639 1091/1/1639 1089/1/1639
f 1129/1/1640 187/1/1640 162/1/1640
f 1091/1/1641 1128/1/1641 1130/1/1641
f 192/1/1642 190/1/1642 168/1/1642
f 1131/1/1643 1133/1/1643 1125/1/1643
f 1133/1/1644 1131/1/1644 1135/1/1644
f 1135/1/1645 1134/1/1645 1133/1/1645
f 1158/1/1646 1136/1/1646 1134/1/1646
f 1139/1/1647 1094/1/1647 1138/1/1647
f 1161/1/1648 1138/1/1597 1091/1/1599
f 1139/1/1649 1138/1/1649 1161/1/1649
f 1161/1/1650 1164/1/1650 1139/1/1650
f 1161/1/1651 1091/1/1651 1130/1/1651
f 1154/1/1652 1153/1/1652 1159/1/1652
f 1137/1/1653 1140/1/1653 1152/1/1653
f 1143/1/1654 1103/1/1655 1102/1/1656
f 1105/1/1657 1104/1/1657 1115/1/1657
f 1142/1/1658 1144/1/1658 1145/1/1658
f 1143/1/1659 1173/1/1659 1145/1/1659
f 1144/1/1660 1143/1/1660 1145/1/1660
f 1114/1/1661 1116/1/1661 1115/1/1661
f 1147/1/1662 1148/1/1662 1109/1/1662
f 1150/1/1663 1147/1/1663 1146/1/1663
f 1150/1/1664 1177/1/1664 1147/1/1664
f 1151/1/1665 1123/1/1665 1112/1/1665
f 1124/1/1666 1123/1/1666 1151/1/1666
f 1146/1/1667 1124/1/1667 1151/1/1667
f 1152/1/1668 1146/1/1668 1151/1/1668
f 1151/1/1669 1137/1/1669 1152/1/1669
f 1152/1/1670 1150/1/1670 1146/1/1670
f 1147/1/1671 1113/1/1671 1146/1/1671
f 1148/1/1672 1147/1/1672 1177/1/1672
f 1153/1/1673 1154/1/1673 212/1/1673
f 1128/1/1674 1129/1/1674 1130/1/1674
f 1184/1/1675 1130/1/1675 1155/1/1675
f 1159/1/1676 1127/1/1676 1136/1/1676
f 1153/1/1677 1127/1/1677 1159/1/1677
f 1158/1/1678 1135/1/1678 1168/1/1678
f 1193/1/1679 1162/1/1679 1159/1/1679
f 1166/1/1680 1161/1/1680 1184/1/1680
f 1164/1/1681 1161/1/1681 1166/1/1681
f 1159/1/1682 1158/1/1682 1193/1/1682
f 1163/1/1683 1140/1/1683 1165/1/1683
f 1165/1/1684 1164/1/1684 1196/1/1684
f 1164/1/1685 1166/1/1685 1167/1/1685
f 1164/1/1686 1167/1/1686 1196/1/1686
f 1197/1/1687 1165/1/1687 1196/1/1687
f 1132/1/1688 1142/1/1688 1169/1/1688
f 1142/1/1689 1145/1/1689 1204/1/1689
f 1169/1/1690 1168/1/1691 1157/1/1692
f 1180/1/1693 1150/1/1693 1170/1/1693
f 1142/1/1694 1200/1/1694 1169/1/1694
f 1180/1/1695 1170/1/1695 1181/1/1695
f 1177/1/1696 1150/1/1696 1180/1/1696
f 1171/1/1697 1170/1/1697 1163/1/1697
f 1182/1/1698 1181/1/1698 1183/1/1698
f 1170/1/1699 1171/1/1699 1181/1/1699
f 1149/1/1700 1174/1/1700 1175/1/1700
f 1204/1/1701 1200/1/1701 1142/1/1701
f 1145/1/1702 1172/1/1702 1205/1/1702
f 1206/1/1703 1172/1/1703 1209/1/1703
f 1176/1/1704 1175/1/1704 1174/1/1704
f 1176/1/1705 1172/1/1705 1175/1/1705
f 1174/1/1706 1178/1/1707 1176/1/1708
f 1178/1/1709 1177/1/1710 1179/1/1711
f 1177/1/1712 1180/1/1712 1179/1/1712
f 1250/1/1713 1213/1/1713 1171/1/1713
f 1179/1/1714 1181/1/1715 1182/1/1716
f 1184/1/1717 1155/1/1717 1186/1/1717
f 1182/1/1718 1178/1/1718 1179/1/1718
f 1208/1/1719 1207/1/1719 1206/1/1719
f 1154/1/311 1192/1/313 1156/1/1720
f 1193/1/1721 1194/1/1721 1191/1/1721
f 1185/1/355 1217/1/1722 264/1/353
f 1189/1/1723 1160/1/1723 1158/1/1723
f 1158/1/1724 1168/1/1724 1189/1/1724
f 1158/1/1725 1159/1/1725 1136/1/1725
f 1191/1/1726 1194/1/1726 1192/1/1726
f 1195/1/1727 1198/1/1727 1167/1/1727
f 1192/1/1728 1194/1/1728 1216/1/1728
f 1169/1/1729 1157/1/1729 1132/1/1729
f 1186/1/1730 1195/1/1730 1166/1/1730
f 1195/1/1731 1167/1/1731 1166/1/1731
f 1196/1/1732 1167/1/1732 1197/1/1732
f 1167/1/1733 1198/1/1733 1197/1/1733
f 1203/1/1734 1197/1/1734 1198/1/1734
f 1199/1/1735 1189/1/1735 1168/1/1735
f 1205/1/1736 1207/1/1736 1204/1/1736
f 1202/1/1737 1200/1/1737 1204/1/1737
f 1199/1/1738 1201/1/1738 1189/1/1738
f 1190/1/1739 1189/1/1739 1201/1/1739
f 1171/1/1740 1163/1/1740 1197/1/1740
f 1250/1/1741 1171/1/1741 1197/1/1741
f 1181/1/1742 1171/1/1742 1213/1/1742
f 1240/1/1743 1250/1/1743 1203/1/1743
f 1240/1/1744 1203/1/1744 1233/1/1744
f 1206/1/1745 1205/1/1745 1172/1/1745
f 1206/1/1746 1207/1/1746 1205/1/1746
f 1208/1/1747 1242/1/1747 1241/1/1747
f 1209/1/1748 1172/1/1748 1176/1/1748
f 1210/1/1749 1245/1/1749 1209/1/1749
f 1183/1/1750 1211/1/1750 1182/1/1750
f 1188/1/1751 1187/1/1751 1214/1/1751
f 1211/1/1752 1183/1/1752 1213/1/1752
f 1211/1/1753 1212/1/1753 1182/1/1753
f 1211/1/1754 1213/1/1754 1251/1/1754
f 1169/1/1755 1200/1/1755 1199/1/1755
f 1187/1/1756 1188/1/1756 1186/1/1756
f 1215/1/1757 1228/1/1757 1214/1/1757
f 1221/1/1758 279/1/1759 708/1/1760
f 1227/1/1761 1195/1/1761 1214/1/1761
f 1247/1/1762 1210/1/1763 1248/1/1764
f 1238/1/1765 1237/1/1765 1199/1/1765
f 1219/1/1766 1229/1/1766 1255/1/1766
f 1660/1/1767 1221/1/1767 1220/1/1767
f 1658/1/1768 1660/1/1768 1220/1/1768
f 1222/1/1769 1228/1/1769 1218/1/1769
f 1198/1/1770 1195/1/1770 1227/1/1770
f 1226/1/1771 1194/1/1771 1225/1/1771
f 1226/1/1772 1216/1/1772 1194/1/1772
f 1226/1/1773 1229/1/1773 1216/1/1773
f 1227/1/1774 1214/1/1774 1228/1/1774
f 1219/1/1775 1217/1/1775 1229/1/1775
f 1666/1/1776 1667/1/1776 1662/1/1776
f 1258/1/1777 1229/1/1777 1226/1/1777
f 1236/1/1778 1234/1/1778 1222/1/1778
f 1203/1/1779 1198/1/1779 1232/1/1779
f 1232/1/1780 1231/1/1781 1662/1/1782
f 1662/1/1782 1233/1/1783 1232/1/1780
f 1232/1/1784 1234/1/1784 1231/1/1784
f 1227/1/1785 1228/1/1785 1235/1/1785
f 1225/1/1786 1193/1/1786 1223/1/1786
f 1235/1/1787 1222/1/1787 1234/1/1787
f 1224/1/1788 1190/1/1788 1201/1/1788
f 1201/1/1789 1199/1/1789 1237/1/1789
f 1202/1/1790 1239/1/1791 1238/1/1792
f 1666/1/1793 1668/1/1793 1667/1/1793
f 1240/1/1794 1233/1/1794 1662/1/1794
f 1243/1/1795 1202/1/1795 1207/1/1795
f 1241/1/1796 1243/1/1796 1208/1/1796
f 1207/1/1797 1208/1/1797 1243/1/1797
f 1202/1/1798 1243/1/1798 1239/1/1798
f 1241/1/1799 1242/1/1799 1247/1/1799
f 1241/1/1800 1247/1/1800 1244/1/1800
f 1244/1/1801 1243/1/1801 1241/1/1801
f 1246/1/1802 1248/1/1803 1210/1/1804
f 1250/1/1805 1240/1/1805 1670/1/1805
f 1212/1/1806 1253/1/1806 1252/1/1806
f 1211/1/1807 1253/1/1807 1212/1/1807
f 1251/1/1808 1253/1/1808 1211/1/1808
f 1254/1/1809 1253/1/1809 1691/1/1809
f 1254/1/1810 1252/1/1810 1253/1/1810
f 1253/1/1811 1251/1/1811 1691/1/1811
f 1254/1/1812 1691/1/1812 1269/1/1812
f 1246/1/1813 1268/1/1814 1248/1/1815
f 1255/1/1816 1256/1/1816 295/1/1816
f 1773/1/1817 1272/1/1817 1285/1/1817
f 1256/1/1818 1734/1/1818 296/1/1818
f 1224/1/1819 1263/1/1819 1259/1/1819
f 1230/1/1820 1224/1/1820 1259/1/1820
f 1244/1/1821 1265/1/1822 1243/1/1823
f 1262/1/1824 1238/1/1792 1239/1/1791
f 1268/1/1825 1252/1/1825 1254/1/1825
f 1229/1/1826 1258/1/1826 1255/1/1826
f 1260/1/1827 1255/1/1827 1258/1/1827
f 1260/1/1828 1258/1/1828 1271/1/1828
f 1259/1/1829 1258/1/1829 1230/1/1829
f 1244/1/1830 1247/1/1831 1267/1/1832
f 1224/1/1833 1237/1/1833 1263/1/1833
f 1261/1/1834 1237/1/1834 1238/1/1834
f 1264/1/1835 1262/1/1835 1239/1/1835
f 1274/1/1836 1263/1/1836 1261/1/1836
f 1265/1/1837 1239/1/1837 1243/1/1837
f 1265/1/1838 1264/1/1838 1239/1/1838
f 1266/1/1839 1265/1/1822 1244/1/1821
f 1265/1/1822 1266/1/1839 1276/1/1840
f 1016/1/1841 1013/1/1841 1018/1/1841
f 1267/1/1832 1266/1/1842 1244/1/1830
f 1267/1/1843 1249/1/1843 1270/1/1843
f 1249/1/1844 1268/1/1844 1270/1/1844
f 1758/1/1845 1281/1/1845 1280/1/1845
f 1283/1/1846 1259/1/1846 1263/1/1846
f 1284/1/1847 1283/1/1847 1307/1/1847
f 1272/1/1848 1284/1/1848 1285/1/1848
f 1285/1/1849 1284/1/1849 1286/1/1849
f 1265/1/1850 1276/1/1850 1264/1/1850
f 1274/1/1851 1289/1/1851 1263/1/1851
f 1273/1/1852 1262/1/1852 1264/1/1852
f 1264/1/1853 1288/1/1853 1273/1/1853
f 1273/1/1854 1289/1/1854 1274/1/1854
f 1271/1/1855 1259/1/1855 1283/1/1855
f 1267/1/1856 1275/1/1856 1266/1/1856
f 1266/1/1857 1278/1/1857 1276/1/1857
f 1279/1/1858 1277/1/1858 1275/1/1858
f 1278/1/1859 1277/1/1859 1276/1/1859
f 1278/1/1860 1275/1/1860 1277/1/1860
f 1296/1/1861 1298/1/1861 1277/1/1861
f 1281/1/1862 1275/1/1862 1270/1/1862
f 1803/1/1863 1281/1/1863 1758/1/1863
f 1350/1/1864 1376/1/1864 1377/1/1864
f 1761/1/1865 1803/1/1865 1758/1/1865
f 1290/1/1866 1276/1/1866 1277/1/1866
f 1307/1/1867 1283/1/1867 1305/1/1867
f 1289/1/1868 1310/1/1868 1305/1/1868
f 1283/1/1869 1289/1/1869 1305/1/1869
f 1362/1/1870 1364/1/1870 1365/1/1870
f 1757/1/1871 1744/1/1871 1785/1/1871
f 1288/1/1872 1291/1/1872 1310/1/1872
f 1288/1/1873 1310/1/1873 1289/1/1873
f 1295/1/1874 1311/1/1874 1292/1/1874
f 1327/1/1875 1303/1/1875 1302/1/1875
f 1288/1/1876 1292/1/1876 1291/1/1876
f 1312/1/1877 1306/1/1877 1310/1/1877
f 1298/1/1878 1293/1/1878 1292/1/1878
f 1312/1/1879 1291/1/1879 1311/1/1879
f 1290/1/1880 1277/1/1880 1298/1/1880
f 1292/1/1881 1311/1/1881 1291/1/1881
f 1277/1/1882 1279/1/1882 1300/1/1882
f 1296/1/1883 1297/1/1883 1299/1/1883
f 1277/1/1884 1300/1/1884 1297/1/1884
f 1352/1/1885 1317/1/1885 1354/1/1885
f 1293/1/1886 1295/1/1886 1292/1/1886
f 1298/1/1887 1296/1/1887 1293/1/1887
f 1301/1/1888 1294/1/1888 1299/1/1888
f 1296/1/1889 1277/1/1889 1297/1/1889
f 1279/1/1890 1282/1/1890 1302/1/1890
f 1326/1/1891 1327/1/1891 1302/1/1891
f 1302/1/1892 1300/1/1892 1279/1/1892
f 1300/1/1893 1303/1/1893 1304/1/1893
f 1299/1/1894 1304/1/1894 1301/1/1894
f 1309/1/1895 1307/1/1895 1305/1/1895
f 1306/1/1896 1309/1/1896 1305/1/1896
f 1286/1/1897 1307/1/1897 1308/1/1897
f 1310/1/1898 1306/1/1898 1305/1/1898
f 1273/1/1899 1288/1/1899 1289/1/1899
f 1291/1/1900 1312/1/1900 1310/1/1900
f 1344/1/1901 1312/1/1902 1313/1/1903
f 1314/1/1904 1313/1/1904 1312/1/1904
f 1344/1/1905 1306/1/1905 1312/1/1905
f 1313/1/1906 1314/1/1906 1315/1/1906
f 1344/1/1907 1340/1/1907 1306/1/1907
f 1324/1/1908 1313/1/1908 1315/1/1908
f 1316/1/1909 1318/1/1909 1294/1/1909
f 1317/1/1910 1311/1/1910 1295/1/1910
f 1314/1/1911 1311/1/1911 1317/1/1911
f 1314/1/1912 1317/1/1912 1321/1/1912
f 1323/1/1913 1315/1/1913 1314/1/1913
f 1356/1/1914 1321/1/1914 1352/1/1914
f 1318/1/1915 1316/1/1915 1319/1/1915
f 1332/1/1916 1331/1/1916 1320/1/1916
f 1319/1/1917 1354/1/1917 1318/1/1917
f 1322/1/1918 1324/1/1918 1315/1/1918
f 1332/1/1919 1320/1/1919 1323/1/1919
f 1322/1/1920 1323/1/1921 1320/1/1922
f 1358/1/1923 1325/1/1923 1367/1/1923
f 1335/1/1924 1364/1/1924 1333/1/1924
f 1323/1/1925 1336/1/1925 1332/1/1925
f 1317/1/1926 1318/1/1926 1354/1/1926
f 1337/1/1927 1328/1/1927 1326/1/1927
f 1320/1/1928 1331/1/1928 1327/1/1928
f 1303/1/1929 1327/1/1929 1331/1/1929
f 1327/1/1930 1328/1/1930 1325/1/1930
f 1329/1/1931 1316/1/1931 1294/1/1931
f 1304/1/1932 1331/1/1932 1333/1/1932
f 1329/1/1933 1301/1/1933 1304/1/1933
f 1333/1/1934 1331/1/1934 1332/1/1934
f 1329/1/1935 1334/1/1935 1330/1/1935
f 1332/1/1936 1335/1/1936 1333/1/1936
f 1334/1/1937 1333/1/1937 1364/1/1937
f 1327/1/1938 1322/1/1920 1320/1/1922
f 1839/1/1939 1338/1/1939 1337/1/1939
f 1341/1/1940 1343/1/1940 1854/1/1940
f 1340/1/1941 1308/1/1941 1309/1/1941
f 1359/1/1942 1349/1/1942 1345/1/1942
f 1341/1/1943 1853/1/1943 1308/1/1943
f 1308/1/1944 1340/1/1944 1341/1/1944
f 1342/1/1945 1341/1/1945 1340/1/1945
f 1344/1/1946 1346/1/1947 1340/1/1948
f 1313/1/1903 1346/1/1949 1344/1/1901
f 1345/1/1950 1324/1/1950 1358/1/1950
f 1345/1/1951 1358/1/1951 1359/1/1951
f 1346/1/1952 1345/1/1952 1348/1/1952
f 1348/1/1953 1345/1/1953 1349/1/1953
f 1343/1/1954 1342/1/1954 1347/1/1954
f 1346/1/1955 1347/1/1955 1342/1/1955
f 1348/1/1956 1349/1/1956 1351/1/1956
f 1351/1/1957 1349/1/1957 1350/1/1957
f 1874/1/1958 1351/1/1958 1350/1/1958
f 1352/1/1959 1353/1/1959 1356/1/1959
f 1353/1/1960 1354/1/1960 1355/1/1960
f 1381/1/1961 1365/1/1961 1364/1/1961
f 1333/1/1962 1329/1/1962 1304/1/1962
f 1323/1/1963 1321/1/1963 1356/1/1963
f 1356/1/1964 1336/1/1964 1323/1/1964
f 1336/1/1965 1335/1/1965 1332/1/1965
f 1360/1/1966 1359/1/1967 1376/1/1968
f 1353/1/1969 1352/1/1969 1354/1/1969
f 1362/1/1970 1334/1/1970 1364/1/1970
f 1358/1/1971 1367/1/1971 1357/1/1971
f 1360/1/1972 1349/1/1972 1359/1/1972
f 1888/1/1973 1931/1/1973 1889/1/1973
f 1354/1/1974 1319/1/1974 1374/1/1974
f 1319/1/1975 1330/1/1975 1379/1/1975
f 1362/1/1976 1330/1/1976 1334/1/1976
f 1330/1/1977 1362/1/1977 1379/1/1977
f 1366/1/1978 1381/1/1979 1363/1/1980
f 1369/1/1981 1367/1/1982 1325/1/1983
f 1364/1/1984 1335/1/1984 1363/1/1984
f 1359/1/1985 1358/1/1985 1357/1/1985
f 1385/1/1986 1357/1/1986 1367/1/1986
f 1361/1/1987 1359/1/1987 1357/1/1987
f 1369/1/1981 1368/1/1988 1367/1/1982
f 1371/1/1989 1368/1/1989 1369/1/1989
f 1368/1/1990 1385/1/1990 1367/1/1990
f 1339/1/1991 1325/1/1991 1328/1/1991
f 1339/1/1992 1369/1/1992 1325/1/1992
f 1372/1/1993 1370/1/1993 1338/1/1993
f 1338/1/1994 1373/1/1994 1372/1/1994
f 1369/1/1995 1339/1/1995 1371/1/1995
f 1339/1/1996 1370/1/1996 1371/1/1996
f 1388/1/1997 1372/1/1997 1373/1/1997
f 1371/1/1998 1370/1/1998 1372/1/1998
f 1360/1/1999 1376/1/1999 1350/1/1999
f 1378/1/2000 1377/1/2000 1376/1/2000
f 1386/1/2001 2106/1/2001 1361/1/2001
f 1381/1/1979 1366/1/1978 1380/1/2002
f 1366/1/2003 1375/1/2003 1380/1/2003
f 1364/1/2004 1363/1/2004 1381/1/2004
f 1355/1/2005 1374/1/2005 1383/1/2005
f 2104/1/2006 1382/1/2006 2103/1/2006
f 1365/1/2007 1381/1/2007 2103/1/2007
f 1383/1/2008 1384/1/2008 1380/1/2008
f 1381/1/2009 1380/1/2009 1384/1/2009
f 1357/1/2010 1385/1/2010 1386/1/2010
f 1384/1/2011 2103/1/2012 1381/1/2013
f 1371/1/2014 1387/1/2014 1368/1/2014
f 1387/1/2015 1385/1/2015 1368/1/2015
f 1361/1/2016 1357/1/2016 1386/1/2016
f 1944/1/2017 1390/1/2017 1389/1/2017
f 1391/1/2018 1388/1/2018 2113/1/2018
f 1392/1/2019 1944/1/2019 1389/1/2019
f 1389/1/2020 2113/1/2020 1392/1/2020
f 1398/1/2021 1396/1/2021 957/1/2021
f 1404/1/2022 1406/1/2022 1395/1/2022
f 1395/1/2023 1411/1/2023 1394/1/2023
f 1395/1/2024 1394/1/2024 1404/1/2024
f 1394/1/2025 1397/1/2025 1396/1/2025
f 1396/1/2026 1397/1/2026 957/1/2026
f 959/1/2027 958/1/2027 1397/1/2027
f 418/1/2028 434/1/2028 423/1/2028
f 1401/1/2029 1402/1/2029 440/1/2029
f 1398/1/2030 962/1/2030 1401/1/2030
f 1405/1/2031 1393/1/2031 1407/1/2031
f 7/1/2032 8/1/2032 437/1/2032
f 1399/1/2033 1400/1/2033 963/1/2033
f 963/1/2034 959/1/2034 1399/1/2034
f 437/1/2035 462/1/2035 423/1/2035
f 1400/1/2036 1402/1/2036 1401/1/2036
f 1400/1/2037 962/1/2037 963/1/2037
f 1401/1/2038 962/1/2038 1400/1/2038
f 1403/1/2039 1400/1/2039 1399/1/2039
f 443/1/2040 441/1/2040 426/1/2040
f 1405/1/2041 1404/1/2041 1393/1/2041
f 1427/1/2042 1426/1/2042 1425/1/2042
f 1393/1/2043 442/1/2043 1407/1/2043
f 1408/1/2044 1405/1/2044 1407/1/2044
f 1409/1/2045 1407/1/2045 1410/1/2045
f 1408/1/2046 1421/1/2047 1405/1/2048
f 1422/1/2049 1423/1/2049 1413/1/2049
f 1408/1/2050 1409/1/2050 1424/1/2050
f 1395/1/2051 1413/1/2051 1414/1/2051
f 1418/1/2052 1417/1/2052 1412/1/2052
f 1415/1/2053 1412/1/2053 1411/1/2053
f 1412/1/2054 1417/1/2054 1399/1/2054
f 1415/1/2055 1418/1/2055 1412/1/2055
f 1414/1/2056 1416/1/2056 1419/1/2056
f 1418/1/2057 1430/1/2057 1010/1/2057
f 1430/1/2058 1418/1/2058 1420/1/2058
f 1420/1/2059 1418/1/2059 1415/1/2059
f 1420/1/2060 1415/1/2060 1419/1/2060
f 1421/1/2061 1413/1/2061 1406/1/2061
f 1413/1/2062 1395/1/2062 1406/1/2062
f 1422/1/2063 1413/1/2063 1421/1/2063
f 1424/1/2064 1422/1/2064 1421/1/2064
f 1400/1/2065 1403/1/2066 1425/1/2067
f 1425/1/2068 1426/1/2068 1402/1/2068
f 1403/1/2069 965/1/2069 1425/1/2069
f 1426/1/2070 487/1/2070 1402/1/2070
f 1425/1/2071 1011/1/2071 1427/1/2071
f 1449/1/2072 1426/1/2073 1427/1/2074
f 1448/1/2075 1426/1/2073 1449/1/2072
f 1470/1/2076 1450/1/657 1479/1/659
f 1426/1/2077 1447/1/2077 487/1/2077
f 1431/1/2078 1018/1/2078 1430/1/2078
f 1432/1/2079 1419/1/2079 1440/1/2079
f 1435/1/2080 1423/1/2080 1436/1/2080
f 1467/1/2081 1439/1/2081 1468/1/2081
f 1031/1/2082 1027/1/2082 1022/1/2082
f 1435/1/2083 1438/1/2083 1441/1/2083
f 1423/1/2084 1444/1/2084 1436/1/2084
f 1456/1/2085 1455/1/2085 1452/1/2085
f 1019/1/2086 1427/1/2086 1014/1/2086
f 1440/1/2087 1475/1/2087 1432/1/2087
f 1431/1/2088 1432/1/2089 1434/1/2090
f 1434/1/2091 1433/1/2091 1431/1/2091
f 1431/1/2092 1433/1/2092 1018/1/2092
f 1422/1/2093 1444/1/2093 1423/1/2093
f 1419/1/2094 1416/1/2094 1437/1/2094
f 1444/1/2095 1439/1/2095 1436/1/2095
f 1437/1/2096 1423/1/2096 1435/1/2096
f 1439/1/2097 1438/1/2097 1436/1/2097
f 1436/1/2098 1438/1/2098 1435/1/2098
f 1434/1/2099 1432/1/2099 1475/1/2099
f 1461/1/2100 1438/1/2100 1439/1/2100
f 1438/1/2101 1462/1/2101 1441/1/2101
f 1424/1/2102 1443/1/2102 1422/1/2102
f 1428/1/2103 1443/1/2103 1424/1/2103
f 1443/1/2104 1445/1/2104 1439/1/2104
f 1445/1/2105 1443/1/2105 1428/1/2105
f 1445/1/2106 1428/1/2106 1446/1/2106
f 1468/1/2107 1439/1/2107 1445/1/2107
f 1450/1/2108 1446/1/2108 1428/1/2108
f 1445/1/2109 1446/1/2109 1469/1/2109
f 1445/1/2110 1471/1/2110 1468/1/2110
f 1448/1/2111 1449/1/2111 1453/1/2111
f 1018/1/2112 1433/1/2112 1038/1/2112
f 1019/1/2113 1451/1/2113 1449/1/2113
f 1452/1/2114 1455/1/2114 1458/1/2114
f 1451/1/2115 1453/1/2115 1449/1/2115
f 1454/1/2116 1457/1/2116 1453/1/2116
f 1455/1/2117 1459/1/2117 1458/1/2117
f 1458/1/2118 1459/1/2118 1457/1/2118
f 1459/1/2119 1455/1/2119 1460/1/2119
f 1465/1/2120 1442/1/2120 1441/1/2120
f 1442/1/2121 1440/1/2121 1441/1/2121
f 1475/1/2122 1442/1/2122 1465/1/2122
f 1467/1/2123 1473/1/2123 1463/1/2123
f 1463/1/2124 1464/1/2124 1462/1/2124
f 1464/1/2125 1463/1/2125 1473/1/2125
f 1476/1/2126 1464/1/2126 1466/1/2126
f 1471/1/2127 1467/1/2127 1468/1/2127
f 1493/1/2128 1456/1/2128 1477/1/2128
f 1474/1/2129 1471/1/2129 1472/1/2129
f 1471/1/2130 1474/1/2130 1473/1/2130
f 1464/1/2131 1473/1/2131 1466/1/2131
f 1489/1/2132 1466/1/2132 1474/1/2132
f 1472/1/2133 1491/1/2133 1490/1/2133
f 1470/1/2134 1472/1/738 1469/1/737
f 1475/1/2135 1476/1/2135 1434/1/2135
f 1476/1/2136 1456/1/2136 1434/1/2136
f 1477/1/2137 1456/1/2137 1476/1/2137
f 1475/1/2138 1465/1/2139 1476/1/2140
f 1448/1/2141 511/1/2141 1447/1/2141
f 1469/1/2142 1450/1/2142 1470/1/2142
f 1453/1/2143 1482/1/2144 1478/1/2145
f 1457/1/2146 1482/1/2146 1453/1/2146
f 1500/1/2147 1502/1/2147 511/1/2147
f 1037/1/2148 1018/1/2148 1038/1/2148
f 1521/1/2149 1479/1/2149 1480/1/2149
f 1482/1/2150 1481/1/2150 1483/1/2150
f 1457/1/2151 1459/1/2151 1481/1/2151
f 1481/1/2152 1482/1/2152 1457/1/2152
f 1526/1/2153 1522/1/2153 1497/1/2153
f 1484/1/2154 1481/1/2154 1072/1/2154
f 1483/1/2155 1484/1/2155 1075/1/2155
f 1075/1/2156 1485/1/2156 1483/1/2156
f 1494/1/2157 1485/1/2157 1486/1/2157
f 1536/1/2158 550/1/2158 1502/1/2158
f 1076/1/2159 1077/1/2159 1487/1/2159
f 1470/1/2160 1491/1/2160 1472/1/2160
f 1490/1/2161 1491/1/2161 1521/1/2161
f 1493/1/2162 1460/1/2162 1456/1/2162
f 1495/1/2163 1487/1/2163 1496/1/2163
f 1495/1/2164 1496/1/2164 1522/1/2164
f 1099/1/2165 1076/1/2165 1085/1/2165
f 1493/1/2166 1492/1/2166 1496/1/2166
f 1466/1/2167 1489/1/2167 1497/1/2167
f 1497/1/2168 1522/1/2168 1492/1/2168
f 1466/1/2169 1497/1/2169 1476/1/2169
f 1495/1/2170 1085/1/2170 1487/1/2170
f 1474/1/2171 1472/1/2171 1489/1/2171
f 1498/1/2172 1472/1/2172 1490/1/2172
f 1498/1/2173 1490/1/2173 1499/1/2173
f 1503/1/2174 1502/1/2174 1500/1/2174
f 1480/1/2175 1505/1/2175 1521/1/2175
f 1533/1/2176 1521/1/2177 1546/1/2178
f 1538/1/2179 1507/1/2179 1579/1/2179
f 1545/1/2180 1505/1/2180 1544/1/2180
f 1523/1/2181 1495/1/2181 1522/1/2181
f 1491/1/2182 1470/1/2182 1479/1/2182
f 1099/1/2183 1506/1/2183 1077/1/2183
f 1487/1/2184 1077/1/2184 1488/1/2184
f 1507/1/2185 1501/1/2185 1488/1/2185
f 1506/1/2186 1488/1/2186 1077/1/2186
f 1508/1/2187 1488/1/2187 1506/1/2187
f 1523/1/2188 1508/1/2188 1495/1/2188
f 1538/1/2189 1501/1/2189 1507/1/2189
f 1515/1/2190 1518/1/2190 1512/1/2190
f 1523/1/2191 1549/1/2191 1508/1/2191
f 1509/1/2192 1515/1/2192 1512/1/2192
f 1510/1/2193 1515/1/2193 1509/1/2193
f 1516/1/2194 1517/1/2194 1515/1/2194
f 1517/1/2195 1519/1/2195 1518/1/2195
f 1518/1/2196 1519/1/2196 1542/1/2196
f 1538/1/2197 1503/1/2197 1501/1/2197
f 1521/1/2198 1505/1/2198 1545/1/2198
f 1495/1/2199 1508/1/2199 1506/1/2199
f 1524/1/2200 1523/1/2200 1522/1/2200
f 1550/1/2201 1551/1/2202 1549/1/2203
f 1550/1/2204 1523/1/2204 1524/1/2204
f 1526/1/2205 1529/1/2205 1525/1/2205
f 1526/1/2206 1497/1/2206 1529/1/2206
f 1522/1/2207 1526/1/2207 1524/1/2207
f 1528/1/2208 1526/1/2208 1525/1/2208
f 1513/1/2209 1527/1/2209 1511/1/2209
f 1525/1/2210 1510/1/2210 1511/1/2210
f 1528/1/2211 1553/1/2211 1524/1/2211
f 1572/1/2212 1524/1/2212 1553/1/2212
f 1499/1/2213 1530/1/2214 1498/1/2215
f 1530/1/2216 1514/1/2216 1529/1/2216
f 1525/1/2217 1514/1/2217 1510/1/2217
f 1532/1/2218 1531/1/2218 1530/1/2218
f 1558/1/2219 1520/1/2219 1556/1/2219
f 1521/1/2220 1499/1/2220 1490/1/2220
f 1499/1/2221 1534/1/2221 1530/1/2221
f 1532/1/2222 1530/1/2222 1534/1/2222
f 1534/1/2223 1499/1/2223 1533/1/2223
f 1503/1/2224 1537/1/2224 1536/1/2224
f 1614/1/2225 1577/1/2225 1503/1/2225
f 1505/1/2226 1539/1/2226 1544/1/2226
f 1804/1/2227 1790/1/2227 1824/1/2227
f 1557/1/2228 1554/1/2228 1541/1/2228
f 1554/1/2229 1527/1/2229 1513/1/2229
f 1541/1/2230 1554/1/2230 1513/1/2230
f 1520/1/2231 1542/1/2231 1519/1/2231
f 1550/1/2232 1524/1/2233 1572/1/2234
f 1547/1/2235 1545/1/2235 1544/1/2235
f 1547/1/2236 1546/1/2236 1545/1/2236
f 1548/1/2237 1546/1/2237 1547/1/2237
f 1523/1/2238 1550/1/2201 1549/1/2203
f 1542/1/2239 1557/1/2239 1541/1/2239
f 1561/1/2240 1597/1/2240 1596/1/2240
f 1594/1/2241 1551/1/2241 1552/1/2241
f 1612/1/2242 1610/1/2242 1574/1/2242
f 1554/1/2243 1555/1/2243 1527/1/2243
f 1528/1/2244 1527/1/2244 1553/1/2244
f 1531/1/2245 1532/1/2245 1520/1/2245
f 1555/1/2246 1560/1/2246 1553/1/2246
f 1533/1/2247 1499/1/2247 1521/1/2247
f 1520/1/2248 1558/1/2248 1557/1/2248
f 1558/1/2249 1555/1/2249 1557/1/2249
f 1557/1/2250 1555/1/2250 1554/1/2250
f 1555/1/2251 1558/1/2251 1560/1/2251
f 1561/1/2252 1562/1/2252 1559/1/2252
f 1556/1/2253 1532/1/2253 1534/1/2253
f 1559/1/2254 1560/1/2254 1558/1/2254
f 1552/1/2255 1550/1/2232 1572/1/2234
f 1559/1/2256 1563/1/2256 1561/1/2256
f 1531/1/2257 1520/1/2257 1517/1/2257
f 1563/1/2258 1566/1/2258 1561/1/2258
f 1597/1/2259 1561/1/2259 1564/1/2259
f 1570/1/2260 1568/1/2260 1563/1/2260
f 1570/1/2261 1534/1/2261 1565/1/2261
f 1566/1/2262 1564/1/2262 1561/1/2262
f 1543/1/2263 1566/1/2263 1567/1/2263
f 1568/1/2264 1567/1/2264 1563/1/2264
f 1602/1/2265 1571/1/2265 1569/1/2265
f 1535/1/2266 1565/1/2266 1533/1/2266
f 1535/1/2267 1546/1/2267 1569/1/2267
f 1569/1/2268 1570/1/2268 1565/1/2268
f 1571/1/2269 1570/1/2269 1569/1/2269
f 1546/1/2270 1548/1/2271 1569/1/2272
f 1569/1/2272 1548/1/2271 1602/1/2273
f 1552/1/2274 1572/1/2274 1574/1/2274
f 1598/1/2275 1629/1/2275 1600/1/2275
f 1577/1/2276 1576/1/2276 1537/1/2276
f 1560/1/2277 1575/1/2277 1553/1/2277
f 1599/1/2278 1575/1/2278 1560/1/2278
f 1595/1/2279 1579/1/2279 1594/1/2279
f 1705/1/2280 1661/1/2280 1699/1/2280
f 1520/1/2281 1557/1/2281 1542/1/2281
f 1590/1/2282 1588/1/2282 1591/1/2282
f 1583/1/2283 1597/1/2283 1585/1/2283
f 1585/1/2284 1584/1/2285 1586/1/2286
f 1578/1/2287 1547/1/2288 1540/1/2289
f 1583/1/2290 1585/1/2290 1587/1/2290
f 1582/1/2291 1543/1/2291 1588/1/2291
f 1588/1/2292 1590/1/2292 1582/1/2292
f 1624/1/2293 1547/1/2293 1578/1/2293
f 1618/1/2294 1581/1/2294 1595/1/2294
f 1527/1/2295 1555/1/2295 1553/1/2295
f 1552/1/2296 1610/1/2296 1594/1/2296
f 1658/1/2297 1220/1/2297 1657/1/2297
f 1628/1/2298 1629/1/2298 1598/1/2298
f 1560/1/2299 1562/1/2299 1599/1/2299
f 1597/1/2300 1583/1/2300 1598/1/2300
f 1624/1/2301 1592/1/2301 1547/1/2301
f 1600/1/2302 1599/1/2302 1598/1/2302
f 1567/1/2303 1588/1/2303 1543/1/2303
f 1588/1/2304 1567/1/2304 1601/1/2304
f 1568/1/2305 1603/1/2305 1567/1/2305
f 1573/1/2306 1574/1/2306 1572/1/2306
f 1567/1/2307 1603/1/2307 1601/1/2307
f 1601/1/2308 1603/1/2308 1589/1/2308
f 1603/1/2309 1571/1/2309 1604/1/2309
f 1604/1/2310 1605/1/2310 1603/1/2310
f 1603/1/2311 1607/1/2311 1606/1/2311
f 1603/1/2312 1605/1/2312 1607/1/2312
f 1607/1/2313 1605/1/2313 1642/1/2313
f 1609/1/2314 1642/1/2314 1605/1/2314
f 1600/1/2315 1575/1/2315 1599/1/2315
f 1574/1/2316 1573/1/2316 1612/1/2316
f 1612/1/2317 1646/1/2317 1669/1/2317
f 1617/1/2318 1656/1/2318 1615/1/2318
f 1615/1/2319 1659/1/2319 1617/1/2319
f 1656/1/980 1658/1/2320 1657/1/978
f 1619/1/2321 1659/1/2321 1615/1/2321
f 712/1/2322 716/1/2322 622/1/2322
f 1597/1/2323 1582/1/2323 1585/1/2323
f 1619/1/2324 1614/1/2324 1581/1/2324
f 1666/1/2325 1662/1/2325 1620/1/2325
f 1581/1/2326 1620/1/2326 1619/1/2326
f 1231/1/2327 1619/1/2327 1620/1/2327
f 1581/1/2328 1666/1/2328 1620/1/2328
f 1663/1/2329 1659/1/2329 1619/1/2329
f 1621/1/2330 1591/1/2330 1622/1/2330
f 1584/1/2331 1582/1/2331 1590/1/2331
f 1587/1/2332 1586/1/2332 1621/1/2332
f 1621/1/2333 1634/1/2333 1632/1/2333
f 1622/1/2334 1623/1/2334 1621/1/2334
f 1627/1/2335 1618/1/2335 1595/1/2335
f 1625/1/2336 1593/1/2336 1592/1/2336
f 1608/1/2337 1593/1/2337 1644/1/2337
f 1661/1/2338 1706/1/2338 1624/1/2338
f 1592/1/2339 1624/1/2339 1625/1/2339
f 1626/1/2340 1618/1/2341 1627/1/2342
f 1626/1/2340 1666/1/2343 1618/1/2341
f 1631/1/2344 1629/1/2344 1628/1/2344
f 1629/1/2345 1631/1/2345 1630/1/2345
f 1650/1/2346 1631/1/2346 1635/1/2346
f 1650/1/2347 1633/1/2347 1631/1/2347
f 1634/1/2348 1621/1/2348 1623/1/2348
f 1633/1/2349 1630/1/2350 1631/1/2351
f 1632/1/2352 1635/1/2352 1631/1/2352
f 1640/1/2353 1636/1/2353 1641/1/2353
f 1641/1/2354 1636/1/2354 1634/1/2354
f 1641/1/2355 1607/1/2355 1639/1/2355
f 1640/1/2356 1641/1/2356 1639/1/2356
f 1642/1/2357 1639/1/2357 1607/1/2357
f 1637/1/2358 1636/1/2358 1640/1/2358
f 1637/1/2359 1640/1/2359 1639/1/2359
f 1636/1/2360 1635/1/2360 1634/1/2360
f 1609/1/2361 1602/1/2361 1608/1/2361
f 1607/1/2362 1638/1/2362 1606/1/2362
f 1593/1/2363 1608/1/2363 1602/1/2363
f 1643/1/2364 1642/1/2364 1609/1/2364
f 1608/1/2365 1645/1/2365 1609/1/2365
f 1644/1/2366 1645/1/2367 1608/1/2368
f 1611/1/2369 1646/1/2369 1612/1/2369
f 1646/1/2370 1611/1/2370 1613/1/2370
f 1648/1/2371 1669/1/2372 1646/1/2373
f 1613/1/2374 1633/1/2374 1647/1/2374
f 1613/1/2375 1647/1/2375 1646/1/2375
f 1649/1/2376 1648/1/2376 1652/1/2376
f 1633/1/2377 1650/1/2377 1647/1/2377
f 1651/1/2378 1647/1/2378 1650/1/2378
f 1693/1/2379 1651/1/2379 1655/1/2379
f 1651/1/2380 1650/1/2380 1637/1/2380
f 1652/1/2381 1648/1/2381 1647/1/2381
f 1653/1/2382 1647/1/2382 1651/1/2382
f 1654/1/2383 1651/1/2383 1639/1/2383
f 1654/1/2384 1655/1/2384 1651/1/2384
f 1651/1/2385 1637/1/2385 1639/1/2385
f 1645/1/2386 1655/1/2386 1643/1/2386
f 1643/1/2387 1654/1/2387 1642/1/2387
f 1698/1/2388 1655/1/2389 1697/1/2390
f 1658/1/2391 1656/1/2392 1617/1/2393
f 1658/1/2394 1659/1/2394 1660/1/2394
f 1663/1/2395 1236/1/2395 1659/1/2395
f 1222/1/2396 1221/1/2397 1660/1/2398
f 1659/1/2399 1658/1/2391 1617/1/2393
f 1222/1/2400 1660/1/2400 1236/1/2400
f 748/1/1099 671/1/2401 716/1/1100
f 1705/1/2402 1706/1/2402 1661/1/2402
f 1720/1/2403 1717/1/2403 1688/1/2403
f 1674/1/2404 1676/1/2404 1677/1/2404
f 1688/1/2405 1697/1/2405 1645/1/2405
f 1240/1/2406 1662/1/2406 1667/1/2406
f 1668/1/2407 1666/1/2408 1626/1/2409
f 1627/1/2410 1671/1/2410 1668/1/2410
f 1240/1/2411 1667/1/2411 1670/1/2411
f 1587/1/2412 1628/1/2412 1583/1/2412
f 1669/1/2413 1671/1/2413 1627/1/2413
f 1626/1/2409 1627/1/2414 1668/1/2407
f 1667/1/2415 1668/1/2415 1670/1/2415
f 1251/1/2416 1670/1/2416 1691/1/2416
f 1669/1/2417 1672/1/2417 1671/1/2417
f 1671/1/2418 1670/1/2418 1668/1/2418
f 1696/1/2419 1725/1/2419 1652/1/2419
f 1674/1/2420 1679/1/2420 1676/1/2420
f 1675/1/2421 1674/1/2421 1677/1/2421
f 1710/1/2422 1677/1/2422 1708/1/2422
f 1682/1/2423 1693/1/2424 1680/1/2425
f 1684/1/2426 1686/1/2426 1685/1/2426
f 1678/1/2427 1683/1/2427 1679/1/2427
f 1680/1/2428 1681/1/2428 1678/1/2428
f 1680/1/2425 1674/1/2429 1682/1/2423
f 1678/1/2430 1679/1/2430 1680/1/2430
f 1678/1/2431 1685/1/2431 1665/1/2431
f 1681/1/2432 1684/1/2432 1678/1/2432
f 1685/1/2433 1678/1/2433 1684/1/2433
f 1684/1/2434 1698/1/2434 1697/1/2434
f 1720/1/2435 1689/1/2436 1721/1/2437
f 1645/1/2367 1644/1/2366 1688/1/2438
f 1644/1/2439 1625/1/2439 1689/1/2439
f 1688/1/2440 1644/1/2440 1689/1/2440
f 1688/1/2441 1689/1/2441 1720/1/2441
f 1671/1/2442 1673/1/2442 1670/1/2442
f 1691/1/2443 1670/1/2443 1673/1/2443
f 1648/1/2371 1649/1/2444 1669/1/2372
f 1696/1/2445 1652/1/2446 1653/1/2447
f 1669/1/2448 1726/1/2448 1692/1/2448
f 1649/1/2449 1725/1/2449 1726/1/2449
f 1725/1/2450 1649/1/2450 1652/1/2450
f 1669/1/2451 1692/1/2451 1672/1/2451
f 1651/1/2452 1693/1/2452 1694/1/2452
f 1651/1/2453 1694/1/2453 1653/1/2453
f 1653/1/2447 1694/1/2454 1696/1/2445
f 1694/1/2455 1682/1/2455 1674/1/2455
f 1731/1/2456 1696/1/2456 1695/1/2456
f 1675/1/2457 1728/1/2457 1695/1/2457
f 1729/1/2458 1695/1/2458 1728/1/2458
f 1674/1/2459 1695/1/2459 1694/1/2459
f 1695/1/2460 1674/1/2460 1675/1/2460
f 1680/1/2461 1693/1/2461 1698/1/2461
f 1681/1/2462 1698/1/2462 1684/1/2462
f 1697/1/2463 1686/1/2463 1684/1/2463
f 1734/1/2464 1256/1/2464 1257/1/2464
f 1683/1/2465 1664/1/2465 1700/1/2465
f 1701/1/2466 1741/1/2466 1709/1/2466
f 1741/1/2467 1701/1/2467 1742/1/2467
f 1703/1/2468 1702/1/2468 1701/1/2468
f 1742/1/2469 1701/1/2469 1702/1/2469
f 1665/1/2470 1714/1/2470 1703/1/2470
f 1714/1/2471 1704/1/2471 1703/1/2471
f 1704/1/2472 1702/1/2472 1703/1/2472
f 1702/1/2473 1704/1/2473 1752/1/2473
f 1711/1/2474 1708/1/2474 1709/1/2474
f 1708/1/2475 1676/1/2475 1709/1/2475
f 1728/1/2476 1675/1/2476 1710/1/2476
f 1728/1/2477 1712/1/2477 1732/1/2477
f 1687/1/2478 1686/1/2478 1716/1/2478
f 1712/1/2479 1713/1/2479 1745/1/2479
f 1770/1/2480 1720/1/2480 1772/1/2480
f 1697/1/2481 1688/1/2481 1717/1/2481
f 1687/1/2482 1704/1/2482 1714/1/2482
f 1715/1/2483 1704/1/2483 1687/1/2483
f 1716/1/2484 1715/1/2484 1687/1/2484
f 1715/1/2485 1750/1/2485 1704/1/2485
f 1715/1/2486 1718/1/2486 1750/1/2486
f 1718/1/2487 1715/1/2487 1716/1/2487
f 1752/1/2488 1704/1/2488 1750/1/2488
f 1719/1/2489 1718/1/2489 1769/1/2489
f 1769/1/2490 1718/1/2490 1768/1/2490
f 1690/1/2491 1707/1/2491 1756/1/2491
f 1735/1/2492 1257/1/2492 1272/1/2492
f 1756/1/2493 1689/1/2493 1690/1/2493
f 1269/1/2494 1673/1/2494 1722/1/2494
f 1692/1/2495 1722/1/2495 1672/1/2495
f 1723/1/2496 1724/1/2496 1722/1/2496
f 1269/1/2497 1724/1/2497 1280/1/2497
f 1725/1/2498 1696/1/2498 1730/1/2498
f 1726/1/2499 1727/1/2499 1692/1/2499
f 1763/1/2500 1727/1/2500 1726/1/2500
f 1696/1/2501 1731/1/2501 1730/1/2501
f 1763/1/2502 1726/1/2502 1725/1/2502
f 1729/1/2503 1731/1/2503 1695/1/2503
f 1732/1/2504 1729/1/2504 1728/1/2504
f 1711/1/2505 1746/1/2505 1708/1/2505
f 1765/1/2506 1732/1/2506 1766/1/2506
f 1729/1/2507 1732/1/2507 1733/1/2507
f 1729/1/2508 1733/1/2508 1731/1/2508
f 1733/1/2509 1730/1/2509 1731/1/2509
f 1725/1/2510 1730/1/2510 1733/1/2510
f 1736/1/2511 1734/1/2511 1257/1/2511
f 774/1/2512 803/1/2512 313/1/2512
f 1736/1/2513 1257/1/2513 1735/1/2513
f 807/1/2514 1737/1/2514 777/1/2514
f 808/1/2515 778/1/1140 799/1/1142
f 1739/1/2516 1740/1/2516 1738/1/2516
f 1272/1/2517 1271/1/2517 1284/1/2517
f 1752/1/2518 1742/1/2518 1702/1/2518
f 1677/1/2519 1676/1/2519 1708/1/2519
f 1707/1/2520 1744/1/2520 1756/1/2520
f 1791/1/2521 1763/1/2521 1793/1/2521
f 1711/1/2522 1709/1/2522 1741/1/2522
f 1705/1/2523 1707/1/2523 1706/1/2523
f 1746/1/2524 1741/1/2524 1749/1/2524
f 1796/1/2525 1798/1/2525 1797/1/2525
f 1749/1/2526 1747/1/2526 1746/1/2526
f 1713/1/2527 1746/1/2527 1747/1/2527
f 1747/1/2528 1745/1/2528 1713/1/2528
f 1745/1/2529 1747/1/2529 1748/1/2529
f 1747/1/2530 1749/1/2530 1748/1/2530
f 1749/1/2531 1754/1/2531 1748/1/2531
f 1766/1/2532 1748/1/2532 1751/1/2532
f 1754/1/2533 1753/1/2533 1752/1/2533
f 1737/1/2534 1739/1/2534 1738/1/2534
f 1755/1/2535 1721/1/2535 1756/1/2535
f 1759/1/2536 1727/1/2536 1764/1/2536
f 1772/1/2537 1721/1/2537 1800/1/2537
f 1780/1/2538 1743/1/2538 1740/1/2538
f 1785/1/2539 1744/1/2539 1783/1/2539
f 1760/1/2540 1758/1/2540 1280/1/2540
f 1758/1/2541 1760/1/2541 1761/1/2541
f 1735/1/2542 1773/1/2542 1736/1/2542
f 1767/1/2543 1765/1/2543 1797/1/2543
f 1792/1/2544 1764/1/2544 1791/1/2544
f 1751/1/2545 1769/1/2545 1766/1/2545
f 1732/1/2546 1712/1/2546 1745/1/2546
f 1767/1/2547 1733/1/2547 1765/1/2547
f 1767/1/2548 1794/1/2548 1793/1/2548
f 1745/1/2549 1766/1/2549 1732/1/2549
f 1754/1/2550 1751/1/2550 1748/1/2550
f 1766/1/2551 1769/1/2551 1765/1/2551
f 1768/1/2552 1797/1/2552 1765/1/2552
f 1797/1/2553 1794/1/2553 1767/1/2553
f 1770/1/2554 1771/1/2554 1796/1/2554
f 1770/1/2555 1718/1/2555 1717/1/2555
f 1768/1/2556 1718/1/2556 1770/1/2556
f 1796/1/2557 1768/1/2557 1770/1/2557
f 1772/1/2558 1771/1/2558 1770/1/2558
f 1772/1/2559 1800/1/2559 1801/1/2559
f 1792/1/2560 1789/1/2560 1764/1/2560
f 805/1/2561 1773/1/2561 1774/1/2561
f 1806/1/2562 1773/1/2562 1776/1/2562
f 1806/1/2563 1775/1/2563 1773/1/2563
f 1287/1/2564 1806/1/2564 1776/1/2564
f 1778/1/2565 1739/1/2565 1737/1/2565
f 1287/1/2566 1776/1/2566 1285/1/2566
f 1779/1/2567 1778/1/2567 1777/1/2567
f 1810/1/2568 1779/1/2568 1777/1/2568
f 808/1/2569 799/1/2569 802/1/2569
f 1778/1/2570 1780/1/2570 1740/1/2570
f 1755/1/2571 1757/1/2571 1785/1/2571
f 1784/1/2572 1783/1/2572 1782/1/2572
f 1337/1/2573 1326/1/2573 1822/1/2573
f 1781/1/2574 1779/1/2574 1814/1/2574
f 1783/1/2575 1818/1/2575 1785/1/2575
f 1755/1/2576 1785/1/2576 1787/1/2576
f 1822/1/2577 1302/1/2577 1282/1/2577
f 1762/1/2578 1764/1/2578 1789/1/2578
f 1760/1/2579 1762/1/2579 1788/1/2579
f 1775/1/2580 848/1/2580 1774/1/2580
f 1762/1/2581 1789/1/2581 1790/1/2581
f 1788/1/2582 1790/1/2582 1804/1/2582
f 1795/1/2583 1791/1/2583 1793/1/2583
f 1794/1/2584 1795/1/2584 1793/1/2584
f 1798/1/2585 1799/1/2585 1794/1/2585
f 1832/1/2586 1831/1/2586 1835/1/2586
f 1796/1/2587 1771/1/2587 1798/1/2587
f 1839/1/2588 1822/1/2588 1837/1/2588
f 1798/1/2589 1771/1/2589 1828/1/2589
f 1831/1/2590 1828/1/2590 1771/1/2590
f 1837/1/2591 1838/1/2591 1839/1/2591
f 1801/1/2592 1800/1/2592 1802/1/2592
f 1761/1/2593 1760/1/2593 1803/1/2593
f 1822/1/2594 1803/1/2594 1837/1/2594
f 1282/1/2595 1803/1/2595 1822/1/2595
f 1788/1/2596 1837/1/2596 1760/1/2596
f 808/1/2597 807/1/2597 778/1/2597
f 1775/1/2598 1806/1/2598 1805/1/2598
f 1806/1/2599 1287/1/2599 1813/1/2599
f 1805/1/2600 848/1/2600 1775/1/2600
f 1851/1/2601 1805/1/2601 1806/1/2601
f 1838/1/2602 1804/1/2602 1910/1/2602
f 1850/1/2603 1809/1/2603 1848/1/2603
f 1740/1/2604 1739/1/2604 1778/1/2604
f 1812/1/2605 1811/1/2605 1810/1/2605
f 1811/1/2606 1779/1/2606 1810/1/2606
f 1808/1/2607 1810/1/2607 1807/1/2607
f 1815/1/2608 1814/1/2609 1811/1/2610
f 1809/1/2611 1810/1/2611 1808/1/2611
f 1812/1/2612 1810/1/2612 1809/1/2612
f 1806/1/2613 1813/1/2613 1851/1/2613
f 1870/1/2614 1812/1/2614 1809/1/2614
f 1815/1/2615 1812/1/2615 1870/1/2615
f 1821/1/2616 1785/1/2616 1818/1/2616
f 1792/1/2617 1823/1/2618 1790/1/2619
f 1786/1/2620 1785/1/2620 1821/1/2620
f 1881/1/2621 1877/1/2621 1827/1/2621
f 1824/1/2622 1891/1/2622 1910/1/2622
f 1821/1/2623 1818/1/2623 1886/1/2623
f 1826/1/2624 1795/1/2624 1794/1/2624
f 1823/1/2618 1792/1/2617 1825/1/2625
f 1824/1/2626 1823/1/2626 1891/1/2626
f 1891/1/2627 1823/1/2627 1825/1/2627
f 1798/1/2628 1794/1/2628 1797/1/2628
f 1827/1/2629 1829/1/2629 1828/1/2629
f 1819/1/2630 1829/1/2630 1877/1/2630
f 1799/1/2631 1829/1/2631 1819/1/2631
f 1760/1/2632 1837/1/2632 1803/1/2632
f 1827/1/2633 1828/1/2633 1831/1/2633
f 1832/1/2634 1834/1/2634 1833/1/2634
f 1832/1/2635 1835/1/2635 1900/1/2635
f 1787/1/2636 1820/1/2636 1802/1/2636
f 1802/1/2637 1836/1/2637 1801/1/2637
f 1802/1/2638 1820/1/2638 1836/1/2638
f 1787/1/2639 1786/1/2640 1820/1/2641
f 1823/1/2642 1824/1/2642 1790/1/2642
f 1909/1/2643 1943/1/2643 1910/1/2643
f 1822/1/2644 1839/1/2644 1337/1/2644
f 1839/1/2645 1908/1/2645 1338/1/2645
f 1908/1/2646 1838/1/2647 1943/1/2648
f 1851/1/2649 1840/1/2649 1805/1/2649
f 1844/1/2650 1843/1/2650 1842/1/2650
f 915/1/2651 1841/1/2651 1843/1/2651
f 1841/1/2652 1840/1/2652 1842/1/2652
f 1994/1/2653 1997/1/2653 1982/1/2653
f 1808/1/2654 1849/1/2654 1848/1/2654
f 1847/1/2655 1858/1/2655 1863/1/2655
f 1863/1/2656 1849/1/2656 920/1/2656
f 1848/1/2657 1849/1/2657 1860/1/2657
f 1846/1/2658 1847/1/2658 1863/1/2658
f 921/1/2659 903/1/2659 898/1/2659
f 1870/1/2660 1868/1/2660 1915/1/2660
f 1863/1/2661 1857/1/2661 1849/1/2661
f 1860/1/2662 1849/1/2662 1861/1/2662
f 1849/1/2663 1808/1/2663 920/1/2663
f 1850/1/2664 1848/1/2664 1864/1/2664
f 1851/1/2665 1852/1/2665 1840/1/2665
f 1854/1/2666 1852/1/2666 1853/1/2666
f 1856/1/2667 1852/1/2667 1854/1/2667
f 1342/1/2668 1343/1/2668 1341/1/2668
f 1852/1/2669 1844/1/2669 1840/1/2669
f 1855/1/2670 1844/1/2670 1852/1/2670
f 1855/1/2671 1852/1/2671 1856/1/2671
f 1859/1/2672 1857/1/2672 1858/1/2672
f 1870/1/2673 1816/1/2673 1865/1/2673
f 1865/1/2674 1868/1/2674 1870/1/2674
f 1862/1/2675 1849/1/2675 1857/1/2675
f 1935/1/2676 1902/1/2676 1937/1/2676
f 1922/1/2677 1857/1/2677 1859/1/2677
f 1816/1/2678 1809/1/2678 1850/1/2678
f 1865/1/2679 1816/1/2679 1850/1/2679
f 1866/1/2680 1864/1/2680 1861/1/2680
f 1865/1/2681 1850/1/2681 1864/1/2681
f 1866/1/2682 1865/1/2682 1864/1/2682
f 1883/1/2683 1866/1/2683 1861/1/2683
f 1866/1/2684 1883/1/2684 1885/1/2684
f 1867/1/2685 1868/1/2685 1865/1/2685
f 1866/1/2686 1885/1/2686 1867/1/2686
f 1814/1/2687 1782/1/2687 1781/1/2687
f 1817/1/2688 1815/1/2688 1870/1/2688
f 1817/1/2689 1871/1/2689 1815/1/2689
f 1871/1/2690 1784/1/2690 1815/1/2690
f 1918/1/2691 1871/1/2692 1817/1/2693
f 1870/1/2694 1917/1/2695 1817/1/2696
f 1918/1/2691 1873/1/2697 1871/1/2692
f 1360/1/2698 1350/1/2698 1349/1/2698
f 1351/1/2699 1919/1/2699 1347/1/2699
f 1878/1/2700 1879/1/2700 1862/1/2700
f 1894/1/2701 1876/1/2701 1874/1/2701
f 1827/1/2702 1877/1/2702 1829/1/2702
f 1878/1/2703 1819/1/2703 1877/1/2703
f 1877/1/2704 1879/1/2704 1878/1/2704
f 1877/1/2705 1883/1/2705 1879/1/2705
f 1878/1/2706 1862/1/2706 1880/1/2706
f 1880/1/2707 1830/1/2707 1819/1/2707
f 1884/1/2708 1881/1/2708 1882/1/2708
f 1883/1/2709 1884/1/2709 1885/1/2709
f 1868/1/2710 1867/1/2710 1869/1/2710
f 1926/1/2711 1821/1/2712 1886/1/2713
f 1929/1/2714 1907/1/2714 1906/1/2714
f 1906/1/2715 1926/1/2715 1929/1/2715
f 1874/1/2716 1888/1/2716 1894/1/2716
f 1832/1/2717 1833/1/2717 1831/1/2717
f 1893/1/2718 1889/1/2718 1887/1/2718
f 1895/1/2719 1876/1/2719 1892/1/2719
f 1893/1/2720 1894/1/2720 1889/1/2720
f 1894/1/2721 1893/1/2721 1876/1/2721
f 1893/1/2722 1891/1/2722 1892/1/2722
f 1880/1/2723 1921/1/2723 1897/1/2723
f 1899/1/2724 1898/1/2724 1834/1/2724
f 1877/1/2725 1881/1/2725 1883/1/2725
f 1836/1/2726 1835/1/2727 1801/1/2726
f 1902/1/2728 1899/1/2729 1900/1/2730
f 1898/1/2731 1933/1/2731 1882/1/2731
f 1934/1/2732 1898/1/2732 1899/1/2732
f 1937/1/2733 1902/1/2733 1900/1/2733
f 1901/1/2734 1937/1/2735 1900/1/2736
f 1941/1/2737 1901/1/2737 1938/1/2737
f 1903/1/2738 1904/1/2738 1836/1/2738
f 1904/1/2739 1903/1/2739 1905/1/2739
f 1901/1/2740 1904/1/2740 1938/1/2740
f 1905/1/2741 1939/1/2741 1904/1/2741
f 1373/1/2742 1338/1/2742 1908/1/2742
f 1943/1/2743 1392/1/2743 1908/1/2743
f 1373/1/2744 1908/1/2744 1392/1/2744
f 1909/1/2745 1887/1/2745 1889/1/2745
f 1910/1/2746 1887/1/2746 1909/1/2746
f 1854/1/2747 1911/1/2747 1856/1/2747
f 1911/1/2748 1913/1/2748 1856/1/2748
f 1845/1/2749 1844/1/2749 1855/1/2749
f 1856/1/2750 1913/1/2750 1912/1/2750
f 1868/1/2751 2137/1/2751 1915/1/2751
f 1913/1/2752 1914/1/2752 1912/1/2752
f 1912/1/2753 1847/1/2753 1845/1/2753
f 1847/1/2754 1914/1/2754 1858/1/2754
f 1917/1/2755 1870/1/2755 1915/1/2755
f 2136/1/2756 2137/1/2757 1868/1/2758
f 1869/1/2759 2136/1/2759 1868/1/2759
f 1869/1/2760 1916/1/2761 2136/1/2762
f 1918/1/2763 1817/1/2696 1917/1/2695
f 1856/1/2764 1912/1/2764 1855/1/2764
f 1919/1/2765 1874/1/2765 1920/1/2765
f 1920/1/2766 1913/1/2766 1911/1/2766
f 1883/1/2767 1861/1/2767 1862/1/2767
f 1921/1/2768 1875/1/2768 1876/1/2768
f 1914/1/2769 1913/1/2769 1920/1/2769
f 1920/1/2770 1875/1/2770 1923/1/2770
f 1924/1/2771 1859/1/2771 1923/1/2771
f 1923/1/2772 1859/1/2772 1914/1/2772
f 1921/1/2773 1923/1/2773 1875/1/2773
f 1885/1/2774 1916/1/2774 1867/1/2774
f 1927/1/2775 1929/1/2775 1926/1/2775
f 1873/1/2776 2142/1/2777 1872/1/2778
f 1928/1/2779 1927/1/2779 1872/1/2779
f 1928/1/2780 1872/1/2780 2142/1/2780
f 1377/1/2781 1890/1/2781 1350/1/2781
f 1888/1/2782 1930/1/2782 1931/1/2782
f 1891/1/2783 1895/1/2783 1892/1/2783
f 1932/1/2784 1930/1/2784 1377/1/2784
f 2106/1/2785 1378/1/2785 1361/1/2785
f 1931/1/2786 1930/1/2786 2107/1/2786
f 1925/1/2787 1882/1/2787 1933/1/2787
f 1935/1/2788 1934/1/2788 1902/1/2788
f 1941/1/2789 2144/1/2790 1937/1/2791
f 402/1/2792 407/1/2792 1948/1/2792
f 1934/1/2793 2144/1/2794 1936/1/2795
f 1933/1/2796 1934/1/2793 1936/1/2795
f 1935/1/2797 2144/1/2797 1934/1/2797
f 1933/1/2798 1936/1/2799 1925/1/2800
f 2144/1/2801 1935/1/2801 1937/1/2801
f 1901/1/2802 1836/1/2802 1904/1/2802
f 2148/1/2803 2144/1/2803 2145/1/2803
f 1939/1/2804 1938/1/2804 1904/1/2804
f 1942/1/2805 1939/1/2805 1905/1/2805
f 1907/1/2806 1929/1/2806 2149/1/2806
f 1931/1/2807 1909/1/2807 1889/1/2807
f 1911/1/2808 1854/1/2808 1343/1/2808
f 1932/1/2809 2107/1/2809 1930/1/2809
f 1945/1/2810 1953/1/2810 1962/1/2810
f 399/1/2811 1946/1/2811 1947/1/2811
f 1947/1/2812 1957/1/2812 399/1/2812
f 1957/1/2813 1947/1/2813 1969/1/2813
f 1952/1/2814 408/1/2814 384/1/2814
f 1950/1/2815 407/1/2815 1949/1/2815
f 405/1/2816 402/1/2816 1948/1/2816
f 1974/1/2817 1970/1/2817 1964/1/2817
f 1948/1/2818 1950/1/2818 405/1/2818
f 1952/1/2819 1959/1/2819 1960/1/2819
f 409/1/2820 412/1/2820 1959/1/2820
f 1954/1/2821 923/1/2821 925/1/2821
f 1955/1/2822 411/1/2822 926/1/2822
f 926/1/2823 923/1/2823 1954/1/2823
f 1954/1/2824 925/1/2824 1957/1/2824
f 926/1/2825 1954/1/2825 1966/1/2825
f 1958/1/2826 926/1/2826 1966/1/2826
f 1956/1/2827 1955/1/2827 1958/1/2827
f 1966/1/2828 1954/1/2828 1957/1/2828
f 1955/1/2829 926/1/2829 1958/1/2829
f 1947/1/2830 1946/1/2831 1971/1/2832
f 1951/1/2833 1950/1/2833 1949/1/2833
f 1949/1/2834 407/1/2834 405/1/2834
f 1946/1/2831 1962/1/2835 1971/1/2832
f 1969/1/2836 1965/1/2836 1957/1/2836
f 1964/1/2837 1970/1/2837 1963/1/2837
f 1960/1/2838 1961/1/2838 1953/1/2838
f 1962/1/2839 1953/1/2839 1961/1/2839
f 1974/1/2840 1965/1/2841 1972/1/2842
f 1964/1/2843 1963/1/2843 1959/1/2843
f 1958/1/2844 1967/1/2844 1956/1/2844
f 1966/1/2845 1967/1/2845 1958/1/2845
f 1967/1/2846 1966/1/2846 1965/1/2846
f 1964/1/2847 1967/1/2847 1974/1/2847
f 2256/1/2848 2261/1/2848 2262/1/2848
f 1963/1/2849 1970/1/2849 1973/1/2849
f 1965/1/2850 1969/1/2850 1972/1/2850
f 1979/1/2851 1981/1/2851 1980/1/2851
f 1972/1/2852 1968/1/2852 1977/1/2852
f 1973/1/2853 1975/1/2854 1971/1/2855
f 1971/1/2856 1975/1/2856 1968/1/2856
f 1974/1/2840 1972/1/2842 1977/1/2857
f 1977/1/2858 1968/1/2858 1975/1/2858
f 1976/1/2859 1975/1/2859 1973/1/2859
f 1977/1/2860 1976/1/2860 1979/1/2860
f 1980/1/2861 1977/1/2861 1979/1/2861
f 1976/1/2862 1978/1/2862 1979/1/2862
f 1991/1/2863 956/1/2863 949/1/2863
f 1982/1/2864 933/1/2864 927/1/2864
f 1985/1/2865 1994/1/2865 934/1/2865
f 1985/1/2866 931/1/2866 1983/1/2866
f 1984/1/2867 943/1/2867 2007/1/2867
f 1985/1/2868 932/1/2869 2000/1/2870
f 1985/1/2871 934/1/2871 931/1/2871
f 1985/1/2868 1983/1/2872 932/1/2869
f 1994/1/2873 1995/1/2873 1996/1/2873
f 1986/1/2874 933/1/2874 1982/1/2874
f 1984/1/2875 2000/1/2875 932/1/2875
f 945/1/2876 2007/1/2876 943/1/2876
f 1988/1/2877 945/1/2878 907/1/2879
f 906/1/2880 908/1/2880 842/1/2880
f 955/1/2881 1988/1/2881 907/1/2881
f 1988/1/2877 2007/1/2882 945/1/2878
f 947/1/2883 2004/1/2884 1992/1/2885
f 1989/1/1412 1990/1/2886 955/1/1410
f 844/1/2887 837/1/2887 912/1/2887
f 947/1/1394 1992/1/2888 948/1/1395
f 1990/1/2889 1988/1/2889 955/1/2889
f 1989/1/2890 909/1/2890 1993/1/2890
f 1997/1/2891 2003/1/2891 1982/1/2891
f 586/1/2892 612/1/2892 611/1/2892
f 1997/1/2893 1998/1/2893 2003/1/2893
f 2012/1/2894 1997/1/2894 1996/1/2894
f 1995/1/2895 1985/1/2895 1996/1/2895
f 1987/1/2896 1982/1/2896 2003/1/2896
f 1999/1/2897 2003/1/2897 1998/1/2897
f 2003/1/2898 2004/1/2898 1987/1/2898
f 949/1/2899 1992/1/2900 2024/1/2901
f 2019/1/2902 2004/1/2902 2003/1/2902
f 1992/1/2885 2004/1/2884 2005/1/2903
f 2024/1/2904 1992/1/2904 2006/1/2904
f 1985/1/2905 2000/1/2906 1996/1/2907
f 2001/1/2908 1984/1/2908 2007/1/2908
f 2008/1/2909 2002/1/2910 1988/1/2911
f 949/1/2912 2024/1/2912 2011/1/2912
f 1990/1/2913 2010/1/2913 2008/1/2913
f 2009/1/2914 2010/1/2914 1990/1/2914
f 663/1/2915 621/1/2915 1576/1/2915
f 2007/1/2916 1988/1/2916 2002/1/2916
f 2021/1/2917 2009/1/2917 1993/1/2917
f 1991/1/2918 2021/1/2918 1993/1/2918
f 2021/1/2919 1991/1/2919 2011/1/2919
f 2022/1/2920 2010/1/2920 2009/1/2920
f 2015/1/2921 2012/1/2922 1996/1/2923
f 2012/1/2924 2026/1/2924 2013/1/2924
f 2026/1/2925 2012/1/2922 2015/1/2921
f 2013/1/2926 1999/1/2926 1998/1/2926
f 1999/1/2927 2028/1/2927 2019/1/2927
f 2013/1/2928 2028/1/2928 1999/1/2928
f 2014/1/2929 2015/1/2929 1996/1/2929
f 2002/1/2930 2018/1/2930 2001/1/2930
f 2016/1/2931 2014/1/2931 2018/1/2931
f 2014/1/2932 2000/1/2932 2018/1/2932
f 2006/1/2933 1992/1/2933 2005/1/2933
f 2023/1/2934 2024/1/2934 2025/1/2934
f 2036/1/2935 2020/1/2935 2028/1/2935
f 2021/1/2936 2011/1/2936 2023/1/2936
f 1578/1/2937 590/1/2937 589/1/2937
f 539/1/2938 551/1/2938 582/1/2938
f 2024/1/2939 2023/1/2939 2011/1/2939
f 2113/1/2940 2108/1/2940 2122/1/2940
f 2026/1/2941 2015/1/2942 2027/1/2943
f 2122/1/2944 2123/1/2944 2121/1/2944
f 2015/1/2945 2016/1/2946 2027/1/2947
f 2027/1/2943 2033/1/2948 2026/1/2941
f 2027/1/2949 2035/1/2950 2033/1/2951
f 2035/1/2952 2027/1/2952 2016/1/2952
f 2028/1/2953 2013/1/2953 2037/1/2953
f 2016/1/2954 2018/1/2954 2043/1/2954
f 2028/1/2955 2020/1/2955 2030/1/2955
f 2039/1/2956 2038/1/2956 2013/1/2956
f 2017/1/2957 2043/1/2958 2018/1/2959
f 2022/1/2960 2023/1/2960 2029/1/2960
f 2029/1/2961 2042/1/2962 2017/1/2963
f 2035/1/2964 2016/1/2964 2043/1/2964
f 2042/1/2965 2043/1/2965 2017/1/2965
f 2032/1/2966 2023/1/2966 2025/1/2966
f 2034/1/2967 2035/1/2968 2043/1/2969
f 2037/1/2970 2013/1/2970 2038/1/2970
f 2037/1/2971 2036/1/2971 2028/1/2971
f 2067/1/2972 2048/1/2972 2058/1/2972
f 2053/1/2973 2052/1/2973 2040/1/2973
f 2048/1/2974 2038/1/2974 2039/1/2974
f 2052/1/2975 2047/1/2975 2037/1/2975
f 2029/1/2976 2041/1/2976 2042/1/2976
f 2041/1/2977 2044/1/2977 2042/1/2977
f 2033/1/2951 2035/1/2950 2039/1/2978
f 2042/1/2979 2034/1/2979 2043/1/2979
f 2047/1/2980 2046/1/2980 2031/1/2980
f 2058/1/2981 2073/1/2981 2076/1/2981
f 2032/1/2982 2045/1/2982 2041/1/2982
f 2050/1/2983 2049/1/2983 2035/1/2983
f 2039/1/2984 2035/1/2984 2049/1/2984
f 2035/1/2968 2034/1/2967 2050/1/2985
f 2049/1/2986 2062/1/2986 2059/1/2986
f 2058/1/2987 2049/1/2987 2059/1/2987
f 2062/1/2988 2049/1/2988 2050/1/2988
f 2060/1/2989 2051/1/2989 2061/1/2989
f 2052/1/2990 2053/1/2990 2047/1/2990
f 2040/1/2991 2048/1/2991 2067/1/2991
f 2045/1/2992 2044/1/2992 2041/1/2992
f 2055/1/2993 2034/1/2993 2044/1/2993
f 2055/1/2994 2051/1/2994 2034/1/2994
f 2056/1/2995 2046/1/2995 2057/1/2995
f 2056/1/2996 2055/1/2996 2045/1/2996
f 2055/1/2997 2061/1/2997 2051/1/2997
f 2057/1/2998 2065/1/2998 2070/1/2998
f 2070/1/2999 2056/1/2999 2057/1/2999
f 2058/1/3000 2066/1/3000 2067/1/3000
f 2062/1/3001 2051/1/3001 2060/1/3001
f 2080/1/3002 2060/1/3002 2061/1/3002
f 2061/1/3003 2063/1/3003 2080/1/3003
f 2054/1/3004 2053/1/3004 2065/1/3004
f 2064/1/3005 2063/1/3005 2069/1/3005
f 2065/1/3006 2053/1/3006 2074/1/3006
f 2068/1/3007 2066/1/3007 2058/1/3007
f 2059/1/3008 2073/1/3008 2058/1/3008
f 2077/1/3009 2067/1/3009 2068/1/3009
f 2069/1/3010 2055/1/3010 2056/1/3010
f 2063/1/3011 2061/1/3011 2055/1/3011
f 2069/1/3012 2063/1/3012 2055/1/3012
f 2070/1/3013 2065/1/3013 2074/1/3013
f 2056/1/3014 2070/1/3014 2069/1/3014
f 2073/1/3015 2071/1/3015 2076/1/3015
f 2063/1/3016 2081/1/3016 2080/1/3016
f 2075/1/3017 2070/1/3017 2074/1/3017
f 2064/1/3018 2081/1/3018 2063/1/3018
f 2074/1/3019 2078/1/3019 2075/1/3019
f 2064/1/3020 2070/1/3020 2075/1/3020
f 2077/1/3021 2078/1/3021 2074/1/3021
f 2071/1/3022 2068/1/3022 2076/1/3022
f 2078/1/3023 2077/1/3023 2082/1/3023
f 2072/1/3024 2080/1/3024 2073/1/3024
f 2086/1/3025 2075/1/3025 2087/1/3025
f 2075/1/3026 2086/1/3026 2064/1/3026
f 2086/1/3027 2079/1/3027 2064/1/3027
f 2085/1/3028 2083/1/3028 2084/1/3028
f 2088/1/3029 2091/1/3029 2084/1/3029
f 2084/1/3030 2091/1/3030 2085/1/3030
f 2088/1/3031 2096/1/3031 2091/1/3031
f 2088/1/3032 2084/1/3032 2073/1/3032
f 2071/1/3033 2083/1/3033 2082/1/3033
f 2088/1/3034 2073/1/3034 2080/1/3034
f 2087/1/3035 2095/1/3035 2097/1/3035
f 2080/1/3036 2089/1/3036 2088/1/3036
f 2090/1/3037 2087/1/3037 2078/1/3037
f 2089/1/3038 2097/1/3038 2096/1/3038
f 2078/1/3039 2082/1/3039 2083/1/3039
f 2096/1/3040 2088/1/3040 2089/1/3040
f 2087/1/3041 2097/1/3041 2086/1/3041
f 2083/1/3042 2090/1/3042 2078/1/3042
f 2092/1/3043 2085/1/3043 2091/1/3043
f 2092/1/3044 2091/1/3044 2093/1/3044
f 2099/1/3045 2097/1/3045 2095/1/3045
f 2092/1/3046 2093/1/3046 2094/1/3046
f 2098/1/3047 2092/1/3047 2094/1/3047
f 2094/1/3048 2093/1/3048 2102/1/3048
f 2093/1/3049 2100/1/3049 2101/1/3049
f 2097/1/3050 2099/1/3050 2096/1/3050
f 2099/1/3051 2093/1/3051 2096/1/3051
f 2090/1/3052 2095/1/3052 2087/1/3052
f 2095/1/3053 2090/1/3053 2098/1/3053
f 2090/1/3054 2092/1/3054 2098/1/3054
f 2095/1/3055 2100/1/3055 2099/1/3055
f 2100/1/3056 2093/1/3056 2099/1/3056
f 2101/1/3057 2102/1/3057 2093/1/3057
f 2101/1/3058 2100/1/3058 2098/1/3058
f 1384/1/3059 1383/1/3059 1382/1/3059
f 1384/1/2011 2104/1/3060 2103/1/2012
f 1391/1/3061 1387/1/3061 1371/1/3061
f 1387/1/3062 2105/1/3062 1385/1/3062
f 2111/1/3063 2106/1/3063 2118/1/3063
f 1386/1/3064 2118/1/3064 2106/1/3064
f 2111/1/3065 2110/1/3065 1378/1/3065
f 1390/1/3066 2108/1/3066 1389/1/3066
f 2109/1/3067 2108/1/3067 1390/1/3067
f 2107/1/3068 2109/1/3068 1390/1/3068
f 2107/1/3069 2110/1/3069 2109/1/3069
f 1932/1/3070 1378/1/3070 2110/1/3070
f 2113/1/3071 2121/1/3071 1391/1/3071
f 2110/1/3072 2111/1/3072 2120/1/3072
f 2105/1/3073 2114/1/3073 1386/1/3073
f 2118/1/3074 1386/1/3074 2114/1/3074
f 2108/1/3075 2117/1/3076 2122/1/3077
f 2114/1/3078 2105/1/3078 2115/1/3078
f 2117/1/3079 2110/1/3080 2119/1/3081
f 2118/1/3082 2114/1/3082 2116/1/3082
f 2111/1/3083 2118/1/3083 2120/1/3083
f 2110/1/3080 2117/1/3079 2109/1/3084
f 2120/1/3085 2119/1/3085 2110/1/3085
f 454/1/3086 474/1/708 456/1/707
f 2120/1/3087 2118/1/3087 2116/1/3087
f 2117/1/3088 2119/1/3088 2124/1/3088
f 2117/1/3076 2108/1/3075 2109/1/3089
f 2122/1/3090 2121/1/3090 2113/1/3090
f 465/1/3091 489/1/3091 1429/1/3091
f 2116/1/3092 2115/1/3092 2126/1/3092
f 2122/1/3093 2117/1/3093 2124/1/3093
f 2127/1/3094 2119/1/3094 2120/1/3094
f 2131/1/3095 2132/1/3095 2128/1/3095
f 2124/1/3096 2127/1/3096 2132/1/3096
f 2129/1/3097 2126/1/3097 2115/1/3097
f 2115/1/3098 2123/1/3098 2129/1/3098
f 2126/1/3099 2120/1/3099 2116/1/3099
f 2128/1/3100 2120/1/3100 2126/1/3100
f 2122/1/3101 2124/1/3101 2125/1/3101
f 2124/1/3102 2132/1/3102 2125/1/3102
f 2129/1/3103 2130/1/3104 2128/1/3105
f 2122/1/3106 2125/1/3106 2123/1/3106
f 2132/1/3107 2131/1/3107 2133/1/3107
f 2131/1/3108 2128/1/3108 2130/1/3108
f 2135/1/3109 2134/1/3109 2133/1/3109
f 2134/1/3110 2132/1/3110 2133/1/3110
f 2132/1/3111 2134/1/3111 2130/1/3111
f 2131/1/3112 2130/1/3112 2133/1/3112
f 1936/1/2799 2146/1/3113 1925/1/2800
f 2141/1/3114 2136/1/3114 2138/1/3114
f 2141/1/3115 2140/1/3115 2136/1/3115
f 2139/1/3116 2141/1/3116 2138/1/3116
f 2157/1/3117 1918/1/3117 1917/1/3117
f 1917/1/3118 2137/1/3118 2156/1/3118
f 2140/1/3119 2156/1/3120 2137/1/2757
f 2143/1/3121 1928/1/3121 2158/1/3122
f 1929/1/3123 1927/1/3123 2143/1/3123
f 2157/1/3124 2142/1/3125 1873/1/3126
f 1873/1/2697 1918/1/2691 2157/1/3127
f 2239/1/3128 2253/1/3129 2254/1/3130
f 2158/1/3131 1928/1/3131 2142/1/3131
f 2148/1/3132 2145/1/3132 2154/1/3132
f 2144/1/3133 2148/1/3133 1936/1/3133
f 1929/1/3134 2143/1/3134 2163/1/3134
f 2160/1/3135 2147/1/3135 1936/1/3135
f 2163/1/3136 2149/1/3136 1929/1/3136
f 2151/1/3137 2150/1/3137 1939/1/3137
f 2166/1/3138 2162/1/3138 2150/1/3138
f 2163/1/3139 2152/1/3139 2151/1/3139
f 2164/1/3140 2163/1/3140 2143/1/3140
f 2151/1/3141 2149/1/3141 2163/1/3141
f 1390/1/3142 1931/1/3142 2107/1/3142
f 2153/1/3143 2154/1/3144 1940/1/3145
f 2148/1/3146 2160/1/3146 1936/1/3146
f 2162/1/3147 2178/1/3147 2161/1/3147
f 2155/1/3148 2167/1/3149 2156/1/3150
f 1940/1/3151 2154/1/3151 2145/1/3151
f 2156/1/3152 2168/1/3153 2159/1/3154
f 2170/1/3155 2142/1/3125 2157/1/3124
f 2142/1/3156 2170/1/3156 2172/1/3156
f 2172/1/3157 2176/1/3157 2158/1/3157
f 2146/1/3158 2147/1/3158 2139/1/3158
f 2155/1/3159 2156/1/3159 2140/1/3159
f 2161/1/3160 2147/1/3160 2160/1/3160
f 2160/1/3161 2165/1/3161 2162/1/3161
f 2158/1/3162 2142/1/3162 2172/1/3162
f 2162/1/3163 2161/1/3163 2160/1/3163
f 2147/1/3164 2174/1/3164 2139/1/3164
f 2158/1/3122 2164/1/3122 2143/1/3121
f 2151/1/3165 2152/1/3166 2181/1/3167
f 2159/1/3168 2157/1/3168 1917/1/3168
f 2168/1/3169 2171/1/3169 2159/1/3169
f 1917/1/3170 2156/1/3152 2159/1/3154
f 2228/1/3171 2222/1/3171 2226/1/3171
f 2151/1/3172 2166/1/3172 2150/1/3172
f 2170/1/3173 2159/1/3173 2171/1/3173
f 2181/1/3174 2180/1/3174 2166/1/3174
f 2180/1/3175 2179/1/3175 2162/1/3175
f 2173/1/3176 2167/1/3176 2155/1/3176
f 2156/1/3150 2167/1/3149 2168/1/3177
f 2168/1/3178 2167/1/3178 2169/1/3178
f 2152/1/3179 2163/1/3179 2164/1/3179
f 2161/1/3180 2183/1/3180 2174/1/3180
f 2169/1/3181 2167/1/3181 2182/1/3181
f 2187/1/3182 2152/1/3182 2164/1/3182
f 2181/1/3167 2152/1/3166 2175/1/3183
f 2177/1/3184 2187/1/3184 2176/1/3184
f 2175/1/3185 2187/1/3185 2188/1/3185
f 2162/1/3186 2179/1/3186 2178/1/3186
f 2190/1/3187 2179/1/3187 2180/1/3187
f 2193/1/3188 2180/1/3188 2181/1/3188
f 2176/1/3189 2172/1/3189 2177/1/3189
f 2175/1/3190 2193/1/3190 2181/1/3190
f 2168/1/3191 2185/1/3191 2171/1/3191
f 2170/1/3192 2171/1/3192 2189/1/3192
f 2184/1/3193 2183/1/3193 2161/1/3193
f 2199/1/3194 2189/1/3194 2171/1/3194
f 2195/1/3195 2199/1/3195 2185/1/3195
f 2196/1/3196 2186/1/3196 2183/1/3196
f 2177/1/3197 2172/1/3197 2198/1/3197
f 2187/1/3198 2177/1/3198 2200/1/3198
f 2201/1/3199 2188/1/3199 2200/1/3199
f 2190/1/3200 2193/1/3200 2191/1/3200
f 2192/1/3201 2175/1/3201 2188/1/3201
f 2184/1/3202 2161/1/3202 2178/1/3202
f 2190/1/3203 2184/1/3203 2179/1/3203
f 2193/1/3204 2194/1/3204 2191/1/3204
f 2191/1/3205 2184/1/3205 2190/1/3205
f 2191/1/3206 2203/1/3206 2184/1/3206
f 2195/1/3207 2185/1/3207 2186/1/3207
f 2212/1/3208 2197/1/3208 2196/1/3208
f 2196/1/3209 2197/1/3209 2195/1/3209
f 2207/1/3210 2177/1/3210 2198/1/3210
f 2207/1/3211 2200/1/3211 2177/1/3211
f 2189/1/3212 2199/1/3212 2208/1/3212
f 2201/1/3213 2200/1/3213 2207/1/3213
f 2207/1/3214 2189/1/3214 2208/1/3214
f 2208/1/3215 2199/1/3215 2195/1/3215
f 2203/1/3216 2202/1/3216 2196/1/3216
f 2205/1/3217 2202/1/3217 2191/1/3217
f 2203/1/3218 2191/1/3218 2202/1/3218
f 2201/1/3219 2204/1/3219 2188/1/3219
f 2194/1/3220 2217/1/3220 2205/1/3220
f 2217/1/3221 2194/1/3221 2204/1/3221
f 2206/1/3222 2217/1/3222 2204/1/3222
f 2202/1/3223 2205/1/3223 2213/1/3223
f 2206/1/3224 2204/1/3224 2201/1/3224
f 2205/1/3225 2191/1/3225 2194/1/3225
f 2217/1/3226 2213/1/3227 2205/1/3228
f 2201/1/3229 2216/1/3230 2206/1/3231
f 2204/1/3232 2194/1/3232 2192/1/3232
f 2212/1/3233 2196/1/3233 2202/1/3233
f 2221/1/3234 2219/1/3234 2197/1/3234
f 2212/1/3235 2221/1/3235 2197/1/3235
f 2221/1/3236 2209/1/3236 2210/1/3236
f 2212/1/3237 2209/1/3237 2221/1/3237
f 2219/1/3238 2233/1/3238 2207/1/3238
f 2216/1/3239 2201/1/3240 2211/1/3241
f 2233/1/3242 2211/1/3242 2207/1/3242
f 2219/1/3243 2207/1/3243 2208/1/3243
f 2202/1/3244 2214/1/3244 2212/1/3244
f 2215/1/3245 2213/1/3245 2222/1/3245
f 2213/1/3246 2214/1/3246 2202/1/3246
f 2227/1/3247 2233/1/3247 2237/1/3247
f 2222/1/3248 2217/1/3248 2226/1/3248
f 2214/1/3249 2209/1/3249 2212/1/3249
f 2217/1/3226 2222/1/3250 2213/1/3227
f 2218/1/3251 2226/1/3251 2217/1/3251
f 2206/1/3231 2216/1/3230 2218/1/3252
f 2227/1/3253 2216/1/3239 2211/1/3241
f 2230/1/3254 2215/1/3254 2223/1/3254
f 2214/1/3255 2220/1/3255 2209/1/3255
f 2210/1/3256 2220/1/3256 2221/1/3256
f 2220/1/3257 2210/1/3257 2209/1/3257
f 2215/1/3258 2230/1/3258 2214/1/3258
f 2215/1/3259 2222/1/3259 2223/1/3259
f 2220/1/3260 2234/1/3260 2221/1/3260
f 2233/1/3261 2227/1/3261 2211/1/3261
f 2225/1/3262 2226/1/3262 2218/1/3262
f 2229/1/3263 2226/1/3263 2225/1/3263
f 2229/1/3264 2228/1/3264 2226/1/3264
f 2232/1/3265 2227/1/3265 2237/1/3265
f 2228/1/3266 2229/1/3266 2236/1/3266
f 2235/1/3267 2240/1/3267 2233/1/3267
f 2237/1/3268 2233/1/3268 2240/1/3268
f 2220/1/3269 2224/1/3269 2231/1/3269
f 2230/1/3270 2223/1/3270 2238/1/3270
f 2234/1/3271 2220/1/3271 2231/1/3271
f 2235/1/3272 2234/1/3272 2240/1/3272
f 2228/1/3273 2236/1/3273 2250/1/3273
f 2237/1/3274 2246/1/3274 2232/1/3274
f 2236/1/3275 2229/1/3275 2232/1/3275
f 2238/1/3276 2224/1/3277 2230/1/3278
f 2231/1/3279 2224/1/3279 2238/1/3279
f 2237/1/3280 2240/1/3280 2243/1/3280
f 2242/1/3281 2249/1/3281 2236/1/3281
f 2245/1/3282 2241/1/3282 2238/1/3282
f 2255/1/3283 2257/1/3283 2252/1/3283
f 2242/1/3284 2236/1/3284 2232/1/3284
f 2245/1/3285 2250/1/3285 2251/1/3285
f 2240/1/3286 2234/1/3286 2244/1/3286
f 2231/1/3287 2241/1/3287 2239/1/3287
f 2250/1/3288 2245/1/3288 2238/1/3288
f 2247/1/3289 2242/1/3289 2246/1/3289
f 2254/1/3290 2244/1/3290 2239/1/3290
f 2254/1/3291 2247/1/3291 2243/1/3291
f 191/1/3292 218/1/3292 219/1/3292
f 2243/1/3293 2240/1/3293 2244/1/3293
f 229/1/3294 200/1/3294 228/1/3294
f 2243/1/3295 2244/1/3295 2254/1/3295
f 2239/1/3296 2234/1/3296 2231/1/3296
f 2254/1/3297 2259/1/3297 2247/1/3297
f 2241/1/3298 2231/1/3298 2238/1/3298
f 2250/1/3299 2249/1/3299 2251/1/3299
f 2245/1/3300 2251/1/3300 2258/1/3300
f 2241/1/3301 2245/1/3301 2239/1/3301
f 2252/1/3302 2239/1/3302 2245/1/3302
f 2252/1/3303 2253/1/3303 2239/1/3303
f 2252/1/3304 2258/1/3304 2260/1/3304
f 2252/1/3305 2260/1/3305 2255/1/3305
f 2249/1/3306 2248/1/3307 2251/1/3308
f 17/1/3309 16/1/3309 25/1/3309
f 2247/1/3310 2248/1/3310 2242/1/3310
f 2252/1/3311 2245/1/3311 2258/1/3311
f 2248/1/3307 2259/1/3312 2251/1/3308
f 2259/1/3313 2258/1/3313 2251/1/3313
f 2259/1/3314 2248/1/3314 2247/1/3314
f 2257/1/3315 2261/1/3315 2256/1/3315
f 2260/1/3316 2258/1/3316 2259/1/3316
f 2262/1/3317 2261/1/3317 2255/1/3317
f 420/1/3318 2/1/3318 421/1/3318
f 7/1/3319 5/1/3319 6/1/3319
f 417/1/3320 432/1/3320 431/1/3320
f 9/1/3321 12/1/3322 11/1/3323
f 6/1/3324 8/1/3324 7/1/3324
f 46/1/3325 9/1/3325 45/1/3325
f 32/1/3326 36/1/3327 35/1/3328
f 45/1/3329 14/1/3329 15/1/3329
f 17/1/3330 15/1/3330 16/1/3330
f 15/1/3331 17/1/3331 20/1/3331
f 14/1/3332 22/1/3332 19/1/3332
f 18/1/3333 23/1/3333 29/1/3333
f 69/1/3334 25/1/3334 26/1/3334
f 25/1/3335 20/1/3335 17/1/3335
f 25/1/3336 27/1/3336 21/1/3336
f 44/1/3337 969/1/3338 970/1/3339
f 41/1/3340 39/1/3340 40/1/3340
f 468/1/3341 37/1/3341 36/1/3341
f 38/1/3342 39/1/3342 41/1/3342
f 39/1/3343 42/1/3343 40/1/3343
f 46/1/3344 969/1/3344 10/1/3344
f 967/1/3345 46/1/3345 50/1/3345
f 52/1/3346 54/1/3347 57/1/3348
f 10/1/3349 68/1/3349 12/1/3349
f 68/1/3350 13/1/3350 12/1/3350
f 59/1/3351 50/1/3351 49/1/3351
f 53/1/3352 51/1/3352 59/1/3352
f 49/1/3353 47/1/3353 48/1/3353
f 91/1/3354 21/1/3354 73/1/3354
f 36/1/3355 462/1/3356 464/1/3357
f 980/1/3358 55/1/3358 56/1/3358
f 59/1/3359 58/1/3359 60/1/3359
f 5/1/3360 434/1/3360 431/1/3360
f 16/1/3361 29/1/3362 24/1/3363
f 67/1/3364 108/1/3364 13/1/3364
f 62/1/3365 61/1/3365 95/1/3365
f 65/1/3366 63/1/3366 64/1/3366
f 66/1/3367 13/1/3367 108/1/3367
f 109/1/3368 89/1/3368 110/1/3368
f 23/1/3369 72/1/3370 28/1/3371
f 23/1/3372 28/1/22 29/1/24
f 171/1/3373 140/1/3374 143/1/3375
f 73/1/3376 72/1/3376 74/1/3376
f 75/1/3377 63/1/3377 76/1/3377
f 75/1/3378 71/1/3378 63/1/3378
f 75/1/3379 77/1/3379 74/1/3379
f 76/1/3380 77/1/3380 75/1/3380
f 78/1/3381 79/1/3381 76/1/3381
f 65/1/3382 78/1/3382 63/1/3382
f 79/1/3383 78/1/3383 111/1/3383
f 85/1/3384 88/1/3384 87/1/3384
f 983/1/3385 56/1/3386 91/1/3387
f 96/1/3388 62/1/3388 98/1/3388
f 65/1/75 61/1/74 62/1/3389
f 114/1/3390 96/1/3390 97/1/3390
f 99/1/3391 102/1/3391 97/1/3391
f 177/1/3392 133/1/3392 156/1/3392
f 98/1/3393 95/1/3393 143/1/3393
f 132/1/3394 107/1/3394 108/1/3394
f 156/1/3395 133/1/3395 110/1/3395
f 93/1/3396 107/1/3396 132/1/3396
f 111/1/3397 78/1/3397 65/1/3397
f 112/1/3398 79/1/3398 111/1/3398
f 116/1/3399 117/1/3399 114/1/3399
f 121/1/3400 120/1/3400 473/1/3400
f 121/1/3401 123/1/3401 120/1/3401
f 94/1/3402 134/1/3402 135/1/3402
f 173/1/3403 143/1/3403 94/1/3403
f 134/1/3404 93/1/3404 132/1/3404
f 173/1/3405 94/1/3405 135/1/3405
f 101/1/3406 98/1/3406 137/1/3406
f 149/1/3407 136/1/3407 147/1/3407
f 101/1/3408 137/1/3408 138/1/3408
f 141/1/3409 138/1/3409 137/1/3409
f 140/1/3410 137/1/3410 143/1/3410
f 167/1/3411 166/1/3412 1090/1/3413
f 161/1/3414 139/1/3414 142/1/3414
f 151/1/3415 153/1/3415 152/1/3415
f 154/1/3416 145/1/3416 153/1/3416
f 161/1/3417 145/1/3417 174/1/3417
f 106/1/3418 516/1/3418 105/1/3418
f 178/1/3419 179/1/3419 177/1/3419
f 158/1/3420 118/1/3420 159/1/3420
f 139/1/3421 161/1/3421 159/1/3421
f 165/1/3422 167/1/3422 157/1/3422
f 166/1/3423 129/1/3423 1086/1/3423
f 134/1/3424 170/1/3425 169/1/3426
f 146/1/3427 171/1/3427 175/1/3427
f 175/1/3428 171/1/3428 193/1/3428
f 193/1/3429 199/1/3430 175/1/3431
f 144/1/3432 146/1/3432 172/1/3432
f 173/1/3433 190/1/246 143/1/245
f 190/1/3434 192/1/3434 171/1/3434
f 133/1/3435 176/1/3435 170/1/3435
f 197/1/3436 176/1/3436 179/1/3436
f 181/1/3437 163/1/3437 183/1/3437
f 167/1/3438 185/1/3438 179/1/3438
f 186/1/3439 185/1/3439 1090/1/3439
f 185/1/3440 186/1/3440 180/1/3440
f 191/1/3441 194/1/3441 193/1/3441
f 218/1/3442 192/1/3442 189/1/3442
f 213/1/3443 186/1/3444 212/1/3445
f 195/1/3446 220/1/3446 228/1/3446
f 204/1/3447 223/1/3447 197/1/3447
f 169/1/3448 170/1/3448 214/1/3448
f 199/1/292 198/1/291 175/1/3449
f 180/1/3450 205/1/3450 201/1/3450
f 206/1/3451 181/1/3451 184/1/3451
f 205/1/3452 232/1/3452 204/1/3452
f 202/1/3453 205/1/3454 203/1/3455
f 741/1/3456 322/1/3457 740/1/3458
f 210/1/3459 198/1/3459 200/1/3459
f 1156/1/3460 213/1/3460 212/1/3460
f 207/1/3461 238/1/3461 243/1/3461
f 207/1/3462 243/1/3462 211/1/3462
f 1155/1/3463 1129/1/3463 211/1/3463
f 247/1/3464 215/1/3464 216/1/3464
f 219/1/3465 194/1/3465 191/1/3465
f 220/1/3466 194/1/3466 219/1/3466
f 231/1/3467 222/1/3467 681/1/3467
f 189/1/3468 215/1/3468 247/1/3468
f 224/1/3469 227/1/3469 223/1/3469
f 227/1/3470 226/1/3470 223/1/3470
f 224/1/3471 232/1/3471 227/1/3471
f 226/1/3472 217/1/3472 225/1/3472
f 227/1/3473 217/1/3474 226/1/3475
f 222/1/3476 229/1/3476 228/1/3476
f 244/1/3477 1186/1/3477 1155/1/3477
f 200/1/3478 230/1/3478 242/1/3478
f 224/1/3479 204/1/3479 232/1/3479
f 213/1/3480 234/1/3480 202/1/3480
f 236/1/3481 240/1/3481 235/1/3481
f 236/1/3482 234/1/3482 240/1/3482
f 200/1/3483 242/1/3483 241/1/3483
f 238/1/3484 239/1/3484 243/1/3484
f 234/1/3485 1156/1/3485 1185/1/3485
f 234/1/3486 1185/1/3486 262/1/3486
f 1579/1/3487 1507/1/3487 1594/1/3487
f 244/1/3488 243/1/3488 239/1/3488
f 218/1/3489 247/1/3489 248/1/3489
f 250/1/3490 248/1/3490 282/1/3490
f 246/1/3491 282/1/3491 248/1/3491
f 282/1/3492 298/1/3493 283/1/3494
f 253/1/3495 222/1/3495 221/1/3495
f 255/1/3496 221/1/3496 252/1/3496
f 221/1/3497 255/1/3497 254/1/3497
f 276/1/3498 273/1/3498 274/1/3498
f 255/1/3499 284/1/3499 254/1/3499
f 227/1/3473 258/1/3500 217/1/3474
f 232/1/3501 257/1/3501 227/1/3501
f 281/1/3502 246/1/3502 217/1/3502
f 256/1/3503 260/1/3503 257/1/3503
f 270/1/3504 242/1/3504 682/1/3504
f 263/1/3505 235/1/3505 240/1/3505
f 261/1/3506 235/1/3506 268/1/3506
f 269/1/3507 268/1/378 263/1/377
f 272/1/3508 241/1/3508 271/1/3508
f 273/1/3509 271/1/3509 274/1/3509
f 278/1/3510 267/1/3510 276/1/3510
f 277/1/3511 1215/1/3511 1187/1/3511
f 264/1/3512 1217/1/3513 294/1/3514
f 1219/1/3515 294/1/3514 1217/1/3513
f 1220/1/3516 1221/1/1758 708/1/1760
f 279/1/3517 277/1/3517 278/1/3517
f 708/1/3518 279/1/3518 275/1/3518
f 279/1/3519 276/1/3519 275/1/3519
f 282/1/3492 283/1/3494 250/1/3520
f 298/1/3521 303/1/3521 283/1/3521
f 301/1/3522 251/1/3522 283/1/3522
f 284/1/3523 255/1/367 301/1/369
f 301/1/3524 245/1/3524 251/1/3524
f 284/1/3525 301/1/3525 286/1/3525
f 285/1/3526 284/1/3526 286/1/3526
f 288/1/3527 305/1/3527 259/1/3527
f 311/1/3528 310/1/3528 309/1/3528
f 296/1/3529 293/1/3529 291/1/3529
f 303/1/3530 298/1/3530 300/1/3530
f 300/1/3531 323/1/3531 303/1/3531
f 322/1/3532 302/1/3532 303/1/3532
f 315/1/3533 316/1/3534 348/1/3535
f 304/1/3536 307/1/3536 297/1/3536
f 309/1/3537 289/1/3537 311/1/3537
f 306/1/3538 308/1/3538 307/1/3538
f 311/1/3539 293/1/3539 312/1/3539
f 311/1/3540 312/1/3540 310/1/3540
f 400/1/3541 403/1/3542 406/1/3543
f 319/1/3544 318/1/3544 300/1/3544
f 318/1/3545 321/1/3545 315/1/3545
f 319/1/3546 321/1/3546 318/1/3546
f 323/1/3547 326/1/3547 324/1/3547
f 324/1/3548 303/1/3548 323/1/3548
f 359/1/3549 327/1/3549 324/1/3549
f 328/1/3550 363/1/3550 330/1/3550
f 331/1/3551 310/1/3551 332/1/3551
f 332/1/3552 370/1/3553 331/1/3554
f 360/1/3555 326/1/3555 314/1/3555
f 339/1/3556 335/1/3556 340/1/3556
f 335/1/3557 337/1/3557 340/1/3557
f 338/1/3558 340/1/3558 342/1/3558
f 345/1/3559 327/1/3559 343/1/3559
f 343/1/3560 346/1/3560 345/1/3560
f 346/1/3561 343/1/3561 344/1/3561
f 346/1/3562 344/1/3562 347/1/3562
f 379/1/3563 348/1/3563 316/1/3563
f 349/1/3564 378/1/3564 316/1/3564
f 338/1/3565 341/1/3565 360/1/3565
f 355/1/3566 341/1/3566 342/1/3566
f 357/1/3567 361/1/3567 352/1/3567
f 350/1/3568 356/1/3568 383/1/3568
f 385/1/3569 357/1/3569 358/1/3569
f 383/1/3570 353/1/3570 355/1/3570
f 359/1/3571 326/1/3571 360/1/3571
f 360/1/3572 341/1/3572 361/1/3572
f 378/1/3573 379/1/3573 316/1/3573
f 349/1/3574 362/1/3574 351/1/3574
f 363/1/3575 366/1/3575 393/1/3575
f 368/1/3576 370/1/3553 332/1/3552
f 337/1/3577 336/1/3577 372/1/3577
f 371/1/3578 372/1/3579 400/1/3580
f 383/1/3581 342/1/3582 375/1/3583
f 377/1/3584 410/1/3584 376/1/3584
f 391/1/3585 365/1/3585 397/1/3585
f 388/1/3586 413/1/3587 386/1/3588
f 390/1/3589 385/1/3589 392/1/3589
f 373/1/3590 382/1/3591 381/1/3592
f 387/1/3593 862/1/3593 388/1/3593
f 884/1/3594 387/1/3594 390/1/3594
f 391/1/3595 392/1/3595 389/1/3595
f 884/1/3596 390/1/3596 392/1/3596
f 391/1/3597 884/1/3597 392/1/3597
f 370/1/3598 396/1/3598 394/1/3598
f 395/1/3599 370/1/3599 369/1/3599
f 393/1/3600 396/1/3600 397/1/3600
f 394/1/3601 396/1/3601 393/1/3601
f 895/1/3602 396/1/3602 838/1/3602
f 373/1/3603 401/1/3603 402/1/3603
f 406/1/3604 405/1/3604 407/1/3604
f 406/1/3605 407/1/3605 400/1/3605
f 403/1/3606 382/1/3606 404/1/3606
f 404/1/3607 405/1/3607 406/1/3607
f 408/1/3608 1945/1/3608 410/1/3608
f 925/1/3609 922/1/3609 376/1/3609
f 423/1/3610 420/1/3611 418/1/3612
f 386/1/3613 413/1/3613 409/1/3613
f 1393/1/3614 1404/1/3614 433/1/3614
f 418/1/3615 420/1/3615 416/1/3615
f 433/1/3616 432/1/3617 1393/1/3618
f 441/1/3619 432/1/3619 425/1/3619
f 428/1/3620 419/1/3620 429/1/3620
f 427/1/3621 425/1/3621 428/1/3621
f 432/1/3622 417/1/3622 416/1/3622
f 1398/1/3623 433/1/3624 1396/1/3625
f 1401/1/3626 436/1/3627 1398/1/3628
f 433/1/3629 436/1/3629 435/1/3629
f 439/1/3630 438/1/3630 436/1/3630
f 439/1/3631 437/1/3632 8/1/3633
f 38/1/3634 451/1/3635 424/1/3636
f 443/1/3637 442/1/3637 441/1/3637
f 445/1/3638 446/1/3638 444/1/3638
f 445/1/3639 444/1/3639 457/1/3639
f 446/1/3640 1410/1/3640 1407/1/3640
f 451/1/3641 422/1/3641 421/1/3641
f 471/1/3642 466/1/3643 470/1/3644
f 448/1/3645 449/1/3645 447/1/3645
f 452/1/3646 449/1/3646 448/1/3646
f 454/1/3647 429/1/3647 430/1/3647
f 454/1/3648 461/1/3648 453/1/3648
f 461/1/3649 456/1/3649 475/1/3649
f 461/1/3650 480/1/3650 460/1/3650
f 457/1/3651 427/1/631 453/1/630
f 459/1/3652 483/1/3652 458/1/3652
f 506/1/3653 458/1/3653 483/1/3653
f 31/1/3654 4/1/3654 462/1/3654
f 463/1/3655 440/1/3655 1402/1/3655
f 463/1/3656 487/1/3656 464/1/3656
f 488/1/3657 464/1/3657 487/1/3657
f 1429/1/3658 1410/1/3658 465/1/3658
f 486/1/3659 483/1/3659 460/1/3659
f 80/1/3660 466/1/3661 447/1/3662
f 494/1/3663 504/1/3664 125/1/3665
f 490/1/695 498/1/753 467/1/693
f 469/1/3666 85/1/3666 82/1/3666
f 89/1/3667 1047/1/3667 126/1/3667
f 87/1/3668 88/1/3668 471/1/3668
f 474/1/3669 455/1/3669 476/1/3669
f 476/1/3670 455/1/3670 452/1/3670
f 479/1/3671 478/1/3671 482/1/3671
f 479/1/3672 482/1/3672 484/1/3672
f 482/1/3673 495/1/3673 486/1/3673
f 482/1/3674 481/1/3674 467/1/3674
f 485/1/3675 483/1/3675 486/1/3675
f 511/1/3676 510/1/733 1447/1/732
f 88/1/3677 512/1/3677 503/1/3677
f 490/1/3678 493/1/3678 496/1/3678
f 492/1/3679 104/1/3679 501/1/3679
f 491/1/3680 119/1/3680 492/1/3680
f 493/1/3681 492/1/3681 501/1/3681
f 516/1/3682 501/1/3682 494/1/3682
f 495/1/752 467/1/693 498/1/753
f 498/1/3683 497/1/3683 522/1/3683
f 532/1/3684 533/1/3684 498/1/3684
f 501/1/3685 103/1/3685 500/1/3685
f 124/1/3686 105/1/3686 494/1/3686
f 504/1/3687 502/1/3687 503/1/3687
f 532/1/3688 526/1/3689 523/1/3690
f 485/1/723 505/1/3691 506/1/724
f 507/1/3692 508/1/3692 514/1/3692
f 516/1/3693 106/1/3693 517/1/3693
f 519/1/3694 518/1/3694 521/1/3694
f 536/1/3695 567/1/3695 531/1/3695
f 582/1/3696 586/1/3697 611/1/3698
f 558/1/3699 519/1/3699 521/1/3699
f 529/1/3700 526/1/3700 525/1/3700
f 533/1/3701 531/1/3701 499/1/3701
f 523/1/3702 534/1/3702 532/1/3702
f 536/1/3703 543/1/3703 562/1/3703
f 547/1/3704 499/1/3704 531/1/3704
f 547/1/3705 531/1/3705 537/1/3705
f 558/1/3706 538/1/3707 559/1/3708
f 538/1/3709 539/1/3709 582/1/3709
f 541/1/3710 529/1/3710 584/1/3710
f 541/1/3711 542/1/3711 540/1/3711
f 543/1/3712 535/1/3712 534/1/3712
f 543/1/3713 534/1/3713 545/1/3713
f 540/1/3714 544/1/3714 534/1/3714
f 547/1/3715 548/1/3715 549/1/3715
f 1504/1/3716 549/1/3716 552/1/3716
f 508/1/3717 1504/1/3717 514/1/3717
f 555/1/3718 556/1/3718 554/1/3718
f 613/1/3719 566/1/3720 565/1/3721
f 519/1/3722 553/1/3722 520/1/3722
f 558/1/3723 553/1/3723 519/1/3723
f 584/1/3724 530/1/3724 585/1/3724
f 569/1/3725 567/1/3725 563/1/3725
f 561/1/3726 563/1/3726 585/1/3726
f 569/1/3727 564/1/3727 565/1/3727
f 576/1/3728 573/1/3729 572/1/3730
f 566/1/3731 571/1/3731 565/1/3731
f 567/1/3732 569/1/3732 570/1/3732
f 570/1/3733 571/1/3733 573/1/3733
f 578/1/3734 568/1/3734 570/1/3734
f 566/1/3735 573/1/3735 571/1/3735
f 572/1/3736 573/1/3736 566/1/3736
f 582/1/3737 559/1/3738 538/1/3739
f 577/1/855 537/1/3740 568/1/856
f 574/1/3741 578/1/3742 570/1/3743
f 545/1/3744 562/1/3745 543/1/3746
f 572/1/3747 618/1/3748 616/1/3749
f 542/1/3750 584/1/3750 546/1/3750
f 587/1/3751 551/1/3752 550/1/3753
f 548/1/3754 577/1/3754 579/1/3754
f 610/1/3755 604/1/3756 603/1/3757
f 1536/1/3758 588/1/3758 587/1/3758
f 621/1/3759 587/1/3759 588/1/3759
f 1539/1/3760 589/1/3760 590/1/3760
f 596/1/3761 593/1/3761 595/1/3761
f 631/1/3762 592/1/3762 597/1/3762
f 632/1/3763 631/1/3763 597/1/3763
f 602/1/3764 598/1/3764 635/1/3764
f 601/1/3765 600/1/3765 602/1/3765
f 3/1/3766 4/1/3767 30/1/3768
f 617/1/3769 575/1/3769 576/1/3769
f 575/1/3770 617/1/3770 606/1/3770
f 610/1/3771 605/1/3771 609/1/3771
f 636/1/3772 623/1/3773 625/1/3774
f 650/1/3775 604/1/3775 608/1/3775
f 601/1/3776 613/1/3776 600/1/3776
f 618/1/3777 614/1/3777 657/1/3777
f 617/1/3778 576/1/3778 616/1/3778
f 615/1/3779 616/1/3779 618/1/3779
f 589/1/3780 620/1/3780 1578/1/3780
f 619/1/3781 617/1/3781 616/1/3781
f 606/1/3782 617/1/3782 619/1/3782
f 662/1/3783 616/1/3783 615/1/3783
f 621/1/3784 586/1/3784 587/1/3784
f 592/1/3785 594/1/3785 553/1/3785
f 1540/1/3786 590/1/3786 1578/1/3786
f 674/1/3787 675/1/3787 629/1/3787
f 643/1/3788 630/1/3789 648/1/3790
f 626/1/3791 636/1/3791 625/1/3791
f 627/1/3792 628/1/3792 646/1/3792
f 626/1/3793 628/1/3793 627/1/3793
f 628/1/3794 626/1/3794 629/1/3794
f 630/1/3795 675/1/3795 679/1/3795
f 633/1/3796 631/1/3796 634/1/3796
f 639/1/3797 602/1/3797 635/1/3797
f 646/1/3798 641/1/3798 627/1/3798
f 644/1/3799 642/1/3799 647/1/3799
f 659/1/3800 638/1/3800 641/1/3800
f 659/1/3801 641/1/3801 660/1/3801
f 700/1/3802 651/1/3803 652/1/3804
f 645/1/3805 662/1/3805 661/1/3805
f 610/1/3806 648/1/3806 608/1/3806
f 661/1/3807 660/1/3807 641/1/3807
f 642/1/3808 609/1/3808 607/1/3808
f 653/1/3809 654/1/3809 612/1/3809
f 701/1/3810 653/1/3810 663/1/3810
f 654/1/3811 634/1/3811 632/1/3811
f 654/1/3812 701/1/3812 655/1/3812
f 663/1/3813 707/1/3813 701/1/3813
f 1578/1/3814 651/1/3815 710/1/3816
f 615/1/3817 658/1/3817 662/1/3817
f 707/1/3818 663/1/3818 1616/1/3818
f 1656/1/3819 1616/1/3819 1576/1/3819
f 702/1/3820 701/1/3820 707/1/3820
f 1578/1/3814 710/1/3816 1624/1/3821
f 1624/1/3822 710/1/3822 1661/1/3822
f 666/1/3823 685/1/3823 665/1/3823
f 674/1/3824 626/1/3824 668/1/3824
f 670/1/3825 674/1/3825 668/1/3825
f 673/1/3826 670/1/3826 668/1/3826
f 673/1/3827 686/1/3827 670/1/3827
f 675/1/3828 677/1/3828 679/1/3828
f 674/1/3829 691/1/3829 675/1/3829
f 734/1/3830 679/1/3830 678/1/3830
f 679/1/3831 677/1/3831 678/1/3831
f 231/1/3832 681/1/3832 682/1/3832
f 682/1/3833 684/1/3833 683/1/3833
f 691/1/3834 670/1/3834 693/1/3834
f 670/1/3835 686/1/3835 693/1/3835
f 692/1/3836 697/1/3836 690/1/3836
f 690/1/3837 695/1/3837 677/1/3837
f 705/1/3838 696/1/3838 697/1/3838
f 650/1/3839 699/1/3839 652/1/3839
f 699/1/3840 650/1/3840 676/1/3840
f 736/1/3841 700/1/3841 769/1/3841
f 747/1/3842 727/1/3843 721/1/3844
f 701/1/3845 656/1/3845 655/1/3845
f 710/1/3846 706/1/3846 1699/1/3846
f 703/1/3847 274/1/3847 702/1/3847
f 692/1/3848 693/1/3848 704/1/3848
f 693/1/3849 687/1/3849 694/1/3849
f 705/1/3850 694/1/3850 739/1/3850
f 699/1/3851 769/1/3851 700/1/3851
f 712/1/3852 664/1/3852 713/1/3852
f 715/1/3853 712/1/3853 713/1/3853
f 716/1/3854 715/1/3854 744/1/3854
f 718/1/3855 673/1/3855 672/1/3855
f 729/1/3856 731/1/3857 730/1/3858
f 727/1/3859 719/1/3859 721/1/3859
f 724/1/3860 687/1/3861 686/1/3862
f 694/1/3863 687/1/3863 724/1/3863
f 724/1/3860 686/1/3862 689/1/3864
f 727/1/3865 725/1/3865 719/1/3865
f 728/1/3866 725/1/3866 763/1/3866
f 731/1/3867 696/1/3868 698/1/3869
f 731/1/3870 739/1/3871 732/1/3872
f 737/1/3873 739/1/3874 694/1/3875
f 756/1/3876 722/1/3876 752/1/3876
f 769/1/3877 699/1/3877 734/1/3877
f 744/1/3878 781/1/3879 782/1/3880
f 770/1/3881 771/1/3881 738/1/3881
f 772/1/3882 773/1/3882 736/1/3882
f 777/1/3883 1738/1/3883 1699/1/3883
f 742/1/3884 714/1/3884 741/1/3884
f 758/1/3885 757/1/3886 753/1/3887
f 751/1/3888 721/1/3888 745/1/3888
f 749/1/3889 750/1/3889 748/1/3889
f 786/1/3890 745/1/3890 750/1/3890
f 747/1/3891 721/1/3891 751/1/3891
f 753/1/3892 751/1/3892 754/1/3892
f 752/1/3893 751/1/3893 755/1/3893
f 752/1/3894 764/1/3894 761/1/3894
f 764/1/3895 732/1/3896 771/1/3897
f 769/1/3898 734/1/3898 723/1/3898
f 789/1/3899 759/1/3899 757/1/3899
f 728/1/3900 762/1/3901 767/1/3902
f 813/1/3903 780/1/3904 811/1/3905
f 769/1/3906 791/1/3906 768/1/3906
f 776/1/3907 773/1/3907 772/1/3907
f 312/1/3908 803/1/3908 798/1/3908
f 803/1/3909 774/1/3909 775/1/3909
f 803/1/3910 775/1/3910 805/1/3910
f 1738/1/3911 777/1/3911 1737/1/3911
f 1738/1/3912 1740/1/3912 1707/1/3912
f 322/1/3913 780/1/3913 740/1/3913
f 762/1/3914 760/1/3915 746/1/3916
f 325/1/487 811/1/3917 322/1/488
f 812/1/3918 779/1/3918 780/1/3918
f 781/1/3919 817/1/3919 783/1/3919
f 749/1/3920 784/1/3920 785/1/3920
f 786/1/3921 749/1/3921 785/1/3921
f 823/1/3922 825/1/3922 785/1/3922
f 788/1/3923 754/1/3923 786/1/3923
f 826/1/3924 788/1/3924 787/1/3924
f 758/1/3925 753/1/3925 754/1/3925
f 1736/1/3926 805/1/3927 775/1/3928
f 769/1/3929 757/1/3929 791/1/3929
f 796/1/3930 795/1/3930 794/1/3930
f 797/1/3931 796/1/3931 794/1/3931
f 796/1/3932 797/1/3932 835/1/3932
f 800/1/3933 799/1/3933 772/1/3933
f 802/1/3934 800/1/3934 801/1/3934
f 801/1/3935 800/1/3935 796/1/3935
f 807/1/3936 1777/1/3937 1737/1/3938
f 804/1/3939 805/1/3939 806/1/3939
f 846/1/3940 806/1/3940 805/1/3940
f 822/1/3941 814/1/3942 816/1/3943
f 846/1/3944 849/1/3944 806/1/3944
f 711/1/3945 776/1/3945 777/1/3945
f 1810/1/3946 1777/1/3946 810/1/3946
f 850/1/3947 1807/1/3948 854/1/3949
f 818/1/3950 819/1/3950 783/1/3950
f 819/1/3951 820/1/3951 869/1/3951
f 821/1/3952 820/1/3952 822/1/3952
f 819/1/1209 869/1/3953 823/1/1207
f 889/1/3954 875/1/3954 874/1/3954
f 826/1/3955 790/1/1170 788/1/1165
f 826/1/3956 825/1/3956 827/1/3956
f 889/1/3957 874/1/3957 830/1/3957
f 833/1/3958 832/1/3958 879/1/3958
f 831/1/3959 879/1/3959 832/1/3959
f 834/1/1228 792/1/1227 833/1/1230
f 797/1/3960 834/1/3960 878/1/3960
f 797/1/3961 836/1/3961 835/1/3961
f 797/1/3962 878/1/3962 836/1/3962
f 841/1/1258 840/1/1257 842/1/3963
f 920/1/3964 1808/1/3964 852/1/3964
f 848/1/3965 846/1/3966 1774/1/3967
f 847/1/3968 846/1/3966 848/1/3965
f 854/1/3969 810/1/3969 809/1/3969
f 854/1/3970 839/1/3970 841/1/3970
f 854/1/3971 809/1/3971 839/1/3971
f 854/1/3972 841/1/3972 850/1/3972
f 890/1/3973 899/1/3974 892/1/3975
f 841/1/3976 855/1/3976 850/1/3976
f 850/1/3977 855/1/3977 851/1/3977
f 822/1/3978 817/1/3978 812/1/3978
f 815/1/3979 922/1/3979 858/1/3979
f 857/1/3980 858/1/3980 859/1/3980
f 860/1/3981 883/1/3981 866/1/3981
f 387/1/3982 861/1/3982 862/1/3982
f 883/1/3983 936/1/1381 938/1/1380
f 865/1/1267 822/1/1269 863/1/3984
f 866/1/3985 857/1/3985 860/1/3985
f 865/1/3986 857/1/3986 866/1/3986
f 825/1/3987 823/1/3987 873/1/3987
f 930/1/3988 877/1/3988 874/1/3988
f 880/1/3989 933/1/3989 881/1/3989
f 893/1/3990 935/1/3990 947/1/3990
f 935/1/3991 836/1/3991 882/1/3991
f 939/1/3992 872/1/3992 870/1/3992
f 887/1/3993 828/1/3993 885/1/3993
f 909/1/3994 906/1/3994 842/1/3994
f 910/1/3995 912/1/3996 911/1/3997
f 899/1/3998 888/1/3998 900/1/3998
f 897/1/3999 900/1/1303 941/1/1302
f 828/1/4000 887/1/4000 889/1/4000
f 875/1/1305 889/1/4001 891/1/1306
f 946/1/4002 837/1/4002 893/1/4002
f 912/1/4003 837/1/4003 946/1/4003
f 894/1/4004 896/1/4004 895/1/4004
f 895/1/4005 896/1/4005 398/1/4005
f 897/1/4006 941/1/4006 919/1/4006
f 899/1/4007 900/1/4007 898/1/4007
f 900/1/4008 886/1/4008 940/1/4008
f 898/1/4009 897/1/4009 918/1/4009
f 908/1/4010 903/1/4010 901/1/4010
f 902/1/4011 904/1/4011 905/1/4011
f 903/1/4012 908/1/4012 904/1/4012
f 899/1/4013 905/1/4013 892/1/4013
f 906/1/4014 904/1/4014 908/1/4014
f 905/1/4015 907/1/4015 944/1/4015
f 905/1/4016 954/1/1409 907/1/1408
f 1846/1/4017 920/1/4018 919/1/4019
f 914/1/4020 913/1/4020 847/1/4020
f 1922/1/4021 1880/1/4021 1862/1/4021
f 914/1/4022 894/1/4022 913/1/4022
f 914/1/4023 915/1/4023 916/1/4023
f 1993/1/4024 956/1/4025 1991/1/4026
f 903/1/4027 921/1/4027 853/1/4027
f 923/1/4028 859/1/4028 858/1/4028
f 860/1/4029 859/1/4029 924/1/4029
f 859/1/4030 923/1/4030 924/1/4030
f 411/1/4031 928/1/4031 926/1/4031
f 930/1/4032 934/1/4032 877/1/4032
f 931/1/4033 930/1/4033 1983/1/4033
f 880/1/4034 934/1/4034 927/1/4034
f 871/1/4035 867/1/4035 938/1/4035
f 942/1/4036 939/1/4036 938/1/4036
f 870/1/4037 871/1/4037 939/1/4037
f 940/1/4038 939/1/4038 941/1/4038
f 1984/1/4039 929/1/4039 943/1/4039
f 946/1/4040 949/1/4040 956/1/4040
f 993/1/4041 997/1/4042 996/1/4043
f 936/1/4044 950/1/4044 937/1/4044
f 398/1/4045 952/1/4045 950/1/4045
f 953/1/4046 917/1/4046 919/1/4046
f 909/1/4047 910/1/4047 911/1/4047
f 966/1/4048 1010/1/4048 1008/1/4048
f 961/1/4049 962/1/4049 960/1/4049
f 1010/1/4050 966/1/4050 1418/1/4050
f 969/1/4051 967/1/4051 976/1/4051
f 972/1/4052 967/1/4052 975/1/4052
f 978/1/4053 977/1/4053 974/1/4053
f 967/1/4054 51/1/4054 975/1/4054
f 976/1/4055 967/1/4055 973/1/4055
f 978/1/4056 993/1/4056 977/1/4056
f 981/1/4057 983/1/4057 982/1/4057
f 983/1/4058 979/1/4058 980/1/4058
f 984/1/4059 972/1/4059 975/1/4059
f 986/1/4060 985/1/4060 981/1/4060
f 988/1/4061 970/1/4061 987/1/4061
f 996/1/4062 1023/1/4062 989/1/4062
f 993/1/4063 968/1/4063 991/1/4063
f 1000/1/4064 993/1/4064 995/1/4064
f 1016/1/4065 1037/1/4066 1020/1/4067
f 996/1/4068 992/1/4068 968/1/4068
f 996/1/4069 989/1/4069 992/1/4069
f 997/1/4070 994/1/4070 998/1/4070
f 1006/1/4071 1027/1/4071 1003/1/4071
f 999/1/4072 1000/1/4072 1002/1/4072
f 1002/1/4073 1025/1/4073 1004/1/4073
f 1005/1/4074 1004/1/4074 1007/1/4074
f 998/1/4075 1005/1/4075 1007/1/4075
f 1012/1/4076 1008/1/4076 1010/1/4076
f 1011/1/4077 1425/1/4077 965/1/4077
f 1009/1/4078 1011/1/4078 965/1/4078
f 1011/1/4079 1012/1/4079 1427/1/4079
f 1016/1/4080 1017/1/4080 1015/1/4080
f 1017/1/4081 1020/1/4081 1036/1/4081
f 1029/1/4082 1027/1/4083 1031/1/4084
f 44/1/4085 971/1/4085 1021/1/4085
f 1021/1/4086 971/1/4086 988/1/4086
f 91/1/3387 1022/1/4087 983/1/3385
f 1027/1/4088 1006/1/4088 1022/1/4088
f 1049/1/4089 1057/1/4090 1092/1/4091
f 1023/1/4092 1057/1/4092 990/1/4092
f 1045/1/4093 1059/1/4093 1043/1/4093
f 997/1/4094 1028/1/4094 996/1/4094
f 1025/1/4095 1003/1/4095 1026/1/4095
f 1007/1/4096 1025/1/4096 1026/1/4096
f 1080/1/4097 1083/1/4098 1078/1/4099
f 1029/1/4100 1031/1/4100 1032/1/4100
f 1020/1/4101 1037/1/4101 1036/1/4101
f 1038/1/4102 1451/1/4102 1037/1/4102
f 1039/1/4103 1041/1/4103 1040/1/4103
f 1059/1/4104 1023/1/4104 1043/1/4104
f 1045/1/4105 1044/1/4105 1035/1/4105
f 1086/1/4106 1048/1/4106 1050/1/4106
f 1086/1/4107 129/1/4107 1048/1/4107
f 1057/1/4090 1100/1/4108 1092/1/4091
f 1056/1/4109 1060/1/4109 1059/1/4109
f 1486/1/4110 1074/1/4110 1494/1/4110
f 1063/1/4111 1062/1/4111 1065/1/4111
f 1486/1/4112 1075/1/4112 1071/1/4112
f 1069/1/4113 1061/1/4113 1024/1/4113
f 1069/1/4114 1024/1/4114 1055/1/4114
f 1069/1/4115 1068/1/4115 1066/1/4115
f 1081/1/4116 1067/1/4116 1068/1/4116
f 1079/1/4117 1064/1/4117 1084/1/4117
f 1072/1/4118 1481/1/4118 1070/1/4118
f 1072/1/4119 1070/1/4119 1071/1/4119
f 1074/1/4120 1486/1/4120 1071/1/4120
f 1063/1/4121 1064/1/4121 1079/1/4121
f 1083/1/4122 1059/1/4122 1078/1/4122
f 1110/1/4123 1111/1/4124 1109/1/4125
f 1081/1/4126 1068/1/4126 1104/1/4126
f 1106/1/4127 1082/1/4127 1083/1/4127
f 1089/1/4128 1055/1/4128 1052/1/4128
f 1096/1/1592 1069/1/1594 1094/1/4129
f 1055/1/4130 1138/1/4130 1094/1/4130
f 1097/1/4131 1137/1/4131 1098/1/4131
f 1097/1/4132 1094/1/4133 1139/1/4134
f 1077/1/4135 1076/1/4135 1099/1/4135
f 1141/1/4136 1100/1/4136 1058/1/4136
f 1082/1/4137 1102/1/4137 1101/1/4137
f 1102/1/1656 1103/1/1655 1101/1/4138
f 1081/1/4139 1104/1/4139 1105/1/4139
f 1083/1/4140 1105/1/4140 1107/1/4140
f 1108/1/4141 1107/1/4141 1105/1/4141
f 1102/1/4142 1082/1/4142 1106/1/4142
f 1141/1/4143 1093/1/4144 1100/1/4145
f 1098/1/4146 1112/1/4146 1111/1/4146
f 1113/1/4147 1109/1/4147 1111/1/4147
f 1118/1/4148 1120/1/4148 1121/1/4148
f 1098/1/4149 1111/1/4149 1116/1/4149
f 1121/1/4150 1117/1/4150 1118/1/4150
f 1124/1/4151 1120/1/4151 1123/1/4151
f 1085/1/4152 1495/1/4152 1099/1/4152
f 1126/1/4153 1090/1/4153 1088/1/4153
f 1131/1/4154 1093/1/4154 1132/1/4154
f 1132/1/4155 1135/1/4156 1131/1/4157
f 1139/1/4158 1140/1/4159 1137/1/4160
f 1136/1/4161 1127/1/4161 1126/1/4161
f 1137/1/4162 1097/1/4132 1139/1/4134
f 1165/1/4163 1140/1/4163 1164/1/4163
f 1102/1/4164 1148/1/4165 1149/1/4166
f 1144/1/4167 1141/1/4167 1103/1/4167
f 1132/1/4168 1144/1/4169 1142/1/4170
f 1149/1/4171 1143/1/4171 1102/1/4171
f 1143/1/4172 1144/1/4172 1103/1/4172
f 1199/1/4173 1202/1/4174 1238/1/4175
f 1151/1/4176 1112/1/4176 1098/1/4176
f 1124/1/4177 1146/1/4177 1113/1/4177
f 1150/1/4178 1152/1/4178 1170/1/4178
f 1172/1/4179 1143/1/4179 1175/1/4179
f 1174/1/4180 1149/1/4180 1148/1/4180
f 1148/1/4181 1177/1/4181 1174/1/4181
f 1184/1/4182 1161/1/4182 1130/1/4182
f 1154/1/4183 1162/1/4184 1191/1/4185
f 1192/1/4186 1185/1/4186 1156/1/4186
f 1135/1/4187 1158/1/4187 1134/1/4187
f 1157/1/4188 1168/1/4188 1135/1/4188
f 1162/1/4184 1154/1/4183 1159/1/4189
f 1175/1/4190 1143/1/4190 1149/1/4190
f 1152/1/4191 1140/1/4191 1163/1/4191
f 1152/1/4192 1163/1/4192 1170/1/4192
f 1163/1/4193 1165/1/4193 1197/1/4193
f 1173/1/4194 1143/1/4194 1172/1/4194
f 1145/1/4195 1173/1/4195 1172/1/4195
f 1213/1/4196 1183/1/4196 1181/1/4196
f 1145/1/4197 1205/1/4197 1204/1/4197
f 1178/1/1709 1174/1/4198 1177/1/1710
f 1179/1/1714 1180/1/4199 1181/1/1715
f 1192/1/4200 1216/1/4200 1185/1/4200
f 1217/1/4201 1185/1/4201 1216/1/4201
f 1189/1/4202 1190/1/4202 1160/1/4202
f 1193/1/4203 1160/1/4203 1190/1/4203
f 1160/1/4204 1193/1/4204 1158/1/4204
f 1193/1/4205 1191/1/4205 1162/1/4205
f 1184/1/4206 1186/1/4206 1166/1/4206
f 1195/1/4207 1186/1/4207 1188/1/4207
f 1199/1/4208 1168/1/1691 1169/1/1690
f 1203/1/4209 1250/1/4209 1197/1/4209
f 1206/1/4210 1242/1/4210 1208/1/4210
f 1202/1/4211 1204/1/4211 1207/1/4211
f 1210/1/4212 1176/1/1708 1178/1/1707
f 1209/1/4213 1176/1/4213 1210/1/4213
f 1182/1/4214 1210/1/4214 1178/1/4214
f 1212/1/4215 1246/1/4215 1182/1/4215
f 1214/1/4216 1187/1/4216 1215/1/4216
f 1216/1/4217 1229/1/4217 1217/1/4217
f 1218/1/4218 1228/1/4218 1215/1/4218
f 1255/1/4219 295/1/4219 1219/1/4219
f 279/1/4220 278/1/4220 276/1/4220
f 1221/1/4221 1218/1/4221 1215/1/4221
f 1222/1/2396 1218/1/4222 1221/1/2397
f 1193/1/4223 1190/1/4223 1224/1/4223
f 1223/1/4224 1193/1/4224 1224/1/4224
f 1194/1/4225 1193/1/4225 1225/1/4225
f 1195/1/4226 1188/1/4226 1214/1/4226
f 1258/1/4227 1226/1/4227 1230/1/4227
f 1226/1/4228 1225/1/4228 1230/1/4228
f 1230/1/4229 1225/1/4229 1223/1/4229
f 1235/1/4230 1232/1/4231 1227/1/4232
f 1232/1/4233 1198/1/4233 1227/1/4233
f 1230/1/4234 1223/1/4234 1224/1/4234
f 1222/1/4235 1235/1/4235 1228/1/4235
f 1231/1/4236 1234/1/4236 1663/1/4236
f 1245/1/4237 1242/1/4238 1209/1/4239
f 1234/1/4240 1236/1/4240 1663/1/4240
f 1201/1/4241 1237/1/4241 1224/1/4241
f 1233/1/4242 1203/1/4242 1232/1/4242
f 1251/1/4243 1213/1/4243 1250/1/4243
f 1670/1/4244 1251/1/4244 1250/1/4244
f 1270/1/4245 1254/1/4246 1280/1/4247
f 1210/1/1804 1182/1/4248 1246/1/1802
f 295/1/439 294/1/441 1219/1/4249
f 1247/1/1762 1245/1/4250 1210/1/1763
f 1247/1/4251 1248/1/4251 1249/1/4251
f 1246/1/4252 1212/1/4252 1252/1/4252
f 1259/1/4253 1271/1/4253 1258/1/4253
f 1262/1/4254 1261/1/4255 1238/1/4256
f 1263/1/4257 1237/1/4257 1261/1/4257
f 1261/1/4255 1262/1/4254 1274/1/4258
f 1249/1/4259 1248/1/1815 1268/1/1814
f 1247/1/4260 1249/1/4260 1267/1/4260
f 1275/1/4261 1278/1/4261 1266/1/4261
f 1268/1/4262 1246/1/4262 1252/1/4262
f 1280/1/4263 1254/1/4263 1269/1/4263
f 1279/1/4264 1281/1/4265 1282/1/4266
f 1280/1/4267 1281/1/4267 1270/1/4267
f 1271/1/4268 1283/1/4268 1284/1/4268
f 1283/1/4269 1263/1/4269 1289/1/4269
f 1260/1/4270 1271/1/4270 1272/1/4270
f 1285/1/4271 1776/1/4271 1773/1/4271
f 1273/1/4272 1274/1/4272 1262/1/4272
f 1288/1/4273 1264/1/4273 1290/1/4273
f 1257/1/4274 1260/1/4274 1272/1/4274
f 1275/1/4275 1267/1/4275 1270/1/4275
f 1282/1/4276 1281/1/4276 1803/1/4276
f 1276/1/4277 1290/1/4277 1264/1/4277
f 1298/1/4278 1288/1/4279 1290/1/4280
f 1287/1/4281 1285/1/4281 1286/1/4281
f 1286/1/4282 1284/1/4282 1307/1/4282
f 1299/1/4283 1297/1/4283 1304/1/4283
f 1308/1/4284 1813/1/4285 1286/1/4286
f 1296/1/4287 1294/1/4287 1293/1/4287
f 1318/1/4288 1295/1/4288 1294/1/4288
f 1297/1/4289 1300/1/4289 1304/1/4289
f 1303/1/4290 1300/1/4290 1302/1/4290
f 1299/1/4291 1294/1/4291 1296/1/4291
f 1326/1/4292 1328/1/4292 1327/1/4292
f 1302/1/4293 1822/1/4293 1326/1/4293
f 1304/1/4294 1303/1/4294 1331/1/4294
f 1308/1/4295 1307/1/4295 1309/1/4295
f 1813/1/4296 1287/1/4296 1286/1/4296
f 1358/1/4297 1322/1/4298 1325/1/4299
f 1312/1/4300 1311/1/4300 1314/1/4300
f 1293/1/4301 1294/1/4301 1295/1/4301
f 1318/1/4302 1317/1/4302 1295/1/4302
f 1321/1/4303 1323/1/4303 1314/1/4303
f 1322/1/4304 1315/1/4304 1323/1/4304
f 1322/1/4305 1327/1/4305 1325/1/4305
f 1383/1/4306 1379/1/4307 1382/1/4308
f 1301/1/4309 1329/1/4309 1294/1/4309
f 1329/1/4310 1330/1/4310 1316/1/4310
f 1333/1/4311 1334/1/4311 1329/1/4311
f 1338/1/4312 1328/1/4312 1337/1/4312
f 1339/1/4313 1328/1/4313 1338/1/4313
f 1370/1/4314 1339/1/4314 1338/1/4314
f 1306/1/4315 1340/1/4315 1309/1/4315
f 1347/1/4316 1919/1/4316 1343/1/4316
f 1345/1/4317 1346/1/4318 1313/1/4319
f 1324/1/4320 1345/1/4317 1313/1/4319
f 1346/1/1947 1342/1/4321 1340/1/1948
f 1346/1/4322 1348/1/4322 1347/1/4322
f 1351/1/4323 1347/1/4323 1348/1/4323
f 1321/1/4324 1317/1/4324 1352/1/4324
f 1355/1/4325 1354/1/4325 1374/1/4325
f 1353/1/4326 1336/1/4326 1356/1/4326
f 1366/1/4327 1363/1/4327 1336/1/4327
f 1366/1/4328 1336/1/4328 1353/1/4328
f 1890/1/4329 1874/1/4329 1350/1/4329
f 1359/1/1967 1361/1/4330 1376/1/1968
f 1319/1/4331 1316/1/4331 1330/1/4331
f 1374/1/4332 1319/1/4332 1379/1/4332
f 1379/1/4333 1362/1/4333 1365/1/4333
f 1366/1/4334 1353/1/4334 1375/1/4334
f 1336/1/4335 1363/1/4335 1335/1/4335
f 1373/1/4336 1392/1/4336 1388/1/4336
f 1353/1/4337 1355/1/4337 1375/1/4337
f 1376/1/4338 1361/1/4338 1378/1/4338
f 1932/1/4339 1377/1/4339 1378/1/4339
f 1380/1/4340 1375/1/4340 1355/1/4340
f 1382/1/4341 1365/1/4342 2103/1/4343
f 1383/1/4344 1380/1/4344 1355/1/4344
f 488/1/4345 469/1/4346 464/1/4347
f 1372/1/4348 1391/1/4348 1371/1/4348
f 1372/1/4349 1388/1/4349 1391/1/4349
f 1392/1/4350 2113/1/4350 1388/1/4350
f 1399/1/4351 1397/1/4351 1394/1/4351
f 1408/1/4352 1407/1/4352 1409/1/4352
f 959/1/4353 1397/1/4353 1399/1/4353
f 1396/1/4354 433/1/4354 1394/1/4354
f 1406/1/4355 1404/1/4355 1405/1/4355
f 1406/1/4356 1405/1/2048 1421/1/2047
f 1424/1/4357 1421/1/4357 1408/1/4357
f 1410/1/4358 1428/1/4358 1409/1/4358
f 1412/1/4359 1399/1/4359 1411/1/4359
f 1414/1/4360 1411/1/4360 1395/1/4360
f 1411/1/4361 1414/1/4361 1415/1/4361
f 1413/1/4362 1416/1/4362 1414/1/4362
f 1417/1/4363 1403/1/4363 1399/1/4363
f 1419/1/4364 1415/1/4364 1414/1/4364
f 964/1/4365 1403/1/4365 1417/1/4365
f 1413/1/4366 1423/1/4366 1437/1/4366
f 1437/1/4367 1416/1/4367 1413/1/4367
f 1425/1/2067 1402/1/4368 1400/1/2065
f 1434/1/4369 1452/1/4370 1433/1/4371
f 1449/1/4372 1427/1/4372 1019/1/4372
f 1432/1/4373 1420/1/4373 1419/1/4373
f 1440/1/4374 1419/1/4374 1437/1/4374
f 1431/1/2088 1430/1/4375 1432/1/2089
f 1440/1/4376 1437/1/4376 1435/1/4376
f 1440/1/4377 1435/1/4377 1441/1/4377
f 1440/1/4378 1442/1/4378 1475/1/4378
f 1443/1/4379 1439/1/4379 1444/1/4379
f 1409/1/4380 1428/1/4380 1424/1/4380
f 1422/1/4381 1443/1/4381 1444/1/4381
f 1461/1/4382 1439/1/4382 1467/1/4382
f 1453/1/2143 1478/1/2145 1448/1/4383
f 1445/1/4384 1472/1/4384 1471/1/4384
f 1039/1/4385 1453/1/4385 1451/1/4385
f 1478/1/4386 1501/1/4387 1500/1/4388
f 1039/1/4389 1454/1/4389 1453/1/4389
f 1042/1/4390 1458/1/4390 1454/1/4390
f 1458/1/4391 1457/1/4391 1454/1/4391
f 1459/1/4392 1460/1/4392 1070/1/4392
f 1462/1/4393 1438/1/4393 1461/1/4393
f 1465/1/4394 1441/1/4394 1462/1/4394
f 1461/1/4395 1463/1/4395 1462/1/4395
f 1465/1/4396 1462/1/4396 1464/1/4396
f 1450/1/4397 1469/1/4397 1446/1/4397
f 1463/1/4398 1461/1/4398 1467/1/4398
f 1473/1/4399 1467/1/4399 1471/1/4399
f 1474/1/4400 1466/1/4400 1473/1/4400
f 1456/1/4401 1460/1/4401 1455/1/4401
f 1492/1/4402 1476/1/4402 1497/1/4402
f 1476/1/2140 1465/1/2139 1464/1/4403
f 1483/1/4404 1488/1/4405 1501/1/4406
f 1500/1/4407 511/1/4407 1478/1/4407
f 1479/1/4408 1521/1/4408 1491/1/4408
f 1481/1/4409 1459/1/4409 1070/1/4409
f 1483/1/4410 1481/1/4410 1484/1/4410
f 1484/1/4411 1072/1/4411 1075/1/4411
f 1487/1/4412 1494/1/4413 1496/1/4414
f 1483/1/4415 1485/1/4415 1487/1/4415
f 1494/1/4416 1493/1/4416 1496/1/4416
f 1487/1/4417 1085/1/4417 1076/1/4417
f 1513/1/4418 1510/1/4419 1509/1/4420
f 1492/1/4421 1522/1/4421 1496/1/4421
f 1492/1/4422 1477/1/4422 1476/1/4422
f 1498/1/4423 1497/1/4423 1489/1/4423
f 1505/1/4424 1480/1/4424 1504/1/4424
f 1508/1/4425 1507/1/4425 1488/1/4425
f 1518/1/4426 1542/1/4426 1512/1/4426
f 1509/1/4427 1541/1/4428 1513/1/4429
f 1598/1/4430 1596/1/4431 1597/1/4432
f 1515/1/4433 1510/1/4433 1514/1/4433
f 1515/1/4434 1517/1/4434 1518/1/4434
f 1506/1/4435 1099/1/4435 1495/1/4435
f 1528/1/4436 1524/1/4436 1526/1/4436
f 1511/1/4437 1527/1/4437 1525/1/4437
f 1528/1/4438 1525/1/4438 1527/1/4438
f 1497/1/4439 1498/1/4439 1529/1/4439
f 1529/1/4440 1498/1/2215 1530/1/2214
f 1514/1/4441 1525/1/4441 1529/1/4441
f 1514/1/4442 1530/1/4442 1516/1/4442
f 1516/1/4443 1515/1/4443 1514/1/4443
f 1530/1/4444 1531/1/4444 1516/1/4444
f 1531/1/4445 1517/1/4445 1516/1/4445
f 1565/1/4446 1534/1/4446 1533/1/4446
f 1546/1/2178 1535/1/4447 1533/1/2176
f 1502/1/4448 1503/1/4448 1536/1/4448
f 1537/1/4449 1503/1/4449 1577/1/4449
f 1540/1/2289 1547/1/2288 1544/1/4450
f 1544/1/4451 1539/1/4451 1540/1/4451
f 1508/1/4452 1594/1/4452 1507/1/4452
f 1580/1/4453 1503/1/4453 1538/1/4453
f 1595/1/4454 1580/1/4454 1579/1/4454
f 1582/1/4455 1597/1/4455 1564/1/4455
f 1541/1/4456 1512/1/4456 1542/1/4456
f 1519/1/4457 1517/1/4457 1520/1/4457
f 1543/1/4458 1582/1/4458 1564/1/4458
f 1551/1/4459 1594/1/4459 1549/1/4459
f 1550/1/4460 1552/1/4460 1551/1/4460
f 1579/1/4461 1580/1/4461 1538/1/4461
f 1594/1/4462 1508/1/4462 1549/1/4462
f 1520/1/4463 1532/1/4463 1556/1/4463
f 1558/1/4464 1556/1/4464 1559/1/4464
f 1563/1/4465 1559/1/4465 1556/1/4465
f 1560/1/4466 1559/1/4466 1562/1/4466
f 1562/1/4467 1561/1/4467 1596/1/4467
f 1570/1/4468 1556/1/4468 1534/1/4468
f 1563/1/4469 1556/1/4469 1570/1/4469
f 1563/1/4470 1567/1/4470 1566/1/4470
f 1543/1/4471 1564/1/4471 1566/1/4471
f 1535/1/4472 1569/1/4472 1565/1/4472
f 1568/1/4473 1570/1/4473 1571/1/4473
f 1610/1/4474 1552/1/4474 1574/1/4474
f 1611/1/4475 1575/1/4475 1600/1/4475
f 1573/1/4476 1572/1/4476 1553/1/4476
f 1576/1/4477 1615/1/4478 1656/1/4479
f 1580/1/4480 1614/1/4480 1503/1/4480
f 1604/1/4481 1602/1/4482 1609/1/4483
f 1614/1/4484 1580/1/4484 1581/1/4484
f 1614/1/4485 1615/1/4485 1577/1/4485
f 1595/1/4486 1581/1/4486 1580/1/4486
f 1585/1/4487 1582/1/4487 1584/1/4487
f 1621/1/4488 1586/1/4488 1584/1/4488
f 1591/1/4489 1621/1/4489 1590/1/4489
f 1585/1/2284 1586/1/2286 1587/1/4490
f 1588/1/4491 1589/1/4491 1591/1/4491
f 1589/1/4492 1622/1/4492 1591/1/4492
f 1547/1/4493 1592/1/4493 1548/1/4493
f 1610/1/4494 1595/1/4494 1594/1/4494
f 1610/1/4495 1627/1/4495 1595/1/4495
f 1628/1/4496 1598/1/4496 1583/1/4496
f 1599/1/4497 1562/1/4497 1596/1/4497
f 1601/1/4498 1589/1/4498 1588/1/4498
f 1603/1/4499 1568/1/4499 1571/1/4499
f 1603/1/4500 1606/1/4500 1589/1/4500
f 1605/1/4501 1604/1/4501 1609/1/4501
f 1627/1/4502 1612/1/4503 1669/1/4504
f 1622/1/4505 1589/1/4505 1606/1/4505
f 1548/1/4506 1592/1/4506 1593/1/4506
f 1593/1/4507 1602/1/4507 1548/1/4507
f 1573/1/4508 1611/1/4509 1612/1/4510
f 1628/1/4511 1632/1/4512 1631/1/4513
f 1573/1/4514 1553/1/4514 1575/1/4514
f 1613/1/4515 1611/1/4515 1600/1/4515
f 1619/1/4516 1615/1/4516 1614/1/4516
f 1706/1/4517 1625/1/4517 1624/1/4517
f 1632/1/4518 1587/1/4518 1621/1/4518
f 1619/1/4519 1231/1/4519 1663/1/4519
f 1623/1/4520 1622/1/4520 1638/1/4520
f 1618/1/4521 1666/1/4521 1581/1/4521
f 1613/1/4522 1600/1/4522 1630/1/4522
f 1629/1/4523 1630/1/4523 1600/1/4523
f 1678/1/4524 1664/1/4525 1683/1/4526
f 1623/1/4527 1641/1/4527 1634/1/4527
f 1630/1/2350 1633/1/2349 1613/1/4528
f 1636/1/4529 1637/1/4529 1650/1/4529
f 1635/1/4530 1632/1/4530 1634/1/4530
f 1650/1/4531 1635/1/4531 1636/1/4531
f 1641/1/4532 1623/1/4532 1638/1/4532
f 1641/1/4533 1638/1/4533 1607/1/4533
f 1606/1/4534 1638/1/4534 1622/1/4534
f 1609/1/4535 1645/1/4535 1643/1/4535
f 1644/1/4536 1593/1/4536 1625/1/4536
f 1647/1/4537 1648/1/4537 1646/1/4537
f 1647/1/4538 1653/1/4538 1652/1/4538
f 1698/1/2388 1693/1/4539 1655/1/2389
f 1642/1/4540 1654/1/4540 1639/1/4540
f 1655/1/4541 1654/1/4541 1643/1/4541
f 1662/1/4542 1231/1/4542 1620/1/4542
f 1660/1/4543 1659/1/4543 1236/1/4543
f 1709/1/4544 1700/1/4544 1701/1/4544
f 1690/1/4545 1625/1/4545 1706/1/4545
f 1672/1/4546 1673/1/4546 1671/1/4546
f 1679/1/4547 1683/1/4547 1676/1/4547
f 1683/1/4548 1700/1/4548 1676/1/4548
f 1680/1/4549 1679/1/4549 1674/1/4549
f 1699/1/4550 1738/1/4550 1705/1/4550
f 1686/1/4551 1717/1/4552 1716/1/4553
f 1698/1/4554 1681/1/4554 1680/1/4554
f 1685/1/4555 1714/1/4555 1665/1/4555
f 1687/1/4556 1714/1/4556 1685/1/4556
f 1712/1/4557 1710/1/4558 1713/1/4559
f 1686/1/4560 1687/1/4560 1685/1/4560
f 1721/1/4561 1689/1/4561 1756/1/4561
f 1697/1/4562 1655/1/4562 1645/1/4562
f 1689/1/4563 1625/1/4563 1690/1/4563
f 1269/1/4564 1691/1/4564 1673/1/4564
f 1726/1/4565 1669/1/4565 1649/1/4565
f 1696/1/4566 1694/1/4566 1695/1/4566
f 1694/1/4567 1693/1/4567 1682/1/4567
f 1705/1/4568 1738/1/4568 1707/1/4568
f 1664/1/4569 1665/1/4569 1701/1/4569
f 1707/1/4570 1690/1/4570 1706/1/4570
f 1701/1/4571 1665/1/4571 1703/1/4571
f 1700/1/4572 1709/1/4572 1676/1/4572
f 1675/1/4573 1677/1/4573 1710/1/4573
f 1708/1/4574 1713/1/4575 1710/1/4576
f 1743/1/4577 1783/1/4578 1744/1/4579
f 1719/1/4580 1750/1/4580 1718/1/4580
f 1744/1/4581 1757/1/4581 1756/1/4581
f 1772/1/4582 1720/1/2435 1721/1/2437
f 1722/1/4583 1673/1/4583 1672/1/4583
f 1759/1/4584 1724/1/4584 1723/1/4584
f 1692/1/4585 1723/1/4585 1722/1/4585
f 1269/1/4586 1722/1/4586 1724/1/4586
f 1727/1/4587 1723/1/4587 1692/1/4587
f 1717/1/4588 1718/1/4588 1716/1/4588
f 1272/1/4589 1773/1/4589 1735/1/4589
f 778/1/4590 777/1/4590 776/1/4590
f 1743/1/4591 1707/1/4591 1740/1/4591
f 1741/1/4592 1746/1/4592 1711/1/4592
f 1733/1/4593 1763/1/4594 1725/1/4595
f 1768/1/4596 1765/1/4596 1769/1/4596
f 1749/1/4597 1741/1/4597 1754/1/4597
f 1750/1/4598 1719/1/4598 1752/1/4598
f 1751/1/4599 1719/1/4599 1769/1/4599
f 1752/1/4600 1719/1/4600 1754/1/4600
f 1719/1/4601 1751/1/4601 1754/1/4601
f 1766/1/4602 1745/1/4602 1748/1/4602
f 1753/1/4603 1741/1/4603 1742/1/4603
f 1753/1/4604 1742/1/4604 1752/1/4604
f 1754/1/4605 1741/1/4605 1753/1/4605
f 1755/1/4606 1800/1/4606 1721/1/4606
f 1763/1/4607 1764/1/4607 1727/1/4607
f 1744/1/4608 1707/1/4608 1743/1/4608
f 1755/1/4609 1756/1/4609 1757/1/4609
f 1759/1/4610 1723/1/4610 1727/1/4610
f 1759/1/4611 1760/1/4611 1724/1/4611
f 1760/1/4612 1280/1/4612 1724/1/4612
f 1759/1/4613 1762/1/4613 1760/1/4613
f 1771/1/4614 1835/1/4615 1831/1/4616
f 1764/1/4617 1762/1/4617 1759/1/4617
f 1791/1/4618 1764/1/4618 1763/1/4618
f 1732/1/4619 1765/1/4619 1733/1/4619
f 1796/1/4620 1797/1/4620 1768/1/4620
f 1775/1/4621 1774/1/4621 1773/1/4621
f 1778/1/4622 1737/1/4622 1777/1/4622
f 1779/1/4623 1781/1/4623 1778/1/4623
f 1782/1/4624 1780/1/4624 1781/1/4624
f 1781/1/4625 1780/1/4625 1778/1/4625
f 1782/1/4626 1783/1/4626 1780/1/4626
f 1783/1/4627 1784/1/4627 1818/1/4627
f 1787/1/4628 1802/1/4628 1755/1/4628
f 1755/1/4629 1802/1/4629 1800/1/4629
f 1787/1/2639 1785/1/4630 1786/1/2640
f 1792/1/4631 1791/1/4631 1825/1/4631
f 1763/1/4632 1767/1/4632 1793/1/4632
f 1788/1/4633 1762/1/4633 1790/1/4633
f 1790/1/4634 1789/1/4634 1792/1/4634
f 1799/1/4635 1826/1/4635 1794/1/4635
f 1799/1/4636 1798/1/4636 1828/1/4636
f 1826/1/4637 1825/1/4638 1795/1/4639
f 1772/1/4640 1801/1/4640 1771/1/4640
f 1837/1/4641 1788/1/4641 1804/1/4641
f 1809/1/4642 1808/1/4642 1848/1/4642
f 1814/1/4643 1779/1/4643 1811/1/4643
f 1811/1/2610 1812/1/4644 1815/1/2608
f 1871/1/4645 1872/1/4645 1818/1/4645
f 1816/1/4646 1870/1/4646 1809/1/4646
f 1784/1/4647 1782/1/4647 1814/1/4647
f 1784/1/4648 1814/1/4648 1815/1/4648
f 1818/1/4649 1784/1/4649 1871/1/4649
f 1786/1/4650 1821/1/4651 1906/1/4652
f 1791/1/4653 1795/1/4653 1825/1/4653
f 1896/1/4654 1895/1/4655 1825/1/4656
f 1895/1/4657 1891/1/4657 1825/1/4657
f 1834/1/4658 1827/1/4659 1833/1/4660
f 1826/1/4661 1799/1/4661 1897/1/4661
f 1829/1/4662 1799/1/4662 1828/1/4662
f 1827/1/4663 1831/1/4663 1833/1/4663
f 1830/1/4664 1897/1/4664 1799/1/4664
f 1846/1/4665 1845/1/4666 1847/1/4667
f 1836/1/2726 1901/1/4668 1835/1/2727
f 1835/1/4669 1901/1/2734 1900/1/2736
f 1900/1/2730 1834/1/4670 1832/1/4671
f 1903/1/4672 1836/1/4672 1820/1/4672
f 1820/1/4673 1786/1/4673 1906/1/4673
f 1804/1/4674 1838/1/4674 1837/1/4674
f 1839/1/4675 1838/1/4675 1908/1/4675
f 1910/1/4676 1943/1/2648 1838/1/2647
f 1840/1/4677 1841/1/4677 1805/1/4677
f 1846/1/4678 919/1/4678 1843/1/4678
f 1841/1/4679 848/1/4679 1805/1/4679
f 915/1/4680 914/1/4680 1841/1/4680
f 1844/1/4681 1842/1/4681 1840/1/4681
f 1946/1/4682 1945/1/4683 1962/1/4684
f 1843/1/4685 1841/1/4685 1842/1/4685
f 1860/1/4686 1864/1/4686 1848/1/4686
f 1851/1/4687 1813/1/4687 1853/1/4687
f 1852/1/4688 1851/1/4688 1853/1/4688
f 1853/1/4689 1341/1/4689 1854/1/4689
f 1857/1/4690 1863/1/4690 1858/1/4690
f 1861/1/4691 1849/1/4691 1862/1/4691
f 1879/1/4692 1883/1/4692 1862/1/4692
f 1860/1/4693 1861/1/4693 1864/1/4693
f 1925/1/4694 1884/1/4694 1882/1/4694
f 1865/1/4695 1866/1/4695 1867/1/4695
f 1899/1/2729 1834/1/4670 1900/1/2730
f 1874/1/4696 1890/1/4696 1888/1/4696
f 1886/1/4697 1818/1/4697 1872/1/4697
f 1872/1/2778 1871/1/4698 1873/1/2776
f 1922/1/4699 1924/1/4699 1880/1/4699
f 1351/1/4700 1874/1/4700 1919/1/4700
f 1876/1/4701 1875/1/4701 1874/1/4701
f 1880/1/4702 1819/1/4702 1878/1/4702
f 1882/1/4703 1881/1/4703 1898/1/4703
f 1881/1/4704 1884/1/4704 1883/1/4704
f 1821/1/4651 1926/1/4705 1906/1/4652
f 1927/1/4706 1926/1/2711 1886/1/2713
f 1927/1/4707 1886/1/4707 1872/1/4707
f 1888/1/4708 1890/1/4708 1930/1/4708
f 1910/1/4709 1891/1/4709 1893/1/4709
f 1910/1/4710 1893/1/4710 1887/1/4710
f 1892/1/4711 1876/1/4711 1893/1/4711
f 1889/1/4712 1894/1/4712 1888/1/4712
f 1921/1/4713 1876/1/4713 1895/1/4713
f 1897/1/4714 1896/1/4714 1826/1/4714
f 1896/1/4654 1921/1/4715 1895/1/4655
f 1897/1/4716 1921/1/4716 1896/1/4716
f 1830/1/4717 1880/1/4717 1897/1/4717
f 1830/1/4718 1799/1/4718 1819/1/4718
f 1881/1/4719 1834/1/4719 1898/1/4719
f 1934/1/4720 1899/1/4720 1902/1/4720
f 1901/1/4721 1941/1/2789 1937/1/2791
f 1903/1/4722 1820/1/4722 1906/1/4722
f 1903/1/4723 1906/1/4723 1907/1/4723
f 1907/1/4724 1905/1/4725 1903/1/4726
f 1944/1/4727 1392/1/4727 1943/1/4727
f 1919/1/4728 1920/1/4728 1911/1/4728
f 1912/1/4729 1914/1/4729 1847/1/4729
f 1914/1/4730 1920/1/4730 1923/1/4730
f 1914/1/4731 1859/1/4731 1858/1/4731
f 1869/1/2760 1867/1/4732 1916/1/2761
f 2137/1/4733 1917/1/4733 1915/1/4733
f 1874/1/4734 1875/1/4734 1920/1/4734
f 1919/1/4735 1911/1/4735 1343/1/4735
f 1845/1/4736 1855/1/4736 1912/1/4736
f 1880/1/4737 1924/1/4737 1921/1/4737
f 1859/1/4738 1924/1/4738 1922/1/4738
f 1923/1/4739 1921/1/4739 1924/1/4739
f 1890/1/4740 1377/1/4740 1930/1/4740
f 1933/1/4741 1898/1/4741 1934/1/4741
f 1940/1/4742 1941/1/4742 1938/1/4742
f 1938/1/4743 1939/1/4743 1940/1/4743
f 1940/1/4744 2145/1/4745 1941/1/4746
f 2144/1/4747 1941/1/4746 2145/1/4745
f 1942/1/4748 1905/1/4725 1907/1/4724
f 1907/1/4749 2149/1/4749 1942/1/4749
f 2153/1/4750 1940/1/4750 1939/1/4750
f 1909/1/4751 1944/1/4751 1943/1/4751
f 1944/1/4752 1909/1/4752 1931/1/4752
f 1931/1/4753 1390/1/4753 1944/1/4753
f 1960/1/4754 1945/1/4755 1952/1/4756
f 1949/1/4757 405/1/4757 1950/1/4757
f 1952/1/4758 409/1/4758 1959/1/4758
f 1971/1/4759 1961/1/4760 1963/1/4761
f 1955/1/4762 1956/1/4762 413/1/4762
f 1959/1/4763 1963/1/4763 1960/1/4763
f 1961/1/4764 1960/1/4764 1963/1/4764
f 1972/1/4765 1969/1/4765 1968/1/4765
f 1956/1/4766 1959/1/4767 412/1/4768
f 1966/1/4769 1957/1/4769 1965/1/4769
f 1971/1/4770 1969/1/4771 1947/1/4772
f 1964/1/4773 1956/1/4773 1967/1/4773
f 1974/1/4774 1967/1/4774 1965/1/4774
f 1974/1/4775 1973/1/4776 1970/1/4777
f 1973/1/2853 1971/1/2855 1963/1/2855
f 1978/1/4778 1974/1/4778 1977/1/4778
f 1993/1/4779 1990/1/4780 1989/1/4781
f 1977/1/4782 1975/1/4782 1976/1/4782
f 1977/1/4783 1980/1/4783 1978/1/4783
f 1976/1/4784 1973/1/4784 1978/1/4784
f 1979/1/4785 1978/1/4785 1980/1/4785
f 1985/1/4786 1995/1/4786 1994/1/4786
f 2004/1/4787 935/1/1373 1987/1/1375
f 1987/1/4788 1986/1/4788 1982/1/4788
f 949/1/2899 948/1/4789 1992/1/2900
f 2001/1/4790 2000/1/4790 1984/1/4790
f 2000/1/2906 2014/1/4791 1996/1/2907
f 2019/1/4792 2003/1/4792 1999/1/4792
f 2005/1/4793 2004/1/4794 2019/1/4795
f 2012/1/4796 1998/1/4797 1997/1/4798
f 1988/1/4799 1990/1/4799 2008/1/4799
f 2002/1/4800 2001/1/4800 2007/1/4800
f 949/1/4801 2011/1/4801 1991/1/4801
f 2006/1/4802 2030/1/4803 2020/1/4804
f 2000/1/4805 2001/1/4805 2018/1/4805
f 2014/1/4806 2016/1/2946 2015/1/2945
f 2008/1/4807 2017/1/2957 2018/1/2959
f 2031/1/4808 2032/1/4809 2025/1/4810
f 2019/1/4811 2028/1/4811 2030/1/4811
f 2024/1/4812 2006/1/4812 2031/1/4812
f 2031/1/4813 2006/1/4813 2020/1/4813
f 2008/1/2909 2018/1/4814 2002/1/2910
f 2009/1/4815 2021/1/4815 2022/1/4815
f 2008/1/4816 2010/1/4816 2017/1/4816
f 2022/1/4817 2021/1/4817 2023/1/4817
f 2013/1/4818 2026/1/4818 2033/1/4818
f 2019/1/4795 2030/1/4819 2005/1/4793
f 2039/1/4820 2013/1/4820 2033/1/4820
f 2041/1/4821 2029/1/4821 2023/1/4821
f 2025/1/4822 2024/1/4822 2031/1/4822
f 2020/1/4823 2047/1/4823 2031/1/4823
f 2017/1/2963 2010/1/4824 2029/1/2961
f 2010/1/4825 2022/1/4825 2029/1/4825
f 2040/1/4826 2037/1/4827 2038/1/4828
f 2067/1/4829 2074/1/4830 2053/1/4831
f 2047/1/4832 2036/1/4832 2037/1/4832
f 2052/1/4833 2037/1/4833 2040/1/4833
f 2044/1/4834 2034/1/4834 2042/1/4834
f 2041/1/4835 2023/1/4835 2032/1/4835
f 2047/1/4836 2020/1/4836 2036/1/4836
f 2048/1/4837 2039/1/4837 2049/1/4837
f 2057/1/4838 2047/1/4838 2054/1/4838
f 2057/1/4839 2046/1/4839 2047/1/4839
f 2040/1/4826 2038/1/4828 2048/1/4840
f 2050/1/4841 2034/1/4841 2051/1/4841
f 2062/1/4842 2050/1/4842 2051/1/4842
f 2049/1/4843 2058/1/4843 2048/1/4843
f 2065/1/4844 2057/1/4844 2054/1/4844
f 2053/1/4845 2040/1/4845 2067/1/4845
f 2045/1/4846 2032/1/4846 2046/1/4846
f 2046/1/4847 2056/1/4847 2045/1/4847
f 2055/1/4848 2044/1/4848 2045/1/4848
f 2047/1/4849 2053/1/4849 2054/1/4849
f 2059/1/4850 2062/1/4850 2060/1/4850
f 2080/1/4851 2072/1/4851 2060/1/4851
f 2060/1/4852 2072/1/4852 2059/1/4852
f 2086/1/4853 2080/1/4854 2081/1/4855
f 2067/1/4856 2066/1/4856 2068/1/4856
f 2073/1/4857 2059/1/4857 2072/1/4857
f 2071/1/4858 2073/1/4858 2084/1/4858
f 2069/1/4859 2070/1/4859 2064/1/4859
f 2068/1/4860 2058/1/4860 2076/1/4860
f 2079/1/4861 2081/1/4861 2064/1/4861
f 2077/1/4862 2068/1/4862 2082/1/4862
f 2087/1/4863 2075/1/4863 2078/1/4863
f 2082/1/4864 2068/1/4864 2071/1/4864
f 2079/1/4865 2086/1/4865 2081/1/4865
f 2092/1/4866 2090/1/4866 2083/1/4866
f 2085/1/4867 2092/1/4867 2083/1/4867
f 2101/1/4868 2094/1/4869 2102/1/4870
f 2083/1/4871 2071/1/4871 2084/1/4871
f 2086/1/4872 2097/1/4872 2089/1/4872
f 1391/1/4873 2105/1/4874 1387/1/4875
f 2093/1/4876 2091/1/4876 2096/1/4876
f 2098/1/4877 2100/1/4877 2095/1/4877
f 2104/1/4878 1384/1/4878 1382/1/4878
f 2112/1/4879 1391/1/4879 2121/1/4879
f 2121/1/4880 2115/1/4881 2112/1/4882
f 1386/1/4883 1385/1/4883 2105/1/4883
f 2107/1/4884 1932/1/4884 2110/1/4884
f 1378/1/4885 2106/1/4885 2111/1/4885
f 2113/1/4886 1389/1/4886 2108/1/4886
f 2115/1/4887 2105/1/4887 2112/1/4887
f 2116/1/4888 2114/1/4888 2115/1/4888
f 2149/1/4889 1939/1/4890 1942/1/4891
f 2124/1/4892 2119/1/4892 2127/1/4892
f 2128/1/4893 2127/1/4893 2120/1/4893
f 2129/1/4894 2123/1/4894 2125/1/4894
f 2128/1/4895 2132/1/4895 2127/1/4895
f 2132/1/4896 2130/1/4896 2125/1/4896
f 2128/1/3105 2126/1/4897 2129/1/3103
f 2129/1/4898 2125/1/4898 2130/1/4898
f 2133/1/4899 2130/1/4899 2134/1/4899
f 2146/1/4900 2139/1/4900 1925/1/4900
f 2136/1/4901 1916/1/4901 2138/1/4901
f 2137/1/2757 2136/1/2756 2140/1/3119
f 2143/1/4902 1927/1/4902 1928/1/4902
f 1936/1/2799 2147/1/4903 2146/1/3113
f 2150/1/4904 2165/1/4905 2154/1/4906
f 2183/1/4907 2203/1/4908 2196/1/4909
f 2154/1/3144 2153/1/3143 2150/1/4910
f 2154/1/4911 2165/1/4911 2148/1/4911
f 1939/1/4912 2150/1/4912 2153/1/4912
f 2140/1/4913 2141/1/4913 2155/1/4913
f 2173/1/4914 2141/1/4914 2139/1/4914
f 2173/1/4915 2155/1/4915 2141/1/4915
f 2159/1/4916 2170/1/4916 2157/1/4916
f 2158/1/4917 2176/1/4917 2164/1/4917
f 2161/1/4918 2174/1/4918 2147/1/4918
f 2173/1/4919 2139/1/4919 2174/1/4919
f 2166/1/4920 2151/1/4920 2181/1/4920
f 2160/1/4921 2148/1/4921 2165/1/4921
f 2166/1/4922 2180/1/4922 2162/1/4922
f 2174/1/4923 2183/1/4923 2182/1/4923
f 2182/1/4924 2173/1/4924 2174/1/4924
f 2173/1/4925 2182/1/4925 2167/1/4925
f 2172/1/4926 2189/1/4927 2198/1/4928
f 2187/1/4929 2164/1/4929 2176/1/4929
f 2187/1/4930 2175/1/4930 2152/1/4930
f 2190/1/4931 2180/1/4931 2193/1/4931
f 2168/1/4932 2169/1/4932 2185/1/4932
f 2183/1/4933 2186/1/4933 2182/1/4933
f 2182/1/4934 2186/1/4934 2169/1/4934
f 2186/1/4935 2185/1/4935 2169/1/4935
f 2171/1/4936 2185/1/4936 2199/1/4936
f 2208/1/4937 2197/1/4938 2219/1/4939
f 2187/1/4940 2200/1/4940 2188/1/4940
f 2189/1/4941 2207/1/4941 2198/1/4941
f 2184/1/4942 2178/1/4942 2179/1/4942
f 2175/1/3190 2192/1/3190 2193/1/3190
f 2193/1/4943 2192/1/4943 2194/1/4943
f 2196/1/4944 2195/1/4944 2186/1/4944
f 2207/1/4945 2211/1/4945 2201/1/4945
f 2192/1/4946 2188/1/4946 2204/1/4946
f 2238/1/4947 2228/1/4948 2250/1/4949
f 2214/1/4950 2213/1/4950 2215/1/4950
f 2206/1/4951 2218/1/4951 2217/1/4951
f 2216/1/4952 2225/1/4952 2218/1/4952
f 2219/1/4953 2221/1/4953 2235/1/4953
f 2235/1/4954 2221/1/4954 2234/1/4954
f 2235/1/4955 2233/1/4955 2219/1/4955
f 2224/1/4956 2220/1/4956 2214/1/4956
f 2214/1/4957 2230/1/3278 2224/1/3277
f 2225/1/4958 2216/1/4958 2227/1/4958
f 2225/1/4959 2227/1/4959 2232/1/4959
f 2223/1/4960 2222/1/4960 2228/1/4960
f 2229/1/4961 2225/1/4961 2232/1/4961
f 2256/1/4962 2260/1/4963 2259/1/4964
f 2249/1/4965 2250/1/4965 2236/1/4965
f 2246/1/4966 2242/1/4966 2232/1/4966
f 2244/1/4967 2234/1/4967 2239/1/4967
f 2246/1/4968 2237/1/4968 2243/1/4968
f 2247/1/4969 2246/1/4969 2243/1/4969
f 2248/1/4970 2249/1/4970 2242/1/4970
f 2253/1/4971 2252/1/4971 2257/1/4971
f 2254/1/3130 2253/1/3129 2257/1/4972
f 2256/1/4973 2254/1/4973 2257/1/4973
f 434/1/4974 7/1/4975 437/1/4976
f 2254/1/4977 2256/1/4977 2259/1/4977
f 2261/1/4978 2257/1/4978 2255/1/4978
f 2255/1/4979 2260/1/4979 2262/1/4979
f 2269/1/4980 2263/1/4980 2268/1/4980
f 2269/1/4981 2267/2/4981 2265/1/4981
f 2270/1/4982 2272/1/4982 2271/1/4982
f 2265/1/4983 2263/1/4984 2269/1/4985
f 2265/1/4986 2266/3/4987 2264/1/4988
f 2266/3/4989 2263/1/4990 2264/1/4991
f 9/1/3321 10/1/4992 12/1/3322
f 32/1/3326 31/1/4993 36/1/3327
f 44/1/3337 10/1/4994 969/1/3338
f 52/1/3346 56/1/4995 54/1/3347
f 36/1/3355 31/1/4996 462/1/3356
f 16/1/3361 18/1/4997 29/1/3362
f 23/1/3369 70/1/4998 72/1/3370
f 171/1/3373 146/1/4999 140/1/3374
f 167/1/3411 165/1/5000 166/1/3412
f 134/1/3424 132/1/5001 170/1/3425
f 193/1/3429 195/1/5002 199/1/3430
f 213/1/3443 202/1/5003 186/1/3444
f 202/1/3453 233/1/5004 205/1/3454
f 741/1/3456 287/1/5005 322/1/3457
f 315/1/3533 321/1/5006 316/1/3534
f 400/1/3541 372/1/5007 403/1/3542
f 371/1/3578 337/1/5008 372/1/3579
f 383/1/3581 355/1/5009 342/1/3582
f 388/1/3586 414/1/5010 413/1/3587
f 373/1/3590 402/1/5011 382/1/3591
f 423/1/3610 1/1/5012 420/1/3611
f 433/1/3616 431/1/5013 432/1/3617
f 1398/1/3623 436/1/5014 433/1/3624
f 1401/1/3626 440/1/5015 436/1/3627
f 439/1/3631 463/1/5016 437/1/3632
f 38/1/3634 447/1/5017 451/1/3635
f 471/1/3642 491/1/5018 466/1/3643
f 80/1/3660 470/1/5019 466/1/3661
f 494/1/3663 502/1/5020 504/1/3664
f 532/1/3688 525/1/5021 526/1/3689
f 582/1/3696 551/1/5022 586/1/3697
f 558/1/3706 521/1/5023 538/1/3707
f 613/1/3719 572/1/5024 566/1/3720
f 576/1/3728 575/1/5025 573/1/3729
f 582/1/3737 583/1/5026 559/1/3738
f 574/1/3741 603/1/5027 578/1/3742
f 545/1/3744 546/1/5028 562/1/3745
f 572/1/3747 601/1/5029 618/1/3748
f 587/1/3751 586/1/5030 551/1/3752
f 610/1/3755 608/1/5031 604/1/3756
f 3/1/3766 1/1/5032 4/1/3767
f 636/1/3772 596/1/5033 623/1/3773
f 643/1/3788 629/1/5034 630/1/3789
f 700/1/3802 735/1/5035 651/1/3803
f 747/1/3842 746/1/5036 727/1/3843
f 729/1/3856 695/1/5037 731/1/3857
f 731/1/3867 695/1/5038 696/1/3868
f 731/1/3870 698/1/5039 739/1/3871
f 737/1/3873 738/1/5040 739/1/3874
f 744/1/3878 743/1/5041 781/1/3879
f 758/1/3885 789/1/5042 757/1/3886
f 764/1/3895 733/1/5043 732/1/3896
f 728/1/3900 763/1/5044 762/1/3901
f 813/1/3903 814/1/5045 780/1/3904
f 762/1/3914 763/1/5046 760/1/3915
f 1736/1/3926 1773/1/5047 805/1/3927
f 807/1/3936 810/1/5048 1777/1/3937
f 822/1/3941 812/1/5049 814/1/3942
f 850/1/3947 851/1/5050 1807/1/3948
f 890/1/3973 888/1/5051 899/1/3974
f 910/1/3995 844/1/5052 912/1/3996
f 1846/1/4017 1863/1/5053 920/1/4018
f 1993/1/4024 911/1/5054 956/1/4025
f 993/1/4041 994/1/5055 997/1/4042
f 1016/1/4065 1018/1/5056 1037/1/4066
f 1029/1/4082 1026/1/5057 1027/1/4083
f 1080/1/4097 1081/1/5058 1083/1/4098
f 1110/1/4123 1116/1/5059 1111/1/4124
f 1141/1/4143 1132/1/5060 1093/1/4144
f 1132/1/4155 1157/1/5061 1135/1/4156
f 1139/1/4158 1164/1/5062 1140/1/4159
f 1102/1/4164 1106/1/5063 1148/1/4165
f 1132/1/4168 1141/1/5064 1144/1/4169
f 1199/1/4173 1200/1/5065 1202/1/4174
f 1235/1/4230 1234/1/5066 1232/1/4231
f 1245/1/4237 1247/1/5067 1242/1/4238
f 1270/1/4245 1268/1/5068 1254/1/4246
f 1279/1/4264 1275/1/5069 1281/1/4265
f 1298/1/4278 1292/1/5070 1288/1/4279
f 1308/1/4284 1853/1/5071 1813/1/4285
f 1358/1/4297 1324/1/5072 1322/1/4298
f 1383/1/4306 1374/1/5073 1379/1/4307
f 1382/1/4341 1379/1/5074 1365/1/4342
f 488/1/4345 509/1/5075 469/1/4346
f 1434/1/4369 1456/1/5076 1452/1/4370
f 1478/1/4386 1482/1/5077 1501/1/4387
f 1483/1/4404 1487/1/5078 1488/1/4405
f 1487/1/4412 1485/1/5079 1494/1/4413
f 1513/1/4418 1511/1/5080 1510/1/4419
f 1509/1/4427 1512/1/5081 1541/1/4428
f 1598/1/4430 1599/1/5082 1596/1/4431
f 1576/1/4477 1577/1/5083 1615/1/4478
f 1604/1/4481 1571/1/5084 1602/1/4482
f 1627/1/4502 1610/1/5085 1612/1/4503
f 1573/1/4508 1575/1/5086 1611/1/4509
f 1628/1/4511 1587/1/5087 1632/1/4512
f 1678/1/4524 1665/1/5088 1664/1/4525
f 1686/1/4551 1697/1/5089 1717/1/4552
f 1712/1/4557 1728/1/5090 1710/1/4558
f 1708/1/4574 1746/1/5091 1713/1/4575
f 1743/1/4577 1780/1/5092 1783/1/4578
f 1733/1/4593 1767/1/5093 1763/1/4594
f 1771/1/4614 1801/1/5094 1835/1/4615
f 1826/1/4637 1896/1/5095 1825/1/4638
f 1834/1/4658 1881/1/5096 1827/1/4659
f 1846/1/4665 1843/1/5097 1845/1/4666
f 1946/1/4682 410/1/5098 1945/1/4683
f 1960/1/4754 1953/1/5099 1945/1/4755
f 1971/1/4759 1962/1/5100 1961/1/4760
f 1956/1/4766 1964/1/5101 1959/1/4767
f 1971/1/4770 1968/1/5102 1969/1/4771
f 1974/1/4775 1978/1/5103 1973/1/4776
f 1993/1/4779 2009/1/5104 1990/1/4780
f 2012/1/4796 2013/1/5105 1998/1/4797
f 2006/1/4802 2005/1/5106 2030/1/4803
f 2031/1/4808 2046/1/5107 2032/1/4809
f 2067/1/4829 2077/1/5108 2074/1/4830
f 2086/1/4853 2089/1/5109 2080/1/4854
f 2101/1/4868 2098/1/5110 2094/1/4869
f 1391/1/4873 2112/1/5111 2105/1/4874
f 2121/1/4880 2123/1/5112 2115/1/4881
f 2149/1/4889 2151/1/5113 1939/1/4890
f 2150/1/4904 2162/1/5114 2165/1/4905
f 2183/1/4907 2184/1/5115 2203/1/4908
f 2172/1/4926 2170/1/5116 2189/1/4927
f 2208/1/4937 2195/1/5117 2197/1/4938
f 2238/1/4947 2223/1/5118 2228/1/4948
f 2256/1/4962 2262/1/5119 2260/1/4963
f 434/1/4974 5/1/5120 7/1/4975
f 2265/1/4983 2264/1/5121 2263/1/4984
f 2265/1/4986 2267/2/5122 2266/3/4987
f 2266/3/4989 2268/1/5123 2263/1/4990
