# Blender 5.0.0
# www.blender.org
mtllib Fish.mtl
o Cube.003
v -9.528151 -0.453700 17.980705
v -9.681482 -0.455520 17.980991
v -9.681482 -0.455520 18.016989
v -9.528151 -0.453700 17.993320
v -9.708024 -0.523549 17.997246
v -9.704555 -0.372109 17.997246
v -9.528151 -0.521719 17.978159
v -9.541251 -0.366332 17.986048
v -9.528151 -0.521719 17.980705
v -9.541251 -0.367340 17.980705
v -9.708024 -0.523549 17.980991
v -9.704555 -0.372109 17.969215
v -9.841968 -0.453700 17.969894
v -9.841968 -0.453700 18.040876
v -9.841968 -0.584538 18.001945
v -9.831050 -0.302848 18.001945
v -9.841968 -0.584538 17.969894
v -9.831050 -0.302848 17.969894
v -9.476349 -0.458387 17.975857
v -9.476349 -0.458387 17.974792
v -9.476349 -0.554584 17.976030
v -9.494877 -0.351073 17.976030
v -9.476349 -0.554584 17.975857
v -9.494877 -0.351073 17.975857
v -10.232719 -0.757904 17.969656
v -10.210868 -0.755112 17.969656
v -9.326427 -0.454364 17.975857
v -9.333000 -0.624601 17.975857
v -9.528151 -0.487710 17.988277
v -9.694754 -0.489534 18.007116
v -9.694754 -0.489534 17.980991
v -9.528151 -0.487710 17.980705
v -9.841968 -0.519119 18.021412
v -9.841968 -0.519119 17.969894
v -9.476349 -0.506486 17.976286
v -9.476349 -0.506486 17.975857
v -9.327822 -0.285706 17.975857
v -9.304988 -0.544484 17.975857
v -9.295040 -0.350805 17.975857
v -9.385476 -0.386440 17.975857
v -9.534640 -0.416112 17.980705
v -9.692911 -0.414201 17.980991
v -9.692911 -0.414201 18.007208
v -9.534640 -0.416112 17.988371
v -9.836558 -0.378972 17.969894
v -9.836558 -0.378972 18.021591
v -9.485527 -0.405227 17.975857
v -9.485527 -0.405227 17.976418
v -9.372844 -0.525803 17.975857
v -9.398345 -0.311907 17.975857
v -9.374655 -0.610112 17.975857
v -9.372844 -0.459605 17.975857
v -10.020309 -0.448941 17.963182
v -10.020309 -0.448941 18.054159
v -10.029742 -0.625022 18.004263
v -9.935717 -0.262141 18.004263
v -10.029742 -0.625022 17.963182
v -9.935717 -0.262141 17.968058
v -10.020309 -0.532789 18.029211
v -10.020309 -0.532789 17.963182
v -10.013378 -0.353160 17.963182
v -10.013378 -0.353160 18.029440
v -10.267104 -0.433717 17.963182
v -10.267104 -0.433717 18.054159
v -10.277584 -0.626567 18.004263
v -10.236341 -0.245607 18.004263
v -10.277584 -0.626567 17.963182
v -10.236341 -0.245607 17.970730
v -10.267104 -0.517565 18.029211
v -10.267104 -0.517565 17.963182
v -10.260172 -0.337936 17.963182
v -10.260172 -0.337936 18.029440
v -10.473389 -0.411958 17.966167
v -10.473389 -0.411958 18.040785
v -10.483869 -0.604809 18.004263
v -10.417473 -0.267867 18.004263
v -10.483869 -0.604809 17.963182
v -10.417473 -0.267867 17.969143
v -10.473389 -0.495807 18.029211
v -10.473389 -0.495807 17.966167
v -10.466456 -0.316178 17.966167
v -10.466456 -0.316178 18.029440
v -10.645514 -0.370971 17.966167
v -10.645514 -0.370971 18.008905
v -10.645430 -0.560802 18.004263
v -10.523191 -0.287249 18.004263
v -10.645430 -0.560802 17.963182
v -10.523191 -0.287249 17.966167
v -10.645514 -0.454819 18.029211
v -10.645514 -0.454819 17.963182
v -10.583230 -0.324562 17.966167
v -10.586248 -0.326855 18.015799
v -10.776288 -0.431713 17.968180
v -10.776288 -0.431713 17.990097
v -10.776264 -0.487403 17.980232
v -10.776264 -0.487403 17.968180
v -10.752546 -0.456311 17.987551
v -10.752546 -0.456311 17.968180
v -10.289733 -0.681482 17.969656
v -10.252112 -0.672625 17.969656
v -10.324305 -0.619617 17.969656
v -10.276979 -0.620464 17.969656
v -10.187213 -0.700525 17.969656
v -10.184788 -0.647151 17.969656
v -10.277586 -0.619857 17.969656
v -10.213294 -0.613186 17.969656
v -9.708024 -0.523549 17.980991
v -9.841968 -0.584538 17.969894
v -9.658975 -0.575114 17.980991
v -9.792917 -0.636103 17.969894
v -9.657717 -0.619133 17.980991
v -9.718714 -0.688926 17.969894
v -9.898563 -0.643649 17.969894
v -9.810525 -0.687668 17.969894
v -9.845741 -0.580765 17.969894
v -9.955159 -0.602145 17.969894
v -9.863275 -0.218675 17.968058
v -9.758608 -0.259382 17.969894
v -9.641167 -0.339510 17.969215
v -9.709633 -0.198753 17.969894
v -9.639356 -0.265256 17.969215
v -9.772093 -0.192473 17.968058
v -9.710396 -0.198594 17.969894
v -9.935717 -0.262141 17.968058
v -10.236341 -0.245607 17.970730
v -10.006470 -0.216655 17.968578
v -10.215394 -0.194502 17.970207
v -10.092821 -0.160484 17.969158
v -10.153190 -0.154083 17.969627
v -9.528151 -0.453700 17.957300
v -9.681482 -0.455520 17.957014
v -9.681482 -0.455520 17.921017
v -9.528151 -0.453700 17.944685
v -9.708024 -0.523549 17.940760
v -9.704555 -0.372109 17.940760
v -9.528151 -0.521719 17.959846
v -9.541251 -0.366332 17.951958
v -9.528151 -0.521719 17.957300
v -9.541251 -0.367340 17.957300
v -9.708024 -0.523549 17.957014
v -9.704555 -0.372109 17.968792
v -9.841968 -0.453700 17.968109
v -9.841968 -0.453700 17.897129
v -9.841968 -0.584538 17.936060
v -9.831050 -0.302848 17.936060
v -9.841968 -0.584538 17.968109
v -9.831050 -0.302848 17.968109
v -9.476349 -0.458387 17.962151
v -9.476349 -0.458387 17.963213
v -9.476349 -0.554584 17.961975
v -9.494877 -0.351073 17.961975
v -9.476349 -0.554584 17.962151
v -9.494877 -0.351073 17.962151
v -10.232719 -0.757904 17.968349
v -10.210868 -0.755112 17.968349
v -9.326427 -0.454364 17.962151
v -9.333000 -0.624601 17.962151
v -9.528151 -0.487710 17.949728
v -9.694754 -0.489534 17.930889
v -9.694754 -0.489534 17.957014
v -9.528151 -0.487710 17.957300
v -9.841968 -0.519119 17.916595
v -9.841968 -0.519119 17.968109
v -9.476349 -0.506486 17.961721
v -9.476349 -0.506486 17.962151
v -9.327822 -0.285706 17.962151
v -9.304988 -0.544484 17.962151
v -9.295040 -0.350805 17.962151
v -9.385476 -0.386440 17.962151
v -9.534640 -0.416112 17.957300
v -9.692911 -0.414201 17.957014
v -9.692911 -0.414201 17.930796
v -9.534640 -0.416112 17.949635
v -9.836558 -0.378972 17.968109
v -9.836558 -0.378972 17.916414
v -9.485527 -0.405227 17.962151
v -9.485527 -0.405227 17.961588
v -9.372844 -0.525803 17.962151
v -9.398345 -0.311907 17.962151
v -9.374655 -0.610112 17.962151
v -9.372844 -0.459605 17.962151
v -10.020309 -0.448941 17.974823
v -10.020309 -0.448941 17.883846
v -10.029742 -0.625022 17.933744
v -9.935717 -0.262141 17.933744
v -10.029742 -0.625022 17.974823
v -9.935717 -0.262141 17.969950
v -10.020309 -0.532789 17.908794
v -10.020309 -0.532789 17.974823
v -10.013378 -0.353160 17.974823
v -10.013378 -0.353160 17.908564
v -10.267104 -0.433717 17.974823
v -10.267104 -0.433717 17.883846
v -10.277584 -0.626567 17.933744
v -10.236341 -0.245607 17.933744
v -10.277584 -0.626567 17.974823
v -10.236341 -0.245607 17.967278
v -10.267104 -0.517565 17.908794
v -10.267104 -0.517565 17.974823
v -10.260172 -0.337936 17.974823
v -10.260172 -0.337936 17.908564
v -10.473389 -0.411958 17.971840
v -10.473389 -0.411958 17.897223
v -10.483869 -0.604809 17.933744
v -10.417473 -0.267867 17.933744
v -10.483869 -0.604809 17.974823
v -10.417473 -0.267867 17.968863
v -10.473389 -0.495807 17.908794
v -10.473389 -0.495807 17.971840
v -10.466456 -0.316178 17.971840
v -10.466456 -0.316178 17.908564
v -10.645514 -0.370971 17.971840
v -10.645514 -0.370971 17.929100
v -10.645430 -0.560802 17.933744
v -10.523191 -0.287249 17.933744
v -10.645430 -0.560802 17.974823
v -10.523191 -0.287249 17.971840
v -10.645514 -0.454819 17.908794
v -10.645514 -0.454819 17.974823
v -10.583230 -0.324562 17.971840
v -10.586248 -0.326855 17.922207
v -10.776288 -0.431713 17.969824
v -10.776288 -0.431713 17.947908
v -10.776264 -0.487403 17.957773
v -10.776264 -0.487403 17.969824
v -10.752546 -0.456311 17.950455
v -10.752546 -0.456311 17.969824
v -10.289733 -0.681482 17.968349
v -10.252112 -0.672625 17.968349
v -10.324305 -0.619617 17.968349
v -10.276979 -0.620464 17.968349
v -10.187213 -0.700525 17.968349
v -10.184788 -0.647151 17.968349
v -10.277586 -0.619857 17.968349
v -10.213294 -0.613186 17.968349
v -9.708024 -0.523549 17.957014
v -9.841968 -0.584538 17.968109
v -9.658975 -0.575114 17.957014
v -9.792917 -0.636103 17.968109
v -9.657717 -0.619133 17.957014
v -9.718714 -0.688926 17.968109
v -9.898563 -0.643649 17.968109
v -9.810525 -0.687668 17.968109
v -9.845741 -0.580765 17.968109
v -9.955159 -0.602145 17.968109
v -9.863275 -0.218675 17.969950
v -9.758608 -0.259382 17.968109
v -9.641167 -0.339510 17.968792
v -9.709633 -0.198753 17.968109
v -9.639356 -0.265256 17.968792
v -9.772093 -0.192473 17.969950
v -9.710396 -0.198594 17.968109
v -9.935717 -0.262141 17.969950
v -10.236341 -0.245607 17.967278
v -10.006470 -0.216655 17.969427
v -10.215394 -0.194502 17.967798
v -10.092821 -0.160484 17.968847
v -10.153190 -0.154083 17.968378
v -7.028931 -0.304307 18.930094
v -7.182263 -0.306127 18.930380
v -7.182263 -0.306127 18.966379
v -7.028931 -0.304307 18.942711
v -7.208805 -0.374156 18.946636
v -7.205336 -0.222716 18.946636
v -7.028931 -0.372326 18.927549
v -7.042032 -0.216939 18.935436
v -7.028931 -0.372326 18.930094
v -7.042032 -0.217947 18.930094
v -7.208805 -0.374156 18.930380
v -7.205336 -0.222716 18.918606
v -7.342749 -0.304307 18.919285
v -7.342749 -0.304307 18.990267
v -7.342749 -0.435145 18.951334
v -7.331831 -0.153455 18.951334
v -7.342749 -0.435145 18.919285
v -7.331831 -0.153455 18.919285
v -6.977130 -0.308994 18.925247
v -6.977130 -0.308994 18.924183
v -6.977130 -0.405191 18.925421
v -6.995658 -0.201680 18.925421
v -6.977130 -0.405191 18.925247
v -6.995658 -0.201680 18.925247
v -7.733500 -0.608511 18.919046
v -7.711648 -0.605719 18.919046
v -6.827209 -0.304971 18.925247
v -6.833782 -0.475208 18.925247
v -7.028931 -0.338317 18.937668
v -7.195534 -0.340141 18.956507
v -7.195534 -0.340141 18.930380
v -7.028931 -0.338317 18.930094
v -7.342749 -0.369726 18.970800
v -7.342749 -0.369726 18.919285
v -6.977130 -0.357093 18.925674
v -6.977130 -0.357093 18.925247
v -6.828603 -0.136313 18.925247
v -6.805768 -0.395091 18.925247
v -6.795822 -0.201412 18.925247
v -6.886258 -0.237047 18.925247
v -7.035421 -0.266719 18.930094
v -7.193692 -0.264808 18.930380
v -7.193692 -0.264808 18.956598
v -7.035421 -0.266719 18.937761
v -7.337340 -0.229579 18.919285
v -7.337340 -0.229579 18.970980
v -6.986308 -0.255834 18.925247
v -6.986308 -0.255834 18.925806
v -6.873625 -0.376410 18.925247
v -6.899125 -0.162514 18.925247
v -6.875436 -0.460719 18.925247
v -6.873625 -0.310212 18.925247
v -7.521091 -0.299548 18.912573
v -7.521091 -0.299548 19.003550
v -7.530523 -0.475629 18.953651
v -7.436499 -0.112748 18.953651
v -7.530523 -0.475629 18.912573
v -7.436499 -0.112748 18.917448
v -7.521091 -0.383396 18.978601
v -7.521091 -0.383396 18.912573
v -7.514159 -0.203767 18.912573
v -7.514159 -0.203767 18.978830
v -7.767885 -0.284324 18.912573
v -7.767885 -0.284324 19.003550
v -7.778365 -0.477174 18.953651
v -7.737123 -0.096214 18.953651
v -7.778365 -0.477174 18.912573
v -7.737123 -0.096214 18.920118
v -7.767885 -0.368172 18.978601
v -7.767885 -0.368172 18.912573
v -7.760952 -0.188543 18.912573
v -7.760952 -0.188543 18.978830
v -7.974169 -0.262565 18.915556
v -7.974169 -0.262565 18.990173
v -7.984650 -0.455416 18.953651
v -7.918253 -0.118474 18.953651
v -7.984650 -0.455416 18.912573
v -7.918253 -0.118474 18.918533
v -7.974169 -0.346414 18.978601
v -7.974169 -0.346414 18.915556
v -7.967237 -0.166785 18.915556
v -7.967237 -0.166785 18.978830
v -8.146295 -0.221578 18.915556
v -8.146295 -0.221578 18.958296
v -8.146211 -0.411409 18.953651
v -8.023973 -0.137856 18.953651
v -8.146211 -0.411409 18.912573
v -8.023973 -0.137856 18.915556
v -8.146295 -0.305426 18.978601
v -8.146295 -0.305426 18.912573
v -8.084011 -0.175169 18.915556
v -8.087029 -0.177462 18.965187
v -8.277069 -0.282320 18.917570
v -8.277069 -0.282320 18.939487
v -8.277044 -0.338010 18.929623
v -8.277044 -0.338010 18.917570
v -8.253327 -0.306918 18.936941
v -8.253327 -0.306918 18.917570
v -7.790514 -0.532089 18.919046
v -7.752892 -0.523232 18.919046
v -7.825085 -0.470224 18.919046
v -7.777760 -0.471071 18.919046
v -7.687994 -0.551132 18.919046
v -7.685568 -0.497758 18.919046
v -7.778366 -0.470464 18.919046
v -7.714075 -0.463793 18.919046
v -7.208805 -0.374156 18.930380
v -7.342749 -0.435145 18.919285
v -7.159755 -0.425721 18.930380
v -7.293698 -0.486710 18.919285
v -7.158497 -0.469740 18.930380
v -7.219495 -0.539533 18.919285
v -7.399344 -0.494256 18.919285
v -7.311306 -0.538275 18.919285
v -7.346521 -0.431372 18.919285
v -7.455941 -0.452752 18.919285
v -7.364056 -0.069282 18.917448
v -7.259387 -0.109989 18.919285
v -7.141948 -0.190117 18.918606
v -7.210413 -0.049360 18.919285
v -7.140137 -0.115863 18.918606
v -7.272873 -0.043080 18.917448
v -7.211176 -0.049201 18.919285
v -7.436499 -0.112748 18.917448
v -7.737123 -0.096214 18.920118
v -7.507251 -0.067262 18.917967
v -7.716175 -0.045109 18.919598
v -7.593603 -0.011091 18.918547
v -7.653970 -0.004690 18.919018
v -7.028931 -0.304307 18.906691
v -7.182263 -0.306127 18.906404
v -7.182263 -0.306127 18.870407
v -7.028931 -0.304307 18.894075
v -7.208805 -0.374156 18.890150
v -7.205336 -0.222716 18.890150
v -7.028931 -0.372326 18.909237
v -7.042032 -0.216939 18.901348
v -7.028931 -0.372326 18.906691
v -7.042032 -0.217947 18.906691
v -7.208805 -0.374156 18.906404
v -7.205336 -0.222716 18.918180
v -7.342749 -0.304307 18.917500
v -7.342749 -0.304307 18.846519
v -7.342749 -0.435145 18.885450
v -7.331831 -0.153455 18.885450
v -7.342749 -0.435145 18.917500
v -7.331831 -0.153455 18.917500
v -6.977130 -0.308994 18.911539
v -6.977130 -0.308994 18.912601
v -6.977130 -0.405191 18.911366
v -6.995658 -0.201680 18.911366
v -6.977130 -0.405191 18.911539
v -6.995658 -0.201680 18.911539
v -7.733500 -0.608511 18.917740
v -7.711648 -0.605719 18.917740
v -6.827209 -0.304971 18.911539
v -6.833782 -0.475208 18.911539
v -7.028931 -0.338317 18.899117
v -7.195534 -0.340141 18.880278
v -7.195534 -0.340141 18.906404
v -7.028931 -0.338317 18.906691
v -7.342749 -0.369726 18.865986
v -7.342749 -0.369726 18.917500
v -6.977130 -0.357093 18.911112
v -6.977130 -0.357093 18.911539
v -6.828603 -0.136313 18.911539
v -6.805768 -0.395091 18.911539
v -6.795822 -0.201412 18.911539
v -6.886258 -0.237047 18.911539
v -7.035421 -0.266719 18.906691
v -7.193692 -0.264808 18.906404
v -7.193692 -0.264808 18.880186
v -7.035421 -0.266719 18.899023
v -7.337340 -0.229579 18.917500
v -7.337340 -0.229579 18.865805
v -6.986308 -0.255834 18.911539
v -6.986308 -0.255834 18.910978
v -6.873625 -0.376410 18.911539
v -6.899125 -0.162514 18.911539
v -6.875436 -0.460719 18.911539
v -6.873625 -0.310212 18.911539
v -7.521091 -0.299548 18.924213
v -7.521091 -0.299548 18.833235
v -7.530523 -0.475629 18.883135
v -7.436499 -0.112748 18.883135
v -7.530523 -0.475629 18.924213
v -7.436499 -0.112748 18.919338
v -7.521091 -0.383396 18.858185
v -7.521091 -0.383396 18.924213
v -7.514159 -0.203767 18.924213
v -7.514159 -0.203767 18.857954
v -7.767885 -0.284324 18.924213
v -7.767885 -0.284324 18.833235
v -7.778365 -0.477174 18.883135
v -7.737123 -0.096214 18.883135
v -7.778365 -0.477174 18.924213
v -7.737123 -0.096214 18.916668
v -7.767885 -0.368172 18.858185
v -7.767885 -0.368172 18.924213
v -7.760952 -0.188543 18.924213
v -7.760952 -0.188543 18.857954
v -7.974169 -0.262565 18.921230
v -7.974169 -0.262565 18.846613
v -7.984650 -0.455416 18.883135
v -7.918253 -0.118474 18.883135
v -7.984650 -0.455416 18.924213
v -7.918253 -0.118474 18.918251
v -7.974169 -0.346414 18.858185
v -7.974169 -0.346414 18.921230
v -7.967237 -0.166785 18.921230
v -7.967237 -0.166785 18.857954
v -8.146295 -0.221578 18.921230
v -8.146295 -0.221578 18.878490
v -8.146211 -0.411409 18.883135
v -8.023973 -0.137856 18.883135
v -8.146211 -0.411409 18.924213
v -8.023973 -0.137856 18.921230
v -8.146295 -0.305426 18.858185
v -8.146295 -0.305426 18.924213
v -8.084011 -0.175169 18.921230
v -8.087029 -0.177462 18.871597
v -8.277069 -0.282320 18.919214
v -8.277069 -0.282320 18.897297
v -8.277044 -0.338010 18.907164
v -8.277044 -0.338010 18.919214
v -8.253327 -0.306918 18.899845
v -8.253327 -0.306918 18.919214
v -7.790514 -0.532089 18.917740
v -7.752892 -0.523232 18.917740
v -7.825085 -0.470224 18.917740
v -7.777760 -0.471071 18.917740
v -7.687994 -0.551132 18.917740
v -7.685568 -0.497758 18.917740
v -7.778366 -0.470464 18.917740
v -7.714075 -0.463793 18.917740
v -7.208805 -0.374156 18.906404
v -7.342749 -0.435145 18.917500
v -7.159755 -0.425721 18.906404
v -7.293698 -0.486710 18.917500
v -7.158497 -0.469740 18.906404
v -7.219495 -0.539533 18.917500
v -7.399344 -0.494256 18.917500
v -7.311306 -0.538275 18.917500
v -7.346521 -0.431372 18.917500
v -7.455941 -0.452752 18.917500
v -7.364056 -0.069282 18.919338
v -7.259387 -0.109989 18.917500
v -7.141948 -0.190117 18.918180
v -7.210413 -0.049360 18.917500
v -7.140137 -0.115863 18.918180
v -7.272873 -0.043080 18.919338
v -7.211176 -0.049201 18.917500
v -7.436499 -0.112748 18.919338
v -7.737123 -0.096214 18.916668
v -7.507251 -0.067262 18.918818
v -7.716175 -0.045109 18.917189
v -7.593603 -0.011091 18.918238
v -7.653970 -0.004690 18.917767
v -8.460153 -0.363675 16.994715
v -8.613485 -0.365494 16.995001
v -8.613485 -0.365494 17.030998
v -8.460153 -0.363675 17.007330
v -8.640026 -0.433523 17.011255
v -8.636557 -0.282084 17.011255
v -8.460153 -0.431693 16.992168
v -8.473253 -0.276306 17.000057
v -8.460153 -0.431693 16.994715
v -8.473253 -0.277314 16.994715
v -8.640026 -0.433523 16.995001
v -8.636557 -0.282084 16.983225
v -8.773970 -0.363675 16.983904
v -8.773970 -0.363675 17.054886
v -8.773970 -0.494512 17.015955
v -8.763052 -0.212822 17.015955
v -8.773970 -0.494512 16.983904
v -8.763052 -0.212822 16.983904
v -8.408352 -0.368361 16.989866
v -8.408352 -0.368361 16.988802
v -8.408352 -0.464559 16.990040
v -8.426880 -0.261047 16.990040
v -8.408352 -0.464559 16.989866
v -8.426880 -0.261047 16.989866
v -9.164721 -0.667879 16.983665
v -9.142870 -0.665086 16.983665
v -8.258429 -0.364339 16.989866
v -8.265002 -0.534575 16.989866
v -8.460153 -0.397684 17.002287
v -8.626756 -0.399509 17.021126
v -8.626756 -0.399509 16.995001
v -8.460153 -0.397684 16.994715
v -8.773970 -0.429093 17.035421
v -8.773970 -0.429093 16.983904
v -8.408352 -0.416460 16.990295
v -8.408352 -0.416460 16.989866
v -8.259824 -0.195680 16.989866
v -8.236990 -0.454458 16.989866
v -8.227042 -0.260779 16.989866
v -8.317479 -0.296414 16.989866
v -8.466642 -0.326086 16.994715
v -8.624914 -0.324175 16.995001
v -8.624914 -0.324175 17.021217
v -8.466642 -0.326086 17.002380
v -8.768562 -0.288946 16.983904
v -8.768562 -0.288946 17.035601
v -8.417530 -0.315201 16.989866
v -8.417530 -0.315201 16.990425
v -8.304846 -0.435777 16.989866
v -8.330346 -0.221882 16.989866
v -8.306658 -0.520087 16.989866
v -8.304846 -0.369579 16.989866
v -8.952312 -0.358915 16.977192
v -8.952312 -0.358915 17.068169
v -8.961745 -0.534996 17.018272
v -8.867721 -0.172115 17.018272
v -8.961745 -0.534996 16.977192
v -8.867721 -0.172115 16.982067
v -8.952312 -0.442763 17.043221
v -8.952312 -0.442763 16.977192
v -8.945381 -0.263135 16.977192
v -8.945381 -0.263135 17.043449
v -9.199106 -0.343691 16.977192
v -9.199106 -0.343691 17.068169
v -9.209587 -0.536541 17.018272
v -9.168344 -0.155581 17.018272
v -9.209587 -0.536541 16.977192
v -9.168344 -0.155581 16.984739
v -9.199106 -0.427539 17.043221
v -9.199106 -0.427539 16.977192
v -9.192174 -0.247911 16.977192
v -9.192174 -0.247911 17.043449
v -9.405390 -0.321933 16.980177
v -9.405390 -0.321933 17.054794
v -9.415872 -0.514783 17.018272
v -9.349475 -0.177842 17.018272
v -9.415872 -0.514783 16.977192
v -9.349475 -0.177842 16.983152
v -9.405390 -0.405781 17.043221
v -9.405390 -0.405781 16.980177
v -9.398458 -0.226152 16.980177
v -9.398458 -0.226152 17.043449
v -9.577517 -0.280945 16.980177
v -9.577517 -0.280945 17.022915
v -9.577433 -0.470777 17.018272
v -9.455194 -0.197223 17.018272
v -9.577433 -0.470777 16.977192
v -9.455194 -0.197223 16.980177
v -9.577517 -0.364793 17.043221
v -9.577517 -0.364793 16.977192
v -9.515233 -0.234537 16.980177
v -9.518250 -0.236830 17.029808
v -9.708291 -0.341687 16.982189
v -9.708291 -0.341687 17.004107
v -9.708266 -0.397377 16.994242
v -9.708266 -0.397377 16.982189
v -9.684548 -0.366285 17.001560
v -9.684548 -0.366285 16.982189
v -9.221735 -0.591457 16.983665
v -9.184114 -0.582599 16.983665
v -9.256307 -0.529591 16.983665
v -9.208982 -0.530438 16.983665
v -9.119216 -0.610499 16.983665
v -9.116790 -0.557125 16.983665
v -9.209588 -0.529832 16.983665
v -9.145296 -0.523160 16.983665
v -8.640026 -0.433523 16.995001
v -8.773970 -0.494512 16.983904
v -8.590976 -0.485088 16.995001
v -8.724919 -0.546077 16.983904
v -8.589719 -0.529107 16.995001
v -8.650717 -0.598900 16.983904
v -8.830566 -0.553623 16.983904
v -8.742528 -0.597642 16.983904
v -8.777742 -0.490739 16.983904
v -8.887162 -0.512120 16.983904
v -8.795278 -0.128649 16.982067
v -8.690609 -0.169356 16.983904
v -8.573169 -0.249484 16.983225
v -8.641635 -0.108727 16.983904
v -8.571359 -0.175230 16.983225
v -8.704095 -0.102448 16.982067
v -8.642398 -0.108568 16.983904
v -8.867721 -0.172115 16.982067
v -9.168344 -0.155581 16.984739
v -8.938473 -0.126630 16.982588
v -9.147396 -0.104476 16.984217
v -9.024824 -0.070458 16.983168
v -9.085192 -0.064057 16.983637
v -8.460153 -0.363675 16.971310
v -8.613485 -0.365494 16.971024
v -8.613485 -0.365494 16.935026
v -8.460153 -0.363675 16.958694
v -8.640026 -0.433523 16.954769
v -8.636557 -0.282084 16.954769
v -8.460153 -0.431693 16.973856
v -8.473253 -0.276306 16.965967
v -8.460153 -0.431693 16.971310
v -8.473253 -0.277314 16.971310
v -8.640026 -0.433523 16.971024
v -8.636557 -0.282084 16.982801
v -8.773970 -0.363675 16.982119
v -8.773970 -0.363675 16.911139
v -8.773970 -0.494512 16.950069
v -8.763052 -0.212822 16.950069
v -8.773970 -0.494512 16.982119
v -8.763052 -0.212822 16.982119
v -8.408352 -0.368361 16.976160
v -8.408352 -0.368361 16.977222
v -8.408352 -0.464559 16.975985
v -8.426880 -0.261047 16.975985
v -8.408352 -0.464559 16.976160
v -8.426880 -0.261047 16.976160
v -9.164721 -0.667879 16.982359
v -9.142870 -0.665086 16.982359
v -8.258429 -0.364339 16.976160
v -8.265002 -0.534575 16.976160
v -8.460153 -0.397684 16.963737
v -8.626756 -0.399509 16.944897
v -8.626756 -0.399509 16.971024
v -8.460153 -0.397684 16.971310
v -8.773970 -0.429093 16.930605
v -8.773970 -0.429093 16.982119
v -8.408352 -0.416460 16.975731
v -8.408352 -0.416460 16.976160
v -8.259824 -0.195680 16.976160
v -8.236990 -0.454458 16.976160
v -8.227042 -0.260779 16.976160
v -8.317479 -0.296414 16.976160
v -8.466642 -0.326086 16.971310
v -8.624914 -0.324175 16.971024
v -8.624914 -0.324175 16.944805
v -8.466642 -0.326086 16.963644
v -8.768562 -0.288946 16.982119
v -8.768562 -0.288946 16.930424
v -8.417530 -0.315201 16.976160
v -8.417530 -0.315201 16.975597
v -8.304846 -0.435777 16.976160
v -8.330346 -0.221882 16.976160
v -8.306658 -0.520087 16.976160
v -8.304846 -0.369579 16.976160
v -8.952312 -0.358915 16.988832
v -8.952312 -0.358915 16.897856
v -8.961745 -0.534996 16.947754
v -8.867721 -0.172115 16.947754
v -8.961745 -0.534996 16.988832
v -8.867721 -0.172115 16.983959
v -8.952312 -0.442763 16.922804
v -8.952312 -0.442763 16.988832
v -8.945381 -0.263135 16.988832
v -8.945381 -0.263135 16.922573
v -9.199106 -0.343691 16.988832
v -9.199106 -0.343691 16.897856
v -9.209587 -0.536541 16.947754
v -9.168344 -0.155581 16.947754
v -9.209587 -0.536541 16.988832
v -9.168344 -0.155581 16.981287
v -9.199106 -0.427539 16.922804
v -9.199106 -0.427539 16.988832
v -9.192174 -0.247911 16.988832
v -9.192174 -0.247911 16.922573
v -9.405390 -0.321933 16.985849
v -9.405390 -0.321933 16.911232
v -9.415872 -0.514783 16.947754
v -9.349475 -0.177842 16.947754
v -9.415872 -0.514783 16.988832
v -9.349475 -0.177842 16.982872
v -9.405390 -0.405781 16.922804
v -9.405390 -0.405781 16.985849
v -9.398458 -0.226152 16.985849
v -9.398458 -0.226152 16.922573
v -9.577517 -0.280945 16.985849
v -9.577517 -0.280945 16.943110
v -9.577433 -0.470777 16.947754
v -9.455194 -0.197223 16.947754
v -9.577433 -0.470777 16.988832
v -9.455194 -0.197223 16.985849
v -9.577517 -0.364793 16.922804
v -9.577517 -0.364793 16.988832
v -9.515233 -0.234537 16.985849
v -9.518250 -0.236830 16.936216
v -9.708291 -0.341687 16.983833
v -9.708291 -0.341687 16.961918
v -9.708266 -0.397377 16.971783
v -9.708266 -0.397377 16.983833
v -9.684548 -0.366285 16.964464
v -9.684548 -0.366285 16.983833
v -9.221735 -0.591457 16.982359
v -9.184114 -0.582599 16.982359
v -9.256307 -0.529591 16.982359
v -9.208982 -0.530438 16.982359
v -9.119216 -0.610499 16.982359
v -9.116790 -0.557125 16.982359
v -9.209588 -0.529832 16.982359
v -9.145296 -0.523160 16.982359
v -8.640026 -0.433523 16.971024
v -8.773970 -0.494512 16.982119
v -8.590976 -0.485088 16.971024
v -8.724919 -0.546077 16.982119
v -8.589719 -0.529107 16.971024
v -8.650717 -0.598900 16.982119
v -8.830566 -0.553623 16.982119
v -8.742528 -0.597642 16.982119
v -8.777742 -0.490739 16.982119
v -8.887162 -0.512120 16.982119
v -8.795278 -0.128649 16.983959
v -8.690609 -0.169356 16.982119
v -8.573169 -0.249484 16.982801
v -8.641635 -0.108727 16.982119
v -8.571359 -0.175230 16.982801
v -8.704095 -0.102448 16.983959
v -8.642398 -0.108568 16.982119
v -8.867721 -0.172115 16.983959
v -9.168344 -0.155581 16.981287
v -8.938473 -0.126630 16.983437
v -9.147396 -0.104476 16.981808
v -9.024824 -0.070458 16.982857
v -9.085192 -0.064057 16.982388
v -8.105263 -0.395614 17.914721
v -8.232509 -0.310044 17.915005
v -8.232509 -0.310044 17.951004
v -8.105263 -0.395614 17.927336
v -8.292987 -0.350969 17.931261
v -8.204136 -0.228284 17.931261
v -8.143887 -0.451603 17.912174
v -8.066435 -0.316259 17.920063
v -8.143887 -0.451603 17.914721
v -8.067007 -0.317089 17.914721
v -8.292987 -0.350969 17.915005
v -8.204136 -0.228284 17.903231
v -8.363577 -0.217416 17.903910
v -8.363577 -0.217416 17.974892
v -8.437872 -0.325113 17.935959
v -8.268930 -0.099443 17.935959
v -8.437872 -0.325113 17.903910
v -8.268930 -0.099443 17.903910
v -8.065284 -0.428887 17.909872
v -8.065284 -0.428887 17.908808
v -8.119909 -0.508071 17.910046
v -8.019598 -0.330032 17.910046
v -8.119909 -0.508071 17.909872
v -8.019598 -0.330032 17.909872
v -8.857959 -0.245931 17.903671
v -8.838387 -0.256041 17.903671
v -7.939594 -0.510708 17.909872
v -8.041672 -0.647103 17.909872
v -8.124575 -0.423608 17.922293
v -8.262748 -0.330506 17.941132
v -8.262748 -0.330506 17.915005
v -8.124575 -0.423608 17.914721
v -8.400724 -0.271264 17.955425
v -8.400724 -0.271264 17.903910
v -8.092596 -0.468479 17.910299
v -8.092596 -0.468479 17.909872
v -7.844970 -0.371087 17.909872
v -7.973120 -0.597063 17.909872
v -7.854952 -0.443287 17.909872
v -7.949628 -0.421266 17.909872
v -8.089260 -0.360989 17.914721
v -8.218454 -0.269542 17.915005
v -8.218454 -0.269542 17.941223
v -8.089260 -0.360989 17.922386
v -8.316691 -0.158975 17.903910
v -8.316691 -0.158975 17.955605
v -8.042652 -0.379917 17.909872
v -8.042652 -0.379917 17.910431
v -8.018368 -0.543155 17.909872
v -7.917899 -0.352608 17.909872
v -8.067733 -0.611524 17.909872
v -7.980776 -0.488664 17.909872
v -8.507674 -0.112227 17.897198
v -8.507674 -0.112227 17.988174
v -8.615425 -0.251810 17.938276
v -8.331970 -0.006501 17.938276
v -8.615425 -0.251810 17.897198
v -8.331970 -0.006501 17.902073
v -8.555286 -0.181246 17.963226
v -8.555286 -0.181246 17.897198
v -8.447581 -0.037323 17.897198
v -8.447581 -0.037323 17.963455
v -8.702175 0.040444 17.897198
v -8.702175 0.040444 17.988174
v -8.820311 -0.112347 17.938276
v -8.570037 0.177817 17.938276
v -8.820311 -0.112347 17.897198
v -8.570037 0.177817 17.904745
v -8.749787 -0.028574 17.963226
v -8.749787 -0.028574 17.897198
v -8.642081 0.115348 17.897198
v -8.642081 0.115348 17.963455
v -8.859620 0.175492 17.900183
v -8.859620 0.175492 17.974798
v -8.977756 0.022701 17.938276
v -8.731772 0.262347 17.938276
v -8.977756 0.022701 17.897198
v -8.731772 0.262347 17.903158
v -8.907233 0.106474 17.963226
v -8.907233 0.106474 17.900183
v -8.799526 0.250395 17.900183
v -8.799526 0.250395 17.963455
v -8.978028 0.306970 17.900183
v -8.978028 0.306970 17.942921
v -9.085754 0.150665 17.938276
v -8.829800 0.306425 17.938276
v -9.085754 0.150665 17.897198
v -8.829800 0.306425 17.900183
v -9.025641 0.237952 17.963226
v -9.025641 0.237952 17.897198
v -8.900408 0.309804 17.900183
v -8.904195 0.309630 17.949812
v -9.120166 0.331231 17.902195
v -9.120166 0.331231 17.924112
v -9.151769 0.285376 17.914248
v -9.151769 0.285376 17.902195
v -9.114591 0.297501 17.921566
v -9.114591 0.297501 17.902195
v -8.861493 -0.150651 17.903671
v -8.825497 -0.164723 17.903671
v -8.854821 -0.080096 17.903671
v -8.816347 -0.107667 17.903671
v -8.787919 -0.224541 17.903671
v -8.755614 -0.181984 17.903671
v -8.816503 -0.106823 17.903671
v -8.759792 -0.137839 17.903671
v -8.292987 -0.350969 17.915005
v -8.437872 -0.325113 17.903910
v -8.281892 -0.421267 17.915005
v -8.426779 -0.395410 17.903910
v -8.305853 -0.458215 17.915005
v -8.395694 -0.481027 17.903910
v -8.518024 -0.341631 17.903910
v -8.470552 -0.427857 17.903910
v -8.438835 -0.319865 17.903910
v -8.541043 -0.275331 17.903910
v -8.247659 -0.011858 17.902073
v -8.184618 -0.104801 17.903910
v -8.133449 -0.237444 17.903231
v -8.109878 -0.082704 17.903910
v -8.089794 -0.177351 17.903231
v -8.157724 -0.042068 17.902073
v -8.110415 -0.082140 17.903910
v -8.331970 -0.006501 17.902073
v -8.570037 0.177817 17.904745
v -8.364381 0.071117 17.902594
v -8.523774 0.207988 17.904222
v -8.403564 0.166387 17.903172
v -8.449620 0.205936 17.903643
v -8.105263 -0.395614 17.891315
v -8.232509 -0.310044 17.891029
v -8.232509 -0.310044 17.855032
v -8.105263 -0.395614 17.878700
v -8.292987 -0.350969 17.874775
v -8.204136 -0.228284 17.874775
v -8.143887 -0.451603 17.893862
v -8.066435 -0.316259 17.885973
v -8.143887 -0.451603 17.891315
v -8.067007 -0.317089 17.891315
v -8.292987 -0.350969 17.891029
v -8.204136 -0.228284 17.902805
v -8.363577 -0.217416 17.902124
v -8.363577 -0.217416 17.831144
v -8.437872 -0.325113 17.870075
v -8.268930 -0.099443 17.870075
v -8.437872 -0.325113 17.902124
v -8.268930 -0.099443 17.902124
v -8.065284 -0.428887 17.896164
v -8.065284 -0.428887 17.897226
v -8.119909 -0.508071 17.895990
v -8.019598 -0.330032 17.895990
v -8.119909 -0.508071 17.896164
v -8.019598 -0.330032 17.896164
v -8.857959 -0.245931 17.902365
v -8.838387 -0.256041 17.902365
v -7.939594 -0.510708 17.896164
v -8.041672 -0.647103 17.896164
v -8.124575 -0.423608 17.883741
v -8.262748 -0.330506 17.864902
v -8.262748 -0.330506 17.891029
v -8.124575 -0.423608 17.891315
v -8.400724 -0.271264 17.850611
v -8.400724 -0.271264 17.902124
v -8.092596 -0.468479 17.895737
v -8.092596 -0.468479 17.896164
v -7.844970 -0.371087 17.896164
v -7.973120 -0.597063 17.896164
v -7.854952 -0.443287 17.896164
v -7.949628 -0.421266 17.896164
v -8.089260 -0.360989 17.891315
v -8.218454 -0.269542 17.891029
v -8.218454 -0.269542 17.864811
v -8.089260 -0.360989 17.883648
v -8.316691 -0.158975 17.902124
v -8.316691 -0.158975 17.850430
v -8.042652 -0.379917 17.896164
v -8.042652 -0.379917 17.895603
v -8.018368 -0.543155 17.896164
v -7.917899 -0.352608 17.896164
v -8.067733 -0.611524 17.896164
v -7.980776 -0.488664 17.896164
v -8.507674 -0.112227 17.908838
v -8.507674 -0.112227 17.817860
v -8.615425 -0.251810 17.867760
v -8.331970 -0.006501 17.867760
v -8.615425 -0.251810 17.908838
v -8.331970 -0.006501 17.903965
v -8.555286 -0.181246 17.842810
v -8.555286 -0.181246 17.908838
v -8.447581 -0.037323 17.908838
v -8.447581 -0.037323 17.842579
v -8.702175 0.040444 17.908838
v -8.702175 0.040444 17.817860
v -8.820311 -0.112347 17.867760
v -8.570037 0.177817 17.867760
v -8.820311 -0.112347 17.908838
v -8.570037 0.177817 17.901293
v -8.749787 -0.028574 17.842810
v -8.749787 -0.028574 17.908838
v -8.642081 0.115348 17.908838
v -8.642081 0.115348 17.842579
v -8.859620 0.175492 17.905855
v -8.859620 0.175492 17.831238
v -8.977756 0.022701 17.867760
v -8.731772 0.262347 17.867760
v -8.977756 0.022701 17.908838
v -8.731772 0.262347 17.902876
v -8.907233 0.106474 17.842810
v -8.907233 0.106474 17.905855
v -8.799526 0.250395 17.905855
v -8.799526 0.250395 17.842579
v -8.978028 0.306970 17.905855
v -8.978028 0.306970 17.863115
v -9.085754 0.150665 17.867760
v -8.829800 0.306425 17.867760
v -9.085754 0.150665 17.908838
v -8.829800 0.306425 17.905855
v -9.025641 0.237952 17.842810
v -9.025641 0.237952 17.908838
v -8.900408 0.309804 17.905855
v -8.904195 0.309630 17.856222
v -9.120166 0.331231 17.903839
v -9.120166 0.331231 17.881922
v -9.151769 0.285376 17.891788
v -9.151769 0.285376 17.903839
v -9.114591 0.297501 17.884470
v -9.114591 0.297501 17.903839
v -8.861493 -0.150651 17.902365
v -8.825497 -0.164723 17.902365
v -8.854821 -0.080096 17.902365
v -8.816347 -0.107667 17.902365
v -8.787919 -0.224541 17.902365
v -8.755614 -0.181984 17.902365
v -8.816503 -0.106823 17.902365
v -8.759792 -0.137839 17.902365
v -8.292987 -0.350969 17.891029
v -8.437872 -0.325113 17.902124
v -8.281892 -0.421267 17.891029
v -8.426779 -0.395410 17.902124
v -8.305853 -0.458215 17.891029
v -8.395694 -0.481027 17.902124
v -8.518024 -0.341631 17.902124
v -8.470552 -0.427857 17.902124
v -8.438835 -0.319865 17.902124
v -8.541043 -0.275331 17.902124
v -8.247659 -0.011858 17.903965
v -8.184618 -0.104801 17.902124
v -8.133449 -0.237444 17.902805
v -8.109878 -0.082704 17.902124
v -8.089794 -0.177351 17.902805
v -8.157724 -0.042068 17.903965
v -8.110415 -0.082140 17.902124
v -8.331970 -0.006501 17.903965
v -8.570037 0.177817 17.901293
v -8.364381 0.071117 17.903442
v -8.523774 0.207988 17.901814
v -8.403564 0.166387 17.902863
v -8.449620 0.205936 17.902391
v -7.224927 0.066093 16.376467
v -7.357572 -0.010843 16.376753
v -7.357572 -0.010843 16.412750
v -7.224927 0.066093 16.389084
v -7.347257 -0.083134 16.393009
v -7.418657 0.050463 16.393009
v -7.191501 0.006854 16.373922
v -7.279271 0.135746 16.381809
v -7.191501 0.006854 16.376467
v -7.278775 0.134868 16.376467
v -7.347257 -0.083134 16.376753
v -7.418657 0.050463 16.364977
v -7.498236 -0.088124 16.365658
v -7.498236 -0.088124 16.436638
v -7.433939 -0.202073 16.397707
v -7.562860 0.048622 16.397707
v -7.433939 -0.202073 16.365658
v -7.562860 0.048622 16.365658
v -7.177508 0.087468 16.371618
v -7.177508 0.087468 16.370554
v -7.130235 0.003688 16.371794
v -7.246381 0.171825 16.371794
v -7.130235 0.003688 16.371618
v -7.246381 0.171825 16.371618
v -7.689057 -0.545086 16.365419
v -7.671399 -0.531916 16.365419
v -7.048915 0.164646 16.371618
v -6.970982 0.013154 16.371618
v -7.208214 0.036474 16.384041
v -7.352415 -0.046988 16.402880
v -7.352415 -0.046988 16.376753
v -7.208214 0.036474 16.376467
v -7.466088 -0.145098 16.417173
v -7.466088 -0.145098 16.365658
v -7.153872 0.045578 16.372047
v -7.153872 0.045578 16.371618
v -7.133013 0.310850 16.371618
v -6.985956 0.096695 16.371618
v -7.072472 0.270263 16.371618
v -7.133722 0.194786 16.371618
v -7.249051 0.095641 16.376467
v -7.387832 0.019527 16.376753
v -7.387832 0.019527 16.402971
v -7.249051 0.095641 16.384134
v -7.530249 -0.020384 16.365658
v -7.530249 -0.020384 16.417353
v -7.211627 0.129256 16.371618
v -7.211627 0.129256 16.372179
v -7.054234 0.079618 16.371618
v -7.181556 0.253373 16.371618
v -7.014380 0.005302 16.371618
v -7.086765 0.137272 16.371618
v -7.655897 -0.171620 16.358946
v -7.655898 -0.171620 16.449923
v -7.577582 -0.329609 16.400024
v -7.674022 0.032638 16.400024
v -7.577582 -0.329609 16.358946
v -7.674022 0.032638 16.363819
v -7.614692 -0.244645 16.424973
v -7.614692 -0.244645 16.358946
v -7.696929 -0.084797 16.358946
v -7.696929 -0.084797 16.425203
v -7.878316 -0.279642 16.358946
v -7.878316 -0.279642 16.449923
v -7.792674 -0.452750 16.400024
v -7.943966 -0.100695 16.400024
v -7.792674 -0.452750 16.358946
v -7.943966 -0.100695 16.366491
v -7.837112 -0.352667 16.424973
v -7.837111 -0.352667 16.358946
v -7.919347 -0.192818 16.358946
v -7.919348 -0.192818 16.425203
v -8.068667 -0.362065 16.361929
v -8.068667 -0.362065 16.436546
v -7.983023 -0.535173 16.400024
v -8.090778 -0.209095 16.400024
v -7.983023 -0.535173 16.358946
v -8.090778 -0.209095 16.364904
v -8.027462 -0.435090 16.424973
v -8.027462 -0.435090 16.361929
v -8.109698 -0.275242 16.361929
v -8.109698 -0.275242 16.425203
v -8.238717 -0.410955 16.361929
v -8.238717 -0.410955 16.404667
v -8.145356 -0.576242 16.400024
v -8.173327 -0.277928 16.400024
v -8.145356 -0.576242 16.358946
v -8.173327 -0.277928 16.361929
v -8.197512 -0.483980 16.424973
v -8.197512 -0.483980 16.358946
v -8.207278 -0.339929 16.361929
v -8.208781 -0.343410 16.411560
v -8.322762 -0.528122 16.363943
v -8.322762 -0.528122 16.385860
v -8.295372 -0.576611 16.375994
v -8.295372 -0.576611 16.363943
v -8.289995 -0.537877 16.383314
v -8.289995 -0.537877 16.363943
v -7.776267 -0.506546 16.365419
v -7.747854 -0.480344 16.365419
v -7.836778 -0.469656 16.365419
v -7.795145 -0.447137 16.365419
v -7.677623 -0.472751 16.365419
v -7.701739 -0.425074 16.365419
v -7.795972 -0.446907 16.365419
v -7.743258 -0.409502 16.365419
v -7.347257 -0.083134 16.376753
v -7.433939 -0.202073 16.365658
v -7.279198 -0.103938 16.376753
v -7.365880 -0.222878 16.365658
v -7.256471 -0.141658 16.376753
v -7.275297 -0.232417 16.365658
v -7.454182 -0.281367 16.365658
v -7.355875 -0.276440 16.365658
v -7.439080 -0.200641 16.365658
v -7.523868 -0.273033 16.365658
v -7.632290 0.106093 16.363819
v -7.521129 0.122077 16.365658
v -7.379471 0.110005 16.364977
v -7.508270 0.198947 16.365658
v -7.414384 0.175564 16.364977
v -7.565753 0.173723 16.363819
v -7.509013 0.198711 16.365658
v -7.674022 0.032638 16.363819
v -7.943966 -0.100695 16.366491
v -7.757995 0.037483 16.364340
v -7.950837 -0.045893 16.365969
v -7.860804 0.043968 16.364920
v -7.916525 0.019878 16.365389
v -7.224926 0.066093 16.353062
v -7.357572 -0.010843 16.352777
v -7.357572 -0.010843 16.316778
v -7.224926 0.066093 16.340448
v -7.347256 -0.083134 16.336523
v -7.418656 0.050463 16.336523
v -7.191500 0.006854 16.355610
v -7.279271 0.135746 16.347719
v -7.191500 0.006854 16.353062
v -7.278775 0.134868 16.353062
v -7.347256 -0.083134 16.352777
v -7.418657 0.050463 16.364553
v -7.498236 -0.088124 16.363873
v -7.498236 -0.088124 16.292891
v -7.433939 -0.202073 16.331821
v -7.562860 0.048622 16.331821
v -7.433939 -0.202073 16.363873
v -7.562860 0.048622 16.363873
v -7.177507 0.087468 16.357912
v -7.177507 0.087468 16.358974
v -7.130234 0.003688 16.357738
v -7.246381 0.171825 16.357738
v -7.130234 0.003688 16.357912
v -7.246381 0.171825 16.357912
v -7.689057 -0.545086 16.364113
v -7.671399 -0.531916 16.364113
v -7.048914 0.164646 16.357912
v -6.970982 0.013154 16.357912
v -7.208213 0.036474 16.345490
v -7.352414 -0.046988 16.326651
v -7.352414 -0.046988 16.352777
v -7.208213 0.036474 16.353062
v -7.466087 -0.145098 16.312357
v -7.466088 -0.145098 16.363873
v -7.153871 0.045578 16.357483
v -7.153871 0.045578 16.357912
v -7.133012 0.310850 16.357912
v -6.985955 0.096695 16.357912
v -7.072471 0.270263 16.357912
v -7.133722 0.194786 16.357912
v -7.249051 0.095641 16.353062
v -7.387832 0.019527 16.352777
v -7.387832 0.019527 16.326559
v -7.249051 0.095641 16.345396
v -7.530249 -0.020384 16.363873
v -7.530249 -0.020384 16.312178
v -7.211626 0.129256 16.357912
v -7.211626 0.129256 16.357351
v -7.054233 0.079618 16.357912
v -7.181556 0.253373 16.357912
v -7.014379 0.005302 16.357912
v -7.086764 0.137272 16.357912
v -7.655898 -0.171620 16.370586
v -7.655897 -0.171620 16.279608
v -7.577582 -0.329609 16.329506
v -7.674022 0.032638 16.329506
v -7.577582 -0.329609 16.370586
v -7.674022 0.032638 16.365711
v -7.614692 -0.244645 16.304556
v -7.614692 -0.244645 16.370586
v -7.696929 -0.084797 16.370586
v -7.696929 -0.084797 16.304327
v -7.878316 -0.279642 16.370586
v -7.878316 -0.279642 16.279608
v -7.792674 -0.452750 16.329506
v -7.943966 -0.100695 16.329506
v -7.792674 -0.452750 16.370586
v -7.943966 -0.100695 16.363039
v -7.837111 -0.352667 16.304556
v -7.837112 -0.352667 16.370586
v -7.919348 -0.192818 16.370586
v -7.919347 -0.192818 16.304327
v -8.068667 -0.362065 16.367601
v -8.068667 -0.362065 16.292984
v -7.983023 -0.535173 16.329506
v -8.090778 -0.209095 16.329506
v -7.983023 -0.535173 16.370586
v -8.090778 -0.209095 16.364624
v -8.027462 -0.435090 16.304556
v -8.027462 -0.435090 16.367601
v -8.109698 -0.275242 16.367601
v -8.109698 -0.275242 16.304327
v -8.238717 -0.410955 16.367601
v -8.238717 -0.410955 16.324862
v -8.145356 -0.576242 16.329506
v -8.173327 -0.277928 16.329506
v -8.145356 -0.576242 16.370586
v -8.173327 -0.277928 16.367601
v -8.197512 -0.483980 16.304556
v -8.197512 -0.483980 16.370586
v -8.207278 -0.339929 16.367601
v -8.208781 -0.343410 16.317970
v -8.322762 -0.528122 16.365587
v -8.322762 -0.528122 16.343670
v -8.295372 -0.576611 16.353535
v -8.295372 -0.576611 16.365587
v -8.289995 -0.537877 16.346218
v -8.289995 -0.537877 16.365587
v -7.776267 -0.506546 16.364113
v -7.747854 -0.480344 16.364113
v -7.836778 -0.469656 16.364113
v -7.795145 -0.447137 16.364113
v -7.677623 -0.472751 16.364113
v -7.701739 -0.425074 16.364113
v -7.795972 -0.446907 16.364113
v -7.743258 -0.409502 16.364113
v -7.347256 -0.083134 16.352777
v -7.433939 -0.202073 16.363873
v -7.279198 -0.103938 16.352777
v -7.365880 -0.222878 16.363873
v -7.256470 -0.141658 16.352777
v -7.275297 -0.232417 16.363873
v -7.454182 -0.281367 16.363873
v -7.355875 -0.276440 16.363873
v -7.439080 -0.200641 16.363873
v -7.523868 -0.273033 16.363873
v -7.632290 0.106093 16.365711
v -7.521129 0.122077 16.363873
v -7.379471 0.110005 16.364553
v -7.508270 0.198947 16.363873
v -7.414384 0.175564 16.364553
v -7.565753 0.173723 16.365711
v -7.509013 0.198711 16.363873
v -7.674022 0.032638 16.365711
v -7.943966 -0.100695 16.363039
v -7.757995 0.037483 16.365189
v -7.950837 -0.045893 16.363560
v -7.860804 0.043968 16.364609
v -7.916525 0.019878 16.364140
v -8.625521 -0.011569 18.811157
v -8.768037 -0.068165 18.811443
v -8.768037 -0.068165 18.847441
v -8.625521 -0.011569 18.823774
v -8.768462 -0.141187 18.827700
v -8.819444 0.001456 18.827700
v -8.601169 -0.075079 18.808613
v -8.669034 0.065318 18.816502
v -8.601169 -0.075079 18.811157
v -8.668673 0.064376 18.811157
v -8.768462 -0.141187 18.811443
v -8.819444 0.001456 18.799667
v -8.918534 -0.123925 18.800348
v -8.918534 -0.123925 18.871328
v -8.871692 -0.246089 18.832397
v -8.962351 0.020837 18.832397
v -8.871692 -0.246089 18.800348
v -8.962351 0.020837 18.800348
v -8.575475 0.002602 18.806309
v -8.575475 0.002602 18.805246
v -8.541034 -0.087219 18.806484
v -8.631197 0.096168 18.806484
v -8.541034 -0.087219 18.806309
v -8.631197 0.096168 18.806309
v -9.174470 -0.547864 18.800110
v -9.155066 -0.537434 18.800110
v -8.436933 0.060034 18.806309
v -8.382119 -0.101271 18.806309
v -8.613344 -0.043324 18.818731
v -8.768250 -0.104676 18.837570
v -8.768250 -0.104676 18.811443
v -8.613344 -0.043324 18.811157
v -8.895114 -0.185007 18.851864
v -8.895114 -0.185007 18.800348
v -8.558254 -0.042309 18.806738
v -8.558254 -0.042309 18.806309
v -8.498619 0.217013 18.806309
v -8.384648 -0.016435 18.806309
v -8.444703 0.167966 18.806309
v -8.516386 0.102315 18.806309
v -8.645038 0.021204 18.811157
v -8.793502 -0.033677 18.811443
v -8.793502 -0.033677 18.837662
v -8.645038 0.021204 18.818825
v -8.940241 -0.052214 18.800348
v -8.940241 -0.052214 18.852043
v -8.603079 0.048952 18.806309
v -8.603079 0.048952 18.806870
v -8.454695 -0.023288 18.806309
v -8.555085 0.167299 18.806309
v -8.426200 -0.102656 18.806309
v -8.478395 0.038523 18.806309
v -9.086760 -0.183333 18.793636
v -9.086760 -0.183333 18.884613
v -9.032524 -0.351119 18.834715
v -9.074655 0.021371 18.834715
v -9.032524 -0.351119 18.793636
v -9.074655 0.021371 18.798510
v -9.056739 -0.261623 18.859663
v -9.056739 -0.261623 18.793636
v -9.114579 -0.091420 18.793636
v -9.114579 -0.091420 18.859894
v -9.322643 -0.257478 18.793636
v -9.322643 -0.257478 18.884613
v -9.263384 -0.441296 18.834715
v -9.361270 -0.070824 18.834715
v -9.263384 -0.441296 18.793636
v -9.361270 -0.070824 18.801182
v -9.292624 -0.335768 18.859663
v -9.292624 -0.335768 18.793636
v -9.350464 -0.165565 18.793636
v -9.350464 -0.165565 18.859894
v -9.523044 -0.311018 18.796619
v -9.523044 -0.311018 18.871237
v -9.463783 -0.494836 18.834715
v -9.522424 -0.156459 18.834715
v -9.463783 -0.494836 18.793636
v -9.522424 -0.156459 18.799597
v -9.493024 -0.389308 18.859663
v -9.493024 -0.389308 18.796619
v -9.550863 -0.219105 18.796619
v -9.550863 -0.219105 18.859894
v -9.698434 -0.334373 18.796619
v -9.698434 -0.334373 18.839357
v -9.630390 -0.511591 18.834715
v -9.614196 -0.212406 18.834715
v -9.630390 -0.511591 18.793636
v -9.614196 -0.212406 18.796619
v -9.668414 -0.412663 18.859663
v -9.668414 -0.412663 18.793636
v -9.656895 -0.268742 18.796619
v -9.658893 -0.271964 18.846251
v -9.798793 -0.437910 18.798634
v -9.798793 -0.437910 18.820551
v -9.778831 -0.489900 18.810684
v -9.778831 -0.489900 18.798634
v -9.767817 -0.452377 18.818005
v -9.767817 -0.452377 18.798634
v -9.255065 -0.496921 18.800110
v -9.223109 -0.475181 18.800110
v -9.309494 -0.451534 18.800110
v -9.265003 -0.435381 18.800110
v -9.152524 -0.477996 18.800110
v -9.169368 -0.427292 18.800110
v -9.265787 -0.435032 18.800110
v -9.208146 -0.405784 18.800110
v -8.768462 -0.141187 18.811443
v -8.871692 -0.246089 18.800348
v -8.704203 -0.171773 18.811443
v -8.807431 -0.276675 18.800348
v -8.687268 -0.212424 18.811443
v -8.719234 -0.299429 18.800348
v -8.903372 -0.321545 18.800348
v -8.805409 -0.331126 18.800348
v -8.876565 -0.243917 18.800348
v -8.971076 -0.303056 18.800348
v -9.022575 0.087892 18.798510
v -8.910273 0.087358 18.800348
v -8.771930 0.054588 18.799667
v -8.886251 0.161502 18.800348
v -8.796824 0.124568 18.799667
v -8.946819 0.145003 18.798510
v -8.887021 0.161377 18.800348
v -9.074655 0.021371 18.798510
v -9.361270 -0.070824 18.801182
v -9.157001 0.038510 18.799030
v -9.360008 -0.015607 18.800659
v -9.257741 0.060041 18.799610
v -9.316398 0.044404 18.800081
v -8.625521 -0.011569 18.787752
v -8.768037 -0.068165 18.787468
v -8.768037 -0.068165 18.751469
v -8.625521 -0.011569 18.775139
v -8.768462 -0.141187 18.771214
v -8.819444 0.001456 18.771214
v -8.601169 -0.075079 18.790300
v -8.669034 0.065318 18.782410
v -8.601169 -0.075079 18.787752
v -8.668673 0.064376 18.787752
v -8.768462 -0.141187 18.787468
v -8.819444 0.001456 18.799244
v -8.918534 -0.123925 18.798563
v -8.918534 -0.123925 18.727581
v -8.871692 -0.246089 18.766514
v -8.962351 0.020837 18.766514
v -8.871692 -0.246089 18.798563
v -8.962351 0.020837 18.798563
v -8.575475 0.002602 18.792603
v -8.575475 0.002602 18.793665
v -8.541034 -0.087219 18.792429
v -8.631197 0.096168 18.792429
v -8.541034 -0.087219 18.792603
v -8.631197 0.096168 18.792603
v -9.174470 -0.547864 18.798803
v -9.155066 -0.537434 18.798803
v -8.436933 0.060034 18.792603
v -8.382119 -0.101271 18.792603
v -8.613344 -0.043324 18.780180
v -8.768250 -0.104676 18.761341
v -8.768250 -0.104676 18.787468
v -8.613344 -0.043324 18.787752
v -8.895114 -0.185007 18.747047
v -8.895114 -0.185007 18.798563
v -8.558254 -0.042309 18.792173
v -8.558254 -0.042309 18.792603
v -8.498619 0.217013 18.792603
v -8.384648 -0.016435 18.792603
v -8.444703 0.167966 18.792603
v -8.516386 0.102315 18.792603
v -8.645038 0.021204 18.787752
v -8.793502 -0.033677 18.787468
v -8.793502 -0.033677 18.761250
v -8.645038 0.021204 18.780087
v -8.940241 -0.052214 18.798563
v -8.940241 -0.052214 18.746868
v -8.603079 0.048952 18.792603
v -8.603079 0.048952 18.792042
v -8.454695 -0.023288 18.792603
v -8.555085 0.167299 18.792603
v -8.426200 -0.102656 18.792603
v -8.478395 0.038523 18.792603
v -9.086760 -0.183333 18.805277
v -9.086760 -0.183333 18.714298
v -9.032524 -0.351119 18.764196
v -9.074655 0.021371 18.764196
v -9.032524 -0.351119 18.805277
v -9.074655 0.021371 18.800402
v -9.056739 -0.261623 18.739246
v -9.056739 -0.261623 18.805277
v -9.114579 -0.091420 18.805277
v -9.114579 -0.091420 18.739017
v -9.322643 -0.257478 18.805277
v -9.322643 -0.257478 18.714298
v -9.263384 -0.441296 18.764196
v -9.361270 -0.070824 18.764196
v -9.263384 -0.441296 18.805277
v -9.361270 -0.070824 18.797729
v -9.292624 -0.335768 18.739246
v -9.292624 -0.335768 18.805277
v -9.350464 -0.165565 18.805277
v -9.350464 -0.165565 18.739017
v -9.523044 -0.311018 18.802292
v -9.523044 -0.311018 18.727674
v -9.463783 -0.494836 18.764196
v -9.522424 -0.156459 18.764196
v -9.463783 -0.494836 18.805277
v -9.522424 -0.156459 18.799314
v -9.493024 -0.389308 18.739246
v -9.493024 -0.389308 18.802292
v -9.550863 -0.219105 18.802292
v -9.550863 -0.219105 18.739017
v -9.698434 -0.334373 18.802292
v -9.698434 -0.334373 18.759552
v -9.630390 -0.511591 18.764196
v -9.614196 -0.212406 18.764196
v -9.630390 -0.511591 18.805277
v -9.614196 -0.212406 18.802292
v -9.668414 -0.412663 18.739246
v -9.668414 -0.412663 18.805277
v -9.656895 -0.268742 18.802292
v -9.658893 -0.271964 18.752661
v -9.798793 -0.437910 18.800278
v -9.798793 -0.437910 18.778360
v -9.778831 -0.489900 18.788225
v -9.778831 -0.489900 18.800278
v -9.767817 -0.452377 18.780909
v -9.767817 -0.452377 18.800278
v -9.255065 -0.496921 18.798803
v -9.223109 -0.475181 18.798803
v -9.309494 -0.451534 18.798803
v -9.265003 -0.435381 18.798803
v -9.152524 -0.477996 18.798803
v -9.169368 -0.427292 18.798803
v -9.265787 -0.435032 18.798803
v -9.208146 -0.405784 18.798803
v -8.768462 -0.141187 18.787468
v -8.871692 -0.246089 18.798563
v -8.704203 -0.171773 18.787468
v -8.807431 -0.276675 18.798563
v -8.687268 -0.212424 18.787468
v -8.719234 -0.299429 18.798563
v -8.903372 -0.321545 18.798563
v -8.805409 -0.331126 18.798563
v -8.876565 -0.243917 18.798563
v -8.971076 -0.303056 18.798563
v -9.022575 0.087892 18.800402
v -8.910273 0.087358 18.798563
v -8.771930 0.054588 18.799244
v -8.886251 0.161502 18.798563
v -8.796824 0.124568 18.799244
v -8.946819 0.145003 18.800402
v -8.887021 0.161377 18.798563
v -9.074655 0.021371 18.800402
v -9.361270 -0.070824 18.797729
v -9.157001 0.038510 18.799879
v -9.360008 -0.015607 18.798250
v -9.257741 0.060041 18.799301
v -9.316398 0.044404 18.798830
v -6.274076 -0.304307 17.602978
v -6.427408 -0.306127 17.603264
v -6.427408 -0.306127 17.639261
v -6.274076 -0.304307 17.615593
v -6.453950 -0.374156 17.619518
v -6.450480 -0.222716 17.619518
v -6.274076 -0.372326 17.600431
v -6.287177 -0.216939 17.608320
v -6.274076 -0.372326 17.602978
v -6.287177 -0.217947 17.602978
v -6.453950 -0.374156 17.603264
v -6.450480 -0.222716 17.591488
v -6.587893 -0.304307 17.592167
v -6.587893 -0.304307 17.663149
v -6.587893 -0.435145 17.624218
v -6.576975 -0.153455 17.624218
v -6.587893 -0.435145 17.592167
v -6.576975 -0.153455 17.592167
v -6.222274 -0.308994 17.598129
v -6.222274 -0.308994 17.597065
v -6.222274 -0.405191 17.598303
v -6.240803 -0.201680 17.598303
v -6.222274 -0.405191 17.598129
v -6.240803 -0.201680 17.598129
v -6.978644 -0.608511 17.591930
v -6.956792 -0.605719 17.591930
v -6.072352 -0.304971 17.598129
v -6.078926 -0.475208 17.598129
v -6.274076 -0.338317 17.610550
v -6.440679 -0.340141 17.629389
v -6.440679 -0.340141 17.603264
v -6.274076 -0.338317 17.602978
v -6.587893 -0.369726 17.643684
v -6.587893 -0.369726 17.592167
v -6.222274 -0.357093 17.598558
v -6.222274 -0.357093 17.598129
v -6.073747 -0.136313 17.598129
v -6.050913 -0.395091 17.598129
v -6.040966 -0.201412 17.598129
v -6.131402 -0.237047 17.598129
v -6.280566 -0.266719 17.602978
v -6.438838 -0.264808 17.603264
v -6.438838 -0.264808 17.629480
v -6.280566 -0.266719 17.610643
v -6.582485 -0.229579 17.592167
v -6.582485 -0.229579 17.643864
v -6.231453 -0.255834 17.598129
v -6.231453 -0.255834 17.598690
v -6.118770 -0.376410 17.598129
v -6.144270 -0.162514 17.598129
v -6.120581 -0.460719 17.598129
v -6.118770 -0.310212 17.598129
v -6.766235 -0.299548 17.585455
v -6.766235 -0.299548 17.676432
v -6.775668 -0.475629 17.626535
v -6.681643 -0.112748 17.626535
v -6.775668 -0.475629 17.585455
v -6.681643 -0.112748 17.590330
v -6.766235 -0.383396 17.651484
v -6.766235 -0.383396 17.585455
v -6.759304 -0.203767 17.585455
v -6.759304 -0.203767 17.651712
v -7.013029 -0.284324 17.585455
v -7.013029 -0.284324 17.676432
v -7.023509 -0.477174 17.626535
v -6.982266 -0.096214 17.626535
v -7.023509 -0.477174 17.585455
v -6.982266 -0.096214 17.593002
v -7.013029 -0.368172 17.651484
v -7.013029 -0.368172 17.585455
v -7.006096 -0.188543 17.585455
v -7.006096 -0.188543 17.651712
v -7.219313 -0.262565 17.588440
v -7.219313 -0.262565 17.663057
v -7.229794 -0.455416 17.626535
v -7.163397 -0.118474 17.626535
v -7.229794 -0.455416 17.585455
v -7.163397 -0.118474 17.591415
v -7.219313 -0.346414 17.651484
v -7.219313 -0.346414 17.588440
v -7.212381 -0.166785 17.588440
v -7.212381 -0.166785 17.651712
v -7.391438 -0.221578 17.588440
v -7.391438 -0.221578 17.631178
v -7.391355 -0.411409 17.626535
v -7.269117 -0.137856 17.626535
v -7.391355 -0.411409 17.585455
v -7.269117 -0.137856 17.588440
v -7.391438 -0.305426 17.651484
v -7.391438 -0.305426 17.585455
v -7.329155 -0.175169 17.588440
v -7.332173 -0.177462 17.638071
v -7.522213 -0.282320 17.590452
v -7.522213 -0.282320 17.612370
v -7.522189 -0.338010 17.602505
v -7.522189 -0.338010 17.590452
v -7.498471 -0.306918 17.609825
v -7.498471 -0.306918 17.590452
v -7.035657 -0.532089 17.591930
v -6.998036 -0.523232 17.591930
v -7.070229 -0.470224 17.591930
v -7.022904 -0.471071 17.591930
v -6.933138 -0.551132 17.591930
v -6.930712 -0.497758 17.591930
v -7.023510 -0.470464 17.591930
v -6.959219 -0.463793 17.591930
v -6.453950 -0.374156 17.603264
v -6.587893 -0.435145 17.592167
v -6.404900 -0.425721 17.603264
v -6.538843 -0.486710 17.592167
v -6.403642 -0.469740 17.603264
v -6.464640 -0.539533 17.592167
v -6.644489 -0.494256 17.592167
v -6.556451 -0.538275 17.592167
v -6.591666 -0.431372 17.592167
v -6.701085 -0.452752 17.592167
v -6.609200 -0.069282 17.590330
v -6.504533 -0.109989 17.592167
v -6.387093 -0.190117 17.591488
v -6.455558 -0.049360 17.592167
v -6.385282 -0.115863 17.591488
v -6.518018 -0.043080 17.590330
v -6.456321 -0.049201 17.592167
v -6.681643 -0.112748 17.590330
v -6.982266 -0.096214 17.593002
v -6.752395 -0.067262 17.590851
v -6.961318 -0.045109 17.592480
v -6.838747 -0.011091 17.591431
v -6.899114 -0.004690 17.591900
v -6.274076 -0.304307 17.579573
v -6.427408 -0.306127 17.579287
v -6.427408 -0.306127 17.543289
v -6.274076 -0.304307 17.566957
v -6.453950 -0.374156 17.563032
v -6.450480 -0.222716 17.563032
v -6.274076 -0.372326 17.582121
v -6.287177 -0.216939 17.574230
v -6.274076 -0.372326 17.579573
v -6.287177 -0.217947 17.579573
v -6.453950 -0.374156 17.579287
v -6.450480 -0.222716 17.591064
v -6.587893 -0.304307 17.590382
v -6.587893 -0.304307 17.519402
v -6.587893 -0.435145 17.558332
v -6.576975 -0.153455 17.558332
v -6.587893 -0.435145 17.590382
v -6.576975 -0.153455 17.590382
v -6.222274 -0.308994 17.584423
v -6.222274 -0.308994 17.585485
v -6.222274 -0.405191 17.584248
v -6.240803 -0.201680 17.584248
v -6.222274 -0.405191 17.584423
v -6.240803 -0.201680 17.584423
v -6.978644 -0.608511 17.590622
v -6.956792 -0.605719 17.590622
v -6.072352 -0.304971 17.584423
v -6.078926 -0.475208 17.584423
v -6.274076 -0.338317 17.572001
v -6.440679 -0.340141 17.553162
v -6.440679 -0.340141 17.579287
v -6.274076 -0.338317 17.579573
v -6.587893 -0.369726 17.538868
v -6.587893 -0.369726 17.590382
v -6.222274 -0.357093 17.583994
v -6.222274 -0.357093 17.584423
v -6.073747 -0.136313 17.584423
v -6.050913 -0.395091 17.584423
v -6.040966 -0.201412 17.584423
v -6.131402 -0.237047 17.584423
v -6.280566 -0.266719 17.579573
v -6.438838 -0.264808 17.579287
v -6.438838 -0.264808 17.553068
v -6.280566 -0.266719 17.571907
v -6.582485 -0.229579 17.590382
v -6.582485 -0.229579 17.538687
v -6.231453 -0.255834 17.584423
v -6.231453 -0.255834 17.583860
v -6.118770 -0.376410 17.584423
v -6.144270 -0.162514 17.584423
v -6.120581 -0.460719 17.584423
v -6.118770 -0.310212 17.584423
v -6.766235 -0.299548 17.597095
v -6.766235 -0.299548 17.506119
v -6.775668 -0.475629 17.556017
v -6.681643 -0.112748 17.556017
v -6.775668 -0.475629 17.597095
v -6.681643 -0.112748 17.592222
v -6.766235 -0.383396 17.531067
v -6.766235 -0.383396 17.597095
v -6.759304 -0.203767 17.597095
v -6.759304 -0.203767 17.530836
v -7.013029 -0.284324 17.597095
v -7.013029 -0.284324 17.506119
v -7.023509 -0.477174 17.556017
v -6.982266 -0.096214 17.556017
v -7.023509 -0.477174 17.597095
v -6.982266 -0.096214 17.589550
v -7.013029 -0.368172 17.531067
v -7.013029 -0.368172 17.597095
v -7.006096 -0.188543 17.597095
v -7.006096 -0.188543 17.530836
v -7.219313 -0.262565 17.594112
v -7.219313 -0.262565 17.519495
v -7.229794 -0.455416 17.556017
v -7.163397 -0.118474 17.556017
v -7.229794 -0.455416 17.597095
v -7.163397 -0.118474 17.591135
v -7.219313 -0.346414 17.531067
v -7.219313 -0.346414 17.594112
v -7.212381 -0.166785 17.594112
v -7.212381 -0.166785 17.530836
v -7.391438 -0.221578 17.594112
v -7.391438 -0.221578 17.551373
v -7.391355 -0.411409 17.556017
v -7.269117 -0.137856 17.556017
v -7.391355 -0.411409 17.597095
v -7.269117 -0.137856 17.594112
v -7.391438 -0.305426 17.531067
v -7.391438 -0.305426 17.597095
v -7.329155 -0.175169 17.594112
v -7.332173 -0.177462 17.544479
v -7.522213 -0.282320 17.592096
v -7.522213 -0.282320 17.570181
v -7.522189 -0.338010 17.580046
v -7.522189 -0.338010 17.592096
v -7.498471 -0.306918 17.572727
v -7.498471 -0.306918 17.592096
v -7.035657 -0.532089 17.590622
v -6.998036 -0.523232 17.590622
v -7.070229 -0.470224 17.590622
v -7.022904 -0.471071 17.590622
v -6.933138 -0.551132 17.590622
v -6.930712 -0.497758 17.590622
v -7.023510 -0.470464 17.590622
v -6.959219 -0.463793 17.590622
v -6.453950 -0.374156 17.579287
v -6.587893 -0.435145 17.590382
v -6.404900 -0.425721 17.579287
v -6.538843 -0.486710 17.590382
v -6.403642 -0.469740 17.579287
v -6.464640 -0.539533 17.590382
v -6.644489 -0.494256 17.590382
v -6.556451 -0.538275 17.590382
v -6.591666 -0.431372 17.590382
v -6.701085 -0.452752 17.590382
v -6.609200 -0.069282 17.592222
v -6.504533 -0.109989 17.590382
v -6.387093 -0.190117 17.591064
v -6.455558 -0.049360 17.590382
v -6.385282 -0.115863 17.591064
v -6.518018 -0.043080 17.592222
v -6.456321 -0.049201 17.590382
v -6.681643 -0.112748 17.592222
v -6.982266 -0.096214 17.589550
v -6.752395 -0.067262 17.591700
v -6.961318 -0.045109 17.590071
v -6.838747 -0.011091 17.591120
v -6.899114 -0.004690 17.590651
vn 0.0375 -0.0027 -0.9993
vn 0.0376 -0.0013 -0.9993
vn -0.3415 0.9236 -0.1740
vn -0.3316 0.9434 -0.0107
vn -0.3306 0.9438 -0.0000
vn 0.1089 0.0926 0.9897
vn 0.0684 0.2139 0.9745
vn 0.1187 0.0620 0.9910
vn 0.0373 -0.0010 -0.9993
vn 0.0372 -0.0016 -0.9993
vn 0.0376 -0.0000 -0.9993
vn -0.0102 0.9999 -0.0000
vn 0.0102 -0.9999 -0.0000
vn -0.0968 -0.0150 -0.9952
vn -0.0957 -0.0156 -0.9953
vn -0.0950 -0.0147 -0.9954
vn -0.0456 0.9850 -0.1663
vn -0.0296 0.9996 -0.0041
vn -0.0474 0.9815 -0.1853
vn 0.1468 -0.1700 0.9745
vn 0.1151 -0.2972 0.9478
vn 0.1100 -0.3164 0.9422
vn 0.1619 0.2609 0.9517
vn 0.1530 0.2390 0.9589
vn 0.1587 0.2623 0.9518
vn 0.4803 0.8771 -0.0000
vn 0.0707 0.0132 -0.9974
vn 0.0746 0.0042 -0.9972
vn 0.0757 -0.0055 -0.9971
vn 0.1385 -0.3155 0.9388
vn 0.1467 -0.2886 0.9461
vn 0.1487 -0.2820 0.9478
vn 0.0817 -0.0256 -0.9963
vn 0.0745 -0.0017 -0.9972
vn 0.0786 -0.0253 -0.9966
vn 0.4144 -0.9101 -0.0000
vn 0.2711 0.0956 0.9578
vn 0.2848 0.0826 0.9550
vn 0.1994 0.1617 0.9665
vn 0.5359 0.8443 -0.0000
vn -0.5373 -0.8434 -0.0000
vn -0.5372 -0.8434 -0.0000
vn -0.0932 -0.0000 -0.9956
vn 0.0871 -0.1754 0.9806
vn 0.0653 -0.0999 0.9929
vn 0.1178 -0.2832 0.9518
vn -0.0000 -0.0000 -1.0000
vn 0.2864 -0.0664 0.9558
vn 0.2679 -0.0305 0.9630
vn 0.3224 -0.1389 0.9364
vn -0.0932 -0.0000 -0.9957
vn 0.0687 -0.0099 -0.9976
vn 0.1578 -0.3210 0.9338
vn 0.1607 -0.2885 0.9439
vn 0.1613 -0.2815 0.9459
vn 0.1098 -0.2876 0.9514
vn 0.1042 -0.3108 0.9447
vn 0.1033 -0.3142 0.9437
vn 0.2108 -0.9775 -0.0000
vn 0.2107 -0.9775 -0.0000
vn 0.2087 0.0573 0.9763
vn 0.2093 0.0581 0.9761
vn 0.1980 0.0412 0.9793
vn 0.0056 -0.2051 -0.9787
vn -0.0027 -0.0462 -0.9989
vn -0.0052 0.0004 -1.0000
vn 0.1524 0.2419 0.9583
vn 0.1449 0.2657 0.9531
vn -0.0946 -0.0163 -0.9954
vn 0.0376 -0.0014 -0.9993
vn 0.1440 0.1714 0.9746
vn 0.1217 0.2449 0.9619
vn 0.1489 0.1543 0.9767
vn 0.0150 0.2489 0.9684
vn 0.0155 0.2583 0.9659
vn 0.0154 0.2578 0.9661
vn 0.0154 0.2488 0.9684
vn -0.0176 -0.2851 0.9583
vn -0.0038 0.0621 -0.9981
vn -0.0004 0.0822 -0.9966
vn -0.0057 0.0583 -0.9983
vn 0.0284 0.0084 -0.9996
vn 0.0345 0.0136 -0.9993
vn 0.0170 -0.0012 -0.9999
vn 0.0785 0.2438 0.9666
vn 0.0654 -0.2795 0.9579
vn 0.0637 -0.2846 0.9565
vn 0.0644 -0.2825 0.9571
vn 0.0653 -0.2796 0.9579
vn 0.0694 -0.2671 0.9612
vn 0.0947 0.2243 0.9699
vn 0.0847 0.2161 0.9727
vn 0.0735 0.2071 0.9755
vn 0.0026 -0.0048 1.0000
vn 0.0027 -0.0047 1.0000
vn 0.0028 -0.0047 1.0000
vn -0.0233 -0.2209 0.9750
vn -0.0177 0.3028 0.9529
vn 0.0269 0.3911 0.9200
vn 0.0449 0.4255 0.9038
vn -0.0228 0.2154 0.9763
vn -0.0013 0.1551 0.9879
vn -0.0361 0.2522 0.9670
vn -0.0418 -0.2498 0.9674
vn -0.0667 -0.1733 0.9826
vn -0.0301 -0.2851 0.9580
vn -0.0114 -0.2500 0.9682
vn -0.0027 -0.2318 0.9728
vn 0.0014 -0.2232 0.9748
vn 0.0549 0.9985 -0.0000
vn 0.0062 -1.0000 -0.0000
vn 0.0150 0.0094 -0.9998
vn 0.0133 0.0128 -0.9998
vn 0.0085 0.0356 -0.9993
vn -0.0575 -0.2214 0.9735
vn -0.0561 -0.2248 0.9728
vn -0.0592 -0.2173 0.9743
vn -0.1096 0.5216 0.8462
vn -0.1298 0.4938 0.8598
vn -0.1413 0.4776 0.8672
vn -0.1358 0.1091 0.9847
vn -0.1539 0.0849 0.9844
vn -0.1658 0.0690 0.9837
vn -0.0144 0.0005 -0.9999
vn -0.0145 -0.0000 -0.9999
vn -0.1220 0.9925 -0.0000
vn -0.1049 -0.9945 -0.0000
vn -0.0035 0.0088 -1.0000
vn -0.0079 0.0197 -0.9998
vn -0.0115 0.0285 -0.9995
vn -0.0144 0.0010 -0.9999
vn 0.0023 0.0755 -0.9971
vn -0.0059 0.0716 -0.9974
vn -0.3211 -0.1804 0.9297
vn -0.2649 -0.1185 0.9570
vn -0.2155 -0.0650 0.9743
vn -0.5290 0.8486 0.0026
vn -0.5300 0.8480 0.0048
vn -0.5310 0.8474 0.0069
vn -0.3052 0.1474 0.9408
vn -0.1530 -0.0551 0.9867
vn -0.3565 0.2199 0.9081
vn -0.5974 0.8020 0.0003
vn -0.5973 0.8020 0.0005
vn -0.5975 0.8019 -0.0000
vn -0.1803 0.9836 -0.0000
vn -0.2628 -0.9649 -0.0000
vn -0.2628 -0.9648 -0.0000
vn 0.0139 0.0120 -0.9998
vn 0.0139 0.0091 -0.9999
vn 0.0161 0.0315 -0.9994
vn 0.0049 0.0096 -0.9999
vn 0.0207 0.0406 -0.9990
vn -0.0578 -0.0374 0.9976
vn -0.1007 0.1382 0.9853
vn -0.0326 -0.1367 0.9901
vn -0.7195 -0.6945 -0.0000
vn -0.7951 0.6065 -0.0000
vn -0.0395 0.0259 -0.9989
vn -0.0299 0.0013 -0.9996
vn -0.0106 -0.0103 -0.9999
vn -0.0417 0.0050 -0.9991
vn -0.0469 0.0179 -0.9987
vn -0.4893 -0.8721 -0.0000
vn -0.4892 -0.8722 -0.0000
vn -0.4212 0.9069 -0.0000
vn -0.0001 -0.0000 1.0000
vn -0.0000 -0.0000 1.0000
vn -0.0000 1.0000 -0.0000
vn -0.0576 -0.0548 0.9968
vn -0.0728 -0.0701 0.9949
vn -0.0778 -0.0311 0.9965
vn -0.0815 -0.0023 0.9967
vn 0.3625 0.9320 -0.0000
vn -0.0107 0.0178 0.9998
vn -0.0125 0.0234 0.9996
vn 0.0056 -0.0028 1.0000
vn 0.0056 -0.0015 1.0000
vn 0.0055 -0.0044 1.0000
vn -0.0124 0.0185 0.9998
vn -0.0167 0.0241 0.9996
vn 0.0086 0.0061 0.9999
vn 0.0084 0.0013 1.0000
vn 0.0079 0.0041 1.0000
vn 0.0080 0.0020 1.0000
vn 0.0079 0.0020 1.0000
vn 0.0375 -0.0027 0.9993
vn 0.0376 -0.0014 0.9993
vn -0.3415 0.9237 0.1740
vn -0.3273 0.9449 0.0107
vn -0.3415 0.9236 0.1743
vn 0.0684 0.2139 -0.9744
vn 0.1089 0.0926 -0.9897
vn 0.1187 0.0620 -0.9910
vn 0.0372 -0.0016 0.9993
vn 0.0373 -0.0010 0.9993
vn 0.0376 -0.0000 0.9993
vn -0.0957 -0.0156 0.9953
vn -0.0968 -0.0150 0.9952
vn -0.0950 -0.0147 0.9954
vn -0.0296 0.9996 0.0041
vn -0.0456 0.9850 0.1663
vn -0.0474 0.9815 0.1853
vn 0.1468 -0.1700 -0.9745
vn 0.1151 -0.2972 -0.9478
vn 0.1526 -0.1449 -0.9776
vn 0.1531 0.2390 -0.9589
vn 0.1620 0.2610 -0.9517
vn 0.1587 0.2623 -0.9518
vn 0.0707 0.0132 0.9974
vn 0.0746 0.0043 0.9972
vn 0.0687 -0.0099 0.9976
vn 0.1385 -0.3155 -0.9388
vn 0.1467 -0.2887 -0.9461
vn 0.1357 -0.3246 -0.9361
vn 0.0745 -0.0017 0.9972
vn 0.0817 -0.0256 0.9963
vn 0.0786 -0.0253 0.9966
vn 0.4143 -0.9101 -0.0000
vn 0.2848 0.0826 -0.9550
vn 0.2711 0.0956 -0.9578
vn 0.1993 0.1617 -0.9665
vn 0.5360 0.8442 -0.0000
vn -0.0932 -0.0000 0.9956
vn 0.0653 -0.0999 -0.9929
vn 0.0871 -0.1755 -0.9806
vn 0.1177 -0.2832 -0.9518
vn 0.2679 -0.0305 -0.9630
vn 0.2864 -0.0664 -0.9558
vn 0.3223 -0.1388 -0.9364
vn 0.1579 -0.3210 -0.9338
vn 0.1608 -0.2885 -0.9439
vn 0.1569 -0.3312 -0.9304
vn 0.1098 -0.2876 -0.9514
vn 0.1041 -0.3109 -0.9447
vn 0.1108 -0.2834 -0.9526
vn 0.2087 0.0573 -0.9763
vn 0.2092 0.0581 -0.9761
vn 0.2202 0.0747 -0.9726
vn 0.0056 -0.2051 0.9787
vn -0.0028 -0.0462 0.9989
vn 0.0089 -0.2672 0.9636
vn 0.1523 0.2419 -0.9583
vn 0.1449 0.2657 -0.9531
vn -0.0946 -0.0163 0.9954
vn 0.1218 0.2449 -0.9619
vn 0.1440 0.1713 -0.9746
vn 0.1489 0.1543 -0.9767
vn 0.0150 0.2489 -0.9684
vn 0.0155 0.2584 -0.9659
vn 0.0140 0.2554 -0.9667
vn 0.0153 0.2488 -0.9684
vn 0.0154 0.2578 -0.9661
vn -0.0176 -0.2851 -0.9583
vn -0.0004 0.0822 0.9966
vn -0.0038 0.0621 0.9981
vn -0.0057 0.0583 0.9983
vn 0.0345 0.0136 0.9993
vn 0.0285 0.0084 0.9996
vn 0.0171 -0.0012 0.9999
vn 0.0785 0.2438 -0.9666
vn 0.0654 -0.2795 -0.9579
vn 0.0636 -0.2846 -0.9565
vn 0.0653 -0.2796 -0.9579
vn 0.0644 -0.2825 -0.9571
vn 0.0947 0.2243 -0.9699
vn 0.0847 0.2162 -0.9727
vn 0.1148 0.2404 -0.9639
vn 0.0054 -0.0026 -1.0000
vn 0.0026 -0.0048 -1.0000
vn 0.0028 -0.0047 -1.0000
vn -0.0233 -0.2209 -0.9750
vn -0.0177 0.3028 -0.9529
vn 0.0269 0.3911 -0.9200
vn -0.0333 0.2710 -0.9620
vn -0.0013 0.1551 -0.9879
vn -0.0228 0.2154 -0.9763
vn -0.0361 0.2522 -0.9670
vn -0.0667 -0.1733 -0.9826
vn -0.0418 -0.2498 -0.9674
vn -0.0301 -0.2851 -0.9580
vn -0.0114 -0.2500 -0.9682
vn -0.0027 -0.2318 -0.9728
vn -0.0160 -0.2596 -0.9656
vn 0.0150 0.0094 0.9998
vn 0.0133 0.0128 0.9998
vn 0.0140 0.0120 0.9998
vn -0.0561 -0.2248 -0.9728
vn -0.0575 -0.2214 -0.9735
vn -0.0592 -0.2173 -0.9743
vn -0.1096 0.5216 -0.8461
vn -0.1298 0.4938 -0.8598
vn -0.0984 0.5366 -0.8381
vn -0.1357 0.1091 -0.9847
vn -0.1539 0.0849 -0.9844
vn -0.1233 0.1255 -0.9844
vn -0.0144 0.0005 0.9999
vn -0.0145 -0.0000 0.9999
vn -0.0035 0.0088 1.0000
vn -0.0079 0.0197 0.9998
vn -0.0144 0.0010 0.9999
vn -0.0059 0.0716 0.9974
vn 0.0023 0.0755 0.9971
vn -0.3210 -0.1805 -0.9297
vn -0.2649 -0.1185 -0.9570
vn -0.3516 -0.2148 -0.9112
vn -0.5300 0.8480 -0.0048
vn -0.5290 0.8486 -0.0026
vn -0.5310 0.8474 -0.0069
vn -0.1530 -0.0551 -0.9867
vn -0.3052 0.1474 -0.9408
vn -0.3565 0.2199 -0.9081
vn -0.5974 0.8020 -0.0003
vn -0.5973 0.8020 -0.0005
vn -0.5972 0.8021 -0.0007
vn 0.0139 0.0091 0.9999
vn 0.0073 0.0267 0.9996
vn 0.0049 0.0096 0.9999
vn 0.0161 0.0315 0.9994
vn 0.0207 0.0406 0.9990
vn -0.1006 0.1382 -0.9853
vn -0.0578 -0.0374 -0.9976
vn -0.0325 -0.1366 -0.9901
vn -0.7196 -0.6944 -0.0000
vn -0.0395 0.0259 0.9989
vn -0.0299 0.0013 0.9996
vn -0.0469 0.0179 0.9987
vn -0.0418 0.0050 0.9991
vn -0.4213 0.9069 -0.0000
vn -0.0576 -0.0548 -0.9968
vn -0.0779 -0.0311 -0.9965
vn -0.0728 -0.0701 -0.9949
vn -0.0815 -0.0023 -0.9967
vn -0.0107 0.0178 -0.9998
vn -0.0106 0.0178 -0.9998
vn 0.0056 -0.0015 -1.0000
vn 0.0040 -0.0026 -1.0000
vn -0.0168 0.0241 -0.9996
vn -0.0169 0.0241 -0.9996
vn -0.0075 0.0260 -0.9996
vn 0.0086 0.0061 -0.9999
vn 0.0084 0.0013 -1.0000
vn 0.0090 0.0026 -1.0000
vn 0.0079 0.0041 -1.0000
vn 0.0080 0.0020 -1.0000
vn -0.3316 0.9433 -0.0107
vn -0.3307 0.9437 -0.0000
vn 0.0371 -0.0016 -0.9993
vn 0.1468 -0.1700 0.9744
vn 0.4145 -0.9101 -0.0000
vn 0.1579 -0.3210 0.9338
vn 0.1041 -0.3108 0.9447
vn 0.1490 0.1543 0.9767
vn 0.0153 0.2488 0.9684
vn 0.0736 0.2071 0.9755
vn -0.3210 -0.1804 0.9297
vn -0.1529 -0.0551 0.9867
vn 0.0140 0.0120 -0.9998
vn -0.0325 -0.1367 0.9901
vn -0.7194 -0.6946 -0.0000
vn -0.7951 0.6064 -0.0000
vn -0.7950 0.6066 -0.0000
vn -0.0729 -0.0701 0.9949
vn -0.0779 -0.0311 0.9965
vn 0.0055 -0.0028 1.0000
vn -0.0958 -0.0156 0.9953
vn -0.0969 -0.0150 0.9952
vn 0.1530 0.2390 -0.9589
vn 0.1619 0.2610 -0.9517
vn 0.4802 0.8771 -0.0000
vn 0.1356 -0.3246 -0.9361
vn 0.1994 0.1617 -0.9665
vn -0.0933 -0.0000 0.9956
vn 0.1607 -0.2885 -0.9439
vn 0.1108 -0.2835 -0.9526
vn 0.2202 0.0746 -0.9726
vn 0.0089 -0.2671 0.9636
vn -0.0947 -0.0163 0.9954
vn 0.1490 0.1543 -0.9767
vn 0.0156 0.2584 -0.9659
vn 0.0140 0.2555 -0.9667
vn 0.0139 0.0120 0.9998
vn -0.3211 -0.1805 -0.9297
vn -0.5972 0.8021 -0.0008
vn -0.7195 -0.6944 -0.0000
vn -0.0417 0.0050 0.9991
vn -0.0167 0.0241 -0.9996
vn -0.3413 0.9237 -0.1740
vn 0.0685 0.2139 0.9745
vn 0.5355 0.8445 -0.0000
vn -0.5312 -0.8472 -0.0000
vn -0.5313 -0.8472 -0.0000
vn 0.1177 -0.2832 0.9518
vn 0.2088 0.0573 0.9763
vn 0.0156 0.2583 0.9659
vn 0.0285 0.0084 -0.9996
vn 0.0171 -0.0012 -0.9999
vn -0.1096 0.5216 0.8461
vn -0.1357 0.1091 0.9847
vn -0.0143 0.0010 -0.9999
vn -0.5291 0.8486 0.0026
vn -0.5301 0.8479 0.0048
vn -0.5310 0.8473 0.0069
vn -0.3565 0.2199 0.9080
vn 0.3624 0.9320 -0.0000
vn -0.0106 0.0178 0.9998
vn -0.3416 0.9236 0.1740
vn -0.3416 0.9235 0.1743
vn -0.0932 -0.0000 0.9957
vn 0.1178 -0.2832 -0.9518
vn 0.3224 -0.1388 -0.9364
vn 0.2093 0.0581 -0.9761
vn 0.0346 0.0136 0.9993
vn 0.0637 -0.2846 -0.9565
vn -0.0143 0.0010 0.9999
vn -0.3210 -0.1804 -0.9297
vn -0.5301 0.8479 -0.0048
vn -0.5310 0.8473 -0.0069
vn -0.0729 -0.0701 -0.9949
vn 0.0080 0.0041 -1.0000
vn 0.0294 -0.0236 -0.9993
vn 0.0302 -0.0224 -0.9993
vn 0.2432 0.9542 -0.1740
vn 0.2624 0.9649 -0.0107
vn 0.2634 0.9647 -0.0000
vn 0.1422 0.0144 0.9897
vn 0.1778 0.1372 0.9745
vn 0.1329 -0.0163 0.9910
vn 0.0301 -0.0220 -0.9993
vn 0.0297 -0.0224 -0.9993
vn 0.0309 -0.0214 -0.9993
vn 0.5591 0.8291 -0.0000
vn -0.5594 -0.8289 -0.0000
vn -0.0882 0.0426 -0.9952
vn -0.0877 0.0415 -0.9953
vn -0.0865 0.0418 -0.9954
vn 0.5220 0.8366 -0.1663
vn 0.5432 0.8396 -0.0041
vn 0.5186 0.8347 -0.1852
vn 0.0243 -0.2233 0.9744
vn -0.0740 -0.3100 0.9478
vn -0.0891 -0.3229 0.9422
vn 0.2815 0.1228 0.9517
vn 0.2617 0.1099 0.9589
vn 0.2796 0.1258 0.9518
vn 0.8934 0.4493 -0.0000
vn 0.0657 -0.0293 -0.9974
vn 0.0638 -0.0389 -0.9972
vn 0.0592 -0.0475 -0.9971
vn -0.0651 -0.3383 0.9388
vn -0.0431 -0.3209 0.9461
vn -0.0377 -0.3166 0.9478
vn 0.0527 -0.0675 -0.9963
vn 0.0604 -0.0437 -0.9972
vn 0.0503 -0.0655 -0.9966
vn -0.1757 -0.9844 -0.0000
vn 0.2774 -0.0752 0.9578
vn 0.2813 -0.0937 0.9550
vn 0.2559 0.0199 0.9665
vn 0.9204 0.3909 -0.0000
vn -0.9188 -0.3946 -0.0000
vn -0.9189 -0.3945 -0.0000
vn -0.0767 0.0529 -0.9957
vn -0.0767 0.0529 -0.9956
vn -0.0279 -0.1938 0.9806
vn -0.0029 -0.1193 0.9929
vn -0.0639 -0.2999 0.9518
vn 0.1980 -0.2173 0.9558
vn 0.2032 -0.1772 0.9630
vn 0.1865 -0.2974 0.9364
vn 0.0510 -0.0471 -0.9976
vn -0.0523 -0.3539 0.9338
vn -0.0315 -0.3288 0.9439
vn -0.0270 -0.3233 0.9459
vn -0.0730 -0.2991 0.9514
vn -0.0908 -0.3150 0.9447
vn -0.0933 -0.3173 0.9437
vn -0.3816 -0.9243 -0.0000
vn 0.2044 -0.0714 0.9763
vn 0.2053 -0.0710 0.9761
vn 0.1864 -0.0785 0.9793
vn -0.1118 -0.1720 -0.9787
vn -0.0284 -0.0365 -0.9989
vn -0.0040 0.0032 -1.0000
vn 0.2627 0.1126 0.9583
vn 0.2701 0.1364 0.9531
vn -0.0872 0.0403 -0.9954
vn 0.0302 -0.0225 -0.9993
vn 0.2158 0.0593 0.9746
vn 0.2393 0.1324 0.9619
vn 0.2102 0.0425 0.9767
vn 0.1537 0.1963 0.9684
vn 0.1595 0.2038 0.9659
vn 0.1591 0.2034 0.9661
vn 0.1539 0.1961 0.9684
vn -0.1764 -0.2247 0.9583
vn 0.0322 0.0533 -0.9981
vn 0.0464 0.0679 -0.9966
vn 0.0284 0.0512 -0.9983
vn 0.0282 -0.0092 -0.9996
vn 0.0361 -0.0084 -0.9993
vn 0.0134 -0.0107 -0.9999
vn 0.2030 0.1561 0.9666
vn -0.1049 -0.2671 0.9579
vn -0.1092 -0.2704 0.9565
vn -0.1074 -0.2691 0.9571
vn -0.1050 -0.2672 0.9579
vn -0.0945 -0.2593 0.9612
vn 0.2053 0.1308 0.9699
vn 0.1924 0.1298 0.9727
vn 0.1782 0.1287 0.9755
vn -0.0006 -0.0054 1.0000
vn -0.0004 -0.0054 1.0000
vn -0.0003 -0.0055 1.0000
vn -0.1446 -0.1686 0.9750
vn 0.1574 0.2592 0.9529
vn 0.2442 0.3066 0.9200
vn 0.2786 0.3248 0.9038
vn 0.1035 0.1903 0.9763
vn 0.0870 0.1284 0.9879
vn 0.1135 0.2281 0.9670
vn -0.1763 -0.1819 0.9674
vn -0.1533 -0.1048 0.9826
vn -0.1866 -0.2176 0.9580
vn -0.1514 -0.1993 0.9682
vn -0.1338 -0.1893 0.9728
vn -0.1256 -0.1845 0.9748
vn 0.6122 0.7907 -0.0000
vn -0.5627 -0.8267 -0.0000
vn 0.0177 -0.0008 -0.9998
vn 0.0182 0.0030 -0.9998
vn 0.0272 0.0245 -0.9993
vn -0.1731 -0.1496 0.9735
vn -0.1739 -0.1532 0.9728
vn -0.1721 -0.1453 0.9743
vn 0.2060 0.4915 0.8462
vn 0.1735 0.4802 0.8598
vn 0.1548 0.4733 0.8672
vn -0.0498 0.1669 0.9847
vn -0.0785 0.1573 0.9844
vn -0.0972 0.1509 0.9838
vn -0.0116 0.0086 -0.9999
vn -0.0119 0.0082 -0.9999
vn 0.4632 0.8863 -0.0000
vn -0.6511 -0.7590 -0.0000
vn 0.0021 0.0092 -1.0000
vn 0.0047 0.0207 -0.9998
vn 0.0067 0.0299 -0.9995
vn -0.0112 0.0090 -0.9999
vn 0.0448 0.0609 -0.9971
vn 0.0358 0.0623 -0.9974
vn -0.3667 0.0338 0.9297
vn -0.2853 0.0529 0.9570
vn -0.2143 0.0688 0.9743
vn 0.0464 0.9989 0.0026
vn 0.0452 0.9990 0.0048
vn 0.0441 0.9990 0.0069
vn -0.1675 0.2946 0.9408
vn -0.1572 0.0415 0.9867
vn -0.1686 0.3834 0.9080
vn -0.0363 0.9993 0.0003
vn -0.0362 0.9993 0.0005
vn -0.0365 0.9993 -0.0000
vn 0.4101 0.9120 -0.0000
vn -0.7642 -0.6450 -0.0000
vn 0.0183 0.0020 -0.9998
vn 0.0166 -0.0004 -0.9999
vn 0.0311 0.0168 -0.9994
vn 0.0095 0.0051 -0.9999
vn 0.0401 0.0216 -0.9990
vn -0.0688 0.0020 0.9976
vn -0.0044 0.1709 0.9853
vn -0.1044 -0.0940 0.9901
vn -0.9866 -0.1631 -0.0000
vn -0.3101 0.9507 -0.0000
vn -0.0178 0.0438 -0.9989
vn -0.0238 0.0181 -0.9996
vn -0.0146 -0.0024 -0.9999
vn -0.0315 0.0278 -0.9991
vn -0.0285 0.0413 -0.9987
vn -0.8980 -0.4400 -0.0000
vn -0.8979 -0.4401 -0.0000
vn 0.1683 0.9857 -0.0000
vn 0.1682 0.9857 -0.0000
vn -0.0785 -0.0124 0.9968
vn -0.0786 -0.0124 0.9968
vn -0.0997 -0.0163 0.9949
vn -0.0818 0.0186 0.9965
vn -0.0684 0.0444 0.9967
vn 0.8276 0.5613 -0.0000
vn 0.8276 0.5614 -0.0000
vn 0.0013 0.0207 0.9998
vn 0.0030 0.0264 0.9996
vn 0.0030 -0.0055 1.0000
vn 0.0038 -0.0044 1.0000
vn 0.0020 -0.0068 1.0000
vn 0.0003 0.0223 0.9998
vn -0.0001 0.0293 0.9996
vn 0.0105 0.0002 0.9999
vn 0.0077 -0.0037 1.0000
vn 0.0088 -0.0012 1.0000
vn 0.0077 -0.0029 1.0000
vn 0.0078 -0.0029 1.0000
vn 0.0294 -0.0236 0.9993
vn 0.0302 -0.0225 0.9993
vn 0.2435 0.9542 0.1740
vn 0.2579 0.9661 0.0107
vn 0.2435 0.9541 0.1743
vn 0.1778 0.1372 -0.9744
vn 0.1422 0.0144 -0.9897
vn 0.1329 -0.0163 -0.9910
vn 0.0297 -0.0224 0.9993
vn 0.0301 -0.0220 0.9993
vn 0.0310 -0.0214 0.9993
vn 0.5599 0.8285 -0.0000
vn -0.5595 -0.8288 -0.0000
vn -0.0877 0.0415 0.9953
vn -0.0883 0.0426 0.9952
vn -0.0866 0.0419 0.9954
vn 0.5432 0.8396 0.0041
vn 0.5218 0.8367 0.1663
vn 0.5184 0.8349 0.1853
vn 0.0243 -0.2233 -0.9745
vn -0.0741 -0.3100 -0.9478
vn 0.0433 -0.2060 -0.9776
vn 0.2617 0.1099 -0.9589
vn 0.2815 0.1228 -0.9517
vn 0.2796 0.1258 -0.9518
vn 0.0658 -0.0293 0.9974
vn 0.0638 -0.0388 0.9972
vn 0.0510 -0.0471 0.9976
vn -0.0652 -0.3383 -0.9388
vn -0.0431 -0.3209 -0.9461
vn -0.0727 -0.3442 -0.9361
vn 0.0604 -0.0437 0.9972
vn 0.0527 -0.0675 0.9963
vn 0.0503 -0.0655 0.9966
vn -0.1757 -0.9845 -0.0000
vn -0.1756 -0.9845 -0.0000
vn 0.2813 -0.0937 -0.9550
vn 0.2774 -0.0752 -0.9578
vn 0.2559 0.0198 -0.9665
vn 0.9205 0.3907 -0.0000
vn -0.0767 0.0529 0.9956
vn -0.0030 -0.1193 -0.9929
vn -0.0280 -0.1939 -0.9806
vn -0.0640 -0.3000 -0.9518
vn 0.2032 -0.1773 -0.9629
vn 0.1981 -0.2173 -0.9558
vn 0.1865 -0.2973 -0.9364
vn -0.0768 0.0529 0.9956
vn -0.0524 -0.3539 -0.9338
vn -0.0315 -0.3288 -0.9439
vn -0.0589 -0.3618 -0.9304
vn -0.0729 -0.2991 -0.9514
vn -0.0908 -0.3150 -0.9447
vn -0.0697 -0.2962 -0.9526
vn 0.2043 -0.0714 -0.9763
vn 0.2052 -0.0710 -0.9761
vn 0.2236 -0.0636 -0.9726
vn -0.1119 -0.1720 0.9787
vn -0.0285 -0.0365 0.9989
vn -0.1444 -0.2250 0.9636
vn 0.2628 0.1126 -0.9583
vn 0.2701 0.1364 -0.9531
vn -0.0872 0.0403 0.9954
vn 0.2392 0.1324 -0.9619
vn 0.2158 0.0593 -0.9746
vn 0.2102 0.0424 -0.9767
vn 0.1537 0.1963 -0.9684
vn 0.1595 0.2038 -0.9659
vn 0.1566 0.2023 -0.9667
vn 0.1539 0.1961 -0.9684
vn 0.1591 0.2035 -0.9661
vn -0.1764 -0.2247 -0.9583
vn 0.0464 0.0679 0.9966
vn 0.0322 0.0533 0.9981
vn 0.0284 0.0512 0.9983
vn 0.0361 -0.0084 0.9993
vn 0.0282 -0.0092 0.9996
vn 0.0133 -0.0107 0.9999
vn 0.2030 0.1561 -0.9666
vn 0.2031 0.1561 -0.9666
vn 0.2030 0.1561 -0.9667
vn -0.1049 -0.2671 -0.9579
vn -0.1092 -0.2704 -0.9565
vn -0.1050 -0.2672 -0.9579
vn -0.1074 -0.2691 -0.9571
vn 0.2053 0.1308 -0.9699
vn 0.1925 0.1298 -0.9727
vn 0.2311 0.1327 -0.9638
vn 0.0029 -0.0052 -1.0000
vn -0.0006 -0.0054 -1.0000
vn -0.0004 -0.0055 -1.0000
vn -0.1447 -0.1686 -0.9750
vn -0.1446 -0.1686 -0.9750
vn 0.1574 0.2593 -0.9529
vn 0.2442 0.3066 -0.9200
vn 0.1265 0.2419 -0.9620
vn 0.0870 0.1284 -0.9879
vn 0.1035 0.1903 -0.9763
vn 0.1135 0.2281 -0.9670
vn -0.1533 -0.1048 -0.9826
vn -0.1763 -0.1819 -0.9674
vn -0.1866 -0.2176 -0.9580
vn -0.1514 -0.1993 -0.9682
vn -0.1338 -0.1893 -0.9728
vn -0.1606 -0.2046 -0.9656
vn 0.0177 -0.0008 0.9998
vn 0.0183 0.0030 0.9998
vn 0.0183 0.0020 0.9998
vn -0.1739 -0.1532 -0.9728
vn -0.1731 -0.1496 -0.9735
vn -0.1721 -0.1453 -0.9743
vn 0.2060 0.4916 -0.8461
vn 0.1736 0.4802 -0.8598
vn 0.2237 0.4975 -0.8381
vn -0.0498 0.1669 -0.9847
vn -0.0785 0.1573 -0.9844
vn -0.0303 0.1733 -0.9844
vn -0.0116 0.0086 0.9999
vn -0.0119 0.0082 0.9999
vn -0.6510 -0.7590 -0.0000
vn 0.0021 0.0092 1.0000
vn 0.0046 0.0207 0.9998
vn -0.0112 0.0090 0.9999
vn 0.0358 0.0623 0.9974
vn 0.0448 0.0609 0.9971
vn -0.3667 0.0338 -0.9297
vn -0.2853 0.0529 -0.9570
vn -0.4114 0.0229 -0.9112
vn 0.0452 0.9990 -0.0048
vn 0.0464 0.9989 -0.0026
vn 0.0441 0.9990 -0.0069
vn -0.1572 0.0415 -0.9867
vn -0.1676 0.2946 -0.9408
vn -0.1686 0.3835 -0.9080
vn -0.0363 0.9993 -0.0003
vn -0.0362 0.9993 -0.0005
vn -0.0361 0.9993 -0.0007
vn 0.4101 0.9121 -0.0000
vn 0.0166 -0.0004 0.9999
vn 0.0211 0.0178 0.9996
vn 0.0095 0.0051 0.9999
vn 0.0311 0.0168 0.9994
vn 0.0401 0.0217 0.9990
vn -0.0044 0.1709 -0.9853
vn -0.0688 0.0020 -0.9976
vn -0.1044 -0.0940 -0.9901
vn -0.3100 0.9507 -0.0000
vn -0.0178 0.0438 0.9989
vn -0.0238 0.0181 0.9996
vn -0.0285 0.0414 0.9987
vn -0.0315 0.0278 0.9991
vn -0.8980 -0.4401 -0.0000
vn -0.0786 -0.0124 -0.9968
vn -0.0818 0.0186 -0.9965
vn -0.0998 -0.0163 -0.9949
vn -0.0684 0.0444 -0.9967
vn 0.0013 0.0207 -0.9998
vn 0.0038 -0.0044 -1.0000
vn 0.0018 -0.0044 -1.0000
vn -0.0001 0.0294 -0.9996
vn -0.0002 0.0294 -0.9996
vn 0.0086 0.0256 -0.9996
vn 0.0105 0.0001 -0.9999
vn 0.0076 -0.0037 -1.0000
vn 0.0089 -0.0030 -1.0000
vn 0.0089 -0.0012 -1.0000
vn 0.0077 -0.0029 -1.0000
vn 0.0340 0.0161 -0.9993
vn 0.0334 0.0173 -0.9993
vn -0.7516 0.6363 -0.1739
vn -0.7537 0.6571 -0.0107
vn -0.7532 0.6578 -0.0000
vn 0.0494 0.1341 0.9897
vn -0.0455 0.2199 0.9744
vn 0.0730 0.1124 0.9910
vn 0.0330 0.0174 -0.9993
vn 0.0331 0.0169 -0.9993
vn 0.0328 0.0185 -0.9993
vn -0.5003 0.8659 -0.0000
vn 0.5002 -0.8659 -0.0000
vn -0.0769 -0.0607 -0.9952
vn -0.0757 -0.0606 -0.9953
vn -0.0755 -0.0595 -0.9954
vn -0.5236 0.8355 -0.1664
vn -0.5170 0.8560 -0.0041
vn -0.5235 0.8316 -0.1853
vn 0.2114 -0.0760 0.9744
vn 0.2463 -0.2023 0.9478
vn 0.2513 -0.2215 0.9422
vn 0.0128 0.3068 0.9517
vn 0.0158 0.2834 0.9589
vn 0.0093 0.3064 0.9518
vn -0.0128 0.9999 -0.0000
vn 0.0551 0.0463 -0.9974
vn 0.0629 0.0403 -0.9972
vn 0.0686 0.0324 -0.9971
vn 0.2757 -0.2067 0.9388
vn 0.2696 -0.1793 0.9461
vn 0.2681 -0.1725 0.9478
vn 0.0838 0.0178 -0.9963
vn 0.0657 0.0351 -0.9972
vn 0.0809 0.0166 -0.9966
vn 0.8081 -0.5890 -0.0000
vn 0.8082 -0.5890 -0.0000
vn 0.1891 0.2165 0.9578
vn 0.2074 0.2119 0.9550
vn 0.0942 0.2388 0.9665
vn 0.0516 0.9987 -0.0000
vn -0.0517 -0.9987 -0.0000
vn -0.0812 -0.0458 -0.9956
vn -0.0811 -0.0458 -0.9957
vn -0.0811 -0.0458 -0.9956
vn 0.1620 -0.1100 0.9806
vn 0.1059 -0.0549 0.9929
vn 0.2416 -0.1888 0.9518
vn 0.2821 0.0829 0.9558
vn 0.2484 0.1051 0.9629
vn 0.3490 0.0375 0.9364
vn 0.0647 0.0252 -0.9976
vn 0.2952 -0.2020 0.9338
vn 0.2818 -0.1723 0.9439
vn 0.2789 -0.1659 0.9459
vn 0.2370 -0.1965 0.9514
vn 0.2435 -0.2195 0.9447
vn 0.2444 -0.2228 0.9437
vn 0.6639 -0.7478 -0.0000
vn 0.6640 -0.7478 -0.0000
vn 0.1536 0.1525 0.9763
vn 0.1537 0.1534 0.9761
vn 0.1522 0.1331 0.9793
vn 0.1057 -0.1758 -0.9787
vn 0.0203 -0.0416 -0.9989
vn -0.0047 -0.0022 -1.0000
vn 0.0138 0.2855 0.9583
vn -0.0044 0.3026 0.9531
vn -0.0744 -0.0607 -0.9954
vn 0.0411 0.2200 0.9746
vn -0.0143 0.2731 0.9619
vn 0.0538 0.2076 0.9767
vn -0.1092 0.2241 0.9684
vn -0.1134 0.2326 0.9659
vn -0.1132 0.2321 0.9661
vn -0.1089 0.2242 0.9684
vn 0.1248 -0.2570 0.9583
vn -0.0338 0.0523 -0.9981
vn -0.0408 0.0714 -0.9966
vn -0.0336 0.0480 -0.9983
vn 0.0206 0.0213 -0.9996
vn 0.0234 0.0288 -0.9993
vn 0.0155 0.0073 -0.9999
vn -0.0514 0.2509 0.9666
vn 0.1942 -0.2113 0.9579
vn 0.1953 -0.2166 0.9565
vn 0.1949 -0.2144 0.9571
vn 0.1943 -0.2114 0.9579
vn 0.1918 -0.1985 0.9612
vn -0.0277 0.2419 0.9699
vn -0.0324 0.2299 0.9727
vn -0.0377 0.2165 0.9755
vn 0.0046 -0.0029 1.0000
vn 0.0047 -0.0028 1.0000
vn 0.0048 -0.0027 1.0000
vn 0.0883 -0.2039 0.9750
vn -0.1642 0.2550 0.9529
vn -0.1687 0.3538 0.9200
vn -0.1700 0.3927 0.9038
vn -0.1257 0.1764 0.9763
vn -0.0774 0.1345 0.9879
vn -0.1554 0.2019 0.9670
vn 0.0864 -0.2381 0.9674
vn 0.0271 -0.1837 0.9826
vn 0.1139 -0.2630 0.9580
vn 0.1129 -0.2234 0.9682
vn 0.1116 -0.2032 0.9728
vn 0.1109 -0.1937 0.9748
vn -0.4429 0.8966 -0.0000
vn 0.4969 -0.8678 -0.0000
vn 0.4968 -0.8678 -0.0000
vn 0.0084 0.0156 -0.9998
vn 0.0053 0.0177 -0.9998
vn -0.0101 0.0351 -0.9993
vn 0.0587 -0.2211 0.9735
vn 0.0616 -0.2234 0.9728
vn 0.0552 -0.2183 0.9743
vn -0.3517 0.4004 0.8461
vn -0.3557 0.3663 0.8598
vn -0.3578 0.3465 0.8672
vn -0.1718 0.0283 0.9847
vn -0.1758 -0.0017 0.9844
vn -0.1783 -0.0214 0.9838
vn -0.0128 -0.0066 -0.9999
vn -0.0126 -0.0071 -0.9999
vn -0.5940 0.8045 -0.0000
vn 0.3974 -0.9177 -0.0000
vn -0.0074 0.0059 -1.0000
vn -0.0166 0.0132 -0.9998
vn -0.0240 0.0192 -0.9995
vn -0.0130 -0.0061 -0.9999
vn -0.0351 0.0669 -0.9971
vn -0.0403 0.0594 -0.9974
vn -0.1910 -0.3149 0.9297
vn -0.1725 -0.2334 0.9570
vn -0.1557 -0.1625 0.9743
vn -0.8778 0.4791 0.0026
vn -0.8783 0.4780 0.0048
vn -0.8789 0.4770 0.0068
vn -0.3382 -0.0216 0.9408
vn -0.1062 -0.1231 0.9867
vn -0.4185 0.0163 0.9081
vn -0.9144 0.4049 0.0003
vn -0.9143 0.4050 0.0005
vn -0.9144 0.4048 -0.0000
vn -0.6404 0.7680 -0.0000
vn 0.2453 -0.9695 -0.0000
vn 0.0062 0.0173 -0.9998
vn 0.0076 0.0148 -0.9999
vn -0.0015 0.0353 -0.9994
vn -0.0005 0.0107 -0.9999
vn -0.0019 0.0455 -0.9990
vn -0.0319 -0.0610 0.9976
vn -0.1555 0.0709 0.9853
vn 0.0388 -0.1350 0.9901
vn -0.2853 -0.9584 -0.0000
vn -0.2854 -0.9584 -0.0000
vn -0.9905 0.1375 -0.0000
vn -0.0471 0.0032 -0.9989
vn -0.0267 -0.0135 -0.9996
vn -0.0042 -0.0142 -0.9999
vn -0.0388 -0.0161 -0.9991
vn -0.0496 -0.0075 -0.9987
vn 0.0025 -1.0000 -0.0000
vn -0.8126 0.5829 -0.0000
vn -0.8126 0.5828 -0.0000
vn -0.0233 -0.0761 0.9968
vn -0.0233 -0.0760 0.9968
vn -0.0232 -0.0761 0.9968
vn -0.0290 -0.0968 0.9949
vn -0.0525 -0.0654 0.9965
vn -0.0698 -0.0421 0.9967
vn -0.1423 0.9898 -0.0000
vn -0.0180 0.0102 0.9998
vn -0.0224 0.0142 0.9996
vn 0.0063 0.0003 1.0000
vn 0.0056 0.0015 1.0000
vn 0.0070 -0.0012 1.0000
vn -0.0199 0.0100 0.9998
vn -0.0264 0.0127 0.9996
vn 0.0045 0.0096 0.9999
vn 0.0067 0.0052 1.0000
vn 0.0049 0.0075 1.0000
vn 0.0060 0.0057 1.0000
vn 0.0061 0.0057 1.0000
vn 0.0340 0.0161 0.9993
vn 0.0334 0.0173 0.9993
vn -0.7513 0.6366 0.1740
vn -0.7576 0.6527 0.0107
vn -0.7513 0.6366 0.1744
vn -0.0455 0.2200 -0.9744
vn 0.0493 0.1341 -0.9897
vn 0.0729 0.1124 -0.9910
vn 0.0331 0.0169 0.9993
vn 0.0330 0.0174 0.9993
vn 0.0328 0.0185 0.9993
vn -0.5000 0.8660 -0.0000
vn -0.0757 -0.0607 0.9953
vn -0.0769 -0.0607 0.9952
vn -0.0756 -0.0595 0.9954
vn -0.5170 0.8560 0.0041
vn -0.5239 0.8354 0.1663
vn -0.5238 0.8314 0.1853
vn 0.2114 -0.0759 -0.9745
vn 0.2463 -0.2023 -0.9479
vn 0.2041 -0.0512 -0.9776
vn 0.0158 0.2834 -0.9589
vn 0.0128 0.3069 -0.9517
vn 0.0093 0.3065 -0.9518
vn 0.0551 0.0463 0.9974
vn 0.0629 0.0404 0.9972
vn 0.0647 0.0252 0.9976
vn 0.2756 -0.2067 -0.9388
vn 0.2696 -0.1793 -0.9461
vn 0.2776 -0.2161 -0.9361
vn 0.0658 0.0351 0.9972
vn 0.0837 0.0178 0.9963
vn 0.0809 0.0166 0.9966
vn 0.8082 -0.5889 -0.0000
vn 0.2075 0.2119 -0.9550
vn 0.1891 0.2165 -0.9578
vn 0.0943 0.2388 -0.9665
vn -0.0812 -0.0458 0.9956
vn 0.1059 -0.0549 -0.9929
vn 0.1620 -0.1100 -0.9806
vn 0.2417 -0.1888 -0.9518
vn 0.2484 0.1051 -0.9629
vn 0.2821 0.0829 -0.9558
vn 0.3491 0.0375 -0.9363
vn 0.2952 -0.2020 -0.9338
vn 0.2818 -0.1723 -0.9439
vn 0.2994 -0.2114 -0.9304
vn 0.2370 -0.1965 -0.9514
vn 0.2435 -0.2196 -0.9447
vn 0.2358 -0.1924 -0.9526
vn 0.1536 0.1525 -0.9763
vn 0.1537 0.1534 -0.9761
vn 0.1551 0.1732 -0.9726
vn 0.1057 -0.1759 0.9787
vn 0.0203 -0.0416 0.9989
vn 0.1390 -0.2283 0.9636
vn 0.0138 0.2855 -0.9583
vn -0.0043 0.3026 -0.9531
vn -0.0744 -0.0608 0.9954
vn -0.0144 0.2731 -0.9619
vn 0.0412 0.2200 -0.9746
vn 0.0539 0.2076 -0.9767
vn -0.1092 0.2241 -0.9684
vn -0.1134 0.2326 -0.9659
vn -0.1133 0.2294 -0.9667
vn -0.1089 0.2242 -0.9684
vn -0.1133 0.2321 -0.9661
vn 0.1248 -0.2570 -0.9583
vn -0.0408 0.0714 0.9966
vn -0.0338 0.0523 0.9981
vn -0.0336 0.0480 0.9983
vn 0.0234 0.0288 0.9993
vn 0.0206 0.0213 0.9996
vn 0.0155 0.0073 0.9999
vn -0.0514 0.2509 -0.9666
vn 0.1943 -0.2113 -0.9579
vn 0.1953 -0.2166 -0.9565
vn 0.1943 -0.2114 -0.9579
vn 0.1949 -0.2144 -0.9571
vn -0.0277 0.2419 -0.9699
vn -0.0325 0.2299 -0.9727
vn -0.0182 0.2658 -0.9638
vn 0.0060 0.0003 -1.0000
vn 0.0046 -0.0029 -1.0000
vn 0.0048 -0.0027 -1.0000
vn 0.0883 -0.2039 -0.9750
vn -0.1642 0.2550 -0.9529
vn -0.1687 0.3538 -0.9200
vn -0.1622 0.2196 -0.9620
vn -0.0773 0.1344 -0.9879
vn -0.1257 0.1764 -0.9763
vn -0.1554 0.2019 -0.9670
vn 0.0271 -0.1837 -0.9826
vn 0.0864 -0.2381 -0.9674
vn 0.1139 -0.2630 -0.9580
vn 0.1129 -0.2234 -0.9682
vn 0.1116 -0.2032 -0.9728
vn 0.1136 -0.2339 -0.9656
vn 0.0084 0.0156 0.9998
vn 0.0053 0.0177 0.9998
vn 0.0062 0.0173 0.9998
vn 0.0616 -0.2234 -0.9728
vn 0.0587 -0.2211 -0.9735
vn 0.0553 -0.2184 -0.9743
vn -0.3518 0.4004 -0.8461
vn -0.3557 0.3663 -0.8598
vn -0.3493 0.4190 -0.8381
vn -0.1718 0.0283 -0.9847
vn -0.1758 -0.0017 -0.9844
vn -0.1691 0.0487 -0.9844
vn -0.0128 -0.0066 0.9999
vn -0.0126 -0.0071 0.9999
vn 0.3973 -0.9177 -0.0000
vn -0.0074 0.0059 1.0000
vn -0.0166 0.0132 0.9998
vn -0.0130 -0.0061 0.9999
vn -0.0403 0.0595 0.9974
vn -0.0352 0.0669 0.9971
vn -0.1910 -0.3149 -0.9297
vn -0.1725 -0.2334 -0.9570
vn -0.2007 -0.3599 -0.9112
vn -0.8783 0.4780 -0.0048
vn -0.8778 0.4791 -0.0026
vn -0.8788 0.4771 -0.0068
vn -0.1060 -0.1231 -0.9867
vn -0.3382 -0.0216 -0.9408
vn -0.4186 0.0163 -0.9080
vn -0.9144 0.4049 -0.0003
vn -0.9143 0.4050 -0.0005
vn -0.9143 0.4051 -0.0007
vn 0.0076 0.0148 0.9999
vn -0.0068 0.0268 0.9996
vn -0.0005 0.0107 0.9999
vn -0.0015 0.0354 0.9994
vn -0.0019 0.0455 0.9990
vn -0.1555 0.0709 -0.9853
vn -0.0319 -0.0609 -0.9976
vn 0.0388 -0.1350 -0.9901
vn -0.0472 0.0032 0.9989
vn -0.0267 -0.0135 0.9996
vn -0.0496 -0.0075 0.9987
vn -0.0388 -0.0161 0.9991
vn -0.0232 -0.0761 -0.9968
vn -0.0232 -0.0760 -0.9968
vn -0.0526 -0.0654 -0.9965
vn -0.0290 -0.0968 -0.9949
vn -0.0699 -0.0421 -0.9967
vn -0.0180 0.0102 -0.9998
vn 0.0056 0.0015 -1.0000
vn 0.0048 -0.0003 -1.0000
vn -0.0264 0.0128 -0.9996
vn -0.0265 0.0127 -0.9996
vn -0.0193 0.0190 -0.9996
vn 0.0045 0.0095 -0.9999
vn 0.0067 0.0052 -1.0000
vn 0.0066 0.0067 -1.0000
vn 0.0049 0.0074 -1.0000
vn 0.0060 0.0057 -1.0000
vn 0.0360 0.0109 -0.9993
vn 0.0356 0.0122 -0.9993
vn -0.6496 0.7401 -0.1739
vn -0.6498 0.7601 -0.0107
vn -0.6492 0.7607 -0.0000
vn 0.0685 0.1254 0.9897
vn -0.0127 0.2242 0.9745
vn 0.0887 0.1004 0.9910
vn 0.0352 0.0124 -0.9993
vn 0.0353 0.0118 -0.9993
vn 0.0351 0.0135 -0.9993
vn -0.3675 0.9300 -0.0000
vn 0.3675 -0.9300 -0.0000
vn -0.0850 -0.0487 -0.9952
vn -0.0838 -0.0488 -0.9953
vn -0.0835 -0.0477 -0.9954
vn -0.3953 0.9034 -0.1663
vn -0.3855 0.9227 -0.0041
vn -0.3958 0.8995 -0.1852
vn 0.1979 -0.1062 0.9745
vn 0.2138 -0.2363 0.9479
vn 0.2160 -0.2560 0.9422
vn 0.0578 0.3016 0.9517
vn 0.0573 0.2780 0.9589
vn 0.0542 0.3017 0.9518
vn 0.1344 0.9909 -0.0000
vn 0.0613 0.0377 -0.9974
vn 0.0681 0.0307 -0.9972
vn 0.0726 0.0220 -0.9971
vn 0.2423 -0.2450 0.9388
vn 0.2403 -0.2170 0.9461
vn 0.2398 -0.2101 0.9478
vn 0.0855 0.0053 -0.9963
vn 0.0702 0.0251 -0.9972
vn 0.0825 0.0045 -0.9966
vn 0.7128 -0.7014 -0.0000
vn 0.2189 0.1864 0.9578
vn 0.2364 0.1791 0.9550
vn 0.1283 0.2224 0.9665
vn 0.1981 0.9802 -0.0000
vn -0.1986 -0.9801 -0.0000
vn -0.0870 -0.0334 -0.9956
vn 0.1441 -0.1326 0.9806
vn 0.0968 -0.0699 0.9929
vn 0.2113 -0.2223 0.9518
vn 0.2912 0.0406 0.9558
vn 0.2611 0.0675 0.9630
vn 0.3508 -0.0142 0.9363
vn 0.0677 0.0154 -0.9976
vn 0.2623 -0.2432 0.9338
vn 0.2534 -0.2118 0.9439
vn 0.2514 -0.2050 0.9459
vn 0.2055 -0.2292 0.9514
vn 0.2085 -0.2529 0.9447
vn 0.2090 -0.2563 0.9437
vn 0.5468 -0.8373 -0.0000
vn 0.1744 0.1282 0.9763
vn 0.1746 0.1291 0.9761
vn 0.1702 0.1093 0.9793
vn 0.0787 -0.1895 -0.9787
vn 0.0140 -0.0441 -0.9989
vn -0.0050 -0.0015 -1.0000
vn 0.0557 0.2804 0.9583
vn 0.0401 0.2999 0.9531
vn -0.0825 -0.0491 -0.9954
vn 0.0731 0.2115 0.9746
vn 0.0260 0.2722 0.9619
vn 0.0839 0.1974 0.9767
vn -0.0751 0.2377 0.9684
vn -0.0780 0.2468 0.9659
vn -0.0779 0.2462 0.9661
vn -0.0748 0.2378 0.9684
vn -0.0747 0.2378 0.9684
vn 0.0857 -0.2725 0.9583
vn -0.0258 0.0567 -0.9981
vn -0.0298 0.0766 -0.9966
vn -0.0262 0.0524 -0.9983
vn 0.0236 0.0181 -0.9996
vn 0.0274 0.0251 -0.9993
vn 0.0164 0.0050 -0.9999
vn -0.0140 0.2557 0.9666
vn 0.1611 -0.2375 0.9579
vn 0.1613 -0.2430 0.9565
vn 0.1612 -0.2407 0.9571
vn 0.1611 -0.2377 0.9579
vn 0.1604 -0.2245 0.9612
vn 0.0082 0.2433 0.9699
vn 0.0017 0.2321 0.9727
vn -0.0055 0.2197 0.9755
vn 0.0041 -0.0036 1.0000
vn 0.0042 -0.0034 1.0000
vn 0.0043 -0.0034 1.0000
vn 0.0573 -0.2146 0.9750
vn 0.0574 -0.2146 0.9750
vn -0.1249 0.2764 0.9529
vn -0.1148 0.3748 0.9200
vn -0.1104 0.4134 0.9038
vn -0.0984 0.1929 0.9763
vn -0.0568 0.1444 0.9879
vn -0.1240 0.2225 0.9670
vn 0.0504 -0.2482 0.9674
vn -0.0002 -0.1857 0.9826
vn 0.0740 -0.2769 0.9580
vn 0.0788 -0.2376 0.9682
vn 0.0805 -0.2174 0.9728
vn 0.0812 -0.2079 0.9748
vn -0.3062 0.9520 -0.0000
vn 0.3638 -0.9315 -0.0000
vn 0.3639 -0.9315 -0.0000
vn 0.0106 0.0142 -0.9998
vn 0.0078 0.0167 -0.9998
vn -0.0048 0.0362 -0.9993
vn 0.0256 -0.2273 0.9735
vn 0.0281 -0.2300 0.9728
vn 0.0225 -0.2241 0.9743
vn -0.2890 0.4478 0.8462
vn -0.2980 0.4146 0.8598
vn -0.3029 0.3953 0.8672
vn -0.1658 0.0533 0.9847
vn -0.1741 0.0242 0.9844
vn -0.1795 0.0051 0.9837
vn -0.0136 -0.0047 -0.9999
vn -0.0135 -0.0052 -0.9999
vn -0.0137 -0.0047 -0.9999
vn -0.4693 0.8831 -0.0000
vn 0.2581 -0.9661 -0.0000
vn -0.0064 0.0069 -1.0000
vn -0.0144 0.0155 -0.9998
vn -0.0209 0.0225 -0.9995
vn -0.0138 -0.0042 -0.9999
vn -0.0249 0.0713 -0.9971
vn -0.0312 0.0647 -0.9974
vn -0.2352 -0.2834 0.9297
vn -0.2049 -0.2055 0.9570
vn -0.1779 -0.1379 0.9743
vn -0.7978 0.6029 0.0026
vn -0.7985 0.6020 0.0048
vn -0.7992 0.6011 0.0068
vn -0.3377 0.0283 0.9408
vn -0.1231 -0.1062 0.9867
vn -0.4116 0.0777 0.9080
vn -0.8449 0.5349 0.0003
vn -0.8448 0.5350 0.0005
vn -0.8450 0.5348 -0.0000
vn -0.5205 0.8538 -0.0000
vn -0.5205 0.8539 -0.0000
vn 0.1001 -0.9950 -0.0000
vn 0.0087 0.0162 -0.9998
vn 0.0097 0.0135 -0.9999
vn 0.0037 0.0352 -0.9994
vn 0.0012 0.0107 -0.9999
vn 0.0048 0.0453 -0.9990
vn -0.0406 -0.0556 0.9976
vn -0.1435 0.0930 0.9853
vn 0.0185 -0.1393 0.9901
vn -0.4232 -0.9061 -0.0000
vn -0.4232 -0.9060 -0.0000
vn -0.4231 -0.9061 -0.0000
vn -0.9595 0.2816 -0.0000
vn -0.0462 0.0101 -0.9989
vn -0.0284 -0.0094 -0.9996
vn -0.0062 -0.0134 -0.9999
vn -0.0408 -0.0103 -0.9991
vn -0.0502 -0.0001 -0.9987
vn -0.1446 -0.9895 -0.0000
vn -0.7180 0.6960 -0.0000
vn -0.7181 0.6960 -0.0000
vn -0.0342 -0.0718 0.9968
vn -0.0429 -0.0915 0.9949
vn -0.0615 -0.0570 0.9965
vn -0.0752 -0.0314 0.9967
vn 0.0048 1.0000 -0.0000
vn -0.0163 0.0128 0.9998
vn -0.0201 0.0174 0.9996
vn 0.0062 -0.0007 1.0000
vn 0.0058 0.0007 1.0000
vn 0.0067 -0.0022 1.0000
vn -0.0182 0.0128 0.9998
vn -0.0243 0.0165 0.9996
vn 0.0058 0.0088 0.9999
vn 0.0073 0.0042 1.0000
vn 0.0059 0.0067 1.0000
vn 0.0068 0.0047 1.0000
vn 0.0066 0.0048 1.0000
vn 0.0360 0.0109 0.9993
vn 0.0356 0.0122 0.9993
vn -0.6497 0.7400 0.1740
vn -0.6441 0.7649 0.0107
vn -0.6497 0.7400 0.1744
vn -0.0127 0.2243 -0.9744
vn 0.0685 0.1254 -0.9897
vn 0.0887 0.1004 -0.9910
vn 0.0353 0.0118 0.9993
vn 0.0352 0.0124 0.9993
vn 0.0351 0.0135 0.9993
vn -0.3676 0.9300 -0.0000
vn -0.0838 -0.0489 0.9953
vn -0.0850 -0.0487 0.9952
vn -0.0834 -0.0478 0.9954
vn -0.3855 0.9227 0.0041
vn -0.3951 0.9034 0.1663
vn -0.3956 0.8995 0.1853
vn 0.1979 -0.1062 -0.9745
vn 0.2139 -0.2363 -0.9478
vn 0.1944 -0.0807 -0.9776
vn 0.0573 0.2780 -0.9589
vn 0.0578 0.3017 -0.9517
vn 0.0542 0.3018 -0.9518
vn 0.0613 0.0377 0.9974
vn 0.0681 0.0307 0.9972
vn 0.0677 0.0154 0.9976
vn 0.2423 -0.2450 -0.9388
vn 0.2403 -0.2170 -0.9461
vn 0.2429 -0.2545 -0.9361
vn 0.0702 0.0251 0.9972
vn 0.0855 0.0053 0.9963
vn 0.0825 0.0045 0.9966
vn 0.2364 0.1791 -0.9550
vn 0.2189 0.1863 -0.9578
vn 0.1283 0.2223 -0.9665
vn 0.1980 0.9802 -0.0000
vn -0.0870 -0.0334 0.9956
vn -0.0871 -0.0334 0.9956
vn 0.0967 -0.0699 -0.9929
vn 0.1441 -0.1327 -0.9806
vn 0.2113 -0.2223 -0.9518
vn 0.2611 0.0674 -0.9630
vn 0.2912 0.0406 -0.9558
vn 0.3506 -0.0142 -0.9364
vn 0.2623 -0.2432 -0.9338
vn 0.2534 -0.2118 -0.9439
vn 0.2651 -0.2531 -0.9304
vn 0.2055 -0.2292 -0.9514
vn 0.2086 -0.2530 -0.9447
vn 0.2049 -0.2250 -0.9526
vn 0.1744 0.1282 -0.9763
vn 0.1746 0.1292 -0.9761
vn 0.1789 0.1485 -0.9726
vn 0.0787 -0.1895 0.9787
vn 0.0140 -0.0441 0.9989
vn 0.1040 -0.2462 0.9636
vn 0.0556 0.2804 -0.9583
vn 0.0401 0.2999 -0.9531
vn -0.0825 -0.0492 0.9954
vn 0.0260 0.2722 -0.9619
vn 0.0731 0.2115 -0.9746
vn 0.0838 0.1974 -0.9767
vn -0.0751 0.2378 -0.9684
vn -0.0780 0.2468 -0.9659
vn -0.0783 0.2435 -0.9667
vn -0.0748 0.2378 -0.9684
vn -0.0779 0.2463 -0.9661
vn 0.0857 -0.2725 -0.9583
vn -0.0298 0.0766 0.9966
vn -0.0258 0.0567 0.9981
vn -0.0262 0.0524 0.9983
vn 0.0274 0.0251 0.9993
vn 0.0236 0.0181 0.9996
vn 0.0164 0.0050 0.9999
vn -0.0140 0.2557 -0.9666
vn 0.1611 -0.2375 -0.9579
vn 0.1613 -0.2430 -0.9565
vn 0.1611 -0.2376 -0.9579
vn 0.1612 -0.2407 -0.9571
vn 0.0082 0.2433 -0.9699
vn 0.0017 0.2322 -0.9727
vn 0.0211 0.2656 -0.9639
vn 0.0060 -0.0006 -1.0000
vn 0.0041 -0.0036 -1.0000
vn 0.0043 -0.0034 -1.0000
vn 0.0573 -0.2146 -0.9750
vn -0.1249 0.2764 -0.9529
vn -0.1149 0.3748 -0.9200
vn -0.1281 0.2411 -0.9620
vn -0.0567 0.1443 -0.9879
vn -0.0984 0.1929 -0.9763
vn -0.1240 0.2225 -0.9670
vn -0.0002 -0.1857 -0.9826
vn 0.0504 -0.2482 -0.9674
vn 0.0740 -0.2769 -0.9580
vn 0.0789 -0.2376 -0.9682
vn 0.0805 -0.2174 -0.9728
vn 0.0780 -0.2481 -0.9656
vn 0.0106 0.0142 0.9998
vn 0.0078 0.0167 0.9998
vn 0.0087 0.0162 0.9998
vn 0.0281 -0.2300 -0.9728
vn 0.0256 -0.2274 -0.9735
vn 0.0225 -0.2241 -0.9743
vn -0.2891 0.4478 -0.8461
vn -0.2980 0.4146 -0.8598
vn -0.2840 0.4658 -0.8381
vn -0.1658 0.0533 -0.9847
vn -0.1741 0.0242 -0.9844
vn -0.1600 0.0730 -0.9844
vn -0.0136 -0.0047 0.9999
vn -0.0135 -0.0052 0.9999
vn -0.0064 0.0069 1.0000
vn -0.0144 0.0155 0.9998
vn -0.0138 -0.0042 0.9999
vn -0.0312 0.0648 0.9974
vn -0.0249 0.0713 0.9971
vn -0.2352 -0.2834 -0.9297
vn -0.2049 -0.2055 -0.9570
vn -0.2514 -0.3264 -0.9112
vn -0.7985 0.6020 -0.0048
vn -0.7978 0.6029 -0.0026
vn -0.7992 0.6011 -0.0068
vn -0.1231 -0.1062 -0.9867
vn -0.3377 0.0283 -0.9408
vn -0.4116 0.0777 -0.9080
vn -0.8449 0.5349 -0.0003
vn -0.8448 0.5350 -0.0005
vn -0.8448 0.5351 -0.0007
vn 0.0097 0.0135 0.9999
vn -0.0028 0.0275 0.9996
vn 0.0011 0.0107 0.9999
vn 0.0037 0.0352 0.9994
vn 0.0048 0.0453 0.9990
vn -0.1434 0.0930 -0.9853
vn -0.0405 -0.0556 -0.9976
vn 0.0185 -0.1392 -0.9901
vn -0.0462 0.0101 0.9989
vn -0.0284 -0.0094 0.9996
vn -0.0502 -0.0001 0.9987
vn -0.0408 -0.0103 0.9991
vn -0.0001 -0.0000 -1.0000
vn -0.0342 -0.0718 -0.9968
vn -0.0616 -0.0570 -0.9965
vn -0.0429 -0.0915 -0.9949
vn -0.0753 -0.0314 -0.9967
vn -0.0163 0.0128 -0.9998
vn 0.0058 0.0007 -1.0000
vn 0.0047 -0.0010 -1.0000
vn -0.0243 0.0165 -0.9996
vn -0.0163 0.0216 -0.9996
vn 0.0058 0.0088 -0.9999
vn 0.0073 0.0042 -1.0000
vn 0.0075 0.0056 -1.0000
vn 0.0060 0.0066 -1.0000
vn 0.0068 0.0047 -1.0000
vn -0.3415 0.9237 -0.1740
vn -0.3315 0.9434 -0.0107
vn -0.3305 0.9438 -0.0000
vn 0.0654 -0.0999 0.9929
vn 0.2092 0.0581 0.9761
vn -0.0947 -0.0163 -0.9954
vn -0.1657 0.0690 0.9838
vn 0.0001 -0.0000 1.0000
vn -0.3272 0.9449 0.0107
vn 0.2680 -0.0305 -0.9629
vn 0.0141 0.2554 -0.9667
vn -0.0983 0.5366 -0.8381
vn -0.3211 -0.1804 -0.9297
vn -0.3517 -0.2148 -0.9112
vn -0.5301 0.8480 -0.0048
vn -0.3415 0.9236 -0.1743
vn 0.0577 0.2450 0.9678
vn 0.0365 -0.0037 -0.9993
vn -0.0981 -0.0169 -0.9950
vn -0.0292 0.9996 -0.0000
vn 0.1526 -0.1450 0.9776
vn 0.1644 0.2353 0.9579
vn 0.1357 -0.3246 0.9361
vn 0.0825 -0.0000 -0.9966
vn 0.3390 0.0298 0.9403
vn 0.0377 -0.0053 0.9993
vn 0.2357 0.0301 0.9713
vn 0.1569 -0.3312 0.9304
vn 0.1108 -0.2834 0.9526
vn 0.2202 0.0747 0.9726
vn 0.0089 -0.2671 -0.9636
vn 0.1172 0.2593 0.9586
vn 0.0140 0.2554 0.9667
vn 0.0407 0.0188 -0.9990
vn 0.0636 -0.2846 0.9565
vn 0.1148 0.2404 0.9639
vn 0.0025 -0.0048 1.0000
vn -0.0333 0.2709 0.9620
vn 0.0123 0.1167 0.9931
vn -0.0784 -0.1363 0.9876
vn -0.0160 -0.2596 0.9656
vn -0.0545 -0.2288 0.9719
vn -0.0984 0.5365 0.8381
vn -0.1233 0.1255 0.9844
vn -0.0072 0.0687 -0.9976
vn -0.3516 -0.2148 0.9112
vn -0.5279 0.8493 -0.0000
vn -0.0651 -0.1647 0.9842
vn -0.5972 0.8021 0.0007
vn 0.0073 0.0267 -0.9996
vn -0.1230 0.2336 0.9645
vn -0.0267 0.0204 -0.9994
vn -0.0693 -0.0973 0.9928
vn 0.0057 -0.0001 1.0000
vn -0.0276 0.0219 0.9994
vn 0.0090 0.0026 1.0000
vn -0.3260 0.9454 -0.0000
vn 0.0577 0.2451 -0.9678
vn 0.0365 -0.0037 0.9993
vn -0.0981 -0.0169 0.9950
vn 0.1100 -0.3164 -0.9422
vn 0.1645 0.2353 -0.9579
vn 0.0757 -0.0055 0.9971
vn 0.1487 -0.2820 -0.9478
vn 0.0825 -0.0000 0.9966
vn 0.3390 0.0298 -0.9403
vn 0.0378 -0.0053 -0.9993
vn 0.2358 0.0301 -0.9713
vn 0.1614 -0.2814 -0.9459
vn 0.1033 -0.3142 -0.9437
vn 0.1980 0.0412 -0.9793
vn -0.0052 0.0004 1.0000
vn 0.1173 0.2593 -0.9586
vn 0.0407 0.0188 0.9990
vn 0.0694 -0.2671 -0.9612
vn 0.0736 0.2071 -0.9755
vn 0.0449 0.4256 -0.9038
vn 0.0123 0.1167 -0.9931
vn -0.0784 -0.1363 -0.9876
vn 0.0014 -0.2233 -0.9748
vn 0.0085 0.0356 0.9993
vn -0.0545 -0.2289 -0.9719
vn -0.1413 0.4776 -0.8671
vn -0.1658 0.0690 -0.9837
vn -0.0115 0.0285 0.9995
vn -0.0072 0.0688 0.9976
vn -0.2154 -0.0650 -0.9744
vn -0.0651 -0.1647 -0.9842
vn -0.1230 0.2336 -0.9645
vn -0.0107 -0.0103 0.9999
vn -0.0268 0.0204 0.9994
vn -0.0693 -0.0973 -0.9928
vn 0.0055 -0.0044 -1.0000
vn -0.0276 0.0219 -0.9994
vn 0.2357 0.0302 0.9714
vn 0.2202 0.0746 0.9726
vn -0.0650 -0.1647 0.9842
vn -0.5972 0.8021 0.0008
vn -0.3261 0.9454 -0.0000
vn -0.0982 -0.0169 0.9950
vn 0.1644 0.2353 -0.9579
vn 0.1613 -0.2814 -0.9459
vn -0.0948 -0.0163 0.9954
vn 0.1172 0.2593 -0.9586
vn 0.0735 0.2071 -0.9755
vn -0.2155 -0.0650 -0.9743
vn -0.3413 0.9236 -0.1743
vn 0.0826 -0.0000 0.9966
vn 0.3391 0.0298 -0.9403
vn 0.0377 -0.0053 -0.9993
vn 0.1614 -0.2815 -0.9459
vn 0.0154 0.2488 -0.9684
vn -0.1657 0.0690 -0.9838
vn -0.0106 -0.0103 0.9999
vn -0.0267 0.0204 0.9994
vn 0.2432 0.9542 -0.1743
vn 0.1866 0.1689 0.9678
vn 0.0280 -0.0238 -0.9993
vn -0.0904 0.0418 -0.9950
vn 0.5436 0.8394 -0.0000
vn 0.0433 -0.2060 0.9776
vn 0.2689 0.1003 0.9579
vn -0.0726 -0.3442 0.9361
vn 0.0680 -0.0469 -0.9966
vn 0.2960 -0.1680 0.9403
vn 0.0281 -0.0258 0.9993
vn 0.2112 -0.1091 0.9713
vn -0.0589 -0.3617 0.9304
vn -0.0698 -0.2962 0.9526
vn 0.2237 -0.0636 0.9726
vn -0.1443 -0.2249 -0.9636
vn 0.2437 0.1469 0.9586
vn 0.1566 0.2023 0.9667
vn 0.0441 -0.0076 -0.9990
vn 0.2031 0.1561 0.9666
vn 0.2310 0.1327 0.9639
vn -0.0007 -0.0054 1.0000
vn 0.1264 0.2419 0.9620
vn 0.0764 0.0891 0.9931
vn -0.1419 -0.0677 0.9876
vn -0.1606 -0.2046 0.9656
vn -0.5627 -0.8266 -0.0000
vn -0.1748 -0.1574 0.9719
vn 0.2237 0.4975 0.8381
vn -0.0302 0.1733 0.9844
vn 0.0331 0.0607 -0.9976
vn -0.4114 0.0229 0.9112
vn 0.0478 0.9989 -0.0000
vn -0.1470 -0.0986 0.9842
vn -0.0361 0.9993 0.0007
vn 0.0211 0.0178 -0.9996
vn 0.0314 0.2621 0.9645
vn -0.0104 0.0320 -0.9994
vn -0.1123 -0.0408 0.9928
vn 0.0046 -0.0033 1.0000
vn -0.0103 0.0337 0.9994
vn 0.0090 -0.0030 1.0000
vn 0.2586 0.9660 -0.0000
vn 0.1866 0.1690 -0.9678
vn 0.0279 -0.0238 0.9993
vn -0.0904 0.0418 0.9950
vn -0.0891 -0.3229 -0.9422
vn 0.2690 0.1003 -0.9579
vn 0.0592 -0.0475 0.9971
vn -0.0377 -0.3166 -0.9478
vn 0.0679 -0.0469 0.9966
vn 0.2960 -0.1680 -0.9403
vn 0.0280 -0.0258 -0.9993
vn 0.2112 -0.1091 -0.9713
vn -0.0270 -0.3233 -0.9459
vn -0.0934 -0.3173 -0.9437
vn 0.1864 -0.0785 -0.9793
vn -0.0041 0.0033 1.0000
vn 0.2437 0.1469 -0.9587
vn 0.0441 -0.0076 0.9990
vn -0.0945 -0.2593 -0.9612
vn 0.1781 0.1287 -0.9755
vn 0.2786 0.3248 -0.9038
vn 0.0764 0.0891 -0.9931
vn -0.1419 -0.0677 -0.9876
vn -0.1256 -0.1846 -0.9748
vn 0.0272 0.0245 0.9993
vn -0.1748 -0.1574 -0.9719
vn 0.1549 0.4734 -0.8671
vn -0.0973 0.1509 -0.9838
vn 0.0067 0.0299 0.9995
vn 0.0332 0.0607 0.9976
vn -0.2143 0.0688 -0.9743
vn -0.1471 -0.0986 -0.9842
vn 0.0314 0.2621 -0.9645
vn -0.0146 -0.0024 0.9999
vn -0.0104 0.0320 0.9994
vn -0.0785 -0.0124 -0.9968
vn -0.1123 -0.0408 -0.9928
vn 0.0020 -0.0068 -1.0000
vn -0.0103 0.0337 -0.9994
vn -0.7515 0.6363 -0.1743
vn -0.0702 0.2417 0.9678
vn 0.0336 0.0147 -0.9993
vn -0.0771 -0.0629 -0.9950
vn -0.5166 0.8562 -0.0000
vn 0.2042 -0.0513 0.9776
vn 0.0276 0.2857 0.9579
vn 0.2777 -0.2160 0.9361
vn 0.0719 0.0406 -0.9966
vn 0.8081 -0.5891 -0.0000
vn 0.2806 0.1926 0.9403
vn 0.0355 0.0139 0.9993
vn 0.1906 0.1421 0.9713
vn 0.2994 -0.2113 0.9304
vn 0.2358 -0.1924 0.9526
vn 0.1551 0.1732 0.9726
vn 0.1391 -0.2282 -0.9636
vn -0.0253 0.2835 0.9586
vn -0.1133 0.2294 0.9667
vn 0.0262 0.0364 -0.9990
vn -0.0181 0.2658 0.9638
vn 0.0045 -0.0030 1.0000
vn -0.1622 0.2196 0.9620
vn -0.0466 0.1077 0.9931
vn -0.0013 -0.1572 0.9876
vn 0.1136 -0.2339 0.9656
vn 0.0650 -0.2261 0.9719
vn -0.3494 0.4189 0.8381
vn -0.1690 0.0487 0.9844
vn -0.0400 0.0563 -0.9976
vn -0.2007 -0.3599 0.9112
vn -0.8771 0.4803 -0.0000
vn 0.0242 -0.1754 0.9842
vn -0.9143 0.4051 0.0007
vn -0.0068 0.0268 -0.9996
vn -0.2219 0.1430 0.9645
vn -0.0333 0.0046 -0.9994
vn -0.0125 -0.1188 0.9928
vn 0.0050 0.0027 1.0000
vn -0.0348 0.0055 0.9994
vn 0.0066 0.0067 1.0000
vn 0.0341 0.0161 0.9993
vn -0.7573 0.6531 -0.0000
vn -0.0702 0.2418 -0.9678
vn 0.0336 0.0147 0.9993
vn -0.0771 -0.0630 0.9950
vn 0.2513 -0.2215 -0.9422
vn 0.0276 0.2857 -0.9579
vn 0.0686 0.0324 0.9971
vn 0.2681 -0.1726 -0.9478
vn 0.0719 0.0406 0.9966
vn 0.2806 0.1925 -0.9403
vn 0.0354 0.0139 -0.9993
vn 0.1905 0.1421 -0.9713
vn 0.2788 -0.1658 -0.9459
vn 0.2444 -0.2229 -0.9437
vn 0.1522 0.1332 -0.9793
vn -0.0047 -0.0022 1.0000
vn -0.0254 0.2835 -0.9586
vn 0.0262 0.0364 0.9990
vn 0.1917 -0.1985 -0.9612
vn -0.0377 0.2165 -0.9755
vn -0.1700 0.3927 -0.9038
vn -0.0466 0.1077 -0.9931
vn -0.0013 -0.1572 -0.9876
vn 0.1109 -0.1938 -0.9748
vn 0.4968 -0.8679 -0.0000
vn -0.0101 0.0351 0.9993
vn 0.0650 -0.2261 -0.9719
vn -0.3578 0.3465 -0.8671
vn -0.1783 -0.0214 -0.9837
vn -0.0240 0.0192 0.9995
vn -0.0400 0.0564 0.9976
vn -0.1556 -0.1625 -0.9744
vn 0.0244 -0.1754 -0.9842
vn -0.2219 0.1430 -0.9645
vn -0.0043 -0.0142 0.9999
vn -0.0333 0.0046 0.9994
vn -0.8125 0.5829 -0.0000
vn -0.0125 -0.1188 -0.9928
vn 0.0069 -0.0012 -1.0000
vn -0.0348 0.0055 -0.9994
vn 0.0059 0.0057 -1.0000
vn -0.6495 0.7401 -0.1743
vn -0.0339 0.2494 0.9678
vn 0.0354 0.0096 -0.9993
vn -0.0855 -0.0509 -0.9950
vn -0.3851 0.9229 -0.0000
vn 0.1944 -0.0807 0.9776
vn 0.0693 0.2786 0.9579
vn 0.2429 -0.2545 0.9361
vn 0.0771 0.0296 -0.9966
vn 0.3058 0.1492 0.9403
vn 0.0371 0.0086 0.9993
vn 0.2093 0.1126 0.9714
vn 0.2651 -0.2531 0.9304
vn 0.2049 -0.2249 0.9526
vn 0.1789 0.1485 0.9726
vn 0.1040 -0.2462 -0.9636
vn 0.0166 0.2841 0.9586
vn -0.0783 0.2435 0.9667
vn 0.0313 0.0321 -0.9990
vn 0.0211 0.2656 0.9638
vn 0.0040 -0.0036 1.0000
vn -0.1281 0.2411 0.9620
vn -0.0303 0.1134 0.9931
vn -0.0244 -0.1553 0.9876
vn 0.0780 -0.2481 0.9656
vn 0.0311 -0.2332 0.9719
vn -0.2839 0.4658 0.8381
vn -0.1601 0.0730 0.9844
vn -0.0313 0.0616 -0.9976
vn -0.2514 -0.3264 0.9112
vn -0.7969 0.6040 -0.0000
vn -0.0018 -0.1770 0.9842
vn -0.8448 0.5352 0.0007
vn -0.5206 0.8538 -0.0000
vn -0.0028 0.0275 -0.9996
vn -0.1985 0.1741 0.9645
vn -0.0323 0.0095 -0.9994
vn -0.0298 -0.1157 0.9928
vn 0.0054 0.0019 1.0000
vn -0.0336 0.0106 0.9994
vn 0.0075 0.0057 1.0000
vn -0.6431 0.7658 -0.0000
vn -0.0339 0.2495 -0.9678
vn 0.0354 0.0096 0.9993
vn -0.0856 -0.0509 0.9950
vn 0.2160 -0.2560 -0.9422
vn 0.0693 0.2786 -0.9579
vn 0.0726 0.0220 0.9971
vn 0.2398 -0.2101 -0.9478
vn 0.0771 0.0296 0.9966
vn 0.3059 0.1492 -0.9403
vn 0.0371 0.0086 -0.9993
vn 0.2094 0.1125 -0.9713
vn 0.2514 -0.2050 -0.9459
vn 0.2090 -0.2564 -0.9437
vn 0.1702 0.1094 -0.9793
vn -0.0050 -0.0015 1.0000
vn -0.0826 -0.0492 0.9954
vn 0.0166 0.2841 -0.9586
vn 0.0313 0.0321 0.9990
vn 0.1605 -0.2245 -0.9612
vn -0.0055 0.2197 -0.9755
vn 0.0574 -0.2146 -0.9750
vn -0.1105 0.4134 -0.9038
vn -0.0303 0.1134 -0.9931
vn -0.0244 -0.1553 -0.9876
vn 0.0812 -0.2080 -0.9748
vn -0.0048 0.0362 0.9993
vn 0.0311 -0.2332 -0.9719
vn -0.3029 0.3953 -0.8671
vn -0.1795 0.0051 -0.9838
vn -0.0209 0.0225 0.9995
vn -0.0313 0.0616 0.9976
vn -0.1779 -0.1378 -0.9744
vn -0.0018 -0.1771 -0.9842
vn -0.1985 0.1741 -0.9645
vn -0.0062 -0.0134 0.9999
vn -0.0323 0.0095 0.9994
vn -0.0341 -0.0718 -0.9968
vn -0.0298 -0.1157 -0.9928
vn 0.0067 -0.0022 -1.0000
vn -0.0336 0.0106 -0.9994
vn 0.0068 0.0048 -1.0000
vn 0.0378 -0.0053 0.9993
vn 0.0141 0.2554 0.9667
vn -0.3259 0.9454 -0.0000
vn -0.0545 -0.2288 -0.9719
vt 0.768671 0.036820
vt 0.781219 0.070402
vt 0.763771 0.069031
vt 0.077679 0.441493
vt 0.078531 0.432626
vt 0.078563 0.432626
vt 0.363946 0.243139
vt 0.372502 0.215402
vt 0.373026 0.244282
vt 0.806128 0.038037
vt 0.796501 0.070496
vt 0.794206 0.037963
vt 0.008439 0.631102
vt 0.041021 0.628087
vt 0.041021 0.631050
vt 0.007892 0.889046
vt 0.018375 0.895427
vt 0.009551 0.897861
vt 0.074665 0.470857
vt 0.076706 0.441458
vt 0.386082 0.245384
vt 0.380048 0.217417
vt 0.386230 0.214981
vt 0.364816 0.213348
vt 0.365922 0.189234
vt 0.351438 0.978656
vt 0.346329 0.955332
vt 0.352170 0.955301
vt 0.775244 0.010653
vt 0.782283 0.037890
vt 0.379539 0.188123
vt 0.391457 0.188089
vt 0.795156 0.013529
vt 0.788972 0.011073
vt 0.066599 0.627231
vt 0.066599 0.633072
vt 0.379885 0.245412
vt 0.371095 0.253270
vt 0.709715 0.468398
vt 0.710146 0.478640
vt 0.710177 0.478637
vt 0.011402 0.910833
vt 0.020542 0.905017
vt 0.020992 0.913772
vt 0.392278 0.245367
vt 0.389560 0.254828
vt 0.040468 0.931684
vt 0.052534 0.919088
vt 0.048185 0.933932
vt 0.021441 0.922526
vt 0.040010 0.916321
vt 0.039391 0.904273
vt 0.036408 0.891074
vt 0.047790 0.902885
vt 0.033369 0.877628
vt 0.052534 0.883744
vt 0.380794 0.254886
vt 0.011719 0.917023
vt 0.782788 0.008616
vt 0.392411 0.212545
vt 0.403376 0.188056
vt 0.101463 0.626809
vt 0.101463 0.634295
vt 0.016167 0.885657
vt 0.361215 0.251628
vt 0.767570 0.012759
vt 0.754803 0.035731
vt 0.011084 0.904642
vt 0.361018 0.157023
vt 0.341158 0.116565
vt 0.357963 0.112065
vt 0.378472 0.155599
vt 0.375417 0.110641
vt 0.390693 0.110599
vt 0.393748 0.155557
vt 0.743910 0.109521
vt 0.747267 0.054764
vt 0.410541 0.153786
vt 0.344513 0.171332
vt 0.937823 0.669222
vt 0.923504 0.651498
vt 0.936330 0.642980
vt 0.406341 0.071049
vt 0.410541 0.108618
vt 0.345009 0.083531
vt 0.353764 0.074497
vt 0.371214 0.073101
vt 0.386493 0.073030
vt 0.793446 0.115452
vt 0.778164 0.115358
vt 0.876401 0.314575
vt 0.882513 0.367734
vt 0.876401 0.367734
vt 0.146335 0.634295
vt 0.813299 0.072319
vt 0.760716 0.113987
vt 0.773962 0.152917
vt 0.781580 0.184339
vt 0.766296 0.184237
vt 0.398137 0.041657
vt 0.348421 0.064243
vt 0.355570 0.052683
vt 0.363541 0.041847
vt 0.789243 0.153011
vt 0.876401 0.400905
vt 0.146335 0.626809
vt 0.183175 0.634295
vt 0.809099 0.155051
vt 0.756514 0.151546
vt 0.747763 0.142557
vt 0.378968 0.022289
vt 0.384606 0.017947
vt 0.876401 0.420492
vt 0.883344 0.432547
vt 0.874299 0.433168
vt 0.378827 0.041709
vt 0.875555 0.445326
vt 0.883344 0.445326
vt 0.882802 0.400905
vt 0.183175 0.626809
vt 0.211433 0.634295
vt 0.800896 0.184443
vt 0.757909 0.172835
vt 0.751177 0.161852
vt 0.619091 0.754928
vt 0.622621 0.749749
vt 0.622621 0.754928
vt 0.182644 0.328822
vt 0.184841 0.323480
vt 0.184841 0.328822
vt 0.781726 0.203832
vt 0.777216 0.208131
vt 0.233483 0.631188
vt 0.233483 0.633385
vt 0.878983 0.470857
vt 0.976737 0.478613
vt 0.970277 0.464041
vt 0.976737 0.461236
vt 0.968225 0.453712
vt 0.975046 0.448431
vt 0.963837 0.475189
vt 0.957666 0.467656
vt 0.958129 0.459588
vt 0.968247 0.453557
vt 0.729634 0.564251
vt 0.846376 0.941173
vt 0.831514 0.962112
vt 0.834710 0.935504
vt 0.826995 0.937718
vt 0.823531 0.968019
vt 0.818240 0.952144
vt 0.836041 0.980876
vt 0.844043 0.968228
vt 0.846376 0.988411
vt 0.882999 0.314575
vt 0.876823 0.297305
vt 0.882665 0.297305
vt 0.924998 0.631090
vt 0.937823 0.622572
vt 0.915133 0.671584
vt 0.909692 0.654810
vt 0.913547 0.644043
vt 0.184841 0.704340
vt 0.801625 0.581366
vt 0.794056 0.622910
vt 0.792115 0.584668
vt 0.784698 0.606634
vt 0.784137 0.595584
vt 0.687363 0.499887
vt 0.674818 0.533467
vt 0.673750 0.500957
vt 0.172098 0.100997
vt 0.171246 0.092130
vt 0.173071 0.100962
vt 0.509676 0.351257
vt 0.501105 0.323509
vt 0.510187 0.322366
vt 0.659537 0.533562
vt 0.649905 0.501106
vt 0.661827 0.501032
vt 0.622346 0.403415
vt 0.619332 0.435997
vt 0.622810 0.403415
vt 0.777519 0.829275
vt 0.788005 0.822898
vt 0.786346 0.831713
vt 0.175112 0.130361
vt 0.523243 0.321264
vt 0.517228 0.349248
vt 0.517049 0.321239
vt 0.503105 0.377434
vt 0.501983 0.353305
vt 0.963846 0.959199
vt 0.968954 0.935875
vt 0.968954 0.959226
vt 0.680782 0.473725
vt 0.673238 0.471690
vt 0.523403 0.351677
vt 0.516735 0.378556
vt 0.660870 0.476604
vt 0.667054 0.474147
vt 0.622294 0.435997
vt 0.618475 0.461574
vt 0.508249 0.313372
vt 0.289908 0.608488
vt 0.289477 0.618730
vt 0.289445 0.608449
vt 0.784495 0.844684
vt 0.775352 0.838865
vt 0.784813 0.838494
vt 0.526713 0.311812
vt 0.529433 0.321274
vt 0.755425 0.865531
vt 0.743359 0.852934
vt 0.755883 0.850168
vt 0.774452 0.856374
vt 0.774902 0.847619
vt 0.756502 0.838119
vt 0.748103 0.836732
vt 0.759485 0.824920
vt 0.743359 0.817589
vt 0.762524 0.811475
vt 0.517946 0.311754
vt 0.784177 0.850875
vt 0.529578 0.354107
vt 0.528640 0.378576
vt 0.624316 0.461574
vt 0.618053 0.496438
vt 0.779727 0.819505
vt 0.688463 0.475824
vt 0.498207 0.409648
vt 0.478330 0.450089
vt 0.481685 0.395325
vt 0.515676 0.411086
vt 0.495152 0.454604
vt 0.527881 0.456068
vt 0.530935 0.411112
vt 0.712123 0.572590
vt 0.692266 0.532095
vt 0.708768 0.517829
vt 0.701230 0.498797
vt 0.540545 0.378597
vt 0.489220 0.376291
vt 0.556276 0.923895
vt 0.541958 0.941620
vt 0.543451 0.915378
vt 0.543512 0.495599
vt 0.547712 0.458033
vt 0.482181 0.483122
vt 0.508410 0.493573
vt 0.512621 0.456042
vt 0.523681 0.493635
vt 0.547712 0.412867
vt 0.662592 0.578520
vt 0.881241 0.026612
vt 0.875130 0.079772
vt 0.874643 0.026612
vt 0.625540 0.541311
vt 0.625540 0.496438
vt 0.642738 0.535385
vt 0.695321 0.577053
vt 0.682074 0.615987
vt 0.674457 0.647409
vt 0.666793 0.616082
vt 0.535309 0.524991
vt 0.490952 0.492171
vt 0.485593 0.502409
vt 0.492750 0.513975
vt 0.677873 0.578425
vt 0.881241 0.112943
vt 0.881241 0.079772
vt 0.625540 0.578150
vt 0.618053 0.541311
vt 0.646938 0.618122
vt 0.642738 0.580553
vt 0.708272 0.605627
vt 0.516129 0.544348
vt 0.516015 0.524956
vt 0.874298 0.144585
vt 0.881241 0.132529
vt 0.883344 0.145206
vt 0.500716 0.524806
vt 0.882088 0.157364
vt 0.874841 0.112943
vt 0.625540 0.606408
vt 0.618053 0.578150
vt 0.655142 0.647514
vt 0.698127 0.635905
vt 0.699522 0.614615
vt 0.704859 0.624922
vt 0.332249 0.752983
vt 0.328719 0.747803
vt 0.332713 0.747803
vt 0.058983 0.346333
vt 0.056786 0.340991
vt 0.060316 0.340991
vt 0.689739 0.647308
vt 0.674308 0.666906
vt 0.622432 0.628458
vt 0.618053 0.606408
vt 0.878660 0.182895
vt 0.874298 0.157364
vt 0.766990 0.968927
vt 0.773450 0.954356
vt 0.770485 0.970900
vt 0.766990 0.951550
vt 0.775501 0.944026
vt 0.779889 0.965503
vt 0.785597 0.949902
vt 0.786059 0.957970
vt 0.655698 0.052534
vt 0.436888 0.945076
vt 0.451747 0.966003
vt 0.440082 0.971673
vt 0.456268 0.941619
vt 0.448553 0.939406
vt 0.459731 0.971909
vt 0.465020 0.956034
vt 0.447223 0.984766
vt 0.439218 0.972120
vt 0.880819 0.009342
vt 0.874978 0.009342
vt 0.554783 0.903487
vt 0.541958 0.894971
vt 0.564647 0.943980
vt 0.552286 0.949498
vt 0.566234 0.916440
vt 0.632350 0.645970
vt 0.924227 0.478246
vt 0.931796 0.519788
vt 0.924227 0.533119
vt 0.933737 0.481547
vt 0.941154 0.503512
vt 0.760888 0.400664
vt 0.773437 0.434246
vt 0.755989 0.432875
vt 0.163290 0.289729
vt 0.164142 0.280863
vt 0.164173 0.280863
vt 0.019966 0.371728
vt 0.047703 0.380285
vt 0.018822 0.380809
vt 0.798346 0.401881
vt 0.788718 0.434340
vt 0.786423 0.401808
vt 0.567740 0.306130
vt 0.570755 0.338712
vt 0.567792 0.338712
vt 0.072100 0.889046
vt 0.082583 0.895427
vt 0.073759 0.897861
vt 0.160275 0.319093
vt 0.162316 0.289694
vt 0.017721 0.393865
vt 0.045687 0.387831
vt 0.048123 0.394012
vt 0.049756 0.372598
vt 0.073871 0.373705
vt 0.477908 0.287935
vt 0.472799 0.264611
vt 0.478640 0.264580
vt 0.767462 0.374497
vt 0.774501 0.401734
vt 0.074982 0.387322
vt 0.075015 0.399240
vt 0.787373 0.377374
vt 0.781189 0.374917
vt 0.571611 0.364289
vt 0.565770 0.364289
vt 0.017693 0.387668
vt 0.009835 0.378878
vt 0.398404 0.666858
vt 0.398835 0.677101
vt 0.398867 0.677098
vt 0.075610 0.910832
vt 0.084750 0.905017
vt 0.085200 0.913771
vt 0.017738 0.400061
vt 0.008277 0.397343
vt 0.104676 0.931684
vt 0.116741 0.919088
vt 0.112392 0.933932
vt 0.085649 0.922526
vt 0.104217 0.916321
vt 0.103599 0.904273
vt 0.100616 0.891074
vt 0.111997 0.902886
vt 0.097577 0.877628
vt 0.116741 0.883744
vt 0.008219 0.388577
vt 0.075927 0.917023
vt 0.775005 0.372461
vt 0.050560 0.400194
vt 0.075048 0.411158
vt 0.572033 0.399154
vt 0.564546 0.399154
vt 0.080375 0.885657
vt 0.011476 0.368998
vt 0.759788 0.376604
vt 0.747021 0.399575
vt 0.075292 0.904642
vt 0.106081 0.368801
vt 0.146539 0.348941
vt 0.151039 0.365746
vt 0.107505 0.386255
vt 0.152463 0.383200
vt 0.152506 0.398476
vt 0.107548 0.401531
vt 0.736127 0.473365
vt 0.739485 0.418608
vt 0.109319 0.418324
vt 0.091773 0.352295
vt 0.754928 0.250898
vt 0.740609 0.233175
vt 0.753434 0.224657
vt 0.192055 0.414124
vt 0.154487 0.418324
vt 0.179573 0.352792
vt 0.188608 0.361546
vt 0.190003 0.378997
vt 0.190074 0.394276
vt 0.785663 0.479297
vt 0.770382 0.479202
vt 0.849161 0.026613
vt 0.855273 0.079772
vt 0.849161 0.079772
vt 0.564546 0.444026
vt 0.805516 0.436163
vt 0.752934 0.477832
vt 0.766179 0.516761
vt 0.773798 0.548184
vt 0.758514 0.548081
vt 0.221448 0.405920
vt 0.198861 0.356204
vt 0.210422 0.363353
vt 0.221258 0.371324
vt 0.781460 0.516855
vt 0.849161 0.112942
vt 0.572033 0.444026
vt 0.564546 0.480865
vt 0.801317 0.518895
vt 0.748731 0.515390
vt 0.739980 0.506401
vt 0.240815 0.386751
vt 0.245157 0.392389
vt 0.849161 0.132529
vt 0.856104 0.144585
vt 0.847059 0.145205
vt 0.221395 0.386610
vt 0.848315 0.157364
vt 0.856104 0.157364
vt 0.855562 0.112942
vt 0.572033 0.480865
vt 0.564546 0.509123
vt 0.793113 0.548287
vt 0.750127 0.536679
vt 0.743395 0.525697
vt 0.753344 0.354116
vt 0.756874 0.348936
vt 0.756874 0.354116
vt 0.348028 0.013620
vt 0.350224 0.008278
vt 0.350224 0.013620
vt 0.773943 0.567676
vt 0.769433 0.571975
vt 0.567654 0.531174
vt 0.565457 0.531174
vt 0.851743 0.182895
vt 0.908638 0.965035
vt 0.902177 0.950464
vt 0.908638 0.947659
vt 0.900126 0.940135
vt 0.906946 0.934854
vt 0.895738 0.961612
vt 0.889567 0.954079
vt 0.890030 0.946011
vt 0.900148 0.939980
vt 0.457238 0.597327
vt 0.984520 0.015024
vt 0.969658 0.035963
vt 0.972854 0.009355
vt 0.965140 0.011569
vt 0.961675 0.041870
vt 0.956384 0.025995
vt 0.974185 0.054727
vt 0.982187 0.042079
vt 0.984520 0.062262
vt 0.855760 0.026613
vt 0.849584 0.009342
vt 0.855425 0.009342
vt 0.742103 0.212766
vt 0.754928 0.204248
vt 0.732238 0.253261
vt 0.726797 0.236487
vt 0.730651 0.225720
vt 0.206243 0.556468
vt 0.614838 0.048247
vt 0.607269 0.089791
vt 0.605329 0.051549
vt 0.597911 0.073514
vt 0.597351 0.062464
vt 0.681118 0.204313
vt 0.693663 0.170733
vt 0.694731 0.203243
vt 0.518431 0.021224
vt 0.517579 0.012357
vt 0.519405 0.021188
vt 0.192683 0.459941
vt 0.164935 0.468511
vt 0.163792 0.459430
vt 0.708944 0.170638
vt 0.718577 0.203094
vt 0.706654 0.203168
vt 0.008439 0.579414
vt 0.041021 0.582429
vt 0.008439 0.578950
vt 0.047885 0.440136
vt 0.058371 0.433759
vt 0.056712 0.442575
vt 0.521445 0.050588
vt 0.162690 0.446374
vt 0.190674 0.452389
vt 0.162665 0.452567
vt 0.218860 0.466512
vt 0.194731 0.467634
vt 0.099959 0.974764
vt 0.105067 0.951440
vt 0.105067 0.974791
vt 0.687700 0.230474
vt 0.695243 0.232510
vt 0.193103 0.446214
vt 0.219982 0.452882
vt 0.707611 0.227596
vt 0.701427 0.230053
vt 0.041021 0.579466
vt 0.066599 0.583285
vt 0.154798 0.461368
vt 0.655698 0.219349
vt 0.655267 0.229592
vt 0.655235 0.219311
vt 0.054861 0.455546
vt 0.045717 0.449726
vt 0.055179 0.449356
vt 0.153238 0.442903
vt 0.162700 0.440184
vt 0.025791 0.476392
vt 0.013725 0.463796
vt 0.026249 0.461030
vt 0.044818 0.467236
vt 0.045268 0.458481
vt 0.026868 0.448981
vt 0.018469 0.447593
vt 0.029851 0.435782
vt 0.013725 0.428451
vt 0.032889 0.422336
vt 0.153180 0.451671
vt 0.054543 0.461736
vt 0.195533 0.440039
vt 0.220003 0.440977
vt 0.066599 0.577444
vt 0.101463 0.583708
vt 0.050093 0.430367
vt 0.680018 0.228375
vt 0.251074 0.471410
vt 0.291515 0.491287
vt 0.236751 0.487932
vt 0.252512 0.453941
vt 0.296030 0.474465
vt 0.297495 0.441736
vt 0.252538 0.438681
vt 0.656358 0.131610
vt 0.676215 0.172105
vt 0.659714 0.186371
vt 0.667251 0.205403
vt 0.220023 0.429072
vt 0.217717 0.480397
vt 0.227454 0.923895
vt 0.213136 0.941620
vt 0.214629 0.915379
vt 0.337025 0.426105
vt 0.299459 0.421905
vt 0.324548 0.487436
vt 0.334999 0.461207
vt 0.297469 0.456996
vt 0.335061 0.445936
vt 0.254293 0.421905
vt 0.705889 0.125680
vt 0.165625 0.686672
vt 0.112466 0.680561
vt 0.165625 0.680074
vt 0.146335 0.576221
vt 0.101463 0.576221
vt 0.725743 0.168814
vt 0.673160 0.127147
vt 0.686407 0.088213
vt 0.694024 0.056790
vt 0.701689 0.088118
vt 0.366417 0.434308
vt 0.333597 0.478665
vt 0.343835 0.484024
vt 0.355401 0.476867
vt 0.690608 0.125775
vt 0.079295 0.686672
vt 0.112466 0.686672
vt 0.183175 0.576221
vt 0.146335 0.583708
vt 0.721543 0.086078
vt 0.725743 0.123646
vt 0.660210 0.098573
vt 0.385774 0.453488
vt 0.366381 0.453602
vt 0.047652 0.679729
vt 0.059708 0.686672
vt 0.047032 0.688775
vt 0.366232 0.468901
vt 0.034874 0.687519
vt 0.079295 0.680272
vt 0.211432 0.576221
vt 0.183175 0.583708
vt 0.713339 0.056685
vt 0.670355 0.068295
vt 0.668959 0.089585
vt 0.663622 0.079278
vt 0.773921 0.239320
vt 0.770391 0.234140
vt 0.774385 0.234140
vt 0.364456 0.412487
vt 0.362260 0.407145
vt 0.365790 0.407145
vt 0.678742 0.056892
vt 0.694173 0.037294
vt 0.233483 0.579328
vt 0.211432 0.583708
vt 0.009342 0.684091
vt 0.034874 0.679729
vt 0.060704 0.970873
vt 0.067164 0.956301
vt 0.064200 0.972846
vt 0.060704 0.953496
vt 0.069215 0.945971
vt 0.073603 0.967449
vt 0.079311 0.951848
vt 0.079773 0.959916
vt 0.328822 0.507825
vt 0.127523 0.945076
vt 0.142382 0.966003
vt 0.130717 0.971673
vt 0.146903 0.941618
vt 0.139188 0.939406
vt 0.150366 0.971909
vt 0.155655 0.956034
vt 0.137858 0.984766
vt 0.129853 0.972120
vt 0.182895 0.686250
vt 0.182895 0.680409
vt 0.225961 0.903487
vt 0.213136 0.894971
vt 0.235825 0.943980
vt 0.223464 0.949498
vt 0.237412 0.916440
vt 0.132307 0.459183
vt 0.924227 0.552182
vt 0.931796 0.593725
vt 0.924227 0.607056
vt 0.933737 0.555483
vt 0.941154 0.577448
vt 0.335640 0.792019
vt 0.302059 0.804568
vt 0.303429 0.787120
vt 0.398718 0.480407
vt 0.399570 0.471540
vt 0.399602 0.471540
vt 0.444178 0.239829
vt 0.435622 0.267566
vt 0.435098 0.238685
vt 0.334424 0.829477
vt 0.301965 0.819849
vt 0.334498 0.817554
vt 0.614436 0.161176
vt 0.617451 0.193758
vt 0.614488 0.193758
vt 0.147982 0.889046
vt 0.158465 0.895427
vt 0.149641 0.897861
vt 0.395704 0.509771
vt 0.397745 0.480372
vt 0.422042 0.237584
vt 0.428076 0.265550
vt 0.421894 0.267987
vt 0.443308 0.269619
vt 0.442202 0.293734
vt 0.972113 0.912502
vt 0.967005 0.889178
vt 0.972846 0.889147
vt 0.361808 0.798593
vt 0.334571 0.805632
vt 0.428585 0.294845
vt 0.416666 0.294878
vt 0.358931 0.818504
vt 0.361388 0.812320
vt 0.618307 0.219336
vt 0.612466 0.219336
vt 0.428239 0.237556
vt 0.437028 0.229698
vt 0.727226 0.020889
vt 0.727657 0.031131
vt 0.727689 0.031128
vt 0.151491 0.910832
vt 0.160632 0.905017
vt 0.161081 0.913771
vt 0.415846 0.237601
vt 0.418564 0.228140
vt 0.180558 0.931684
vt 0.192623 0.919088
vt 0.188274 0.933932
vt 0.161531 0.922526
vt 0.180099 0.916321
vt 0.179481 0.904272
vt 0.176498 0.891074
vt 0.187879 0.902886
vt 0.173459 0.877628
vt 0.192623 0.883744
vt 0.427330 0.228082
vt 0.151809 0.917023
vt 0.363844 0.806136
vt 0.415712 0.270423
vt 0.404748 0.294912
vt 0.618730 0.254200
vt 0.611243 0.254200
vt 0.156257 0.885657
vt 0.446909 0.231339
vt 0.359701 0.790919
vt 0.336730 0.778152
vt 0.151173 0.904642
vt 0.447105 0.325945
vt 0.466966 0.366402
vt 0.450160 0.370902
vt 0.429652 0.327368
vt 0.432707 0.372326
vt 0.417431 0.372369
vt 0.414376 0.327411
vt 0.262940 0.767258
vt 0.317697 0.770616
vt 0.397583 0.329182
vt 0.463611 0.311636
vt 0.459183 0.517458
vt 0.444864 0.499735
vt 0.457689 0.491217
vt 0.401783 0.411918
vt 0.397583 0.374350
vt 0.463115 0.399436
vt 0.454360 0.408471
vt 0.436910 0.409866
vt 0.421631 0.409937
vt 0.257008 0.816794
vt 0.257103 0.801513
vt 0.230910 0.877350
vt 0.284069 0.871239
vt 0.284069 0.877350
vt 0.611243 0.299072
vt 0.300142 0.836647
vt 0.258473 0.784065
vt 0.219544 0.797310
vt 0.188121 0.804929
vt 0.188224 0.789645
vt 0.409986 0.441311
vt 0.459703 0.418725
vt 0.452553 0.430285
vt 0.444582 0.441121
vt 0.219450 0.812592
vt 0.317240 0.877350
vt 0.618730 0.299072
vt 0.611243 0.335912
vt 0.217409 0.832448
vt 0.220915 0.779862
vt 0.229904 0.771111
vt 0.429155 0.460678
vt 0.423517 0.465020
vt 0.336827 0.877350
vt 0.348882 0.870407
vt 0.349503 0.879453
vt 0.429296 0.441259
vt 0.361661 0.878196
vt 0.361661 0.870407
vt 0.317240 0.870950
vt 0.618730 0.335912
vt 0.611243 0.364169
vt 0.188018 0.824244
vt 0.199626 0.781258
vt 0.210608 0.774526
vt 0.566557 0.595382
vt 0.570088 0.590202
vt 0.570088 0.595382
vt 0.264363 0.402758
vt 0.266560 0.397417
vt 0.266560 0.402758
vt 0.168629 0.805075
vt 0.164330 0.800565
vt 0.614350 0.386220
vt 0.612154 0.386220
vt 0.387193 0.874769
vt 0.105067 0.821054
vt 0.098607 0.806483
vt 0.105067 0.803677
vt 0.096555 0.796153
vt 0.103376 0.790873
vt 0.092167 0.817631
vt 0.085996 0.810098
vt 0.086459 0.802030
vt 0.096577 0.795999
vt 0.381356 0.410541
vt 0.984520 0.662939
vt 0.969658 0.683878
vt 0.972854 0.657270
vt 0.965140 0.659484
vt 0.961675 0.689785
vt 0.956384 0.673910
vt 0.974185 0.702642
vt 0.982188 0.689994
vt 0.984520 0.710177
vt 0.230910 0.870752
vt 0.213640 0.876928
vt 0.213640 0.871087
vt 0.446358 0.479326
vt 0.459183 0.470808
vt 0.436493 0.519820
vt 0.431051 0.503047
vt 0.434906 0.492279
vt 0.389138 0.272397
vt 0.941715 0.083270
vt 0.934145 0.124813
vt 0.932205 0.086571
vt 0.924788 0.108537
vt 0.924227 0.097487
vt 0.708765 0.278078
vt 0.696221 0.311658
vt 0.695152 0.279149
vt 0.425038 0.180771
vt 0.424186 0.171904
vt 0.426011 0.180735
vt 0.475626 0.047729
vt 0.467056 0.019981
vt 0.476138 0.018838
vt 0.680940 0.311753
vt 0.671307 0.279297
vt 0.683230 0.279223
vt 0.593161 0.372284
vt 0.590146 0.404866
vt 0.593625 0.372284
vt 0.711366 0.883754
vt 0.721852 0.877377
vt 0.720192 0.886193
vt 0.428052 0.210135
vt 0.489194 0.017736
vt 0.483178 0.045720
vt 0.483000 0.017712
vt 0.469055 0.073906
vt 0.467933 0.049777
vt 0.864615 0.970873
vt 0.869724 0.947549
vt 0.869724 0.970900
vt 0.702184 0.251917
vt 0.694641 0.249881
vt 0.489353 0.048149
vt 0.482685 0.075028
vt 0.682273 0.254795
vt 0.688457 0.252338
vt 0.593109 0.404866
vt 0.589290 0.430443
vt 0.474199 0.009844
vt 0.712123 0.009215
vt 0.711692 0.019457
vt 0.711660 0.009176
vt 0.718342 0.899164
vt 0.709198 0.893344
vt 0.718660 0.892973
vt 0.492664 0.008285
vt 0.495383 0.017747
vt 0.689271 0.920010
vt 0.677205 0.907414
vt 0.689730 0.904648
vt 0.708299 0.910853
vt 0.708749 0.902099
vt 0.690349 0.892599
vt 0.681950 0.891211
vt 0.693332 0.879400
vt 0.677205 0.872068
vt 0.696370 0.865954
vt 0.483897 0.008227
vt 0.718024 0.905354
vt 0.495529 0.050579
vt 0.494590 0.075049
vt 0.595131 0.430443
vt 0.588868 0.465307
vt 0.713574 0.873985
vt 0.709866 0.254016
vt 0.464157 0.106120
vt 0.444280 0.146561
vt 0.447635 0.091797
vt 0.481627 0.107558
vt 0.461102 0.151076
vt 0.493831 0.152541
vt 0.496886 0.107585
vt 0.733526 0.350781
vt 0.713669 0.310286
vt 0.730170 0.296020
vt 0.722633 0.276988
vt 0.506496 0.075069
vt 0.455171 0.072763
vt 0.274150 0.923895
vt 0.259833 0.941620
vt 0.261325 0.915378
vt 0.509463 0.192072
vt 0.513663 0.154505
vt 0.448131 0.179594
vt 0.474360 0.190045
vt 0.478572 0.152515
vt 0.489631 0.190107
vt 0.513663 0.109339
vt 0.683995 0.356711
vt 0.493579 0.868618
vt 0.546738 0.874730
vt 0.493579 0.875217
vt 0.596354 0.510179
vt 0.596354 0.465307
vt 0.664141 0.313577
vt 0.716724 0.355244
vt 0.703476 0.394178
vt 0.695860 0.425601
vt 0.688195 0.394273
vt 0.501259 0.221463
vt 0.456902 0.188643
vt 0.451543 0.198881
vt 0.458700 0.210448
vt 0.699276 0.356616
vt 0.579909 0.868618
vt 0.546738 0.868618
vt 0.596354 0.547019
vt 0.588868 0.510179
vt 0.668341 0.396313
vt 0.664141 0.358745
vt 0.729674 0.383818
vt 0.482079 0.240820
vt 0.481966 0.221428
vt 0.611551 0.875561
vt 0.599495 0.868618
vt 0.612171 0.866515
vt 0.466667 0.221278
vt 0.624330 0.867772
vt 0.579909 0.875018
vt 0.596354 0.575277
vt 0.588868 0.547019
vt 0.676544 0.425706
vt 0.719529 0.414097
vt 0.720925 0.392806
vt 0.726261 0.403113
vt 0.013156 0.562305
vt 0.009625 0.557125
vt 0.013620 0.557125
vt 0.343054 0.404704
vt 0.340857 0.399362
vt 0.344387 0.399362
vt 0.711142 0.425500
vt 0.695711 0.445097
vt 0.593247 0.597327
vt 0.588868 0.575277
vt 0.649861 0.871199
vt 0.624330 0.875561
vt 0.580203 0.760738
vt 0.586664 0.746167
vt 0.583699 0.762711
vt 0.580203 0.743361
vt 0.588715 0.735837
vt 0.593103 0.757314
vt 0.598810 0.741713
vt 0.599273 0.749781
vt 0.097285 0.007783
vt 0.960279 0.388608
vt 0.975138 0.409535
vt 0.963473 0.415205
vt 0.979659 0.385151
vt 0.971944 0.382938
vt 0.983122 0.415441
vt 0.988411 0.399566
vt 0.970614 0.428298
vt 0.962609 0.415652
vt 0.476308 0.869040
vt 0.476308 0.874881
vt 0.272658 0.903487
vt 0.259833 0.894971
vt 0.282522 0.943980
vt 0.270161 0.949498
vt 0.284109 0.916440
vt 0.145927 0.087556
vt 0.542871 0.544399
vt 0.550441 0.585942
vt 0.542871 0.599273
vt 0.552381 0.547700
vt 0.559798 0.569665
vt 0.759354 0.757864
vt 0.746796 0.724287
vt 0.764243 0.725657
vt 0.009728 0.710177
vt 0.009500 0.702118
vt 0.009531 0.702114
vt 0.308225 0.106022
vt 0.299645 0.133749
vt 0.299142 0.104877
vt 0.721898 0.756649
vt 0.731516 0.724194
vt 0.733820 0.756722
vt 0.371225 0.274248
vt 0.374240 0.299002
vt 0.371277 0.299002
vt 0.476796 0.908498
vt 0.487284 0.914885
vt 0.478455 0.917313
vt 0.902399 0.620676
vt 0.905414 0.593288
vt 0.903373 0.620608
vt 0.286086 0.103775
vt 0.292088 0.131728
vt 0.285918 0.134169
vt 0.307343 0.135808
vt 0.306209 0.159911
vt 0.900429 0.567216
vt 0.906270 0.567216
vt 0.752796 0.784023
vt 0.745741 0.756795
vt 0.292569 0.161012
vt 0.280674 0.161054
vt 0.732886 0.781146
vt 0.739069 0.783603
vt 0.375096 0.324644
vt 0.369255 0.324644
vt 0.292277 0.103745
vt 0.301086 0.095895
vt 0.592973 0.337302
vt 0.593404 0.348279
vt 0.593436 0.348276
vt 0.480305 0.930283
vt 0.489452 0.924475
vt 0.489901 0.933229
vt 0.279902 0.103797
vt 0.282622 0.094337
vt 0.509379 0.951140
vt 0.521445 0.938546
vt 0.517096 0.953389
vt 0.490351 0.941983
vt 0.508920 0.935779
vt 0.508302 0.923731
vt 0.505319 0.910533
vt 0.516701 0.922345
vt 0.502280 0.897088
vt 0.521445 0.903204
vt 0.291390 0.094280
vt 0.480623 0.936473
vt 0.745253 0.786059
vt 0.279747 0.136611
vt 0.268779 0.161097
vt 0.375518 0.355148
vt 0.368032 0.355148
vt 0.485076 0.905117
vt 0.310967 0.097538
vt 0.760453 0.781927
vt 0.773220 0.758953
vt 0.479987 0.924094
vt 0.311103 0.192119
vt 0.330993 0.232591
vt 0.314159 0.237078
vt 0.293622 0.193529
vt 0.296677 0.238489
vt 0.281431 0.238543
vt 0.278375 0.193584
vt 0.784114 0.685157
vt 0.780753 0.739920
vt 0.261611 0.195367
vt 0.327637 0.177823
vt 0.322985 0.385151
vt 0.308667 0.367427
vt 0.321492 0.358909
vt 0.265812 0.278106
vt 0.261612 0.240536
vt 0.327142 0.265626
vt 0.318359 0.274647
vt 0.300896 0.276037
vt 0.285631 0.276113
vt 0.734571 0.679234
vt 0.749851 0.679328
vt 0.906692 0.546748
vt 0.900581 0.494645
vt 0.906692 0.494645
vt 0.368032 0.389138
vt 0.714719 0.722372
vt 0.767298 0.680698
vt 0.754057 0.641763
vt 0.746435 0.610342
vt 0.761722 0.610441
vt 0.274016 0.307500
vt 0.323730 0.284914
vt 0.316568 0.296469
vt 0.308605 0.307308
vt 0.738777 0.641670
vt 0.906692 0.465397
vt 0.008079 0.338550
vt 0.015566 0.309237
vt 0.015566 0.338550
vt 0.718918 0.639633
vt 0.771504 0.643134
vt 0.780259 0.652120
vt 0.293204 0.326876
vt 0.287575 0.331222
vt 0.421109 0.664982
vt 0.428052 0.677486
vt 0.419007 0.678169
vt 0.293297 0.307435
vt 0.420263 0.691463
vt 0.428052 0.691463
vt 0.900292 0.465397
vt 0.906692 0.448752
vt 0.008079 0.309237
vt 0.015566 0.282794
vt 0.727121 0.610239
vt 0.770109 0.621843
vt 0.776841 0.632826
vt 0.010089 0.015566
vt 0.013620 0.009335
vt 0.013620 0.015566
vt 0.663230 0.451400
vt 0.665426 0.444324
vt 0.665426 0.451400
vt 0.746296 0.590843
vt 0.750806 0.586544
vt 0.012458 0.256497
vt 0.014655 0.256497
vt 0.423691 0.716015
vt 0.114796 0.464992
vt 0.108335 0.450421
vt 0.114796 0.447615
vt 0.106284 0.440092
vt 0.113104 0.434810
vt 0.101896 0.461570
vt 0.095725 0.454037
vt 0.096188 0.445969
vt 0.106306 0.439937
vt 0.171221 0.147873
vt 0.940829 0.204461
vt 0.955683 0.183526
vt 0.952493 0.210135
vt 0.960208 0.207924
vt 0.963668 0.177622
vt 0.968954 0.193499
vt 0.951162 0.164760
vt 0.943156 0.177406
vt 0.940829 0.157221
vt 0.900094 0.546748
vt 0.310160 0.347016
vt 0.322985 0.338498
vt 0.300296 0.387513
vt 0.294855 0.370739
vt 0.298708 0.359970
vt 0.007783 0.231537
vt 0.766602 0.277838
vt 0.759033 0.319382
vt 0.757093 0.281140
vt 0.749676 0.303106
vt 0.749115 0.292056
vt 0.524383 0.776864
vt 0.490806 0.764312
vt 0.523313 0.763251
vt 0.621639 0.731580
vt 0.621868 0.723521
vt 0.622621 0.731580
vt 0.206375 0.133755
vt 0.197776 0.106026
vt 0.206860 0.104881
vt 0.490712 0.749031
vt 0.523166 0.739407
vt 0.523240 0.751329
vt 0.347031 0.266465
vt 0.344016 0.291220
vt 0.347495 0.266465
vt 0.935117 0.360363
vt 0.945606 0.353980
vt 0.943947 0.362795
vt 0.901028 0.153562
vt 0.904042 0.180949
vt 0.903069 0.180882
vt 0.219915 0.103778
vt 0.213940 0.131736
vt 0.213729 0.103749
vt 0.199825 0.159920
vt 0.198669 0.135813
vt 0.906013 0.127489
vt 0.906137 0.153562
vt 0.550540 0.770296
vt 0.552576 0.762753
vt 0.220101 0.134175
vt 0.213481 0.161022
vt 0.547663 0.750385
vt 0.550120 0.756569
vt 0.346979 0.291220
vt 0.343160 0.316861
vt 0.204905 0.095897
vt 0.614838 0.125222
vt 0.614407 0.136198
vt 0.614376 0.125186
vt 0.942097 0.375766
vt 0.932950 0.369953
vt 0.942414 0.369576
vt 0.223368 0.094337
vt 0.226090 0.103798
vt 0.913022 0.396619
vt 0.900956 0.384023
vt 0.913481 0.381257
vt 0.932050 0.387462
vt 0.932500 0.378707
vt 0.914099 0.369208
vt 0.905700 0.367821
vt 0.917083 0.356009
vt 0.900956 0.348679
vt 0.920122 0.342564
vt 0.214600 0.094281
vt 0.941778 0.381956
vt 0.226263 0.136614
vt 0.225358 0.161061
vt 0.349001 0.316861
vt 0.342738 0.347366
vt 0.937325 0.350594
vt 0.548447 0.777964
vt 0.194939 0.192129
vt 0.175028 0.232598
vt 0.178382 0.177830
vt 0.212441 0.193542
vt 0.191884 0.237088
vt 0.224611 0.238551
vt 0.227665 0.193591
vt 0.451677 0.801625
vt 0.492177 0.781760
vt 0.506441 0.798266
vt 0.525473 0.790731
vt 0.237236 0.161100
vt 0.185914 0.158797
vt 0.073745 0.297382
vt 0.059429 0.315106
vt 0.060920 0.288864
vt 0.240207 0.278108
vt 0.244406 0.240538
vt 0.178880 0.265633
vt 0.205158 0.276047
vt 0.209387 0.238501
vt 0.220412 0.276120
vt 0.244406 0.195369
vt 0.445753 0.752086
vt 0.899749 0.107022
vt 0.905861 0.054918
vt 0.906348 0.107022
vt 0.350224 0.381356
vt 0.350224 0.347366
vt 0.488889 0.732233
vt 0.447218 0.784815
vt 0.408282 0.771571
vt 0.376860 0.763952
vt 0.408188 0.756290
vt 0.232005 0.307502
vt 0.187685 0.274658
vt 0.182292 0.284921
vt 0.189464 0.296477
vt 0.445847 0.767367
vt 0.899749 0.025671
vt 0.899749 0.054918
vt 0.033373 0.320912
vt 0.040860 0.350224
vt 0.033373 0.350224
vt 0.406150 0.736433
vt 0.443720 0.732233
vt 0.418639 0.797772
vt 0.212803 0.326878
vt 0.212747 0.307443
vt 0.963800 0.241651
vt 0.970743 0.229147
vt 0.972846 0.242334
vt 0.197421 0.307314
vt 0.971590 0.255628
vt 0.899749 0.009026
vt 0.906150 0.025671
vt 0.033373 0.294468
vt 0.040860 0.320912
vt 0.376757 0.744637
vt 0.388363 0.787624
vt 0.409653 0.789019
vt 0.399346 0.794356
vt 0.081255 0.015566
vt 0.077725 0.009335
vt 0.081719 0.009335
vt 0.315814 0.620676
vt 0.313618 0.613600
vt 0.317148 0.613600
vt 0.376960 0.779237
vt 0.357361 0.763808
vt 0.036480 0.268171
vt 0.040860 0.294468
vt 0.968162 0.280180
vt 0.963800 0.255628
vt 0.251381 0.624539
vt 0.257842 0.609969
vt 0.254877 0.626513
vt 0.251381 0.607162
vt 0.259894 0.599639
vt 0.264281 0.621117
vt 0.269988 0.605517
vt 0.270451 0.613585
vt 0.287962 0.007783
vt 0.957280 0.869885
vt 0.942432 0.848959
vt 0.954094 0.843282
vt 0.937902 0.873352
vt 0.945618 0.875561
vt 0.934446 0.843057
vt 0.929163 0.858934
vt 0.946949 0.830192
vt 0.954958 0.842835
vt 0.900171 0.127489
vt 0.072253 0.276970
vt 0.059429 0.268452
vt 0.082117 0.317468
vt 0.069757 0.322985
vt 0.083704 0.289924
vt 0.250994 0.297691
vt 0.426131 0.009333
vt 0.433700 0.050877
vt 0.426131 0.064208
vt 0.435640 0.012634
vt 0.443057 0.034600
vt 0.815377 0.225551
vt 0.827916 0.259135
vt 0.810468 0.257762
vt 0.526019 0.849563
vt 0.533119 0.850415
vt 0.533119 0.850447
vt 0.111253 0.319478
vt 0.119787 0.291743
vt 0.120331 0.320621
vt 0.852835 0.226772
vt 0.843197 0.259231
vt 0.840912 0.226697
vt 0.250498 0.642776
vt 0.280661 0.639761
vt 0.280661 0.642724
vt 0.768659 0.885166
vt 0.779141 0.891538
vt 0.770318 0.893981
vt 0.498021 0.846549
vt 0.525961 0.848590
vt 0.133387 0.321722
vt 0.127322 0.293760
vt 0.133514 0.291322
vt 0.112111 0.289689
vt 0.113191 0.265578
vt 0.472176 0.851533
vt 0.472176 0.845692
vt 0.821967 0.199384
vt 0.828990 0.226622
vt 0.126788 0.264469
vt 0.138726 0.264432
vt 0.841878 0.202263
vt 0.835694 0.199805
vt 0.298967 0.638905
vt 0.298967 0.644746
vt 0.127185 0.321751
vt 0.118413 0.329607
vt 0.375518 0.500006
vt 0.375088 0.489166
vt 0.375056 0.489168
vt 0.772168 0.906952
vt 0.781308 0.901129
vt 0.781758 0.909883
vt 0.139594 0.321702
vt 0.136878 0.331164
vt 0.801234 0.927793
vt 0.813299 0.915196
vt 0.808950 0.930041
vt 0.782207 0.918638
vt 0.800775 0.912431
vt 0.800156 0.900382
vt 0.797174 0.887183
vt 0.808555 0.898994
vt 0.794135 0.873738
vt 0.813299 0.879851
vt 0.128113 0.331222
vt 0.772486 0.913142
vt 0.829510 0.197348
vt 0.139706 0.288883
vt 0.150665 0.264394
vt 0.327768 0.638483
vt 0.327768 0.645970
vt 0.776933 0.881769
vt 0.108533 0.327966
vt 0.814276 0.201490
vt 0.801509 0.224460
vt 0.771850 0.900762
vt 0.108279 0.233369
vt 0.088445 0.192908
vt 0.105223 0.188411
vt 0.125706 0.231948
vt 0.122651 0.186990
vt 0.137953 0.186942
vt 0.141008 0.231900
vt 0.790617 0.298248
vt 0.793971 0.243492
vt 0.157827 0.230123
vt 0.091800 0.247675
vt 0.913581 0.778324
vt 0.927902 0.796046
vt 0.915077 0.804565
vt 0.153627 0.147387
vt 0.157827 0.184955
vt 0.092295 0.159873
vt 0.101023 0.150842
vt 0.118461 0.149447
vt 0.133752 0.149373
vt 0.840142 0.304186
vt 0.824861 0.304090
vt 0.451736 0.845270
vt 0.398753 0.851381
vt 0.398753 0.845270
vt 0.369397 0.645970
vt 0.859996 0.261055
vt 0.807413 0.302717
vt 0.820663 0.341648
vt 0.828277 0.373072
vt 0.812997 0.372967
vt 0.145423 0.117994
vt 0.095707 0.140585
vt 0.102844 0.129025
vt 0.110822 0.118188
vt 0.835944 0.341744
vt 0.368666 0.845270
vt 0.369397 0.638483
vt 0.405652 0.645970
vt 0.855796 0.343787
vt 0.803215 0.340275
vt 0.794468 0.331285
vt 0.126271 0.098626
vt 0.131917 0.094282
vt 0.570927 0.009385
vt 0.577870 0.019408
vt 0.568825 0.019984
vt 0.126086 0.118052
vt 0.570081 0.031131
vt 0.577870 0.031131
vt 0.368666 0.851671
vt 0.351470 0.845270
vt 0.405652 0.638483
vt 0.435926 0.645970
vt 0.847592 0.373178
vt 0.804610 0.361564
vt 0.797878 0.350581
vt 0.326412 0.074061
vt 0.322882 0.079773
vt 0.322882 0.074061
vt 0.744949 0.015566
vt 0.747146 0.008792
vt 0.747146 0.015566
vt 0.828430 0.392563
vt 0.823920 0.396862
vt 0.463075 0.642862
vt 0.463075 0.645059
vt 0.663481 0.008064
vt 0.659119 0.027240
vt 0.655692 0.008064
vt 0.027240 0.978655
vt 0.020779 0.964085
vt 0.027240 0.961279
vt 0.018727 0.953755
vt 0.025548 0.948475
vt 0.014339 0.975232
vt 0.008168 0.967699
vt 0.008631 0.959632
vt 0.018750 0.953601
vt 0.303528 0.007783
vt 0.268505 0.330219
vt 0.253638 0.351168
vt 0.256839 0.324553
vt 0.249125 0.326769
vt 0.245657 0.357077
vt 0.240362 0.341204
vt 0.258169 0.369931
vt 0.266169 0.357281
vt 0.268505 0.377464
vt 0.451736 0.851868
vt 0.926407 0.816454
vt 0.913581 0.824973
vt 0.936272 0.775960
vt 0.941715 0.792733
vt 0.937858 0.803500
vt 0.321039 0.007783
vt 0.924227 0.064208
vt 0.931797 0.022664
vt 0.933737 0.060906
vt 0.941154 0.038941
vt 0.941715 0.049990
vt 0.229433 0.688909
vt 0.263013 0.701446
vt 0.230504 0.702522
vt 0.853455 0.578553
vt 0.854307 0.585653
vt 0.852481 0.578495
vt 0.559286 0.091510
vt 0.550747 0.063758
vt 0.559825 0.062617
vt 0.263109 0.716727
vt 0.230654 0.726367
vt 0.230579 0.714444
vt 0.008259 0.655296
vt 0.038423 0.658311
vt 0.008259 0.654832
vt 0.892314 0.891539
vt 0.902801 0.885168
vt 0.901142 0.893983
vt 0.850440 0.550555
vt 0.572881 0.061516
vt 0.566824 0.089502
vt 0.566680 0.061492
vt 0.552694 0.117686
vt 0.551608 0.093555
vt 0.855425 0.524709
vt 0.855549 0.550555
vt 0.203274 0.695502
vt 0.201238 0.703045
vt 0.573014 0.091931
vt 0.566296 0.118811
vt 0.206153 0.715413
vt 0.203696 0.709229
vt 0.038423 0.655348
vt 0.056729 0.659167
vt 0.557904 0.053621
vt 0.548222 0.348242
vt 0.548653 0.337402
vt 0.548685 0.348279
vt 0.899291 0.906954
vt 0.890147 0.901129
vt 0.899609 0.900764
vt 0.576369 0.052064
vt 0.579085 0.061527
vt 0.870220 0.927793
vt 0.858154 0.915196
vt 0.870679 0.912431
vt 0.889248 0.918638
vt 0.889697 0.909883
vt 0.871297 0.900382
vt 0.862898 0.898994
vt 0.874280 0.887183
vt 0.858154 0.879851
vt 0.877319 0.873738
vt 0.567604 0.052005
vt 0.898974 0.913144
vt 0.579204 0.094361
vt 0.578230 0.118832
vt 0.056729 0.653326
vt 0.085529 0.659589
vt 0.894522 0.881770
vt 0.205370 0.687807
vt 0.547785 0.149900
vt 0.527944 0.190336
vt 0.531299 0.135573
vt 0.565219 0.151342
vt 0.544730 0.194855
vt 0.577459 0.196324
vt 0.580514 0.151368
vt 0.302135 0.664150
vt 0.261640 0.683998
vt 0.247374 0.667502
vt 0.228342 0.675041
vt 0.590164 0.118852
vt 0.538838 0.116540
vt 0.933232 0.920574
vt 0.947552 0.902852
vt 0.946057 0.929092
vt 0.593127 0.235854
vt 0.597327 0.198289
vt 0.531796 0.223369
vt 0.557971 0.233826
vt 0.562164 0.196298
vt 0.573259 0.233890
vt 0.597327 0.153123
vt 0.308067 0.713672
vt 0.849161 0.504270
vt 0.855273 0.451287
vt 0.855760 0.504270
vt 0.127159 0.652102
vt 0.085529 0.652102
vt 0.264934 0.733526
vt 0.306598 0.680943
vt 0.345534 0.694194
vt 0.376957 0.701807
vt 0.345630 0.709475
vt 0.584924 0.265245
vt 0.540530 0.232422
vt 0.535208 0.242657
vt 0.542348 0.254225
vt 0.307971 0.698391
vt 0.849161 0.421200
vt 0.849161 0.451287
vt 0.163414 0.652102
vt 0.127159 0.659589
vt 0.347671 0.729326
vt 0.310102 0.733526
vt 0.335173 0.667999
vt 0.565768 0.284598
vt 0.565594 0.265209
vt 0.539639 0.019408
vt 0.546582 0.009385
vt 0.548685 0.019984
vt 0.550324 0.265056
vt 0.547429 0.031131
vt 0.849161 0.404004
vt 0.855562 0.421200
vt 0.193688 0.652102
vt 0.163414 0.659589
vt 0.377063 0.721122
vt 0.365451 0.678141
vt 0.344161 0.676746
vt 0.354467 0.671409
vt 0.010090 0.206368
vt 0.013620 0.212080
vt 0.009625 0.212080
vt 0.739975 0.194569
vt 0.737778 0.187795
vt 0.741309 0.187795
vt 0.376855 0.686528
vt 0.396454 0.701961
vt 0.220836 0.655210
vt 0.193688 0.659589
vt 0.603628 0.027240
vt 0.599266 0.008064
vt 0.607056 0.008064
vt 0.965449 0.328795
vt 0.971910 0.314224
vt 0.968945 0.330768
vt 0.965449 0.311419
vt 0.973962 0.303894
vt 0.978349 0.325370
vt 0.984057 0.309770
vt 0.984520 0.317838
vt 0.326876 0.136198
vt 0.960268 0.083129
vt 0.975135 0.104067
vt 0.963469 0.109733
vt 0.979648 0.079680
vt 0.971935 0.077464
vt 0.983117 0.109977
vt 0.988411 0.094104
vt 0.970604 0.122829
vt 0.962605 0.110179
vt 0.849583 0.524709
vt 0.934726 0.940980
vt 0.947552 0.949498
vt 0.924861 0.900489
vt 0.937224 0.894973
vt 0.923275 0.928027
vt 0.083665 0.336605
vt 0.513663 0.293799
vt 0.506093 0.252256
vt 0.513663 0.238926
vt 0.504153 0.290498
vt 0.496736 0.268532
vt 0.825102 0.700301
vt 0.837644 0.733885
vt 0.820196 0.732512
vt 0.826657 0.423863
vt 0.827365 0.416023
vt 0.827397 0.416023
vt 0.030501 0.233866
vt 0.039041 0.206130
vt 0.039579 0.235009
vt 0.862560 0.701521
vt 0.852925 0.733980
vt 0.850638 0.701446
vt 0.636939 0.230564
vt 0.633924 0.198840
vt 0.636887 0.198840
vt 0.649972 0.713941
vt 0.660453 0.720316
vt 0.651631 0.722757
vt 0.824177 0.453097
vt 0.825684 0.423913
vt 0.052635 0.236110
vt 0.046579 0.208145
vt 0.052768 0.205708
vt 0.031361 0.204076
vt 0.032449 0.179963
vt 0.829616 0.477864
vt 0.823776 0.477971
vt 0.831687 0.674133
vt 0.838715 0.701372
vt 0.046051 0.178852
vt 0.057984 0.178817
vt 0.851599 0.677011
vt 0.845415 0.674554
vt 0.633068 0.177851
vt 0.638909 0.177851
vt 0.046434 0.236139
vt 0.037658 0.243996
vt 0.531174 0.284033
vt 0.530743 0.273713
vt 0.530711 0.273715
vt 0.653481 0.735728
vt 0.662621 0.729907
vt 0.663070 0.738661
vt 0.058839 0.236092
vt 0.056123 0.245553
vt 0.682546 0.756572
vt 0.694612 0.743975
vt 0.690263 0.758820
vt 0.663520 0.747416
vt 0.682088 0.741210
vt 0.681469 0.729161
vt 0.678486 0.715962
vt 0.689868 0.727773
vt 0.675448 0.702516
vt 0.694612 0.708630
vt 0.047358 0.245612
vt 0.653799 0.741918
vt 0.839231 0.672097
vt 0.058957 0.203271
vt 0.069918 0.178782
vt 0.632646 0.146437
vt 0.640132 0.146437
vt 0.658246 0.710547
vt 0.027778 0.242355
vt 0.824001 0.676241
vt 0.811235 0.699211
vt 0.653164 0.729538
vt 0.027539 0.147753
vt 0.007697 0.107295
vt 0.024484 0.102795
vt 0.044974 0.146330
vt 0.041918 0.101372
vt 0.057213 0.101327
vt 0.060269 0.146285
vt 0.800342 0.772998
vt 0.803697 0.718243
vt 0.077081 0.144511
vt 0.011053 0.162061
vt 0.387193 0.937727
vt 0.372872 0.920004
vt 0.385698 0.911486
vt 0.072880 0.061775
vt 0.077080 0.099343
vt 0.011548 0.074260
vt 0.020283 0.065227
vt 0.037725 0.063831
vt 0.053013 0.063759
vt 0.849870 0.778935
vt 0.834589 0.778840
vt 0.823721 0.498034
vt 0.830829 0.552419
vt 0.824718 0.552531
vt 0.640132 0.102682
vt 0.869724 0.735804
vt 0.817141 0.777468
vt 0.830390 0.816397
vt 0.838005 0.847821
vt 0.822724 0.847717
vt 0.064676 0.032382
vt 0.014960 0.054972
vt 0.022100 0.043412
vt 0.030076 0.032575
vt 0.845671 0.816493
vt 0.825301 0.584370
vt 0.632646 0.102682
vt 0.640132 0.065246
vt 0.865524 0.818535
vt 0.812942 0.815025
vt 0.804193 0.806035
vt 0.045519 0.013015
vt 0.051163 0.008672
vt 0.825638 0.602756
vt 0.832756 0.612256
vt 0.823721 0.612893
vt 0.045347 0.032438
vt 0.350218 0.509771
vt 0.358007 0.499342
vt 0.358007 0.509771
vt 0.831701 0.584253
vt 0.632646 0.065246
vt 0.640132 0.034735
vt 0.857321 0.847926
vt 0.814337 0.836314
vt 0.807605 0.825331
vt 0.287498 0.399419
vt 0.283968 0.404704
vt 0.283968 0.399419
vt 0.690470 0.015565
vt 0.692666 0.009191
vt 0.692666 0.015565
vt 0.838156 0.867312
vt 0.833646 0.871611
vt 0.637025 0.008358
vt 0.639222 0.008358
vt 0.593436 0.297484
vt 0.589074 0.319093
vt 0.585647 0.297484
vt 0.420269 0.976710
vt 0.413808 0.962139
vt 0.420269 0.959333
vt 0.411757 0.951809
vt 0.418577 0.946529
vt 0.407369 0.973286
vt 0.401198 0.965754
vt 0.401661 0.957686
vt 0.411779 0.951655
vt 0.326876 0.315202
vt 0.976737 0.522845
vt 0.961871 0.543791
vt 0.965071 0.517179
vt 0.957356 0.519394
vt 0.953889 0.549700
vt 0.948596 0.533825
vt 0.966401 0.562554
vt 0.974401 0.549904
vt 0.976737 0.570088
vt 0.830318 0.497913
vt 0.374367 0.899597
vt 0.387193 0.891078
vt 0.364502 0.940090
vt 0.359060 0.923317
vt 0.362916 0.912551
vt 0.348279 0.217917
vt 0.013644 0.828865
vt 0.021213 0.787321
vt 0.023153 0.825563
vt 0.030570 0.803597
vt 0.031131 0.814647
vt 0.484320 0.671395
vt 0.517900 0.683935
vt 0.485391 0.685008
vt 0.198403 0.853169
vt 0.206243 0.852460
vt 0.198353 0.854141
vt 0.457618 0.561233
vt 0.485370 0.552685
vt 0.486511 0.561764
vt 0.517996 0.699216
vt 0.485540 0.708853
vt 0.485466 0.696931
vt 0.641676 0.469885
vt 0.644691 0.438160
vt 0.641212 0.469885
vt 0.442860 0.891538
vt 0.453346 0.885166
vt 0.451687 0.893981
vt 0.169169 0.855648
vt 0.487613 0.574820
vt 0.459626 0.568775
vt 0.487637 0.568621
vt 0.431440 0.554647
vt 0.455573 0.553550
vt 0.144402 0.850209
vt 0.169262 0.850540
vt 0.458160 0.677985
vt 0.456124 0.685528
vt 0.457197 0.574960
vt 0.430315 0.568257
vt 0.461038 0.697896
vt 0.458581 0.691712
vt 0.641729 0.438160
vt 0.645548 0.417171
vt 0.495508 0.559838
vt 0.528765 0.079735
vt 0.529197 0.069415
vt 0.529228 0.079773
vt 0.449836 0.906952
vt 0.440693 0.901128
vt 0.450154 0.900762
vt 0.497065 0.578303
vt 0.487603 0.581020
vt 0.420766 0.927793
vt 0.408700 0.915196
vt 0.421224 0.912431
vt 0.439793 0.918637
vt 0.440243 0.909883
vt 0.421843 0.900382
vt 0.413444 0.898994
vt 0.424826 0.887183
vt 0.408700 0.879851
vt 0.427865 0.873738
vt 0.497124 0.569537
vt 0.449519 0.913142
vt 0.454768 0.581146
vt 0.430296 0.580183
vt 0.639706 0.417171
vt 0.645970 0.385757
vt 0.445068 0.881769
vt 0.460257 0.670294
vt 0.399226 0.549741
vt 0.358790 0.529890
vt 0.413554 0.533245
vt 0.397783 0.567185
vt 0.354271 0.546686
vt 0.352804 0.579415
vt 0.397759 0.582470
vt 0.557022 0.646636
vt 0.516528 0.666487
vt 0.502261 0.649989
vt 0.483229 0.657528
vt 0.430277 0.592108
vt 0.432587 0.540783
vt 0.602972 0.923896
vt 0.588652 0.941619
vt 0.590146 0.915379
vt 0.313275 0.595073
vt 0.350841 0.599273
vt 0.325758 0.533741
vt 0.315300 0.559932
vt 0.352828 0.564130
vt 0.315238 0.575216
vt 0.396006 0.599273
vt 0.562954 0.696161
vt 0.124232 0.856104
vt 0.069847 0.848996
vt 0.124353 0.849507
vt 0.638483 0.342002
vt 0.638483 0.385757
vt 0.519820 0.716015
vt 0.561486 0.663432
vt 0.600420 0.676681
vt 0.631843 0.684296
vt 0.600516 0.691963
vt 0.283884 0.586870
vt 0.316705 0.542486
vt 0.306471 0.537153
vt 0.294902 0.544298
vt 0.562858 0.680880
vt 0.037896 0.854523
vt 0.069735 0.855106
vt 0.638483 0.304566
vt 0.645970 0.342002
vt 0.602557 0.711815
vt 0.564988 0.716015
vt 0.590060 0.650486
vt 0.264532 0.567707
vt 0.283918 0.567550
vt 0.010010 0.847069
vt 0.019510 0.854187
vt 0.009373 0.856104
vt 0.284072 0.552272
vt 0.312564 0.519058
vt 0.304196 0.509088
vt 0.313256 0.509088
vt 0.038013 0.848124
vt 0.638483 0.274055
vt 0.645970 0.304566
vt 0.631949 0.703611
vt 0.620338 0.660629
vt 0.599048 0.659233
vt 0.609354 0.653897
vt 0.426468 0.082271
vt 0.429998 0.087556
vt 0.426003 0.087556
vt 0.662147 0.254886
vt 0.659951 0.248511
vt 0.663481 0.248511
vt 0.631741 0.669016
vt 0.651340 0.684449
vt 0.641590 0.247679
vt 0.645970 0.274055
vt 0.521909 0.591490
vt 0.517547 0.569881
vt 0.525337 0.569881
vt 0.173553 0.980601
vt 0.180013 0.966030
vt 0.177049 0.982574
vt 0.173553 0.963225
vt 0.182065 0.955701
vt 0.186453 0.977177
vt 0.192161 0.961576
vt 0.192623 0.969644
vt 0.284071 0.350224
vt 0.670363 0.945073
vt 0.685228 0.966007
vt 0.673562 0.971674
vt 0.689743 0.941622
vt 0.682029 0.939407
vt 0.693210 0.971916
vt 0.698503 0.956043
vt 0.680699 0.984770
vt 0.672698 0.972121
vt 0.144295 0.856050
vt 0.601478 0.903490
vt 0.588652 0.894973
vt 0.611343 0.943981
vt 0.598980 0.949498
vt 0.612929 0.916443
vt 0.426106 0.107013
vt 0.749091 0.949498
vt 0.741522 0.907954
vt 0.749091 0.894624
vt 0.739582 0.946196
vt 0.732164 0.924230
vt 0.697539 0.803693
vt 0.663957 0.816242
vt 0.665328 0.798794
vt 0.097136 0.071812
vt 0.097988 0.062945
vt 0.098020 0.062945
vt 0.319471 0.054292
vt 0.291734 0.045735
vt 0.320615 0.045211
vt 0.696323 0.841151
vt 0.663863 0.831523
vt 0.696396 0.829228
vt 0.376175 0.619428
vt 0.408757 0.616413
vt 0.408757 0.619376
vt 0.900965 0.281990
vt 0.911447 0.288371
vt 0.902624 0.290806
vt 0.094121 0.101176
vt 0.096163 0.071776
vt 0.321716 0.032155
vt 0.293750 0.038190
vt 0.291313 0.032008
vt 0.289681 0.053422
vt 0.265566 0.052316
vt 0.271664 0.531147
vt 0.266556 0.507823
vt 0.272397 0.507792
vt 0.723707 0.810267
vt 0.696470 0.817306
vt 0.264455 0.038699
vt 0.264422 0.026781
vt 0.720830 0.830178
vt 0.723286 0.823994
vt 0.434334 0.615557
vt 0.434334 0.621398
vt 0.321744 0.038352
vt 0.329602 0.047142
vt 0.729172 0.536497
vt 0.729603 0.546739
vt 0.729634 0.546737
vt 0.904474 0.303777
vt 0.913615 0.297961
vt 0.914064 0.306716
vt 0.321699 0.025959
vt 0.331160 0.028677
vt 0.933540 0.324628
vt 0.945606 0.312033
vt 0.941257 0.326876
vt 0.914514 0.315470
vt 0.933082 0.309266
vt 0.932463 0.297217
vt 0.929480 0.284018
vt 0.940862 0.295830
vt 0.926442 0.270572
vt 0.945606 0.276688
vt 0.331218 0.037443
vt 0.904792 0.309967
vt 0.725743 0.817810
vt 0.288877 0.025826
vt 0.264388 0.014862
vt 0.469199 0.615134
vt 0.469199 0.622621
vt 0.909239 0.278602
vt 0.327961 0.057022
vt 0.721600 0.802593
vt 0.698629 0.789826
vt 0.904156 0.297587
vt 0.233356 0.057220
vt 0.192899 0.077081
vt 0.188398 0.060275
vt 0.231932 0.039766
vt 0.186974 0.042822
vt 0.186931 0.027546
vt 0.231889 0.024490
vt 0.624839 0.778933
vt 0.679596 0.782290
vt 0.230118 0.007697
vt 0.247665 0.073725
vt 0.941715 0.743158
vt 0.927396 0.725435
vt 0.940221 0.716917
vt 0.147381 0.011898
vt 0.184950 0.007698
vt 0.159864 0.073230
vt 0.150830 0.064476
vt 0.149434 0.047025
vt 0.149363 0.031746
vt 0.618907 0.828468
vt 0.619001 0.813187
vt 0.888075 0.699822
vt 0.894187 0.752981
vt 0.888075 0.752981
vt 0.514071 0.622621
vt 0.662041 0.848322
vt 0.620372 0.795739
vt 0.581443 0.808985
vt 0.550020 0.816603
vt 0.550122 0.801319
vt 0.117989 0.020102
vt 0.140576 0.069818
vt 0.129016 0.062669
vt 0.118180 0.054698
vt 0.581349 0.824266
vt 0.888075 0.786152
vt 0.514071 0.615134
vt 0.550910 0.622621
vt 0.579308 0.844122
vt 0.582814 0.791537
vt 0.591802 0.782785
vt 0.098622 0.039272
vt 0.094280 0.033634
vt 0.888075 0.805739
vt 0.895018 0.817794
vt 0.885973 0.818415
vt 0.118042 0.039412
vt 0.887229 0.830573
vt 0.895018 0.830573
vt 0.894476 0.786152
vt 0.550910 0.615134
vt 0.579168 0.622621
vt 0.549916 0.835918
vt 0.561524 0.792932
vt 0.572507 0.786200
vt 0.344748 0.620676
vt 0.348279 0.615496
vt 0.348279 0.620676
vt 0.295494 0.075882
vt 0.297691 0.070540
vt 0.297691 0.075882
vt 0.530528 0.816749
vt 0.526229 0.812239
vt 0.601219 0.619514
vt 0.601219 0.621710
vt 0.890657 0.856104
vt 0.142035 0.819108
vt 0.135575 0.804537
vt 0.142035 0.801732
vt 0.133523 0.794208
vt 0.140344 0.788927
vt 0.129135 0.815685
vt 0.122965 0.808152
vt 0.123427 0.800084
vt 0.133545 0.794053
vt 0.428052 0.122579
vt 0.984520 0.594840
vt 0.969658 0.615779
vt 0.972854 0.589171
vt 0.965140 0.591385
vt 0.961675 0.621686
vt 0.956384 0.605811
vt 0.974185 0.634543
vt 0.982188 0.621895
vt 0.984520 0.642078
vt 0.894674 0.699822
vt 0.888497 0.682552
vt 0.894339 0.682552
vt 0.928889 0.705026
vt 0.941715 0.696508
vt 0.919025 0.745521
vt 0.913583 0.728747
vt 0.917438 0.717980
vt 0.130361 0.433889
vt 0.941715 0.408200
vt 0.934145 0.449744
vt 0.932205 0.411502
vt 0.924788 0.433467
vt 0.924227 0.422417
vt 0.036813 0.729761
vt 0.070392 0.742305
vt 0.037883 0.743374
vt 0.249925 0.106834
vt 0.249073 0.097967
vt 0.250899 0.106799
vt 0.205654 0.520377
vt 0.233403 0.511807
vt 0.234545 0.520889
vt 0.070487 0.757587
vt 0.038031 0.767219
vt 0.037957 0.755296
vt 0.008439 0.604708
vt 0.041021 0.607723
vt 0.008439 0.604244
vt 0.911772 0.224165
vt 0.922258 0.217788
vt 0.920599 0.226603
vt 0.252940 0.136198
vt 0.235648 0.533945
vt 0.207664 0.527929
vt 0.235672 0.527751
vt 0.179478 0.513806
vt 0.203607 0.512684
vt 0.975520 0.815218
vt 0.980629 0.791894
vt 0.980629 0.815245
vt 0.010651 0.736342
vt 0.008615 0.743885
vt 0.205234 0.534104
vt 0.178355 0.527436
vt 0.013529 0.756253
vt 0.011072 0.750069
vt 0.041021 0.604760
vt 0.066599 0.608579
vt 0.243540 0.518950
vt 0.698503 0.668804
vt 0.698072 0.679046
vt 0.698041 0.668766
vt 0.918748 0.239574
vt 0.909604 0.233755
vt 0.919066 0.233384
vt 0.245099 0.537415
vt 0.235637 0.540134
vt 0.889678 0.260421
vt 0.877611 0.247824
vt 0.890136 0.245058
vt 0.908705 0.251264
vt 0.909155 0.242509
vt 0.890755 0.233009
vt 0.882356 0.231622
vt 0.893738 0.219810
vt 0.877611 0.212479
vt 0.896777 0.206364
vt 0.245157 0.528648
vt 0.918430 0.245764
vt 0.202805 0.540280
vt 0.178335 0.539341
vt 0.066599 0.602738
vt 0.101463 0.609001
vt 0.913980 0.214395
vt 0.012750 0.728660
vt 0.147263 0.508908
vt 0.106822 0.489031
vt 0.161586 0.492386
vt 0.145825 0.526377
vt 0.102308 0.505853
vt 0.100843 0.538582
vt 0.145799 0.541637
vt 0.109515 0.705000
vt 0.069021 0.724857
vt 0.054754 0.708356
vt 0.035722 0.715893
vt 0.178315 0.551247
vt 0.180621 0.499922
vt 0.320847 0.923895
vt 0.306529 0.941620
vt 0.308022 0.915378
vt 0.061312 0.554214
vt 0.098879 0.558413
vt 0.073790 0.492882
vt 0.063339 0.519111
vt 0.100869 0.523323
vt 0.063276 0.534382
vt 0.144045 0.558413
vt 0.115445 0.754532
vt 0.881241 0.507199
vt 0.875130 0.560358
vt 0.874643 0.507199
vt 0.146335 0.601515
vt 0.101463 0.601515
vt 0.072311 0.774385
vt 0.113978 0.721802
vt 0.152912 0.735050
vt 0.184335 0.742666
vt 0.153007 0.750331
vt 0.031920 0.546010
vt 0.064741 0.501653
vt 0.054503 0.496294
vt 0.042936 0.503451
vt 0.115350 0.739250
vt 0.881241 0.593528
vt 0.881241 0.560358
vt 0.183175 0.601515
vt 0.146335 0.609001
vt 0.155047 0.770185
vt 0.117479 0.774385
vt 0.142553 0.708852
vt 0.012563 0.526830
vt 0.031956 0.526717
vt 0.874298 0.625171
vt 0.881241 0.613115
vt 0.883344 0.625792
vt 0.032106 0.511418
vt 0.882088 0.637950
vt 0.874841 0.593528
vt 0.211432 0.601515
vt 0.183175 0.609001
vt 0.184440 0.761982
vt 0.172831 0.718997
vt 0.151540 0.717602
vt 0.161847 0.712265
vt 0.231073 0.751037
vt 0.227543 0.745857
vt 0.231537 0.745857
vt 0.405316 0.013620
vt 0.403119 0.008278
vt 0.406650 0.008278
vt 0.184234 0.727384
vt 0.203832 0.742815
vt 0.233483 0.604622
vt 0.211432 0.609001
vt 0.878660 0.663481
vt 0.874298 0.637950
vt 0.049029 0.819108
vt 0.055490 0.804537
vt 0.052526 0.821082
vt 0.049029 0.801732
vt 0.057541 0.794207
vt 0.061929 0.815685
vt 0.067637 0.800084
vt 0.068099 0.808152
vt 0.428052 0.142035
vt 0.960279 0.731050
vt 0.975138 0.751977
vt 0.963473 0.757647
vt 0.979659 0.727592
vt 0.971944 0.725380
vt 0.983122 0.757883
vt 0.988411 0.742008
vt 0.970614 0.770740
vt 0.962609 0.758094
vt 0.880819 0.489928
vt 0.874978 0.489928
vt 0.319354 0.903487
vt 0.306529 0.894971
vt 0.329219 0.943980
vt 0.316857 0.949498
vt 0.330806 0.916440
vt 0.414432 0.480586
vt 0.634319 0.894624
vt 0.641888 0.936167
vt 0.634319 0.949498
vt 0.643829 0.897925
vt 0.651246 0.919890
vt 0.008439 0.631566
vt 0.079773 0.470857
vt 0.352050 0.190365
vt 0.346329 0.978683
vt 0.710177 0.468359
vt 0.398326 0.254774
vt 0.045959 0.872201
vt 0.927495 0.677101
vt 0.813299 0.117485
vt 0.883344 0.420492
vt 0.374459 0.017985
vt 0.211433 0.626809
vt 0.618627 0.749749
vt 0.181310 0.323480
vt 0.787366 0.208189
vt 0.882977 0.470857
vt 0.973241 0.480586
vt 0.843180 0.967781
vt 0.909725 0.654672
vt 0.801625 0.636241
vt 0.171214 0.092130
vt 0.170003 0.130361
vt 0.963113 0.935844
vt 0.289445 0.618727
vt 0.535479 0.311866
vt 0.747708 0.867778
vt 0.749934 0.806046
vt 0.498369 0.315013
vt 0.521762 0.548685
vt 0.874298 0.132529
vt 0.511621 0.548654
vt 0.328719 0.752983
vt 0.056786 0.346333
vt 0.678818 0.671205
vt 0.668669 0.671264
vt 0.624629 0.628458
vt 0.874665 0.182895
vt 0.768681 0.938745
vt 0.775479 0.943871
vt 0.436888 0.992303
vt 0.570088 0.927206
vt 0.570054 0.927068
vt 0.941715 0.492462
vt 0.567276 0.306130
vt 0.165384 0.319093
vt 0.072739 0.359833
vt 0.472799 0.287962
vt 0.398867 0.666820
vt 0.008331 0.406109
vt 0.110167 0.872201
vt 0.744600 0.258777
vt 0.805516 0.481329
vt 0.856104 0.132529
vt 0.245119 0.382242
vt 0.572033 0.509123
vt 0.752880 0.348936
vt 0.346694 0.008278
vt 0.779583 0.572033
vt 0.855737 0.182895
vt 0.905142 0.967009
vt 0.981324 0.041632
vt 0.726830 0.236349
vt 0.614838 0.103122
vt 0.517547 0.012357
vt 0.516337 0.050588
vt 0.099226 0.951409
vt 0.655235 0.229589
vt 0.153292 0.434138
vt 0.018074 0.478640
vt 0.020299 0.416908
vt 0.156440 0.471248
vt 0.390111 0.447855
vt 0.059708 0.679729
vt 0.390080 0.457996
vt 0.770391 0.239320
vt 0.362260 0.412487
vt 0.689663 0.032995
vt 0.699813 0.032936
vt 0.233483 0.577132
vt 0.009342 0.680096
vt 0.062395 0.940691
vt 0.069193 0.945817
vt 0.127523 0.992303
vt 0.241266 0.927206
vt 0.241232 0.927068
vt 0.941715 0.566399
vt 0.613972 0.161176
vt 0.400812 0.509771
vt 0.456074 0.292603
vt 0.967005 0.912529
vt 0.727689 0.020850
vt 0.409798 0.228194
vt 0.186049 0.872201
vt 0.448855 0.525337
vt 0.254976 0.836647
vt 0.336827 0.870407
vt 0.433665 0.464982
vt 0.618730 0.364169
vt 0.566093 0.590202
vt 0.263029 0.397417
vt 0.164272 0.810714
vt 0.387193 0.870774
vt 0.101571 0.823028
vt 0.981324 0.689547
vt 0.431085 0.502909
vt 0.941715 0.138144
vt 0.424154 0.171904
vt 0.422943 0.210135
vt 0.863883 0.947518
vt 0.711660 0.019454
vt 0.501429 0.008338
vt 0.681554 0.922258
vt 0.683780 0.860526
vt 0.464319 0.011486
vt 0.487713 0.245157
vt 0.599495 0.875561
vt 0.477572 0.245126
vt 0.009625 0.562305
vt 0.340857 0.404704
vt 0.700221 0.449396
vt 0.690071 0.449455
vt 0.595443 0.597327
vt 0.649861 0.875194
vt 0.581895 0.730556
vt 0.588693 0.735682
vt 0.960279 0.435835
vt 0.287962 0.927206
vt 0.287929 0.927068
vt 0.560359 0.558616
vt 0.008746 0.710177
vt 0.370761 0.274248
vt 0.900305 0.593288
vt 0.320103 0.158790
vt 0.593436 0.337267
vt 0.273857 0.094390
vt 0.514870 0.891662
vt 0.312657 0.393030
vt 0.375518 0.389138
vt 0.714719 0.677203
vt 0.428052 0.664982
vt 0.297710 0.331180
vt 0.899749 0.448752
vt 0.008079 0.282794
vt 0.009625 0.009335
vt 0.661896 0.444324
vt 0.740657 0.586486
vt 0.427685 0.716015
vt 0.111300 0.466966
vt 0.944019 0.177853
vt 0.294889 0.370601
vt 0.766602 0.332713
vt 0.621836 0.723517
vt 0.614376 0.136196
vt 0.232133 0.094390
vt 0.905305 0.398867
vt 0.907531 0.337137
vt 0.195025 0.097540
vt 0.342738 0.381356
vt 0.218426 0.331222
vt 0.963800 0.229147
vt 0.208299 0.331182
vt 0.906692 0.009026
vt 0.077725 0.015566
vt 0.313618 0.620676
vt 0.353062 0.768318
vt 0.353004 0.758169
vt 0.034284 0.268171
vt 0.964167 0.280180
vt 0.253073 0.594357
vt 0.259871 0.599484
vt 0.957280 0.822650
vt 0.087556 0.300694
vt 0.087523 0.300556
vt 0.443618 0.023550
vt 0.250498 0.643240
vt 0.498021 0.851657
vt 0.099340 0.266707
vt 0.375056 0.500043
vt 0.145644 0.331109
vt 0.806725 0.868309
vt 0.923909 0.770445
vt 0.859996 0.306221
vt 0.577870 0.009385
vt 0.121759 0.094322
vt 0.351470 0.852213
vt 0.435926 0.638483
vt 0.326876 0.079773
vt 0.743615 0.008792
vt 0.834070 0.396921
vt 0.663114 0.027240
vt 0.023743 0.980629
vt 0.265305 0.356834
vt 0.941681 0.792871
vt 0.924227 0.009333
vt 0.854338 0.585653
vt 0.548685 0.337404
vt 0.585135 0.052119
vt 0.862503 0.930041
vt 0.864728 0.868309
vt 0.548024 0.055262
vt 0.571412 0.288935
vt 0.539639 0.009385
vt 0.561257 0.288904
vt 0.539639 0.031131
vt 0.856104 0.404004
vt 0.013620 0.206368
vt 0.737778 0.194569
vt 0.400753 0.697451
vt 0.400812 0.707601
vt 0.220836 0.653014
vt 0.599634 0.027240
vt 0.967141 0.298614
vt 0.973939 0.303740
vt 0.960268 0.130361
vt 0.919419 0.917262
vt 0.919453 0.917400
vt 0.496175 0.279582
vt 0.637403 0.230564
vt 0.829285 0.453004
vt 0.018592 0.181094
vt 0.530711 0.284071
vt 0.064889 0.245499
vt 0.688037 0.697088
vt 0.376865 0.945606
vt 0.869724 0.780969
vt 0.832580 0.602628
vt 0.041008 0.008711
vt 0.348962 0.499856
vt 0.632646 0.034735
vt 0.287962 0.404704
vt 0.689136 0.009191
vt 0.843796 0.871670
vt 0.593069 0.319093
vt 0.416773 0.978683
vt 0.973538 0.549458
vt 0.359093 0.923179
vt 0.013644 0.773990
vt 0.206243 0.852428
vt 0.529228 0.069418
vt 0.497011 0.587069
vt 0.413049 0.930041
vt 0.415275 0.868309
vt 0.493866 0.549958
vt 0.260195 0.573348
vt 0.019638 0.847245
vt 0.260226 0.563196
vt 0.304787 0.519500
vt 0.429998 0.082271
vt 0.659951 0.254886
vt 0.655639 0.679938
vt 0.655698 0.690088
vt 0.639394 0.247679
vt 0.517915 0.591490
vt 0.175245 0.950420
vt 0.182043 0.955546
vt 0.670363 0.992303
vt 0.616784 0.927207
vt 0.616751 0.927069
vt 0.731604 0.935280
vt 0.376175 0.619892
vt 0.099230 0.101176
vt 0.266698 0.066188
vt 0.266556 0.531174
vt 0.729634 0.536459
vt 0.331106 0.019911
vt 0.939031 0.265145
vt 0.931387 0.751037
vt 0.616875 0.848322
vt 0.895018 0.805739
vt 0.094318 0.043781
vt 0.579168 0.615134
vt 0.344284 0.615496
vt 0.294160 0.070540
vt 0.526171 0.822388
vt 0.894651 0.856104
vt 0.138539 0.821082
vt 0.981324 0.621448
vt 0.913616 0.728609
vt 0.941715 0.463075
vt 0.249042 0.097967
vt 0.247831 0.136198
vt 0.974787 0.791863
vt 0.698041 0.679044
vt 0.245046 0.546180
vt 0.881961 0.262668
vt 0.884186 0.200936
vt 0.241898 0.509070
vt 0.008227 0.532463
vt 0.874298 0.613115
vt 0.008258 0.522323
vt 0.227543 0.751037
vt 0.403119 0.013620
vt 0.208130 0.738305
vt 0.208189 0.748455
vt 0.233483 0.602426
vt 0.874665 0.663481
vt 0.050721 0.788927
vt 0.057519 0.794053
vt 0.960279 0.778277
vt 0.334659 0.927206
vt 0.334625 0.927068
vt 0.651807 0.908841
s 1
usemtl Material.015
f 45/1/1 53/2/2 61/3/1
f 10/4/3 22/5/4 24/6/5
f 8/7/6 43/8/7 44/9/8
f 17/10/9 60/11/10 34/12/11
f 9/13/12 5/14/13 11/15/13
f 10/16/14 47/17/15 41/18/16
f 10/4/17 6/19/18 8/20/19
f 29/21/20 3/22/21 30/23/22
f 6/24/23 46/25/24 43/8/25
f 6/26/26 18/27/26 16/28/26
f 42/29/27 13/30/28 45/1/29
f 30/23/30 14/31/31 33/32/32
f 11/33/33 34/12/34 31/34/35
f 11/15/36 15/35/36 17/36/36
f 4/37/37 48/38/38 44/9/39
f 7/39/40 23/40/41 21/41/42
f 32/42/43 19/43/43 36/44/43
f 7/45/44 35/46/45 29/21/46
f 51/47/47 38/48/47 28/49/47
f 23/50/47 49/51/47 51/47/47
f 36/44/47 52/52/47 49/51/47
f 40/53/47 27/54/47 52/52/47
f 50/55/47 39/56/47 40/53/47
f 19/43/47 40/53/47 52/52/47
f 29/21/48 20/57/49 4/37/50
f 9/58/43 36/44/43 23/50/51
f 49/51/47 27/54/47 38/48/47
f 31/34/35 13/30/28 2/59/52
f 5/60/53 33/32/54 15/61/55
f 7/45/56 30/23/57 5/60/58
f 17/36/59 55/62/59 57/63/60
f 24/64/47 40/53/47 47/17/47
f 8/7/61 48/38/62 22/65/63
f 12/66/64 45/1/65 18/67/66
f 43/8/25 14/31/67 3/22/68
f 1/68/69 47/17/15 19/43/69
f 34/12/11 53/2/2 13/30/70
f 44/9/71 3/22/72 4/37/73
f 62/69/74 66/70/75 72/71/76
f 54/72/77 72/71/76 64/73/77
f 54/72/78 69/74/78 59/75/78
f 61/3/79 68/76/80 58/77/81
f 45/1/82 58/77/83 18/67/84
f 14/31/85 62/69/85 54/72/85
f 33/32/86 54/72/87 59/75/88
f 15/61/89 59/75/88 55/78/90
f 46/25/91 56/79/92 62/69/93
f 12/80/94 118/81/95 18/82/96
f 69/74/97 75/83/97 65/84/97
f 72/71/98 76/85/99 82/86/100
f 72/71/101 74/87/102 64/73/103
f 64/73/104 79/88/105 69/74/106
f 55/78/107 69/74/108 65/84/109
f 53/2/47 70/89/47 63/90/47
f 56/91/110 68/92/110 66/93/110
f 55/62/111 67/94/111 57/63/111
f 57/95/47 70/89/47 60/11/47
f 53/2/47 71/96/47 61/3/47
f 73/97/112 90/98/113 83/99/114
f 79/88/115 85/100/116 75/83/117
f 82/86/118 86/101/119 92/102/120
f 74/87/121 92/102/122 84/103/123
f 63/90/124 80/104/125 73/97/124
f 68/92/126 76/105/126 66/93/126
f 65/106/127 77/107/127 67/94/127
f 70/89/128 77/108/129 80/104/130
f 71/96/131 73/97/124 81/109/131
f 71/96/132 78/110/133 68/76/80
f 85/100/134 97/111/135 95/112/136
f 86/113/137 91/114/138 92/115/139
f 84/103/140 97/111/141 89/116/142
f 84/117/143 91/114/144 83/118/145
f 78/119/146 86/113/146 76/105/146
f 75/120/147 87/121/148 77/107/147
f 80/104/149 87/122/150 90/98/113
f 73/97/47 91/123/47 81/109/47
f 81/109/151 88/124/152 78/110/153
f 74/87/154 89/116/155 79/88/156
f 97/125/157 93/126/157 98/127/157
f 95/128/158 98/129/158 96/130/158
f 83/99/159 98/131/160 93/132/161
f 87/122/162 98/131/160 90/98/163
f 87/121/164 95/133/165 96/134/165
f 83/118/166 94/135/166 84/117/166
f 25/136/167 100/137/168 99/138/168
f 99/138/168 102/139/168 101/140/168
f 100/137/168 103/141/168 104/142/168
f 100/137/168 106/143/168 105/144/168
f 11/145/169 108/145/169 107/145/169
f 107/146/170 110/147/170 109/148/170
f 110/147/171 111/149/172 109/148/173
f 110/147/168 114/150/168 112/151/168
f 113/152/168 115/153/168 116/154/168
f 58/155/174 16/156/174 18/157/174
f 18/82/175 117/158/176 58/159/175
f 118/81/177 121/160/178 120/161/179
f 118/81/180 122/162/181 117/158/176
f 68/163/169 124/163/169 125/163/169
f 125/164/182 126/165/183 127/166/184
f 127/166/184 128/167/185 129/168/186
f 174/169/187 182/170/188 142/171/188
f 139/172/189 151/173/190 137/174/191
f 172/175/192 137/176/193 173/177/194
f 189/178/195 146/179/196 163/180/197
f 138/181/12 134/182/13 136/183/12
f 176/184/198 139/185/199 170/186/200
f 135/187/201 139/172/202 137/174/203
f 158/188/204 132/189/205 133/190/206
f 175/191/207 135/192/208 172/175/209
f 135/193/26 147/194/26 141/195/26
f 171/196/210 142/171/211 131/197/212
f 159/198/213 143/199/214 132/189/215
f 163/180/216 140/200/217 160/201/218
f 140/202/219 144/203/36 134/182/219
f 177/204/220 133/190/221 173/177/222
f 136/205/223 152/206/41 138/207/223
f 161/208/224 148/209/224 130/210/224
f 164/211/225 136/212/226 158/188/227
f 180/213/168 167/214/168 178/215/168
f 152/216/168 178/215/168 165/217/168
f 165/217/168 181/218/168 148/209/168
f 156/219/168 169/220/168 181/218/168
f 168/221/168 179/222/168 169/220/168
f 148/209/168 169/220/168 176/184/168
f 149/223/228 158/188/229 133/190/230
f 138/224/224 165/217/224 161/208/224
f 178/215/168 156/219/168 181/218/168
f 142/171/211 160/201/218 131/197/212
f 134/225/231 162/226/232 159/198/233
f 136/212/234 159/198/235 158/188/236
f 146/227/59 184/228/60 144/203/59
f 169/220/168 153/229/168 176/184/168
f 137/176/237 177/204/238 173/177/239
f 141/230/240 174/169/241 171/196/242
f 143/199/243 172/175/209 132/189/244
f 130/210/245 176/184/198 170/186/200
f 182/170/188 163/180/197 142/171/188
f 132/189/246 173/177/247 133/190/248
f 191/231/249 195/232/250 185/233/251
f 183/234/252 201/235/253 191/231/249
f 198/236/254 183/234/254 188/237/254
f 197/238/255 190/239/256 187/240/257
f 187/240/258 174/169/259 147/241/260
f 143/199/261 191/231/261 175/191/261
f 162/226/262 183/234/263 143/199/263
f 144/242/264 188/237/265 162/226/262
f 175/191/266 185/233/267 145/243/268
f 247/244/269 141/245/270 147/246/271
f 204/247/272 198/236/272 194/248/272
f 201/235/273 205/249/274 195/232/275
f 203/250/276 201/235/277 193/251/278
f 208/252/279 193/251/280 198/236/281
f 184/253/282 198/236/283 188/237/284
f 182/170/168 199/254/168 189/178/168
f 185/255/110 197/256/110 187/257/110
f 196/258/111 184/228/111 186/259/111
f 199/254/168 186/260/168 189/178/168
f 200/261/168 182/170/168 190/239/168
f 202/262/285 219/263/286 209/264/287
f 214/265/288 208/252/289 204/247/290
f 211/266/291 215/267/292 205/249/293
f 203/250/294 221/268/295 211/266/296
f 192/269/297 209/264/298 199/254/298
f 205/270/126 197/256/126 195/271/126
f 206/272/127 194/273/127 196/258/127
f 199/254/299 206/274/300 196/275/168
f 200/261/301 202/262/297 192/269/297
f 207/276/302 200/261/303 197/238/255
f 214/265/304 226/277/305 218/278/306
f 220/279/307 215/280/308 221/281/309
f 226/277/310 213/282/311 218/278/312
f 213/283/313 220/279/314 221/281/315
f 215/280/146 207/284/146 205/270/146
f 216/285/148 204/286/147 206/272/147
f 209/264/287 216/287/316 206/274/317
f 220/288/168 202/262/168 210/289/168
f 217/290/318 210/289/319 207/276/320
f 218/278/321 203/250/322 208/252/323
f 226/291/157 222/292/324 223/293/324
f 224/294/158 227/295/158 226/296/158
f 212/297/325 227/298/326 219/263/327
f 227/298/326 216/287/328 219/263/327
f 216/285/164 224/299/164 214/300/164
f 223/301/329 212/302/329 213/283/329
f 154/303/47 229/304/47 155/305/47
f 228/306/47 231/307/47 229/304/47
f 229/304/47 232/308/47 155/305/47
f 229/304/47 235/309/47 233/310/47
f 140/311/169 237/311/169 146/311/169
f 236/312/330 239/313/330 237/314/330
f 240/315/331 239/313/332 238/316/333
f 243/317/47 239/313/47 241/318/47
f 242/319/47 244/320/47 239/313/47
f 145/321/174 187/257/174 147/322/174
f 246/323/334 147/246/335 187/324/334
f 247/244/269 250/325/336 248/326/337
f 251/327/338 247/244/339 246/323/340
f 197/328/169 253/328/169 187/328/169
f 254/329/341 255/330/342 253/331/343
f 256/332/344 257/333/345 255/330/342
f 303/334/1 311/335/70 319/336/1
f 268/337/3 280/338/346 282/339/347
f 266/340/6 301/341/7 302/342/8
f 275/343/9 318/344/348 292/345/11
f 267/346/12 263/347/13 269/348/13
f 268/349/14 305/350/15 299/351/16
f 268/337/17 264/352/18 266/353/19
f 287/354/349 261/355/21 288/356/22
f 264/357/23 304/358/24 301/341/25
f 264/359/26 276/360/26 274/361/26
f 300/362/27 271/363/28 303/334/29
f 288/356/30 272/364/31 291/365/32
f 269/366/33 292/345/34 289/367/35
f 269/348/350 273/368/36 275/369/36
f 262/370/37 306/371/38 302/342/39
f 265/372/40 281/373/41 279/374/41
f 290/375/51 277/376/51 294/377/51
f 265/378/44 293/379/45 287/354/46
f 309/380/47 296/381/47 286/382/47
f 281/383/47 307/384/47 309/380/47
f 294/377/47 310/385/47 307/384/47
f 298/386/47 285/387/47 310/385/47
f 308/388/47 297/389/47 298/386/47
f 277/376/47 298/386/47 310/385/47
f 287/354/48 278/390/49 262/370/50
f 267/391/43 294/377/51 281/383/51
f 307/384/47 285/387/47 296/381/47
f 289/367/35 271/363/28 260/392/52
f 263/393/351 291/365/54 273/394/55
f 265/378/56 288/356/352 263/393/58
f 275/369/59 313/395/59 315/396/60
f 282/397/47 298/386/47 305/350/47
f 266/340/61 306/371/62 280/398/63
f 270/399/64 303/334/65 276/400/66
f 301/341/25 272/364/67 261/355/68
f 259/401/69 305/350/15 277/376/69
f 292/345/11 311/335/70 271/363/70
f 302/342/71 261/355/72 262/370/353
f 320/402/74 324/403/75 330/404/76
f 312/405/77 330/404/76 322/406/354
f 312/405/78 327/407/78 317/408/78
f 319/336/79 326/409/80 316/410/81
f 303/334/82 316/410/83 276/400/84
f 272/364/85 320/402/85 312/405/85
f 291/365/86 312/405/87 317/408/88
f 273/394/89 317/408/88 313/411/90
f 304/358/91 314/412/92 320/402/355
f 270/413/94 376/414/95 276/415/96
f 327/407/97 333/416/97 323/417/97
f 330/404/98 334/418/99 340/419/100
f 330/404/101 332/420/102 322/406/103
f 322/406/104 337/421/105 327/407/106
f 313/411/107 327/407/108 323/417/109
f 311/335/47 328/422/47 321/423/47
f 314/424/110 326/425/110 324/426/110
f 313/395/111 325/427/111 315/396/111
f 315/428/47 328/422/47 318/344/47
f 311/335/47 329/429/47 319/336/47
f 331/430/112 348/431/113 341/432/114
f 337/421/115 343/433/116 333/416/117
f 340/419/118 344/434/119 350/435/120
f 332/420/121 350/435/122 342/436/123
f 321/423/124 338/437/125 331/430/124
f 326/425/126 334/438/126 324/426/126
f 323/439/127 335/440/127 325/427/127
f 328/422/128 335/441/129 338/437/130
f 329/429/131 331/430/124 339/442/131
f 329/429/132 336/443/133 326/409/80
f 343/433/356 355/444/135 353/445/136
f 344/446/137 349/447/138 350/448/139
f 342/436/140 355/444/357 347/449/142
f 342/450/143 349/447/144 341/451/145
f 336/452/146 344/446/146 334/438/146
f 333/453/148 345/454/148 335/440/148
f 338/437/358 345/455/150 348/431/113
f 331/430/47 349/456/47 339/442/47
f 339/442/151 346/457/152 336/443/153
f 332/420/154 347/449/155 337/421/359
f 355/458/157 351/459/157 356/460/360
f 353/461/158 356/462/361 354/463/362
f 341/432/159 356/464/160 351/465/161
f 345/455/162 356/464/160 348/431/163
f 345/454/164 353/466/165 354/467/165
f 341/451/329 352/468/166 342/450/329
f 283/469/168 358/470/168 357/471/168
f 357/471/168 360/472/168 359/473/168
f 358/470/168 361/474/168 362/475/168
f 358/470/168 364/476/168 363/477/168
f 269/478/169 366/478/169 365/478/169
f 365/479/170 368/480/170 367/481/170
f 368/480/363 369/482/364 367/481/173
f 368/480/168 372/483/168 370/484/168
f 371/485/168 373/486/168 374/487/168
f 316/488/174 274/489/174 276/490/174
f 276/415/175 375/491/176 316/492/175
f 376/414/365 379/493/178 378/494/179
f 376/414/180 380/495/181 375/491/176
f 326/496/169 382/496/169 383/496/169
f 383/497/182 384/498/183 385/499/184
f 385/499/184 386/500/185 387/501/185
f 432/502/187 440/503/188 400/504/188
f 397/505/189 409/506/190 395/507/191
f 430/508/192 395/509/193 431/510/194
f 447/511/195 404/512/196 421/513/197
f 396/514/12 392/515/13 394/516/12
f 434/517/366 397/518/367 428/519/200
f 393/520/201 397/505/202 395/507/203
f 416/521/204 390/522/205 391/523/206
f 433/524/368 393/525/369 430/508/209
f 393/526/26 405/527/26 399/528/370
f 429/529/210 400/504/211 389/530/212
f 417/531/213 401/532/214 390/522/371
f 421/513/216 398/533/217 418/534/218
f 398/535/36 402/536/36 392/515/36
f 435/537/220 391/523/221 431/510/372
f 394/538/223 410/539/41 396/540/223
f 419/541/224 406/542/224 388/543/224
f 422/544/225 394/545/226 416/521/227
f 438/546/168 425/547/168 436/548/168
f 410/549/168 436/548/168 423/550/168
f 423/550/168 439/551/168 406/542/168
f 414/552/168 427/553/168 439/551/168
f 426/554/168 437/555/168 427/553/168
f 406/542/168 427/553/168 434/517/168
f 407/556/228 416/521/229 391/523/230
f 396/557/224 423/550/373 419/541/224
f 436/548/168 414/552/168 439/551/168
f 400/504/211 418/534/218 389/530/212
f 392/558/231 420/559/374 417/531/233
f 394/545/234 417/531/235 416/521/375
f 404/560/60 442/561/60 402/536/60
f 427/553/168 411/562/168 434/517/168
f 395/509/237 435/537/238 431/510/376
f 399/563/240 432/502/241 429/529/377
f 401/532/243 430/508/209 390/522/244
f 388/543/378 434/517/366 428/519/200
f 440/503/188 421/513/197 400/504/188
f 390/522/246 431/510/247 391/523/379
f 449/564/249 453/565/380 443/566/381
f 441/567/252 459/568/253 449/564/249
f 456/569/254 441/567/254 446/570/254
f 455/571/255 448/572/256 445/573/257
f 445/573/258 432/502/259 405/574/260
f 401/532/261 449/564/261 433/524/261
f 420/559/262 441/567/263 401/532/263
f 402/575/264 446/570/265 420/559/262
f 433/524/266 443/566/267 403/576/268
f 505/577/269 399/578/270 405/579/271
f 462/580/272 456/569/272 452/581/272
f 459/568/273 463/582/274 453/565/275
f 461/583/276 459/568/277 451/584/278
f 466/585/279 451/584/280 456/569/281
f 442/586/282 456/569/283 446/570/284
f 440/503/168 457/587/168 447/511/168
f 443/588/110 455/589/110 445/590/110
f 454/591/111 442/561/111 444/592/111
f 457/587/168 444/593/168 447/511/168
f 458/594/168 440/503/168 448/572/168
f 460/595/285 477/596/286 467/597/382
f 472/598/288 466/585/289 462/580/290
f 469/599/291 473/600/292 463/582/293
f 461/583/294 479/601/295 469/599/296
f 450/602/297 467/597/298 457/587/298
f 463/603/126 455/589/126 453/604/126
f 464/605/127 452/606/127 454/591/127
f 457/587/299 464/607/300 454/608/168
f 458/594/301 460/595/297 450/602/297
f 465/609/302 458/594/303 455/571/255
f 472/598/383 484/610/305 476/611/306
f 478/612/307 473/613/308 479/614/309
f 484/610/310 471/615/311 476/611/312
f 471/616/313 478/612/314 479/614/384
f 473/613/146 465/617/146 463/603/146
f 474/618/148 462/619/147 464/605/147
f 467/597/382 474/620/316 464/607/317
f 478/621/168 460/595/168 468/622/168
f 475/623/318 468/622/319 465/609/320
f 476/611/321 461/583/322 466/585/323
f 484/624/157 480/625/157 481/626/385
f 482/627/158 485/628/158 484/629/158
f 470/630/325 485/631/326 477/596/327
f 485/631/326 474/620/386 477/596/327
f 474/618/164 482/632/164 472/633/164
f 481/634/329 470/635/166 471/616/166
f 412/636/47 487/637/47 413/638/47
f 486/639/47 489/640/47 487/637/47
f 487/637/47 490/641/47 413/638/47
f 487/637/47 493/642/47 491/643/47
f 398/644/169 495/644/169 404/644/169
f 494/645/330 497/646/330 495/647/330
f 498/648/331 497/646/332 496/649/333
f 501/650/47 497/646/47 499/651/47
f 500/652/47 502/653/47 497/646/47
f 403/654/174 445/590/174 405/655/174
f 504/656/334 405/579/334 445/657/334
f 505/577/269 508/658/336 506/659/337
f 509/660/387 505/577/338 504/656/340
f 455/661/169 511/661/169 445/661/169
f 512/662/341 513/663/342 511/664/343
f 514/665/344 515/666/345 513/663/342
f 561/667/1 569/668/70 577/669/1
f 526/670/388 538/671/4 540/672/347
f 524/673/6 559/674/389 560/675/8
f 533/676/9 576/677/10 550/678/11
f 525/679/12 521/680/13 527/681/13
f 526/682/14 563/683/15 557/684/16
f 526/670/17 522/685/18 524/686/19
f 545/687/20 519/688/21 546/689/22
f 522/690/23 562/691/24 559/674/25
f 522/692/26 534/693/26 532/694/26
f 558/695/27 529/696/28 561/667/29
f 546/689/30 530/697/31 549/698/32
f 527/699/33 550/678/34 547/700/35
f 527/681/350 531/701/36 533/702/36
f 520/703/37 564/704/38 560/675/39
f 523/705/390 539/706/391 537/707/392
f 548/708/51 535/709/51 552/710/51
f 523/711/44 551/712/45 545/687/393
f 567/713/47 554/714/47 544/715/47
f 539/716/47 565/717/47 567/713/47
f 552/710/47 568/718/47 565/717/47
f 556/719/47 543/720/47 568/718/47
f 566/721/47 555/722/47 556/719/47
f 535/709/47 556/719/47 568/718/47
f 545/687/48 536/723/49 520/703/50
f 525/724/43 552/710/51 539/716/51
f 565/717/47 543/720/47 554/714/47
f 547/700/35 529/696/28 518/725/52
f 521/726/351 549/698/54 531/727/55
f 523/711/56 546/689/57 521/726/58
f 533/702/59 571/728/59 573/729/60
f 540/730/47 556/719/47 563/683/47
f 524/673/394 564/704/62 538/731/63
f 528/732/64 561/667/65 534/733/66
f 559/674/25 530/697/67 519/688/68
f 517/734/69 563/683/15 535/709/69
f 550/678/11 569/668/70 529/696/70
f 560/675/71 519/688/72 520/703/73
f 578/735/74 582/736/395 588/737/76
f 570/738/354 588/737/76 580/739/354
f 570/738/78 585/740/78 575/741/78
f 577/669/79 584/742/80 574/743/81
f 561/667/396 574/743/83 534/733/397
f 530/697/85 578/735/85 570/738/85
f 549/698/86 570/738/87 575/741/88
f 531/727/89 575/741/88 571/744/90
f 562/691/91 572/745/92 578/735/93
f 528/746/94 634/747/95 534/748/96
f 585/740/97 591/749/97 581/750/97
f 588/737/98 592/751/99 598/752/100
f 588/737/101 590/753/102 580/739/103
f 580/739/104 595/754/105 585/740/106
f 571/744/107 585/740/108 581/750/109
f 569/668/47 586/755/47 579/756/47
f 572/757/110 584/758/110 582/759/110
f 571/728/111 583/760/111 573/729/111
f 573/761/47 586/755/47 576/677/47
f 569/668/47 587/762/47 577/669/47
f 589/763/112 606/764/113 599/765/114
f 595/754/115 601/766/116 591/749/117
f 598/752/398 602/767/119 608/768/120
f 590/753/399 608/768/122 600/769/123
f 579/756/124 596/770/125 589/763/124
f 584/758/126 592/771/126 582/759/126
f 581/772/127 593/773/127 583/760/127
f 586/755/128 593/774/129 596/770/130
f 587/762/400 589/763/124 597/775/131
f 587/762/132 594/776/133 584/742/80
f 601/766/134 613/777/135 611/778/136
f 602/779/401 607/780/402 608/781/403
f 600/769/140 613/777/141 605/782/404
f 600/783/143 607/780/144 599/784/145
f 594/785/146 602/779/146 592/771/146
f 591/786/147 603/787/148 593/773/147
f 596/770/149 603/788/150 606/764/113
f 589/763/47 607/789/47 597/775/47
f 597/775/151 604/790/152 594/776/153
f 590/753/154 605/782/155 595/754/359
f 613/791/157 609/792/157 614/793/157
f 611/794/158 614/795/158 612/796/158
f 599/765/159 614/797/160 609/798/161
f 603/788/162 614/797/160 606/764/163
f 603/787/164 611/799/165 612/800/165
f 599/784/329 610/801/166 600/783/329
f 541/802/168 616/803/168 615/804/168
f 615/804/168 618/805/168 617/806/168
f 616/803/168 619/807/168 620/808/168
f 616/803/168 622/809/168 621/810/168
f 527/811/169 624/811/169 623/811/169
f 623/812/170 626/813/170 625/814/170
f 626/813/363 627/815/364 625/814/173
f 626/813/168 630/816/168 628/817/168
f 629/818/168 631/819/168 632/820/168
f 574/821/174 532/822/405 534/823/405
f 534/748/406 633/824/176 574/825/175
f 634/747/177 637/826/178 636/827/179
f 634/747/180 638/828/181 633/824/176
f 584/829/169 640/829/169 641/829/169
f 641/830/182 642/831/183 643/832/184
f 643/832/184 644/833/185 645/834/186
f 690/835/187 698/836/188 658/837/188
f 655/838/407 667/839/190 653/840/408
f 688/841/192 653/842/193 689/843/194
f 705/844/195 662/845/196 679/846/197
f 654/847/12 650/848/13 652/849/12
f 692/850/366 655/851/199 686/852/200
f 651/853/201 655/838/202 653/840/203
f 674/854/204 648/855/205 649/856/206
f 691/857/368 651/858/369 688/841/209
f 651/859/26 663/860/26 657/861/26
f 687/862/210 658/837/211 647/863/212
f 675/864/213 659/865/214 648/855/371
f 679/846/216 656/866/217 676/867/218
f 656/868/219 660/869/36 650/848/219
f 693/870/220 649/856/221 689/843/222
f 652/871/223 668/872/41 654/873/223
f 677/874/224 664/875/224 646/876/409
f 680/877/225 652/878/226 674/854/410
f 696/879/168 683/880/168 694/881/168
f 668/882/168 694/881/168 681/883/168
f 681/883/168 697/884/168 664/875/168
f 672/885/168 685/886/168 697/884/168
f 684/887/168 695/888/168 685/886/168
f 664/875/168 685/886/168 692/850/168
f 665/889/228 674/854/229 649/856/411
f 654/890/224 681/883/224 677/874/224
f 694/881/168 672/885/168 697/884/168
f 658/837/211 676/867/218 647/863/212
f 650/891/231 678/892/232 675/864/233
f 652/878/234 675/864/235 674/854/236
f 662/893/59 700/894/59 660/869/59
f 685/886/168 669/895/168 692/850/168
f 653/842/237 693/870/412 689/843/376
f 657/896/240 690/835/241 687/862/242
f 659/865/243 688/841/209 648/855/244
f 646/876/378 692/850/366 686/852/200
f 698/836/188 679/846/197 658/837/188
f 648/855/246 689/843/247 649/856/248
f 707/897/249 711/898/250 701/899/251
f 699/900/252 717/901/253 707/897/249
f 714/902/254 699/900/254 704/903/254
f 713/904/255 706/905/256 703/906/257
f 703/906/413 690/835/259 663/907/260
f 659/865/261 707/897/261 691/857/261
f 678/892/262 699/900/263 659/865/414
f 660/908/264 704/903/265 678/892/262
f 691/857/266 701/899/267 661/909/268
f 763/910/269 657/911/270 663/912/271
f 720/913/272 714/902/272 710/914/272
f 717/901/273 721/915/274 711/898/275
f 719/916/276 717/901/277 709/917/278
f 724/918/279 709/917/280 714/902/281
f 700/919/282 714/902/283 704/903/284
f 698/836/168 715/920/168 705/844/168
f 701/921/110 713/922/110 703/923/110
f 712/924/111 700/894/111 702/925/111
f 715/920/168 702/926/168 705/844/168
f 716/927/168 698/836/168 706/905/168
f 718/928/285 735/929/286 725/930/382
f 730/931/288 724/918/289 720/913/290
f 727/932/291 731/933/292 721/915/293
f 719/916/294 737/934/295 727/932/296
f 708/935/297 725/930/298 715/920/298
f 721/936/126 713/922/126 711/937/126
f 722/938/127 710/939/127 712/924/127
f 715/920/299 722/940/300 712/941/168
f 716/927/415 718/928/297 708/935/297
f 723/942/302 716/927/303 713/904/255
f 730/931/416 742/943/305 734/944/306
f 736/945/417 731/946/308 737/947/418
f 742/943/310 729/948/311 734/944/312
f 729/949/313 736/945/314 737/947/384
f 731/946/146 723/950/146 721/936/146
f 732/951/148 720/952/148 722/938/148
f 725/930/382 732/953/316 722/940/317
f 736/954/168 718/928/168 726/955/168
f 733/956/318 726/955/319 723/942/320
f 734/944/321 719/916/322 724/918/323
f 742/957/157 738/958/157 739/959/157
f 740/960/158 743/961/158 742/962/158
f 728/963/325 743/964/326 735/929/327
f 743/964/326 732/953/386 735/929/327
f 732/951/164 740/965/164 730/966/164
f 739/967/329 728/968/329 729/949/329
f 670/969/47 745/970/47 671/971/47
f 744/972/47 747/973/47 745/970/47
f 745/970/47 748/974/47 671/971/47
f 745/970/47 751/975/47 749/976/47
f 656/977/169 753/977/169 662/977/169
f 752/978/330 755/979/330 753/980/330
f 756/981/331 755/979/419 754/982/333
f 759/983/47 755/979/47 757/984/47
f 758/985/47 760/986/47 755/979/47
f 661/987/174 703/923/405 663/988/174
f 762/989/334 663/912/334 703/990/334
f 763/910/269 766/991/336 764/992/337
f 767/993/338 763/910/339 762/989/340
f 713/994/169 769/994/169 703/994/169
f 770/995/341 771/996/342 769/997/343
f 772/998/420 773/999/345 771/996/342
f 819/1000/421 827/1001/422 835/1002/421
f 784/1003/423 796/1004/424 798/1005/425
f 782/1006/426 817/1007/427 818/1008/428
f 791/1009/429 834/1010/430 808/1011/431
f 783/1012/432 779/1013/433 785/1014/433
f 784/1015/434 821/1016/435 815/1017/436
f 784/1018/437 780/1019/438 782/1020/439
f 803/1021/440 777/1022/441 804/1023/442
f 780/1024/443 820/1025/444 817/1007/445
f 780/1019/446 792/1026/446 790/1027/446
f 816/1028/447 787/1029/448 819/1000/449
f 804/1023/450 788/1030/451 807/1031/452
f 785/1032/453 808/1011/454 805/1033/455
f 785/1014/456 789/1034/456 791/1035/456
f 778/1036/457 822/1037/458 818/1008/459
f 781/1038/460 797/1039/461 795/1040/462
f 806/1041/463 793/1042/464 810/1043/464
f 781/1044/465 809/1045/466 803/1021/467
f 825/1046/47 812/1047/47 802/1048/47
f 797/1049/47 823/1050/47 825/1046/47
f 810/1043/47 826/1051/47 823/1050/47
f 814/1052/47 801/1053/47 826/1051/47
f 824/1054/47 813/1055/47 814/1052/47
f 793/1042/47 814/1052/47 826/1051/47
f 803/1021/468 794/1056/469 778/1036/470
f 783/1057/463 810/1043/464 797/1049/464
f 823/1050/47 801/1053/47 812/1047/47
f 805/1033/455 787/1029/448 776/1058/471
f 779/1059/472 807/1031/473 789/1060/474
f 781/1044/475 804/1023/476 779/1059/477
f 791/1035/478 829/1061/478 831/1062/478
f 798/1063/47 814/1052/47 821/1016/47
f 782/1006/479 822/1037/480 796/1064/481
f 786/1065/482 819/1000/483 792/1066/484
f 817/1007/445 788/1030/485 777/1022/486
f 775/1067/487 821/1016/435 793/1042/487
f 808/1011/431 827/1001/422 787/1029/488
f 818/1008/489 777/1022/490 778/1036/491
f 836/1068/492 840/1069/493 846/1070/494
f 828/1071/495 846/1070/494 838/1072/495
f 828/1071/496 843/1073/496 833/1074/496
f 835/1002/497 842/1075/498 832/1076/499
f 819/1000/500 832/1076/501 792/1066/502
f 788/1030/503 836/1068/503 828/1071/503
f 807/1031/504 828/1071/505 833/1074/506
f 789/1060/507 833/1074/506 829/1077/508
f 820/1025/509 830/1078/510 836/1068/511
f 786/1079/512 892/1080/513 792/1081/514
f 843/1073/515 849/1082/515 839/1083/515
f 846/1070/516 850/1084/517 856/1085/518
f 846/1070/519 848/1086/520 838/1072/521
f 838/1072/522 853/1087/523 843/1073/524
f 829/1077/525 843/1073/526 839/1083/527
f 827/1001/47 844/1088/47 837/1089/47
f 830/1090/528 842/1091/528 840/1092/528
f 829/1061/529 841/1093/529 831/1062/529
f 831/1094/47 844/1088/47 834/1010/47
f 827/1001/47 845/1095/47 835/1002/47
f 847/1096/530 864/1097/531 857/1098/532
f 853/1087/533 859/1099/534 849/1082/535
f 856/1085/536 860/1100/537 866/1101/538
f 848/1086/539 866/1101/540 858/1102/541
f 837/1089/542 854/1103/543 847/1096/542
f 842/1091/544 850/1104/544 840/1092/544
f 839/1105/545 851/1106/545 841/1107/545
f 844/1088/546 851/1108/547 854/1103/548
f 845/1095/549 847/1096/542 855/1109/549
f 845/1095/550 852/1110/551 842/1075/498
f 859/1099/552 871/1111/553 869/1112/554
f 860/1113/555 865/1114/556 866/1115/557
f 858/1102/558 871/1111/559 863/1116/560
f 858/1117/561 865/1114/562 857/1118/563
f 852/1119/564 860/1120/564 850/1104/564
f 849/1121/565 861/1122/565 851/1106/565
f 854/1103/566 861/1123/567 864/1097/531
f 847/1096/47 865/1124/47 855/1109/47
f 855/1109/568 862/1125/569 852/1110/570
f 848/1086/571 863/1116/572 853/1087/573
f 871/1126/574 867/1127/574 872/1128/574
f 869/1129/575 872/1130/575 870/1131/575
f 857/1098/576 872/1132/577 867/1133/578
f 861/1123/579 872/1132/577 864/1097/580
f 861/1122/581 869/1134/582 870/1135/582
f 857/1118/583 868/1136/584 858/1117/583
f 799/1137/168 874/1138/168 873/1139/168
f 873/1139/168 876/1140/168 875/1141/168
f 874/1138/168 877/1142/168 878/1143/168
f 874/1138/168 880/1144/168 879/1145/168
f 785/1146/169 882/1146/169 881/1146/169
f 881/1147/585 884/1148/586 883/1149/585
f 884/1148/587 885/1150/588 883/1149/589
f 884/1148/168 888/1151/168 886/1152/168
f 887/1153/168 889/1154/168 890/1155/168
f 832/1156/590 790/1027/591 792/1026/591
f 792/1081/592 891/1157/593 832/1158/592
f 892/1080/594 895/1159/595 894/1160/596
f 892/1080/597 896/1161/598 891/1157/593
f 842/1162/169 898/1162/169 899/1162/169
f 899/1163/599 900/1164/600 901/1165/601
f 901/1165/601 902/1166/602 903/1167/603
f 948/1168/604 956/1169/605 916/1170/605
f 913/1171/606 925/1172/607 911/1173/608
f 946/1174/609 911/1175/610 947/1176/611
f 963/1177/612 920/1178/613 937/1179/614
f 912/1180/615 908/1181/616 910/1182/615
f 950/1183/617 913/1184/618 944/1185/619
f 909/1186/620 913/1187/621 911/1188/622
f 932/1189/623 906/1190/624 907/1191/625
f 949/1192/626 909/1193/627 946/1174/628
f 909/1186/446 921/1194/446 915/1195/446
f 945/1196/629 916/1170/630 905/1197/631
f 933/1198/632 917/1199/633 906/1190/634
f 937/1179/635 914/1200/636 934/1201/637
f 914/1202/638 918/1203/456 908/1181/639
f 951/1204/640 907/1191/641 947/1176/642
f 910/1205/643 926/1206/461 912/1207/643
f 935/1208/644 922/1209/644 904/1210/644
f 938/1211/645 910/1212/646 932/1189/647
f 954/1213/168 941/1214/168 952/1215/168
f 926/1216/168 952/1215/168 939/1217/168
f 939/1217/168 955/1218/168 922/1209/168
f 930/1219/168 943/1220/168 955/1218/168
f 942/1221/168 953/1222/168 943/1220/168
f 922/1209/168 943/1220/168 950/1183/168
f 923/1223/648 932/1189/649 907/1191/650
f 912/1224/644 939/1217/651 935/1208/644
f 952/1215/168 930/1219/168 955/1218/168
f 916/1170/630 934/1201/637 905/1197/631
f 908/1225/652 936/1226/653 933/1198/654
f 910/1212/655 933/1198/656 932/1189/657
f 920/1227/478 958/1228/478 918/1203/478
f 943/1220/168 927/1229/168 950/1183/168
f 911/1175/658 951/1204/659 947/1176/660
f 915/1230/661 948/1168/662 945/1196/663
f 917/1199/664 946/1174/628 906/1190/665
f 904/1210/666 950/1183/617 944/1185/619
f 956/1169/605 937/1179/614 916/1170/605
f 906/1190/667 947/1176/668 907/1191/669
f 965/1231/670 969/1232/671 959/1233/672
f 957/1234/673 975/1235/674 965/1231/670
f 972/1236/675 957/1234/675 962/1237/675
f 971/1238/676 964/1239/677 961/1240/678
f 961/1240/679 948/1168/680 921/1241/681
f 917/1199/682 965/1231/683 949/1192/684
f 936/1226/685 957/1234/686 917/1199/686
f 918/1242/687 962/1237/688 936/1226/685
f 949/1192/689 959/1233/690 919/1243/691
f 1021/1244/692 915/1245/693 921/1246/694
f 978/1247/695 972/1236/696 968/1248/696
f 975/1235/697 979/1249/698 969/1232/699
f 977/1250/700 975/1235/701 967/1251/702
f 982/1252/703 967/1251/704 972/1236/705
f 958/1253/706 972/1236/707 962/1237/708
f 956/1169/168 973/1254/168 963/1177/168
f 959/1255/528 971/1256/528 961/1257/528
f 970/1258/529 958/1228/529 960/1259/529
f 973/1254/168 960/1260/168 963/1177/168
f 974/1261/168 956/1169/168 964/1239/168
f 976/1262/709 993/1263/710 983/1264/711
f 988/1265/712 982/1252/713 978/1247/714
f 985/1266/715 989/1267/716 979/1249/717
f 977/1250/718 995/1268/719 985/1266/720
f 966/1269/721 983/1264/722 973/1254/722
f 979/1270/544 971/1256/544 969/1271/544
f 980/1272/723 968/1273/545 970/1274/545
f 973/1254/724 980/1275/725 970/1276/168
f 974/1261/726 976/1262/721 966/1269/721
f 981/1277/727 974/1261/728 971/1238/676
f 988/1265/729 1000/1278/730 992/1279/731
f 994/1280/732 989/1281/733 995/1282/734
f 1000/1278/735 987/1283/736 992/1279/737
f 987/1284/738 994/1280/739 995/1282/740
f 989/1285/564 981/1286/741 979/1270/741
f 990/1287/565 978/1288/565 980/1272/565
f 983/1264/711 990/1289/742 980/1275/743
f 994/1290/168 976/1262/168 984/1291/168
f 991/1292/744 984/1291/745 981/1277/746
f 992/1279/747 977/1250/748 982/1252/749
f 1000/1293/574 996/1294/574 997/1295/574
f 998/1296/575 1001/1297/750 1000/1298/750
f 986/1299/751 1001/1300/752 993/1263/753
f 1001/1300/752 990/1289/754 993/1263/753
f 990/1287/581 998/1301/755 988/1302/581
f 997/1303/583 986/1304/583 987/1284/583
f 928/1305/47 1003/1306/47 929/1307/47
f 1002/1308/47 1005/1309/47 1003/1306/47
f 1003/1306/47 1006/1310/47 929/1307/47
f 1003/1306/47 1009/1311/47 1007/1312/47
f 914/1313/169 1011/1313/169 920/1313/169
f 1010/1314/756 1013/1315/756 1011/1316/756
f 1014/1317/757 1013/1315/758 1012/1318/759
f 1017/1319/47 1013/1315/47 1015/1320/47
f 1016/1321/47 1018/1322/47 1013/1315/47
f 919/1323/590 961/1257/591 921/1194/590
f 1020/1324/760 921/1246/760 961/1325/760
f 1021/1244/692 1024/1326/761 1022/1327/762
f 1025/1328/763 1021/1244/764 1020/1324/765
f 971/1329/169 1027/1329/169 961/1329/169
f 1028/1330/766 1029/1331/767 1027/1332/768
f 1030/1333/769 1031/1334/770 1029/1331/767
f 1077/1335/771 1085/1336/772 1093/1337/771
f 1042/1338/773 1054/1339/774 1056/1340/775
f 1040/1341/776 1075/1342/777 1076/1343/778
f 1049/1344/779 1092/1345/780 1066/1346/781
f 1041/1347/782 1037/1348/783 1043/1349/783
f 1042/1350/784 1079/1351/785 1073/1352/786
f 1042/1338/787 1038/1353/788 1040/1354/789
f 1061/1355/790 1035/1356/791 1062/1357/792
f 1038/1358/793 1078/1359/794 1075/1342/795
f 1038/1353/796 1050/1360/796 1048/1361/796
f 1074/1362/797 1045/1363/798 1077/1335/799
f 1062/1357/800 1046/1364/801 1065/1365/802
f 1043/1366/803 1066/1346/804 1063/1367/805
f 1043/1349/806 1047/1368/807 1049/1369/807
f 1036/1370/808 1080/1371/809 1076/1343/810
f 1039/1372/811 1055/1373/812 1053/1374/812
f 1064/1375/813 1051/1376/814 1068/1377/815
f 1039/1378/816 1067/1379/817 1061/1355/818
f 1083/1380/47 1070/1381/47 1060/1382/47
f 1055/1383/47 1081/1384/47 1083/1380/47
f 1068/1377/47 1084/1385/47 1081/1384/47
f 1072/1386/47 1059/1387/47 1084/1385/47
f 1082/1388/47 1071/1389/47 1072/1386/47
f 1051/1376/47 1072/1386/47 1084/1385/47
f 1061/1355/819 1052/1390/820 1036/1370/821
f 1041/1391/813 1068/1377/815 1055/1383/813
f 1081/1384/47 1059/1387/47 1070/1381/47
f 1063/1367/805 1045/1363/798 1034/1392/822
f 1037/1393/823 1065/1365/824 1047/1394/825
f 1039/1378/826 1062/1357/827 1037/1393/828
f 1049/1369/829 1087/1395/829 1089/1396/830
f 1056/1397/47 1072/1386/47 1079/1351/47
f 1040/1341/831 1080/1371/832 1054/1398/833
f 1044/1399/834 1077/1335/835 1050/1400/836
f 1075/1342/795 1046/1364/837 1035/1356/838
f 1033/1401/839 1079/1351/785 1051/1376/839
f 1066/1346/781 1085/1336/772 1045/1363/772
f 1076/1343/840 1035/1356/841 1036/1370/842
f 1094/1402/843 1098/1403/844 1104/1404/845
f 1086/1405/846 1104/1404/845 1096/1406/846
f 1086/1405/847 1101/1407/847 1091/1408/847
f 1093/1337/848 1100/1409/849 1090/1410/850
f 1077/1335/851 1090/1410/852 1050/1400/853
f 1046/1364/854 1094/1402/854 1086/1405/854
f 1065/1365/855 1086/1405/856 1091/1408/857
f 1047/1394/858 1091/1408/857 1087/1411/859
f 1078/1359/860 1088/1412/861 1094/1402/862
f 1044/1413/863 1150/1414/864 1050/1415/865
f 1101/1407/866 1107/1416/866 1097/1417/866
f 1104/1404/867 1108/1418/868 1114/1419/869
f 1104/1404/870 1106/1420/871 1096/1406/872
f 1096/1406/873 1111/1421/874 1101/1407/875
f 1087/1411/876 1101/1407/877 1097/1417/878
f 1085/1336/47 1102/1422/47 1095/1423/47
f 1088/1424/879 1100/1425/879 1098/1426/879
f 1087/1395/880 1099/1427/881 1089/1396/880
f 1089/1428/47 1102/1422/47 1092/1345/47
f 1085/1336/47 1103/1429/47 1093/1337/47
f 1105/1430/882 1122/1431/883 1115/1432/884
f 1111/1421/885 1117/1433/886 1107/1416/887
f 1114/1419/888 1118/1434/889 1124/1435/890
f 1106/1420/891 1124/1435/892 1116/1436/893
f 1095/1423/894 1112/1437/895 1105/1430/894
f 1100/1425/896 1108/1438/896 1098/1426/896
f 1097/1439/897 1109/1440/897 1099/1427/897
f 1102/1422/898 1109/1441/899 1112/1437/900
f 1103/1429/901 1105/1430/894 1113/1442/901
f 1103/1429/902 1110/1443/903 1100/1409/849
f 1117/1433/904 1129/1444/905 1127/1445/906
f 1118/1446/907 1123/1447/908 1124/1448/909
f 1116/1436/910 1129/1444/911 1121/1449/912
f 1116/1450/913 1123/1447/914 1115/1451/915
f 1110/1452/916 1118/1453/916 1108/1438/916
f 1107/1454/917 1119/1455/917 1109/1440/917
f 1112/1437/918 1119/1456/919 1122/1431/883
f 1105/1430/47 1123/1457/47 1113/1442/47
f 1113/1442/920 1120/1458/921 1110/1443/922
f 1106/1420/923 1121/1449/924 1111/1421/925
f 1129/1459/926 1125/1460/926 1130/1461/927
f 1127/1462/928 1130/1463/928 1128/1464/928
f 1115/1432/929 1130/1465/930 1125/1466/931
f 1119/1456/932 1130/1465/930 1122/1431/933
f 1119/1455/934 1127/1467/934 1128/1468/934
f 1115/1469/935 1126/1470/936 1116/1471/935
f 1057/1472/168 1132/1473/168 1131/1474/168
f 1131/1474/168 1134/1475/168 1133/1476/168
f 1132/1473/168 1135/1477/168 1136/1478/168
f 1132/1473/168 1138/1479/168 1137/1480/168
f 1043/1481/169 1140/1481/169 1139/1481/169
f 1139/1482/937 1142/1483/938 1141/1484/939
f 1142/1483/940 1143/1485/941 1141/1484/942
f 1142/1483/168 1146/1486/168 1144/1487/168
f 1145/1488/168 1147/1489/168 1148/1490/168
f 1090/1491/943 1048/1361/943 1050/1360/943
f 1050/1415/944 1149/1492/945 1090/1493/944
f 1150/1414/946 1153/1494/947 1152/1495/948
f 1150/1414/949 1154/1496/950 1149/1492/945
f 1100/1497/169 1156/1497/169 1157/1497/169
f 1157/1498/951 1158/1499/952 1159/1500/953
f 1159/1500/953 1160/1501/954 1161/1502/955
f 1206/1503/956 1214/1504/957 1174/1505/957
f 1171/1506/958 1183/1507/959 1169/1508/960
f 1204/1509/961 1169/1510/962 1205/1511/963
f 1221/1512/964 1178/1513/965 1195/1514/966
f 1170/1515/967 1166/1516/783 1168/1517/967
f 1208/1518/968 1171/1519/969 1202/1520/970
f 1167/1521/971 1171/1506/972 1169/1508/973
f 1190/1522/974 1164/1523/975 1165/1524/976
f 1207/1525/977 1167/1526/978 1204/1509/979
f 1167/1521/796 1179/1527/796 1173/1528/796
f 1203/1529/980 1174/1505/981 1163/1530/982
f 1191/1531/983 1175/1532/984 1164/1523/985
f 1195/1514/986 1172/1533/987 1192/1534/988
f 1172/1535/989 1176/1536/806 1166/1516/989
f 1209/1537/990 1165/1524/991 1205/1511/992
f 1168/1538/811 1184/1539/812 1170/1540/811
f 1193/1541/993 1180/1542/993 1162/1543/993
f 1196/1544/994 1168/1545/995 1190/1522/996
f 1212/1546/168 1199/1547/168 1210/1548/168
f 1184/1549/168 1210/1548/168 1197/1550/168
f 1197/1550/168 1213/1551/168 1180/1542/168
f 1188/1552/168 1201/1553/168 1213/1551/168
f 1200/1554/168 1211/1555/168 1201/1553/168
f 1180/1542/168 1201/1553/168 1208/1518/168
f 1181/1556/997 1190/1522/998 1165/1524/999
f 1170/1557/993 1197/1550/993 1193/1541/993
f 1210/1548/168 1188/1552/168 1213/1551/168
f 1174/1505/981 1192/1534/988 1163/1530/982
f 1166/1558/1000 1194/1559/1001 1191/1531/1002
f 1168/1545/1003 1191/1531/1004 1190/1522/1005
f 1178/1560/829 1216/1561/830 1176/1536/829
f 1201/1553/168 1185/1562/168 1208/1518/168
f 1169/1510/1006 1209/1537/1007 1205/1511/1008
f 1173/1563/1009 1206/1503/1010 1203/1529/1011
f 1175/1532/1012 1204/1509/979 1164/1523/1013
f 1162/1543/1014 1208/1518/968 1202/1520/970
f 1214/1504/957 1195/1514/966 1174/1505/957
f 1164/1523/1015 1205/1511/1016 1165/1524/1017
f 1223/1564/1018 1227/1565/1019 1217/1566/1020
f 1215/1567/1021 1233/1568/1022 1223/1564/1018
f 1230/1569/1023 1215/1567/1023 1220/1570/1023
f 1229/1571/1024 1222/1572/1025 1219/1573/1026
f 1219/1573/1027 1206/1503/1028 1179/1574/1029
f 1175/1532/1030 1223/1564/1030 1207/1525/1030
f 1194/1559/1031 1215/1567/1032 1175/1532/1032
f 1176/1575/1033 1220/1570/1034 1194/1559/1031
f 1207/1525/1035 1217/1566/1036 1177/1576/1037
f 1279/1577/1038 1173/1578/1039 1179/1579/1040
f 1236/1580/1041 1230/1569/1041 1226/1581/1041
f 1233/1568/1042 1237/1582/1043 1227/1565/1044
f 1235/1583/1045 1233/1568/1046 1225/1584/1047
f 1240/1585/1048 1225/1584/1049 1230/1569/1050
f 1216/1586/1051 1230/1569/1052 1220/1570/1053
f 1214/1504/168 1231/1587/168 1221/1512/168
f 1217/1588/879 1229/1589/879 1219/1590/879
f 1228/1591/881 1216/1561/880 1218/1592/880
f 1231/1587/168 1218/1593/168 1221/1512/168
f 1232/1594/168 1214/1504/168 1222/1572/168
f 1234/1595/1054 1251/1596/1055 1241/1597/1056
f 1246/1598/1057 1240/1585/1058 1236/1580/1059
f 1243/1599/1060 1247/1600/1061 1237/1582/1062
f 1235/1583/1063 1253/1601/1064 1243/1599/1065
f 1224/1602/1066 1241/1597/1067 1231/1587/1067
f 1237/1603/896 1229/1589/896 1227/1604/896
f 1238/1605/1068 1226/1606/897 1228/1591/897
f 1231/1587/1069 1238/1607/1070 1228/1608/168
f 1232/1594/1071 1234/1595/1066 1224/1602/1066
f 1239/1609/1072 1232/1594/1073 1229/1571/1024
f 1246/1598/1074 1258/1610/1075 1250/1611/1076
f 1252/1612/1077 1247/1613/1078 1253/1614/1079
f 1258/1610/1080 1245/1615/1081 1250/1611/1082
f 1245/1616/1083 1252/1612/1084 1253/1614/1085
f 1247/1617/916 1239/1618/916 1237/1603/916
f 1248/1619/917 1236/1620/917 1238/1605/917
f 1241/1597/1056 1248/1621/1086 1238/1607/1087
f 1252/1622/168 1234/1595/168 1242/1623/168
f 1249/1624/1088 1242/1623/1089 1239/1609/1090
f 1250/1611/1091 1235/1583/1092 1240/1585/1093
f 1258/1625/926 1254/1626/926 1255/1627/926
f 1256/1628/928 1259/1629/928 1258/1630/928
f 1244/1631/1094 1259/1632/1095 1251/1596/1096
f 1259/1632/1095 1248/1621/1097 1251/1596/1096
f 1248/1619/934 1256/1633/934 1246/1634/934
f 1255/1635/935 1244/1636/935 1245/1637/935
f 1186/1638/47 1261/1639/47 1187/1640/47
f 1260/1641/47 1263/1642/47 1261/1639/47
f 1261/1639/47 1264/1643/47 1187/1640/47
f 1261/1639/47 1267/1644/47 1265/1645/47
f 1172/1646/169 1269/1646/169 1178/1646/169
f 1268/1647/1098 1271/1648/1099 1269/1649/1099
f 1272/1650/1100 1271/1648/1101 1270/1651/1102
f 1275/1652/47 1271/1648/47 1273/1653/47
f 1274/1654/47 1276/1655/47 1271/1648/47
f 1177/1656/943 1219/1590/943 1179/1527/943
f 1278/1657/1103 1179/1579/1103 1219/1658/1103
f 1279/1577/1038 1282/1659/1104 1280/1660/1105
f 1283/1661/1106 1279/1577/1107 1278/1657/1108
f 1229/1662/169 1285/1662/169 1219/1662/169
f 1286/1663/1109 1287/1664/1110 1285/1665/1111
f 1288/1666/1112 1289/1667/1113 1287/1664/1110
f 1335/1668/1114 1343/1669/1115 1351/1670/1114
f 1300/1671/1116 1312/1672/1117 1314/1673/1118
f 1298/1674/1119 1333/1675/1120 1334/1676/1121
f 1307/1677/1122 1350/1678/1123 1324/1679/1124
f 1299/1680/1125 1295/1681/1126 1301/1682/1126
f 1300/1683/1127 1337/1684/1128 1331/1685/1129
f 1300/1671/1130 1296/1686/1131 1298/1687/1132
f 1319/1688/1133 1293/1689/1134 1320/1690/1135
f 1296/1691/1136 1336/1692/1137 1333/1675/1138
f 1296/1686/1139 1308/1693/1139 1306/1694/1139
f 1332/1695/1140 1303/1696/1141 1335/1668/1142
f 1320/1690/1143 1304/1697/1144 1323/1698/1145
f 1301/1699/1146 1324/1679/1147 1321/1700/1148
f 1301/1682/1149 1305/1701/1149 1307/1702/1149
f 1294/1703/1150 1338/1704/1151 1334/1676/1152
f 1297/1705/1153 1313/1706/1154 1311/1707/1154
f 1322/1708/1155 1309/1709/1155 1326/1710/1155
f 1297/1711/1156 1325/1712/1157 1319/1688/1158
f 1341/1713/47 1328/1714/47 1318/1715/47
f 1313/1716/47 1339/1717/47 1341/1713/47
f 1326/1710/47 1342/1718/47 1339/1717/47
f 1330/1719/47 1317/1720/47 1342/1718/47
f 1340/1721/47 1329/1722/47 1330/1719/47
f 1309/1709/47 1330/1719/47 1342/1718/47
f 1319/1688/1159 1310/1723/1160 1294/1703/1161
f 1299/1724/1155 1326/1710/1155 1313/1716/1155
f 1339/1717/47 1317/1720/47 1328/1714/47
f 1321/1700/1148 1303/1696/1141 1292/1725/1162
f 1295/1726/1163 1323/1698/1164 1305/1727/1165
f 1297/1711/1166 1320/1690/1167 1295/1726/1168
f 1307/1702/1169 1345/1728/1169 1347/1729/1169
f 1314/1730/47 1330/1719/47 1337/1684/47
f 1298/1674/1170 1338/1704/1171 1312/1731/1172
f 1302/1732/1173 1335/1668/1174 1308/1733/1175
f 1333/1675/1138 1304/1697/1176 1293/1689/1177
f 1291/1734/1178 1337/1684/1128 1309/1709/1178
f 1324/1679/1124 1343/1669/1115 1303/1696/1115
f 1334/1676/1179 1293/1689/1180 1294/1703/1181
f 1352/1735/1182 1356/1736/1183 1362/1737/1184
f 1344/1738/1185 1362/1737/1184 1354/1739/1186
f 1344/1738/1187 1359/1740/1187 1349/1741/1187
f 1351/1670/1188 1358/1742/1189 1348/1743/1190
f 1335/1668/1191 1348/1743/1192 1308/1733/1193
f 1304/1697/1194 1352/1735/1194 1344/1738/1194
f 1323/1698/1195 1344/1738/1196 1349/1741/1197
f 1305/1727/1198 1349/1741/1197 1345/1744/1199
f 1336/1692/1200 1346/1745/1201 1352/1735/1202
f 1302/1746/1203 1408/1747/1204 1308/1748/1205
f 1359/1740/1206 1365/1749/1207 1355/1750/1206
f 1362/1737/1208 1366/1751/1209 1372/1752/1210
f 1362/1737/1211 1364/1753/1212 1354/1739/1213
f 1354/1739/1214 1369/1754/1215 1359/1740/1216
f 1345/1744/1217 1359/1740/1218 1355/1750/1219
f 1343/1669/47 1360/1755/47 1353/1756/47
f 1346/1757/1220 1358/1758/1220 1356/1759/1220
f 1345/1728/1221 1357/1760/1222 1347/1729/1221
f 1347/1761/47 1360/1755/47 1350/1678/47
f 1343/1669/47 1361/1762/47 1351/1670/47
f 1363/1763/1223 1380/1764/1224 1373/1765/1225
f 1369/1754/1226 1375/1766/1227 1365/1749/1228
f 1372/1752/1229 1376/1767/1230 1382/1768/1231
f 1364/1753/1232 1382/1768/1233 1374/1769/1234
f 1353/1756/1235 1370/1770/1236 1363/1763/1237
f 1358/1758/1238 1366/1771/1238 1356/1759/1238
f 1355/1772/1239 1367/1773/1239 1357/1760/1239
f 1360/1755/1240 1367/1774/1241 1370/1770/1242
f 1361/1762/1243 1363/1763/1237 1371/1775/1243
f 1361/1762/1244 1368/1776/1245 1358/1742/1189
f 1375/1766/1246 1387/1777/1247 1385/1778/1248
f 1376/1779/1249 1381/1780/1250 1382/1781/1251
f 1374/1769/1252 1387/1777/1253 1379/1782/1254
f 1374/1783/1255 1381/1784/1256 1373/1785/1257
f 1368/1786/1258 1376/1779/1258 1366/1771/1259
f 1365/1787/1260 1377/1788/1260 1367/1773/1260
f 1370/1770/1261 1377/1789/1262 1380/1764/1224
f 1363/1763/47 1381/1790/47 1371/1775/47
f 1371/1775/1263 1378/1791/1264 1368/1776/1265
f 1364/1753/1266 1379/1782/1267 1369/1754/1268
f 1387/1792/1269 1383/1793/1270 1388/1794/1271
f 1385/1795/1272 1388/1796/1272 1386/1797/1272
f 1373/1765/1273 1388/1798/1274 1383/1799/1275
f 1377/1789/1276 1388/1798/1274 1380/1764/1277
f 1377/1788/1278 1385/1800/1278 1386/1801/1278
f 1373/1802/1279 1384/1803/1279 1374/1804/1280
f 1315/1805/168 1390/1806/168 1389/1807/168
f 1389/1807/168 1392/1808/168 1391/1809/168
f 1390/1806/168 1393/1810/168 1394/1811/168
f 1390/1806/168 1396/1812/168 1395/1813/168
f 1301/1814/169 1398/1814/169 1397/1814/169
f 1397/1815/1281 1400/1816/1281 1399/1817/1281
f 1400/1816/1282 1401/1818/1283 1399/1817/1284
f 1400/1816/168 1404/1819/168 1402/1820/168
f 1403/1821/168 1405/1822/168 1406/1823/168
f 1348/1824/1285 1306/1694/1285 1308/1693/1285
f 1308/1748/1286 1407/1825/1287 1348/1826/1286
f 1408/1747/1288 1411/1827/1289 1410/1828/1290
f 1408/1747/1291 1412/1829/1292 1407/1825/1287
f 1358/1830/169 1414/1830/169 1415/1830/169
f 1415/1831/1293 1416/1832/1294 1417/1833/1295
f 1417/1833/1295 1418/1834/1296 1419/1835/1297
f 1464/1836/1298 1472/1837/1299 1432/1838/1299
f 1429/1839/1300 1441/1840/1301 1427/1841/1302
f 1462/1842/1303 1427/1843/1304 1463/1844/1305
f 1479/1845/1306 1436/1846/1307 1453/1847/1308
f 1428/1848/1309 1424/1849/1126 1426/1850/1309
f 1466/1851/1310 1429/1852/1311 1460/1853/1312
f 1425/1854/1313 1429/1839/1314 1427/1841/1315
f 1448/1855/1316 1422/1856/1317 1423/1857/1318
f 1465/1858/1319 1425/1859/1320 1462/1842/1321
f 1425/1854/1139 1437/1860/1139 1431/1861/1139
f 1461/1862/1322 1432/1838/1323 1421/1863/1324
f 1449/1864/1325 1433/1865/1326 1422/1856/1327
f 1453/1847/1328 1430/1866/1329 1450/1867/1330
f 1430/1868/1149 1434/1869/1149 1424/1849/1149
f 1467/1870/1331 1423/1857/1332 1463/1844/1333
f 1426/1871/1334 1442/1872/1154 1428/1873/1334
f 1451/1874/1335 1438/1875/1335 1420/1876/1336
f 1454/1877/1337 1426/1878/1338 1448/1855/1339
f 1470/1879/168 1457/1880/168 1468/1881/168
f 1442/1882/168 1468/1881/168 1455/1883/168
f 1455/1883/168 1471/1884/168 1438/1875/168
f 1446/1885/168 1459/1886/168 1471/1884/168
f 1458/1887/168 1469/1888/168 1459/1886/168
f 1438/1875/168 1459/1886/168 1466/1851/168
f 1439/1889/1340 1448/1855/1341 1423/1857/1342
f 1428/1890/1336 1455/1883/1336 1451/1874/1335
f 1468/1881/168 1446/1885/168 1471/1884/168
f 1432/1838/1323 1450/1867/1330 1421/1863/1324
f 1424/1891/1343 1452/1892/1344 1449/1864/1345
f 1426/1878/1346 1449/1864/1347 1448/1855/1348
f 1436/1893/1169 1474/1894/1169 1434/1869/1169
f 1459/1886/168 1443/1895/168 1466/1851/168
f 1427/1843/1349 1467/1870/1350 1463/1844/1351
f 1431/1896/1352 1464/1836/1353 1461/1862/1354
f 1433/1865/1355 1462/1842/1321 1422/1856/1356
f 1420/1876/1357 1466/1851/1310 1460/1853/1312
f 1472/1837/1299 1453/1847/1308 1432/1838/1299
f 1422/1856/1358 1463/1844/1359 1423/1857/1360
f 1481/1897/1361 1485/1898/1362 1475/1899/1363
f 1473/1900/1364 1491/1901/1365 1481/1897/1361
f 1488/1902/1366 1473/1900/1366 1478/1903/1366
f 1487/1904/1367 1480/1905/1368 1477/1906/1369
f 1477/1906/1370 1464/1836/1371 1437/1907/1372
f 1433/1865/1373 1481/1897/1373 1465/1858/1373
f 1452/1892/1374 1473/1900/1375 1433/1865/1375
f 1434/1908/1376 1478/1903/1377 1452/1892/1374
f 1465/1858/1378 1475/1899/1379 1435/1909/1380
f 1537/1910/1381 1431/1911/1382 1437/1912/1383
f 1494/1913/1384 1488/1902/1384 1484/1914/1384
f 1491/1901/1385 1495/1915/1386 1485/1898/1387
f 1493/1916/1388 1491/1901/1389 1483/1917/1390
f 1498/1918/1391 1483/1917/1392 1488/1902/1393
f 1474/1919/1394 1488/1902/1395 1478/1903/1396
f 1472/1837/168 1489/1920/168 1479/1845/168
f 1475/1921/1220 1487/1922/1220 1477/1923/1220
f 1486/1924/1222 1474/1894/1221 1476/1925/1221
f 1489/1920/168 1476/1926/168 1479/1845/168
f 1490/1927/168 1472/1837/168 1480/1905/168
f 1492/1928/1397 1509/1929/1398 1499/1930/1399
f 1504/1931/1400 1498/1918/1401 1494/1913/1402
f 1501/1932/1403 1505/1933/1404 1495/1915/1405
f 1493/1916/1406 1511/1934/1407 1501/1932/1408
f 1482/1935/1409 1499/1930/1410 1489/1920/1410
f 1495/1936/1238 1487/1922/1238 1485/1937/1238
f 1496/1938/1239 1484/1939/1239 1486/1924/1239
f 1489/1920/1411 1496/1940/1412 1486/1941/168
f 1490/1927/1413 1492/1928/1409 1482/1935/1409
f 1497/1942/1414 1490/1927/1415 1487/1904/1367
f 1504/1931/1416 1516/1943/1417 1508/1944/1418
f 1510/1945/1419 1505/1946/1420 1511/1947/1421
f 1516/1943/1422 1503/1948/1423 1508/1944/1424
f 1503/1949/1425 1510/1950/1426 1511/1951/1427
f 1505/1946/1259 1497/1952/1259 1495/1936/1259
f 1506/1953/1260 1494/1954/1260 1496/1938/1260
f 1499/1930/1399 1506/1955/1428 1496/1940/1429
f 1510/1956/168 1492/1928/168 1500/1957/168
f 1507/1958/1430 1500/1957/1431 1497/1942/1432
f 1508/1944/1433 1493/1916/1434 1498/1918/1435
f 1516/1959/1270 1512/1960/1270 1513/1961/1270
f 1514/1962/1272 1517/1963/1272 1516/1964/1272
f 1502/1965/1436 1517/1966/1437 1509/1929/1438
f 1517/1966/1437 1506/1955/1439 1509/1929/1438
f 1506/1953/1278 1514/1967/1278 1504/1968/1278
f 1513/1969/1280 1502/1970/1279 1503/1971/1279
f 1444/1972/1440 1519/1973/47 1445/1974/1440
f 1518/1975/47 1521/1976/47 1519/1973/47
f 1519/1973/47 1522/1977/47 1445/1974/1440
f 1519/1973/47 1525/1978/47 1523/1979/47
f 1430/1980/169 1527/1980/169 1436/1980/169
f 1526/1981/1441 1529/1982/1441 1527/1983/1441
f 1530/1984/1442 1529/1982/1443 1528/1985/1444
f 1533/1986/47 1529/1982/47 1531/1987/47
f 1532/1988/47 1534/1989/47 1529/1982/47
f 1435/1990/1285 1477/1923/1285 1437/1860/1285
f 1536/1991/1445 1437/1912/1445 1477/1992/1445
f 1537/1910/1381 1540/1993/1446 1538/1994/1447
f 1541/1995/1448 1537/1910/1448 1536/1991/1449
f 1487/1996/169 1543/1996/169 1477/1996/169
f 1544/1997/1450 1545/1998/1451 1543/1999/1452
f 1546/2000/1453 1547/2001/1454 1545/1998/1451
f 1593/2002/1 1601/2003/2 1609/2004/1
f 1558/2005/1455 1570/2006/1456 1572/2007/1457
f 1556/2008/6 1591/2009/389 1592/2010/8
f 1565/2011/9 1608/2012/10 1582/2013/11
f 1557/2014/12 1553/2015/13 1559/2016/13
f 1558/2017/14 1595/2018/15 1589/2019/16
f 1558/2005/17 1554/2020/18 1556/2021/19
f 1577/2022/20 1551/2023/21 1578/2024/22
f 1554/2025/23 1594/2026/24 1591/2009/25
f 1554/2027/26 1566/2028/26 1564/2029/26
f 1590/2030/27 1561/2031/28 1593/2002/29
f 1578/2024/30 1562/2032/31 1581/2033/32
f 1559/2034/33 1582/2013/34 1579/2035/35
f 1559/2016/350 1563/2036/36 1565/2037/36
f 1552/2038/37 1596/2039/38 1592/2010/39
f 1555/2040/40 1571/2041/41 1569/2042/42
f 1580/2043/43 1567/2044/43 1584/2045/51
f 1555/2046/44 1583/2047/1458 1577/2022/46
f 1599/2048/47 1586/2049/47 1576/2050/47
f 1571/2051/47 1597/2052/47 1599/2048/47
f 1584/2045/47 1600/2053/47 1597/2052/47
f 1588/2054/47 1575/2055/47 1600/2053/47
f 1598/2056/47 1587/2057/47 1588/2054/47
f 1567/2044/47 1588/2054/47 1600/2053/47
f 1577/2022/48 1568/2058/49 1552/2038/50
f 1557/2059/43 1584/2045/51 1571/2051/51
f 1597/2052/47 1575/2055/47 1586/2049/47
f 1579/2035/35 1561/2031/28 1550/2060/52
f 1553/2061/53 1581/2033/54 1563/2062/55
f 1555/2046/56 1578/2024/57 1553/2061/58
f 1565/2037/59 1603/2063/59 1605/2064/60
f 1572/2065/47 1588/2054/47 1595/2018/47
f 1556/2008/61 1596/2039/1459 1570/2066/63
f 1560/2067/64 1593/2002/65 1566/2068/66
f 1591/2009/25 1562/2032/67 1551/2023/68
f 1549/2069/1460 1595/2018/15 1567/2044/1460
f 1582/2013/11 1601/2003/2 1561/2031/70
f 1592/2010/71 1551/2023/72 1552/2038/73
f 1610/2070/74 1614/2071/75 1620/2072/76
f 1602/2073/354 1620/2072/76 1612/2074/354
f 1602/2073/78 1617/2075/78 1607/2076/78
f 1609/2004/79 1616/2077/80 1606/2078/81
f 1593/2002/82 1606/2078/83 1566/2068/84
f 1562/2032/85 1610/2070/85 1602/2073/85
f 1581/2033/86 1602/2073/87 1607/2076/88
f 1563/2062/89 1607/2076/88 1603/2079/90
f 1594/2026/91 1604/2080/92 1610/2070/93
f 1560/2081/94 1666/2082/95 1566/2083/96
f 1617/2075/97 1623/2084/97 1613/2085/97
f 1620/2072/98 1624/2086/99 1630/2087/100
f 1620/2072/101 1622/2088/102 1612/2074/103
f 1612/2074/104 1627/2089/105 1617/2075/106
f 1603/2079/107 1617/2075/108 1613/2085/109
f 1601/2003/47 1618/2090/47 1611/2091/47
f 1604/2092/110 1616/2093/110 1614/2094/110
f 1603/2063/111 1615/2095/111 1605/2064/111
f 1605/2096/47 1618/2090/47 1608/2012/47
f 1601/2003/47 1619/2097/47 1609/2004/47
f 1621/2098/112 1638/2099/113 1631/2100/114
f 1627/2089/115 1633/2101/116 1623/2084/117
f 1630/2087/398 1634/2102/119 1640/2103/120
f 1622/2088/399 1640/2103/122 1632/2104/1461
f 1611/2091/124 1628/2105/125 1621/2098/124
f 1616/2093/126 1624/2106/126 1614/2094/126
f 1613/2107/127 1625/2108/127 1615/2095/127
f 1618/2090/128 1625/2109/129 1628/2105/130
f 1619/2097/131 1621/2098/124 1629/2110/131
f 1619/2097/132 1626/2111/133 1616/2077/80
f 1633/2101/134 1645/2112/135 1643/2113/136
f 1634/2114/137 1639/2115/402 1640/2116/403
f 1632/2104/140 1645/2112/357 1637/2117/404
f 1632/2118/143 1639/2115/144 1631/2119/145
f 1626/2120/146 1634/2114/146 1624/2106/146
f 1623/2121/148 1635/2122/148 1625/2108/148
f 1628/2105/149 1635/2123/150 1638/2099/113
f 1621/2098/47 1639/2124/47 1629/2110/47
f 1629/2110/151 1636/2125/152 1626/2111/153
f 1622/2088/154 1637/2117/155 1627/2089/359
f 1645/2126/157 1641/2127/157 1646/2128/157
f 1643/2129/158 1646/2130/158 1644/2131/362
f 1631/2100/159 1646/2132/160 1641/2133/161
f 1635/2123/162 1646/2132/160 1638/2099/163
f 1635/2122/164 1643/2134/165 1644/2135/165
f 1631/2119/329 1642/2136/166 1632/2118/329
f 1573/2137/1462 1648/2138/168 1647/2139/168
f 1647/2139/168 1650/2140/168 1649/2141/168
f 1648/2138/168 1651/2142/168 1652/2143/168
f 1648/2138/168 1654/2144/168 1653/2145/168
f 1559/2146/169 1656/2146/169 1655/2146/169
f 1655/2147/170 1658/2148/170 1657/2149/170
f 1658/2148/171 1659/2150/364 1657/2149/173
f 1658/2148/168 1662/2151/168 1660/2152/168
f 1661/2153/168 1663/2154/168 1664/2155/168
f 1606/2156/174 1564/2157/174 1566/2158/174
f 1566/2083/406 1665/2159/176 1606/2160/175
f 1666/2082/177 1669/2161/178 1668/2162/179
f 1666/2082/180 1670/2163/181 1665/2159/176
f 1616/2164/169 1672/2164/169 1673/2164/169
f 1673/2165/182 1674/2166/183 1675/2167/184
f 1675/2167/184 1676/2168/185 1677/2169/185
f 1722/2170/187 1730/2171/188 1690/2172/188
f 1687/2173/407 1699/2174/1463 1685/2175/408
f 1720/2176/192 1685/2177/193 1721/2178/194
f 1737/2179/195 1694/2180/196 1711/2181/197
f 1686/2182/12 1682/2183/13 1684/2184/12
f 1724/2185/366 1687/2186/367 1718/2187/200
f 1683/2188/201 1687/2173/202 1685/2175/203
f 1706/2189/204 1680/2190/205 1681/2191/206
f 1723/2192/368 1683/2193/208 1720/2176/209
f 1683/2194/26 1695/2195/26 1689/2196/370
f 1719/2197/210 1690/2172/211 1679/2198/212
f 1707/2199/213 1691/2200/214 1680/2190/371
f 1711/2181/216 1688/2201/217 1708/2202/218
f 1688/2203/219 1692/2204/36 1682/2183/219
f 1725/2205/220 1681/2191/221 1721/2178/372
f 1684/2206/223 1700/2207/41 1686/2208/223
f 1709/2209/224 1696/2210/224 1678/2211/224
f 1712/2212/225 1684/2213/226 1706/2189/227
f 1728/2214/168 1715/2215/168 1726/2216/168
f 1700/2217/168 1726/2216/168 1713/2218/168
f 1713/2218/168 1729/2219/168 1696/2210/168
f 1704/2220/168 1717/2221/168 1729/2219/168
f 1716/2222/168 1727/2223/168 1717/2221/168
f 1696/2210/168 1717/2221/168 1724/2185/168
f 1697/2224/1464 1706/2189/229 1681/2191/411
f 1686/2225/224 1713/2218/224 1709/2209/224
f 1726/2216/168 1704/2220/168 1729/2219/168
f 1690/2172/211 1708/2202/218 1679/2198/212
f 1682/2226/231 1710/2227/232 1707/2199/233
f 1684/2213/234 1707/2199/235 1706/2189/236
f 1694/2228/59 1732/2229/59 1692/2204/59
f 1717/2221/168 1701/2230/168 1724/2185/168
f 1685/2177/237 1725/2205/238 1721/2178/376
f 1689/2231/240 1722/2170/241 1719/2197/242
f 1691/2200/243 1720/2176/209 1680/2190/244
f 1678/2211/245 1724/2185/366 1718/2187/200
f 1730/2171/188 1711/2181/197 1690/2172/188
f 1680/2190/246 1721/2178/247 1681/2191/248
f 1739/2232/249 1743/2233/250 1733/2234/1465
f 1731/2235/252 1749/2236/253 1739/2232/249
f 1746/2237/254 1731/2235/254 1736/2238/254
f 1745/2239/255 1738/2240/256 1735/2241/257
f 1735/2241/258 1722/2170/259 1695/2242/260
f 1691/2200/261 1739/2232/261 1723/2192/261
f 1710/2227/262 1731/2235/263 1691/2200/263
f 1692/2243/264 1736/2238/265 1710/2227/262
f 1723/2192/266 1733/2234/267 1693/2244/268
f 1795/2245/269 1689/2246/270 1695/2247/271
f 1752/2248/272 1746/2237/272 1742/2249/272
f 1749/2236/273 1753/2250/274 1743/2233/275
f 1751/2251/276 1749/2236/277 1741/2252/278
f 1756/2253/279 1741/2252/280 1746/2237/281
f 1732/2254/282 1746/2237/283 1736/2238/284
f 1730/2171/168 1747/2255/168 1737/2179/168
f 1733/2256/110 1745/2257/110 1735/2258/110
f 1744/2259/111 1732/2229/111 1734/2260/111
f 1747/2255/168 1734/2261/168 1737/2179/168
f 1748/2262/168 1730/2171/168 1738/2240/168
f 1750/2263/285 1767/2264/286 1757/2265/382
f 1762/2266/288 1756/2253/289 1752/2248/290
f 1759/2267/291 1763/2268/292 1753/2250/1466
f 1751/2251/294 1769/2269/295 1759/2267/296
f 1740/2270/297 1757/2265/298 1747/2255/298
f 1753/2271/126 1745/2257/126 1743/2272/126
f 1754/2273/127 1742/2274/127 1744/2259/127
f 1747/2255/299 1754/2275/300 1744/2276/168
f 1748/2262/415 1750/2263/297 1740/2270/297
f 1755/2277/302 1748/2262/303 1745/2239/255
f 1762/2266/1467 1774/2278/305 1766/2279/1468
f 1768/2280/1469 1763/2281/308 1769/2282/309
f 1774/2278/310 1761/2283/311 1766/2279/312
f 1761/2284/313 1768/2280/314 1769/2282/384
f 1763/2281/146 1755/2285/146 1753/2271/146
f 1764/2286/148 1752/2287/147 1754/2273/147
f 1757/2265/382 1764/2288/316 1754/2275/317
f 1768/2289/168 1750/2263/168 1758/2290/168
f 1765/2291/318 1758/2290/319 1755/2277/320
f 1766/2279/321 1751/2251/322 1756/2253/323
f 1774/2292/157 1770/2293/157 1771/2294/157
f 1772/2295/158 1775/2296/158 1774/2297/158
f 1760/2298/325 1775/2299/326 1767/2264/327
f 1775/2299/326 1764/2288/386 1767/2264/327
f 1764/2286/164 1772/2300/164 1762/2301/164
f 1771/2302/329 1760/2303/329 1761/2284/329
f 1702/2304/47 1777/2305/47 1703/2306/47
f 1776/2307/47 1779/2308/47 1777/2305/47
f 1777/2305/47 1780/2309/47 1703/2306/47
f 1777/2305/47 1783/2310/47 1781/2311/47
f 1688/2312/169 1785/2312/169 1694/2312/169
f 1784/2313/330 1787/2314/330 1785/2315/330
f 1788/2316/331 1787/2314/419 1786/2317/333
f 1791/2318/47 1787/2314/47 1789/2319/47
f 1790/2320/47 1792/2321/47 1787/2314/47
f 1693/2322/174 1735/2258/174 1695/2323/174
f 1794/2324/334 1695/2247/334 1735/2325/334
f 1795/2245/269 1798/2326/336 1796/2327/337
f 1799/2328/387 1795/2245/338 1794/2324/340
f 1745/2329/169 1801/2329/169 1735/2329/169
f 1802/2330/341 1803/2331/342 1801/2332/343
f 1804/2333/420 1805/2334/345 1803/2331/342
f 45/1/1 13/30/70 53/2/2
f 10/4/3 8/20/1470 22/5/4
f 8/7/6 6/24/1471 43/8/7
f 17/10/9 57/95/1472 60/11/10
f 9/13/12 7/2335/12 5/14/13
f 10/16/14 24/64/1473 47/17/15
f 10/4/17 12/2336/1474 6/19/18
f 29/21/20 4/37/1475 3/22/21
f 6/24/23 16/2337/1476 46/25/24
f 6/26/26 12/2338/370 18/27/26
f 42/29/27 2/59/52 13/30/28
f 30/23/30 3/22/1477 14/31/31
f 11/33/33 17/10/1478 34/12/34
f 11/15/36 5/14/36 15/35/36
f 4/37/37 20/57/1479 48/38/38
f 7/39/40 9/2339/40 23/40/41
f 32/42/43 1/68/43 19/43/43
f 7/45/44 21/2340/1480 35/46/45
f 51/47/47 49/51/47 38/48/47
f 23/50/47 36/44/47 49/51/47
f 36/44/47 19/43/47 52/52/47
f 40/53/47 39/56/47 27/54/47
f 50/55/47 37/2341/47 39/56/47
f 19/43/47 47/17/47 40/53/47
f 29/21/48 35/46/1481 20/57/49
f 9/58/43 32/42/43 36/44/43
f 49/51/47 52/52/47 27/54/47
f 31/34/35 34/12/34 13/30/28
f 5/60/53 30/23/1482 33/32/54
f 7/45/56 29/21/1483 30/23/57
f 17/36/59 15/35/59 55/62/59
f 24/64/47 50/55/47 40/53/47
f 8/7/61 44/9/1484 48/38/62
f 12/66/64 42/29/1485 45/1/65
f 43/8/25 46/25/24 14/31/67
f 1/68/69 41/18/16 47/17/15
f 34/12/11 60/11/10 53/2/2
f 44/9/71 43/8/1486 3/22/72
f 62/69/74 56/79/1487 66/70/75
f 54/72/77 62/69/74 72/71/76
f 54/72/78 64/73/78 69/74/78
f 61/3/79 71/96/132 68/76/80
f 45/1/82 61/3/1488 58/77/83
f 14/31/85 46/25/85 62/69/85
f 33/32/86 14/31/1489 54/72/87
f 15/61/89 33/32/86 59/75/88
f 46/25/91 16/2337/1490 56/79/92
f 12/80/94 119/2342/1491 118/81/95
f 69/74/97 79/88/97 75/83/97
f 72/71/98 66/70/1492 76/85/99
f 72/71/101 82/86/1493 74/87/102
f 64/73/104 74/87/1494 79/88/105
f 55/78/107 59/75/1495 69/74/108
f 53/2/47 60/11/47 70/89/47
f 56/91/110 58/155/110 68/92/110
f 55/62/111 65/106/111 67/94/111
f 57/95/47 67/2343/47 70/89/47
f 53/2/47 63/90/47 71/96/47
f 73/97/112 80/104/149 90/98/113
f 79/88/115 89/116/1496 85/100/116
f 82/86/118 76/85/1497 86/101/119
f 74/87/121 82/86/1498 92/102/122
f 63/90/124 70/89/125 80/104/125
f 68/92/126 78/119/126 76/105/126
f 65/106/127 75/120/127 77/107/127
f 70/89/128 67/2343/47 77/108/129
f 71/96/131 63/90/124 73/97/124
f 71/96/132 81/109/1499 78/110/133
f 85/100/134 89/116/1500 97/111/135
f 86/113/137 88/2344/1501 91/114/138
f 84/103/140 94/2345/1502 97/111/141
f 84/117/143 92/115/1503 91/114/144
f 78/119/146 88/2344/146 86/113/146
f 75/120/147 85/2346/148 87/121/148
f 80/104/149 77/108/1504 87/122/150
f 73/97/47 83/99/47 91/123/47
f 81/109/151 91/123/47 88/124/152
f 74/87/154 84/103/1505 89/116/155
f 97/125/157 94/2347/324 93/126/157
f 95/128/158 97/2348/158 98/129/158
f 83/99/159 90/98/163 98/131/160
f 87/122/162 96/2349/1506 98/131/160
f 87/121/164 85/2346/164 95/133/165
f 83/118/166 93/2350/166 94/135/166
f 25/136/167 26/2351/168 100/137/168
f 99/138/168 100/137/168 102/139/168
f 100/137/168 26/2351/168 103/141/168
f 100/137/168 104/142/168 106/143/168
f 11/145/169 17/145/169 108/145/169
f 107/146/170 108/2352/170 110/147/170
f 110/147/171 112/151/1507 111/149/172
f 110/147/168 113/152/168 114/150/168
f 113/152/168 110/147/168 115/153/168
f 58/155/174 56/91/174 16/156/174
f 18/82/175 118/81/180 117/158/176
f 118/81/177 119/2342/1508 121/160/178
f 118/81/180 123/2353/1509 122/162/181
f 68/163/169 58/163/169 124/163/169
f 125/164/182 124/2354/1510 126/165/183
f 127/166/184 126/165/183 128/167/185
f 174/169/187 190/239/187 182/170/188
f 139/172/189 153/2355/1511 151/173/190
f 172/175/192 135/192/1512 137/176/193
f 189/178/195 186/260/1513 146/179/196
f 138/181/12 140/202/13 134/182/13
f 176/184/198 153/229/1514 139/185/199
f 135/187/201 141/2356/1474 139/172/202
f 158/188/204 159/198/1515 132/189/205
f 175/191/207 145/243/1516 135/192/208
f 135/193/26 145/2357/26 147/194/26
f 171/196/210 174/169/1517 142/171/211
f 159/198/213 162/226/1518 143/199/214
f 163/180/216 146/179/1519 140/200/217
f 140/202/219 146/227/36 144/203/36
f 177/204/220 149/223/1520 133/190/221
f 136/205/223 150/2358/42 152/206/41
f 161/208/224 165/217/224 148/209/224
f 164/211/225 150/2359/1521 136/212/226
f 180/213/168 157/2360/168 167/214/168
f 152/216/168 180/213/168 178/215/168
f 165/217/168 178/215/168 181/218/168
f 156/219/168 168/221/168 169/220/168
f 168/221/168 166/2361/168 179/222/168
f 148/209/168 181/218/168 169/220/168
f 149/223/228 164/211/1522 158/188/229
f 138/224/224 152/216/224 165/217/224
f 178/215/168 167/214/168 156/219/168
f 142/171/211 163/180/216 160/201/218
f 134/225/231 144/242/1523 162/226/232
f 136/212/234 134/225/1524 159/198/235
f 146/227/59 186/259/60 184/228/60
f 169/220/168 179/222/168 153/229/168
f 137/176/237 151/2362/1525 177/204/238
f 141/230/240 147/241/1526 174/169/241
f 143/199/243 175/191/207 172/175/209
f 130/210/245 148/209/378 176/184/198
f 182/170/188 189/178/195 163/180/197
f 132/189/246 172/175/1527 173/177/247
f 191/231/249 201/235/253 195/232/250
f 183/234/252 193/251/252 201/235/253
f 198/236/254 193/251/254 183/234/254
f 197/238/255 200/261/303 190/239/256
f 187/240/258 190/239/1528 174/169/259
f 143/199/261 183/234/261 191/231/261
f 162/226/262 188/237/265 183/234/263
f 144/242/264 184/253/1529 188/237/265
f 175/191/266 191/231/1530 185/233/267
f 247/244/269 248/326/337 141/245/270
f 204/247/272 208/252/272 198/236/272
f 201/235/273 211/266/1531 205/249/274
f 203/250/276 211/266/1532 201/235/277
f 208/252/279 203/250/1533 193/251/280
f 184/253/282 194/248/1534 198/236/283
f 182/170/168 192/269/168 199/254/168
f 185/255/110 195/271/110 197/256/110
f 196/258/111 194/273/111 184/228/111
f 199/254/168 196/275/168 186/260/168
f 200/261/168 192/269/168 182/170/168
f 202/262/285 212/297/1535 219/263/286
f 214/265/288 218/278/1536 208/252/289
f 211/266/291 221/268/1537 215/267/292
f 203/250/294 213/282/1538 221/268/295
f 192/269/297 202/262/297 209/264/298
f 205/270/126 207/284/126 197/256/126
f 206/272/127 204/286/127 194/273/127
f 199/254/299 209/264/1539 206/274/300
f 200/261/301 210/289/301 202/262/297
f 207/276/302 210/289/1540 200/261/303
f 214/265/304 224/2363/1541 226/277/305
f 220/279/307 217/2364/1501 215/280/308
f 226/277/310 223/2365/1542 213/282/311
f 213/283/313 212/302/145 220/279/314
f 215/280/146 217/2364/146 207/284/146
f 216/285/148 214/300/148 204/286/147
f 209/264/287 219/263/286 216/287/316
f 220/288/168 212/297/168 202/262/168
f 217/290/318 220/288/168 210/289/319
f 218/278/321 213/282/1543 203/250/322
f 226/291/157 227/2366/360 222/292/324
f 224/294/158 225/2367/362 227/295/158
f 212/297/325 222/2368/1544 227/298/326
f 227/298/326 225/2369/1545 216/287/328
f 216/285/164 225/2370/164 224/299/164
f 223/301/329 222/2371/329 212/302/329
f 154/303/47 228/306/47 229/304/47
f 228/306/47 230/2372/47 231/307/47
f 229/304/47 233/310/47 232/308/47
f 229/304/47 234/2373/47 235/309/47
f 140/311/169 236/311/169 237/311/169
f 236/312/330 238/316/330 239/313/330
f 240/315/331 241/318/1546 239/313/332
f 243/317/47 242/319/47 239/313/47
f 242/319/47 245/2374/47 244/320/47
f 145/321/174 185/255/174 187/257/174
f 246/323/334 247/244/335 147/246/335
f 247/244/269 249/2375/1547 250/325/336
f 251/327/338 252/2376/1548 247/244/339
f 197/328/169 254/328/169 253/328/169
f 254/329/341 256/332/344 255/330/342
f 256/332/344 258/2377/345 257/333/345
f 303/334/1 271/363/70 311/335/70
f 268/337/3 266/353/1470 280/338/346
f 266/340/6 264/357/1471 301/341/7
f 275/343/9 315/428/1472 318/344/348
f 267/346/12 265/2378/12 263/347/13
f 268/349/14 282/397/1473 305/350/15
f 268/337/17 270/2379/1474 264/352/18
f 287/354/349 262/370/1475 261/355/21
f 264/357/23 274/2380/1476 304/358/24
f 264/359/26 270/2381/370 276/360/26
f 300/362/27 260/392/52 271/363/28
f 288/356/30 261/355/1477 272/364/31
f 269/366/33 275/343/1478 292/345/34
f 269/348/350 263/347/350 273/368/36
f 262/370/37 278/390/1479 306/371/38
f 265/372/40 267/2382/40 281/373/41
f 290/375/51 259/401/51 277/376/51
f 265/378/44 279/2383/1480 293/379/45
f 309/380/47 307/384/47 296/381/47
f 281/383/47 294/377/47 307/384/47
f 294/377/47 277/376/47 310/385/47
f 298/386/47 297/389/47 285/387/47
f 308/388/47 295/2384/47 297/389/47
f 277/376/47 305/350/47 298/386/47
f 287/354/48 293/379/1549 278/390/49
f 267/391/43 290/375/51 294/377/51
f 307/384/47 310/385/47 285/387/47
f 289/367/35 292/345/34 271/363/28
f 263/393/351 288/356/1482 291/365/54
f 265/378/56 287/354/1483 288/356/352
f 275/369/59 273/368/59 313/395/59
f 282/397/47 308/388/47 298/386/47
f 266/340/61 302/342/1550 306/371/62
f 270/399/64 300/362/1485 303/334/65
f 301/341/25 304/358/24 272/364/67
f 259/401/69 299/351/16 305/350/15
f 292/345/11 318/344/348 311/335/70
f 302/342/71 301/341/1486 261/355/72
f 320/402/74 314/412/1487 324/403/75
f 312/405/77 320/402/74 330/404/76
f 312/405/78 322/406/78 327/407/78
f 319/336/79 329/429/132 326/409/80
f 303/334/82 319/336/1488 316/410/83
f 272/364/85 304/358/85 320/402/85
f 291/365/86 272/364/1489 312/405/87
f 273/394/89 291/365/86 317/408/88
f 304/358/91 274/2380/1490 314/412/92
f 270/413/94 377/2385/1491 376/414/95
f 327/407/97 337/421/97 333/416/97
f 330/404/98 324/403/1492 334/418/99
f 330/404/101 340/419/1493 332/420/102
f 322/406/104 332/420/1494 337/421/105
f 313/411/107 317/408/1495 327/407/108
f 311/335/47 318/344/47 328/422/47
f 314/424/110 316/488/110 326/425/110
f 313/395/111 323/439/111 325/427/111
f 315/428/47 325/2386/47 328/422/47
f 311/335/47 321/423/47 329/429/47
f 331/430/112 338/437/358 348/431/113
f 337/421/115 347/449/1496 343/433/116
f 340/419/118 334/418/1497 344/434/119
f 332/420/121 340/419/1498 350/435/122
f 321/423/124 328/422/125 338/437/125
f 326/425/126 336/452/126 334/438/126
f 323/439/127 333/453/127 335/440/127
f 328/422/128 325/2386/47 335/441/129
f 329/429/131 321/423/124 331/430/124
f 329/429/132 339/442/1499 336/443/133
f 343/433/356 347/449/1500 355/444/135
f 344/446/137 346/2387/1501 349/447/138
f 342/436/140 352/2388/1551 355/444/357
f 342/450/143 350/448/1552 349/447/144
f 336/452/146 346/2387/146 344/446/146
f 333/453/148 343/2389/148 345/454/148
f 338/437/358 335/441/1504 345/455/150
f 331/430/47 341/432/47 349/456/47
f 339/442/151 349/456/47 346/457/152
f 332/420/154 342/436/1505 347/449/155
f 355/458/157 352/2390/324 351/459/157
f 353/461/158 355/2391/361 356/462/361
f 341/432/159 348/431/163 356/464/160
f 345/455/162 354/2392/1506 356/464/160
f 345/454/164 343/2389/164 353/466/165
f 341/451/329 351/2393/166 352/468/166
f 283/469/168 284/2394/168 358/470/168
f 357/471/168 358/470/168 360/472/168
f 358/470/168 284/2394/168 361/474/168
f 358/470/168 362/475/168 364/476/168
f 269/478/169 275/478/169 366/478/169
f 365/479/170 366/2395/170 368/480/170
f 368/480/363 370/484/1507 369/482/364
f 368/480/168 371/485/168 372/483/168
f 371/485/168 368/480/168 373/486/168
f 316/488/174 314/424/174 274/489/174
f 276/415/175 376/414/180 375/491/176
f 376/414/365 377/2385/1508 379/493/178
f 376/414/180 381/2396/1509 380/495/181
f 326/496/169 316/496/169 382/496/169
f 383/497/182 382/2397/1510 384/498/183
f 385/499/184 384/498/183 386/500/185
f 432/502/187 448/572/187 440/503/188
f 397/505/189 411/2398/1553 409/506/190
f 430/508/192 393/525/1512 395/509/193
f 447/511/195 444/593/1513 404/512/196
f 396/514/12 398/535/13 392/515/13
f 434/517/366 411/562/1554 397/518/367
f 393/520/201 399/2399/1474 397/505/202
f 416/521/204 417/531/1515 390/522/205
f 433/524/368 403/576/1555 393/525/369
f 393/526/26 403/2400/26 405/527/26
f 429/529/210 432/502/1517 400/504/211
f 417/531/213 420/559/1518 401/532/214
f 421/513/216 404/512/1519 398/533/217
f 398/535/36 404/560/36 402/536/36
f 435/537/220 407/556/1520 391/523/221
f 394/538/223 408/2401/41 410/539/41
f 419/541/224 423/550/373 406/542/224
f 422/544/225 408/2402/1521 394/545/226
f 438/546/168 415/2403/168 425/547/168
f 410/549/168 438/546/168 436/548/168
f 423/550/168 436/548/168 439/551/168
f 414/552/168 426/554/168 427/553/168
f 426/554/168 424/2404/168 437/555/168
f 406/542/168 439/551/168 427/553/168
f 407/556/228 422/544/1522 416/521/229
f 396/557/224 410/549/373 423/550/373
f 436/548/168 425/547/168 414/552/168
f 400/504/211 421/513/216 418/534/218
f 392/558/231 402/575/1556 420/559/374
f 394/545/234 392/558/1524 417/531/235
f 404/560/60 444/592/60 442/561/60
f 427/553/168 437/555/168 411/562/168
f 395/509/237 409/2405/1525 435/537/238
f 399/563/240 405/574/1526 432/502/241
f 401/532/243 433/524/368 430/508/209
f 388/543/378 406/542/1557 434/517/366
f 440/503/188 447/511/195 421/513/197
f 390/522/246 430/508/1558 431/510/247
f 449/564/249 459/568/253 453/565/380
f 441/567/252 451/584/252 459/568/253
f 456/569/254 451/584/254 441/567/254
f 455/571/255 458/594/303 448/572/256
f 445/573/258 448/572/1528 432/502/259
f 401/532/261 441/567/261 449/564/261
f 420/559/262 446/570/265 441/567/263
f 402/575/264 442/586/1529 446/570/265
f 433/524/266 449/564/1559 443/566/267
f 505/577/269 506/659/337 399/578/270
f 462/580/272 466/585/272 456/569/272
f 459/568/273 469/599/1531 463/582/274
f 461/583/276 469/599/1532 459/568/277
f 466/585/279 461/583/1533 451/584/280
f 442/586/282 452/581/1534 456/569/283
f 440/503/168 450/602/168 457/587/168
f 443/588/110 453/604/110 455/589/110
f 454/591/111 452/606/111 442/561/111
f 457/587/168 454/608/168 444/593/168
f 458/594/168 450/602/168 440/503/168
f 460/595/285 470/630/1535 477/596/286
f 472/598/288 476/611/1536 466/585/289
f 469/599/291 479/601/1537 473/600/292
f 461/583/294 471/615/1538 479/601/295
f 450/602/297 460/595/297 467/597/298
f 463/603/126 465/617/126 455/589/126
f 464/605/127 462/619/127 452/606/127
f 457/587/299 467/597/1539 464/607/300
f 458/594/301 468/622/301 460/595/297
f 465/609/302 468/622/1540 458/594/303
f 472/598/383 482/2406/1560 484/610/305
f 478/612/307 475/2407/1501 473/613/308
f 484/610/310 481/2408/1542 471/615/311
f 471/616/313 470/635/145 478/612/314
f 473/613/146 475/2407/146 465/617/146
f 474/618/148 472/633/148 462/619/147
f 467/597/382 477/596/286 474/620/316
f 478/621/168 470/630/168 460/595/168
f 475/623/318 478/621/168 468/622/319
f 476/611/321 471/615/1543 461/583/322
f 484/624/157 485/2409/157 480/625/157
f 482/627/158 483/2410/158 485/628/158
f 470/630/325 480/2411/1544 485/631/326
f 485/631/326 483/2412/1545 474/620/386
f 474/618/164 483/2413/164 482/632/164
f 481/634/329 480/2414/329 470/635/166
f 412/636/47 486/639/47 487/637/47
f 486/639/47 488/2415/47 489/640/47
f 487/637/47 491/643/47 490/641/47
f 487/637/47 492/2416/47 493/642/47
f 398/644/169 494/644/169 495/644/169
f 494/645/330 496/649/330 497/646/330
f 498/648/331 499/651/1546 497/646/332
f 501/650/47 500/652/47 497/646/47
f 500/652/47 503/2417/47 502/653/47
f 403/654/174 443/588/174 445/590/174
f 504/656/334 505/577/334 405/579/334
f 505/577/269 507/2418/1547 508/658/336
f 509/660/387 510/2419/1548 505/577/338
f 455/661/169 512/661/169 511/661/169
f 512/662/341 514/665/344 513/663/342
f 514/665/344 516/2420/345 515/666/345
f 561/667/1 529/696/70 569/668/70
f 526/670/388 524/686/1561 538/671/4
f 524/673/6 522/690/1471 559/674/389
f 533/676/9 573/761/1472 576/677/10
f 525/679/12 523/2421/12 521/680/13
f 526/682/14 540/730/1473 563/683/15
f 526/670/17 528/2422/1474 522/685/18
f 545/687/20 520/703/1475 519/688/21
f 522/690/23 532/2423/1476 562/691/24
f 522/692/26 528/2424/26 534/693/26
f 558/695/27 518/725/52 529/696/28
f 546/689/30 519/688/1477 530/697/31
f 527/699/33 533/676/1478 550/678/34
f 527/681/350 521/680/350 531/701/36
f 520/703/37 536/723/1479 564/704/38
f 523/705/390 525/2425/390 539/706/391
f 548/708/51 517/734/51 535/709/51
f 523/711/44 537/2426/1480 551/712/45
f 567/713/47 565/717/47 554/714/47
f 539/716/47 552/710/47 565/717/47
f 552/710/47 535/709/47 568/718/47
f 556/719/47 555/722/47 543/720/47
f 566/721/47 553/2427/47 555/722/47
f 535/709/47 563/683/47 556/719/47
f 545/687/48 551/712/1481 536/723/49
f 525/724/43 548/708/51 552/710/51
f 565/717/47 568/718/47 543/720/47
f 547/700/35 550/678/34 529/696/28
f 521/726/351 546/689/1482 549/698/54
f 523/711/56 545/687/1483 546/689/57
f 533/702/59 531/701/59 571/728/59
f 540/730/47 566/721/47 556/719/47
f 524/673/394 560/675/1550 564/704/62
f 528/732/64 558/695/1485 561/667/65
f 559/674/25 562/691/24 530/697/67
f 517/734/69 557/684/16 563/683/15
f 550/678/11 576/677/10 569/668/70
f 560/675/71 559/674/1486 519/688/72
f 578/735/74 572/745/1487 582/736/395
f 570/738/354 578/735/74 588/737/76
f 570/738/78 580/739/78 585/740/78
f 577/669/79 587/762/132 584/742/80
f 561/667/396 577/669/1488 574/743/83
f 530/697/85 562/691/85 578/735/85
f 549/698/86 530/697/1489 570/738/87
f 531/727/89 549/698/86 575/741/88
f 562/691/91 532/2423/1490 572/745/92
f 528/746/94 635/2428/1491 634/747/95
f 585/740/97 595/754/97 591/749/97
f 588/737/98 582/736/1492 592/751/99
f 588/737/101 598/752/1493 590/753/102
f 580/739/104 590/753/1494 595/754/105
f 571/744/107 575/741/1495 585/740/108
f 569/668/47 576/677/47 586/755/47
f 572/757/110 574/821/110 584/758/110
f 571/728/111 581/772/111 583/760/111
f 573/761/47 583/2429/47 586/755/47
f 569/668/47 579/756/47 587/762/47
f 589/763/112 596/770/149 606/764/113
f 595/754/115 605/782/1496 601/766/116
f 598/752/398 592/751/1497 602/767/119
f 590/753/399 598/752/1498 608/768/122
f 579/756/124 586/755/125 596/770/125
f 584/758/126 594/785/126 592/771/126
f 581/772/127 591/786/127 593/773/127
f 586/755/128 583/2429/47 593/774/129
f 587/762/400 579/756/124 589/763/124
f 587/762/132 597/775/1499 594/776/133
f 601/766/134 605/782/1500 613/777/135
f 602/779/401 604/2430/1501 607/780/402
f 600/769/140 610/2431/1502 613/777/141
f 600/783/143 608/781/1552 607/780/144
f 594/785/146 604/2430/146 602/779/146
f 591/786/147 601/2432/148 603/787/148
f 596/770/149 593/774/1504 603/788/150
f 589/763/47 599/765/47 607/789/47
f 597/775/151 607/789/47 604/790/152
f 590/753/154 600/769/1505 605/782/155
f 613/791/157 610/2433/157 609/792/157
f 611/794/158 613/2434/158 614/795/158
f 599/765/159 606/764/163 614/797/160
f 603/788/162 612/2435/1506 614/797/160
f 603/787/164 601/2432/164 611/799/165
f 599/784/329 609/2436/166 610/801/166
f 541/802/168 542/2437/168 616/803/168
f 615/804/168 616/803/168 618/805/168
f 616/803/168 542/2437/168 619/807/168
f 616/803/168 620/808/168 622/809/168
f 527/811/169 533/811/169 624/811/169
f 623/812/170 624/2438/170 626/813/170
f 626/813/363 628/817/1507 627/815/364
f 626/813/168 629/818/168 630/816/168
f 629/818/168 626/813/168 631/819/168
f 574/821/174 572/757/174 532/822/405
f 534/748/406 634/747/180 633/824/176
f 634/747/177 635/2428/1508 637/826/178
f 634/747/180 639/2439/1509 638/828/181
f 584/829/169 574/829/169 640/829/169
f 641/830/182 640/2440/1510 642/831/183
f 643/832/184 642/831/183 644/833/185
f 690/835/187 706/905/187 698/836/188
f 655/838/407 669/2441/1511 667/839/190
f 688/841/192 651/858/1512 653/842/193
f 705/844/195 702/926/1513 662/845/196
f 654/847/12 656/868/13 650/848/13
f 692/850/366 669/895/1514 655/851/199
f 651/853/201 657/2442/1474 655/838/202
f 674/854/204 675/864/1515 648/855/205
f 691/857/368 661/909/1555 651/858/369
f 651/859/26 661/2443/26 663/860/26
f 687/862/210 690/835/1517 658/837/211
f 675/864/213 678/892/1518 659/865/214
f 679/846/216 662/845/1562 656/866/217
f 656/868/219 662/893/36 660/869/36
f 693/870/220 665/889/1563 649/856/221
f 652/871/223 666/2444/41 668/872/41
f 677/874/224 681/883/224 664/875/224
f 680/877/225 666/2445/1564 652/878/226
f 696/879/168 673/2446/168 683/880/168
f 668/882/168 696/879/168 694/881/168
f 681/883/168 694/881/168 697/884/168
f 672/885/168 684/887/168 685/886/168
f 684/887/168 682/2447/168 695/888/168
f 664/875/168 697/884/168 685/886/168
f 665/889/228 680/877/1522 674/854/229
f 654/890/224 668/882/224 681/883/224
f 694/881/168 683/880/168 672/885/168
f 658/837/211 679/846/216 676/867/218
f 650/891/231 660/908/1565 678/892/232
f 652/878/234 650/891/1524 675/864/235
f 662/893/59 702/925/60 700/894/59
f 685/886/168 695/888/168 669/895/168
f 653/842/237 667/2448/1525 693/870/412
f 657/896/240 663/907/1526 690/835/241
f 659/865/243 691/857/368 688/841/209
f 646/876/378 664/875/1557 692/850/366
f 698/836/188 705/844/195 679/846/197
f 648/855/246 688/841/1527 689/843/247
f 707/897/249 717/901/253 711/898/250
f 699/900/252 709/917/1566 717/901/253
f 714/902/254 709/917/254 699/900/254
f 713/904/255 716/927/303 706/905/256
f 703/906/413 706/905/1528 690/835/259
f 659/865/261 699/900/261 707/897/261
f 678/892/262 704/903/265 699/900/263
f 660/908/264 700/919/1529 704/903/265
f 691/857/266 707/897/1530 701/899/267
f 763/910/269 764/992/337 657/911/270
f 720/913/272 724/918/272 714/902/272
f 717/901/273 727/932/1531 721/915/274
f 719/916/276 727/932/1532 717/901/277
f 724/918/279 719/916/1533 709/917/280
f 700/919/282 710/914/1534 714/902/283
f 698/836/168 708/935/168 715/920/168
f 701/921/110 711/937/110 713/922/110
f 712/924/111 710/939/111 700/894/111
f 715/920/168 712/941/168 702/926/168
f 716/927/168 708/935/168 698/836/168
f 718/928/285 728/963/1535 735/929/286
f 730/931/288 734/944/1536 724/918/289
f 727/932/291 737/934/1537 731/933/292
f 719/916/294 729/948/1567 737/934/295
f 708/935/297 718/928/297 725/930/298
f 721/936/126 723/950/126 713/922/126
f 722/938/127 720/952/127 710/939/127
f 715/920/299 725/930/1539 722/940/300
f 716/927/415 726/955/301 718/928/297
f 723/942/302 726/955/1540 716/927/303
f 730/931/416 740/2449/1541 742/943/305
f 736/945/417 733/2450/1501 731/946/308
f 742/943/310 739/2451/1542 729/948/311
f 729/949/313 728/968/145 736/945/314
f 731/946/146 733/2450/146 723/950/146
f 732/951/148 730/966/148 720/952/148
f 725/930/382 735/929/286 732/953/316
f 736/954/168 728/963/168 718/928/168
f 733/956/318 736/954/168 726/955/319
f 734/944/321 729/948/1543 719/916/322
f 742/957/157 743/2452/157 738/958/157
f 740/960/158 741/2453/362 743/961/158
f 728/963/325 738/2454/1568 743/964/326
f 743/964/326 741/2455/1569 732/953/386
f 732/951/164 741/2456/164 740/965/164
f 739/967/329 738/2457/329 728/968/329
f 670/969/47 744/972/47 745/970/47
f 744/972/47 746/2458/47 747/973/47
f 745/970/47 749/976/47 748/974/47
f 745/970/47 750/2459/47 751/975/47
f 656/977/169 752/977/169 753/977/169
f 752/978/330 754/982/330 755/979/330
f 756/981/331 757/984/1546 755/979/419
f 759/983/47 758/985/47 755/979/47
f 758/985/47 761/2460/47 760/986/47
f 661/987/174 701/921/405 703/923/405
f 762/989/334 763/910/334 663/912/334
f 763/910/269 765/2461/1547 766/991/336
f 767/993/338 768/2462/1548 763/910/339
f 713/994/169 770/994/169 769/994/169
f 770/995/341 772/998/420 771/996/342
f 772/998/420 774/2463/345 773/999/345
f 819/1000/421 787/1029/488 827/1001/422
f 784/1003/423 782/2464/1570 796/1004/424
f 782/1006/426 780/1024/1571 817/1007/427
f 791/1009/429 831/1094/1572 834/1010/430
f 783/1012/432 781/2465/432 779/1013/433
f 784/1015/434 798/1063/1573 821/1016/435
f 784/1018/437 786/2466/1574 780/1019/438
f 803/1021/440 778/1036/1575 777/1022/441
f 780/1024/443 790/2467/1576 820/1025/444
f 780/1019/446 786/2466/446 792/1026/446
f 816/1028/447 776/1058/471 787/1029/448
f 804/1023/450 777/1022/1577 788/1030/451
f 785/1032/453 791/1009/1578 808/1011/454
f 785/1014/456 779/1013/456 789/1034/456
f 778/1036/457 794/1056/1579 822/1037/458
f 781/1038/460 783/2468/460 797/1039/461
f 806/1041/463 775/1067/464 793/1042/464
f 781/1044/465 795/2469/1580 809/1045/466
f 825/1046/47 823/1050/47 812/1047/47
f 797/1049/47 810/1043/47 823/1050/47
f 810/1043/47 793/1042/47 826/1051/47
f 814/1052/47 813/1055/47 801/1053/47
f 824/1054/47 811/2470/47 813/1055/47
f 793/1042/47 821/1016/47 814/1052/47
f 803/1021/468 809/1045/1581 794/1056/469
f 783/1057/463 806/1041/463 810/1043/464
f 823/1050/47 826/1051/47 801/1053/47
f 805/1033/455 808/1011/454 787/1029/448
f 779/1059/472 804/1023/1582 807/1031/473
f 781/1044/475 803/1021/1583 804/1023/476
f 791/1035/478 789/1034/478 829/1061/478
f 798/1063/47 824/1054/47 814/1052/47
f 782/1006/479 818/1008/1584 822/1037/480
f 786/1065/482 816/1028/1585 819/1000/483
f 817/1007/445 820/1025/444 788/1030/485
f 775/1067/487 815/1017/436 821/1016/435
f 808/1011/431 834/1010/430 827/1001/422
f 818/1008/489 817/1007/1586 777/1022/490
f 836/1068/492 830/1078/1587 840/1069/493
f 828/1071/495 836/1068/492 846/1070/494
f 828/1071/496 838/1072/496 843/1073/496
f 835/1002/497 845/1095/550 842/1075/498
f 819/1000/500 835/1002/1588 832/1076/501
f 788/1030/503 820/1025/1589 836/1068/503
f 807/1031/504 788/1030/505 828/1071/505
f 789/1060/507 807/1031/504 833/1074/506
f 820/1025/509 790/2467/1590 830/1078/510
f 786/1079/512 893/2471/1591 892/1080/513
f 843/1073/515 853/1087/515 849/1082/515
f 846/1070/516 840/1069/1592 850/1084/517
f 846/1070/519 856/1085/1593 848/1086/520
f 838/1072/522 848/1086/1594 853/1087/523
f 829/1077/525 833/1074/1595 843/1073/526
f 827/1001/47 834/1010/47 844/1088/47
f 830/1090/528 832/1156/528 842/1091/528
f 829/1061/529 839/2472/1596 841/1093/529
f 831/1094/47 841/2473/47 844/1088/47
f 827/1001/47 837/1089/47 845/1095/47
f 847/1096/530 854/1103/566 864/1097/531
f 853/1087/533 863/1116/1597 859/1099/534
f 856/1085/536 850/1084/1598 860/1100/537
f 848/1086/539 856/1085/1599 866/1101/540
f 837/1089/542 844/1088/543 854/1103/543
f 842/1091/544 852/1119/544 850/1104/544
f 839/1105/545 849/1121/545 851/1106/545
f 844/1088/546 841/2473/47 851/1108/547
f 845/1095/549 837/1089/542 847/1096/542
f 845/1095/550 855/1109/1600 852/1110/551
f 859/1099/552 863/1116/1601 871/1111/553
f 860/1113/555 862/2474/1602 865/1114/556
f 858/1102/558 868/2475/1603 871/1111/559
f 858/1117/561 866/1115/1604 865/1114/562
f 852/1119/564 862/2476/564 860/1120/564
f 849/1121/565 859/2477/565 861/1122/565
f 854/1103/566 851/1108/1605 861/1123/567
f 847/1096/47 857/1098/47 865/1124/47
f 855/1109/568 865/1124/47 862/1125/569
f 848/1086/571 858/1102/1606 863/1116/572
f 871/1126/574 868/2478/574 867/1127/574
f 869/1129/575 871/2479/575 872/1130/575
f 857/1098/576 864/1097/580 872/1132/577
f 861/1123/579 870/2480/1607 872/1132/577
f 861/1122/581 859/2477/581 869/1134/582
f 857/1118/583 867/2481/584 868/1136/584
f 799/1137/168 800/2482/168 874/1138/168
f 873/1139/168 874/1138/168 876/1140/168
f 874/1138/168 800/2482/168 877/1142/168
f 874/1138/168 878/1143/168 880/1144/168
f 785/1146/169 791/1146/169 882/1146/169
f 881/1147/585 882/2483/586 884/1148/586
f 884/1148/587 886/1152/1608 885/1150/588
f 884/1148/168 887/1153/168 888/1151/168
f 887/1153/168 884/1148/168 889/1154/168
f 832/1156/590 830/1090/590 790/1027/591
f 792/1081/592 892/1080/597 891/1157/593
f 892/1080/594 893/2471/1609 895/1159/595
f 892/1080/597 897/2484/1610 896/1161/598
f 842/1162/169 832/1162/169 898/1162/169
f 899/1163/599 898/2485/1611 900/1164/600
f 901/1165/601 900/1164/600 902/1166/602
f 948/1168/604 964/1239/604 956/1169/605
f 913/1171/606 927/2486/1612 925/1172/607
f 946/1174/609 909/1193/1613 911/1175/610
f 963/1177/612 960/1260/1614 920/1178/613
f 912/1180/615 914/1202/616 908/1181/616
f 950/1183/617 927/1229/1615 913/1184/618
f 909/1186/620 915/1195/1574 913/1187/621
f 932/1189/623 933/1198/1616 906/1190/624
f 949/1192/626 919/1243/1617 909/1193/627
f 909/1186/446 919/1323/446 921/1194/446
f 945/1196/629 948/1168/1618 916/1170/630
f 933/1198/632 936/1226/1619 917/1199/633
f 937/1179/635 920/1178/1620 914/1200/636
f 914/1202/638 920/1227/456 918/1203/456
f 951/1204/640 923/1223/1621 907/1191/641
f 910/1205/643 924/2487/462 926/1206/461
f 935/1208/644 939/1217/651 922/1209/644
f 938/1211/645 924/2488/1622 910/1212/646
f 954/1213/168 931/2489/168 941/1214/168
f 926/1216/168 954/1213/168 952/1215/168
f 939/1217/168 952/1215/168 955/1218/168
f 930/1219/168 942/1221/168 943/1220/168
f 942/1221/168 940/2490/168 953/1222/168
f 922/1209/168 955/1218/168 943/1220/168
f 923/1223/648 938/1211/1623 932/1189/649
f 912/1224/644 926/1216/651 939/1217/651
f 952/1215/168 941/1214/168 930/1219/168
f 916/1170/630 937/1179/635 934/1201/637
f 908/1225/652 918/1242/1624 936/1226/653
f 910/1212/655 908/1225/1625 933/1198/656
f 920/1227/478 960/1259/478 958/1228/478
f 943/1220/168 953/1222/168 927/1229/168
f 911/1175/658 925/2491/1626 951/1204/659
f 915/1230/661 921/1241/1627 948/1168/662
f 917/1199/664 949/1192/626 946/1174/628
f 904/1210/666 922/1209/666 950/1183/617
f 956/1169/605 963/1177/612 937/1179/614
f 906/1190/667 946/1174/1628 947/1176/668
f 965/1231/670 975/1235/674 969/1232/671
f 957/1234/673 967/1251/673 975/1235/674
f 972/1236/675 967/1251/675 957/1234/675
f 971/1238/676 974/1261/728 964/1239/677
f 961/1240/679 964/1239/1629 948/1168/680
f 917/1199/682 957/1234/683 965/1231/683
f 936/1226/685 962/1237/688 957/1234/686
f 918/1242/687 958/1253/1630 962/1237/688
f 949/1192/689 965/1231/1631 959/1233/690
f 1021/1244/692 1022/1327/762 915/1245/693
f 978/1247/695 982/1252/695 972/1236/696
f 975/1235/697 985/1266/1632 979/1249/698
f 977/1250/700 985/1266/1633 975/1235/701
f 982/1252/703 977/1250/1634 967/1251/704
f 958/1253/706 968/1248/1635 972/1236/707
f 956/1169/168 966/1269/168 973/1254/168
f 959/1255/528 969/1271/528 971/1256/528
f 970/1258/529 968/2492/1596 958/1228/529
f 973/1254/168 970/1276/168 960/1260/168
f 974/1261/168 966/1269/168 956/1169/168
f 976/1262/709 986/1299/1636 993/1263/710
f 988/1265/712 992/1279/1637 982/1252/713
f 985/1266/715 995/1268/1638 989/1267/716
f 977/1250/718 987/1283/1639 995/1268/719
f 966/1269/721 976/1262/721 983/1264/722
f 979/1270/544 981/1286/544 971/1256/544
f 980/1272/723 978/1288/723 968/1273/545
f 973/1254/724 983/1264/1640 980/1275/725
f 974/1261/726 984/1291/726 976/1262/721
f 981/1277/727 984/1291/1641 974/1261/728
f 988/1265/729 998/2493/1642 1000/1278/730
f 994/1280/732 991/2494/1602 989/1281/733
f 1000/1278/735 997/2495/1643 987/1283/736
f 987/1284/738 986/1304/563 994/1280/739
f 989/1285/564 991/2496/564 981/1286/741
f 990/1287/565 988/1302/565 978/1288/565
f 983/1264/711 993/1263/710 990/1289/742
f 994/1290/168 986/1299/168 976/1262/168
f 991/1292/744 994/1290/168 984/1291/745
f 992/1279/747 987/1283/1644 977/1250/748
f 1000/1293/574 1001/2497/574 996/1294/574
f 998/1296/575 999/2498/575 1001/1297/750
f 986/1299/751 996/2499/1645 1001/1300/752
f 1001/1300/752 999/2500/1646 990/1289/754
f 990/1287/581 999/2501/755 998/1301/755
f 997/1303/583 996/2502/583 986/1304/583
f 928/1305/47 1002/1308/47 1003/1306/47
f 1002/1308/47 1004/2503/47 1005/1309/47
f 1003/1306/47 1007/1312/47 1006/1310/47
f 1003/1306/47 1008/2504/47 1009/1311/47
f 914/1313/169 1010/1313/169 1011/1313/169
f 1010/1314/756 1012/1318/1647 1013/1315/756
f 1014/1317/757 1015/1320/1648 1013/1315/758
f 1017/1319/47 1016/1321/47 1013/1315/47
f 1016/1321/47 1019/2505/47 1018/1322/47
f 919/1323/590 959/1255/591 961/1257/591
f 1020/1324/760 1021/1244/760 921/1246/760
f 1021/1244/692 1023/2506/1649 1024/1326/761
f 1025/1328/763 1026/2507/1650 1021/1244/764
f 971/1329/169 1028/1329/169 1027/1329/169
f 1028/1330/766 1030/1333/769 1029/1331/767
f 1030/1333/769 1032/2508/770 1031/1334/770
f 1077/1335/771 1045/1363/772 1085/1336/772
f 1042/1338/773 1040/1354/1651 1054/1339/774
f 1040/1341/776 1038/1358/1652 1075/1342/777
f 1049/1344/779 1089/1428/1653 1092/1345/780
f 1041/1347/782 1039/2509/782 1037/1348/783
f 1042/1350/784 1056/1397/1654 1079/1351/785
f 1042/1338/787 1044/2510/1655 1038/1353/788
f 1061/1355/790 1036/1370/1656 1035/1356/791
f 1038/1358/793 1048/2511/1657 1078/1359/794
f 1038/1353/796 1044/2510/796 1050/1360/796
f 1074/1362/797 1034/1392/822 1045/1363/798
f 1062/1357/800 1035/1356/1658 1046/1364/801
f 1043/1366/803 1049/1344/1659 1066/1346/804
f 1043/1349/806 1037/1348/1660 1047/1368/807
f 1036/1370/808 1052/1390/1661 1080/1371/809
f 1039/1372/811 1041/2512/811 1055/1373/812
f 1064/1375/813 1033/1401/813 1051/1376/814
f 1039/1378/816 1053/2513/1662 1067/1379/817
f 1083/1380/47 1081/1384/47 1070/1381/47
f 1055/1383/47 1068/1377/47 1081/1384/47
f 1068/1377/47 1051/1376/47 1084/1385/47
f 1072/1386/47 1071/1389/47 1059/1387/47
f 1082/1388/47 1069/2514/47 1071/1389/47
f 1051/1376/47 1079/1351/47 1072/1386/47
f 1061/1355/819 1067/1379/1663 1052/1390/820
f 1041/1391/813 1064/1375/813 1068/1377/815
f 1081/1384/47 1084/1385/47 1059/1387/47
f 1063/1367/805 1066/1346/804 1045/1363/798
f 1037/1393/823 1062/1357/1664 1065/1365/824
f 1039/1378/826 1061/1355/1665 1062/1357/827
f 1049/1369/829 1047/1368/829 1087/1395/829
f 1056/1397/47 1082/1388/47 1072/1386/47
f 1040/1341/831 1076/1343/1666 1080/1371/832
f 1044/1399/834 1074/1362/1667 1077/1335/835
f 1075/1342/795 1078/1359/794 1046/1364/837
f 1033/1401/839 1073/1352/786 1079/1351/785
f 1066/1346/781 1092/1345/780 1085/1336/772
f 1076/1343/840 1075/1342/1668 1035/1356/841
f 1094/1402/843 1088/1412/1669 1098/1403/844
f 1086/1405/846 1094/1402/843 1104/1404/845
f 1086/1405/847 1096/1406/847 1101/1407/847
f 1093/1337/848 1103/1429/902 1100/1409/849
f 1077/1335/851 1093/1337/1670 1090/1410/852
f 1046/1364/854 1078/1359/854 1094/1402/854
f 1065/1365/855 1046/1364/856 1086/1405/856
f 1047/1394/858 1065/1365/855 1091/1408/857
f 1078/1359/860 1048/2511/1671 1088/1412/861
f 1044/1413/863 1151/2515/1672 1150/1414/864
f 1101/1407/866 1111/1421/866 1107/1416/866
f 1104/1404/867 1098/1403/1673 1108/1418/868
f 1104/1404/870 1114/1419/1674 1106/1420/871
f 1096/1406/873 1106/1420/1675 1111/1421/874
f 1087/1411/876 1091/1408/1676 1101/1407/877
f 1085/1336/47 1092/1345/47 1102/1422/47
f 1088/1424/879 1090/1491/879 1100/1425/879
f 1087/1395/880 1097/1439/881 1099/1427/881
f 1089/1428/47 1099/2516/47 1102/1422/47
f 1085/1336/47 1095/1423/47 1103/1429/47
f 1105/1430/882 1112/1437/918 1122/1431/883
f 1111/1421/885 1121/1449/1677 1117/1433/886
f 1114/1419/888 1108/1418/1678 1118/1434/889
f 1106/1420/891 1114/1419/1679 1124/1435/892
f 1095/1423/894 1102/1422/895 1112/1437/895
f 1100/1425/896 1110/1452/896 1108/1438/896
f 1097/1439/897 1107/1454/1068 1109/1440/897
f 1102/1422/898 1099/2516/47 1109/1441/899
f 1103/1429/901 1095/1423/894 1105/1430/894
f 1103/1429/902 1113/1442/1680 1110/1443/903
f 1117/1433/904 1121/1449/1681 1129/1444/905
f 1118/1446/907 1120/2517/1682 1123/1447/908
f 1116/1436/910 1126/2518/1683 1129/1444/911
f 1116/1450/913 1124/1448/1684 1123/1447/914
f 1110/1452/916 1120/2519/916 1118/1453/916
f 1107/1454/917 1117/2520/917 1119/1455/917
f 1112/1437/918 1109/1441/1685 1119/1456/919
f 1105/1430/47 1115/1432/47 1123/1457/47
f 1113/1442/920 1123/1457/47 1120/1458/921
f 1106/1420/923 1116/1436/1686 1121/1449/924
f 1129/1459/926 1126/2521/926 1125/1460/926
f 1127/1462/928 1129/2522/928 1130/1463/928
f 1115/1432/929 1122/1431/933 1130/1465/930
f 1119/1456/932 1128/2523/1687 1130/1465/930
f 1119/1455/934 1117/2520/934 1127/1467/934
f 1115/1469/935 1125/2524/936 1126/1470/936
f 1057/1472/168 1058/2525/168 1132/1473/168
f 1131/1474/168 1132/1473/168 1134/1475/168
f 1132/1473/168 1058/2525/168 1135/1477/168
f 1132/1473/168 1136/1478/168 1138/1479/168
f 1043/1481/169 1049/1481/169 1140/1481/169
f 1139/1482/937 1140/2526/938 1142/1483/938
f 1142/1483/940 1144/1487/1688 1143/1485/941
f 1142/1483/168 1145/1488/168 1146/1486/168
f 1145/1488/168 1142/1483/168 1147/1489/168
f 1090/1491/943 1088/1424/943 1048/1361/943
f 1050/1415/944 1150/1414/949 1149/1492/945
f 1150/1414/946 1151/2515/1689 1153/1494/947
f 1150/1414/949 1155/2527/1690 1154/1496/950
f 1100/1497/169 1090/1497/169 1156/1497/169
f 1157/1498/951 1156/2528/1691 1158/1499/952
f 1159/1500/953 1158/1499/952 1160/1501/954
f 1206/1503/956 1222/1572/1692 1214/1504/957
f 1171/1506/958 1185/2529/1693 1183/1507/959
f 1204/1509/961 1167/1526/1694 1169/1510/962
f 1221/1512/964 1218/1593/1695 1178/1513/965
f 1170/1515/967 1172/1535/783 1166/1516/783
f 1208/1518/968 1185/1562/1696 1171/1519/969
f 1167/1521/971 1173/1528/1655 1171/1506/972
f 1190/1522/974 1191/1531/1697 1164/1523/975
f 1207/1525/977 1177/1576/1698 1167/1526/978
f 1167/1521/796 1177/1656/796 1179/1527/796
f 1203/1529/980 1206/1503/1699 1174/1505/981
f 1191/1531/983 1194/1559/1700 1175/1532/984
f 1195/1514/986 1178/1513/1701 1172/1533/987
f 1172/1535/989 1178/1560/806 1176/1536/806
f 1209/1537/990 1181/1556/1702 1165/1524/991
f 1168/1538/811 1182/2530/812 1184/1539/812
f 1193/1541/993 1197/1550/993 1180/1542/993
f 1196/1544/994 1182/2531/1703 1168/1545/995
f 1212/1546/168 1189/2532/168 1199/1547/168
f 1184/1549/168 1212/1546/168 1210/1548/168
f 1197/1550/168 1210/1548/168 1213/1551/168
f 1188/1552/168 1200/1554/168 1201/1553/168
f 1200/1554/168 1198/2533/168 1211/1555/168
f 1180/1542/168 1213/1551/168 1201/1553/168
f 1181/1556/997 1196/1544/1704 1190/1522/998
f 1170/1557/993 1184/1549/993 1197/1550/993
f 1210/1548/168 1199/1547/168 1188/1552/168
f 1174/1505/981 1195/1514/986 1192/1534/988
f 1166/1558/1000 1176/1575/1705 1194/1559/1001
f 1168/1545/1003 1166/1558/1706 1191/1531/1004
f 1178/1560/829 1218/1592/830 1216/1561/830
f 1201/1553/168 1211/1555/168 1185/1562/168
f 1169/1510/1006 1183/2534/1707 1209/1537/1007
f 1173/1563/1009 1179/1574/1708 1206/1503/1010
f 1175/1532/1012 1207/1525/977 1204/1509/979
f 1162/1543/1014 1180/1542/1014 1208/1518/968
f 1214/1504/957 1221/1512/964 1195/1514/966
f 1164/1523/1015 1204/1509/1709 1205/1511/1016
f 1223/1564/1018 1233/1568/1022 1227/1565/1019
f 1215/1567/1021 1225/1584/1021 1233/1568/1022
f 1230/1569/1023 1225/1584/1023 1215/1567/1023
f 1229/1571/1024 1232/1594/1073 1222/1572/1025
f 1219/1573/1027 1222/1572/1710 1206/1503/1028
f 1175/1532/1030 1215/1567/1030 1223/1564/1030
f 1194/1559/1031 1220/1570/1034 1215/1567/1032
f 1176/1575/1033 1216/1586/1711 1220/1570/1034
f 1207/1525/1035 1223/1564/1712 1217/1566/1036
f 1279/1577/1038 1280/1660/1105 1173/1578/1039
f 1236/1580/1041 1240/1585/1041 1230/1569/1041
f 1233/1568/1042 1243/1599/1713 1237/1582/1043
f 1235/1583/1045 1243/1599/1714 1233/1568/1046
f 1240/1585/1048 1235/1583/1715 1225/1584/1049
f 1216/1586/1051 1226/1581/1716 1230/1569/1052
f 1214/1504/168 1224/1602/168 1231/1587/168
f 1217/1588/879 1227/1604/879 1229/1589/879
f 1228/1591/881 1226/1606/1717 1216/1561/880
f 1231/1587/168 1228/1608/168 1218/1593/168
f 1232/1594/168 1224/1602/168 1214/1504/168
f 1234/1595/1054 1244/1631/1718 1251/1596/1055
f 1246/1598/1057 1250/1611/1719 1240/1585/1058
f 1243/1599/1060 1253/1601/1720 1247/1600/1061
f 1235/1583/1063 1245/1615/1721 1253/1601/1064
f 1224/1602/1066 1234/1595/1066 1241/1597/1067
f 1237/1603/896 1239/1618/896 1229/1589/896
f 1238/1605/1068 1236/1620/1068 1226/1606/897
f 1231/1587/1069 1241/1597/1722 1238/1607/1070
f 1232/1594/1071 1242/1623/1071 1234/1595/1066
f 1239/1609/1072 1242/1623/1723 1232/1594/1073
f 1246/1598/1074 1256/2535/1724 1258/1610/1075
f 1252/1612/1077 1249/2536/1682 1247/1613/1078
f 1258/1610/1080 1255/2537/1725 1245/1615/1081
f 1245/1616/1083 1244/2538/915 1252/1612/1084
f 1247/1617/916 1249/2539/916 1239/1618/916
f 1248/1619/917 1246/1634/917 1236/1620/917
f 1241/1597/1056 1251/1596/1055 1248/1621/1086
f 1252/1622/168 1244/1631/168 1234/1595/168
f 1249/1624/1088 1252/1622/168 1242/1623/1089
f 1250/1611/1091 1245/1615/1726 1235/1583/1092
f 1258/1625/926 1259/2540/927 1254/1626/926
f 1256/1628/928 1257/2541/928 1259/1629/928
f 1244/1631/1094 1254/2542/1727 1259/1632/1095
f 1259/1632/1095 1257/2543/1728 1248/1621/1097
f 1248/1619/934 1257/2544/934 1256/1633/934
f 1255/1635/935 1254/2545/1729 1244/1636/935
f 1186/1638/47 1260/1641/47 1261/1639/47
f 1260/1641/47 1262/2546/47 1263/1642/47
f 1261/1639/47 1265/1645/47 1264/1643/47
f 1261/1639/47 1266/2547/47 1267/1644/47
f 1172/1646/169 1268/1646/169 1269/1646/169
f 1268/1647/1098 1270/1651/1098 1271/1648/1099
f 1272/1650/1100 1273/1653/1730 1271/1648/1101
f 1275/1652/47 1274/1654/47 1271/1648/47
f 1274/1654/47 1277/2548/47 1276/1655/47
f 1177/1656/943 1217/1588/943 1219/1590/943
f 1278/1657/1103 1279/1577/1103 1179/1579/1103
f 1279/1577/1038 1281/2549/1731 1282/1659/1104
f 1283/1661/1106 1284/2550/1732 1279/1577/1107
f 1229/1662/169 1286/1662/169 1285/1662/169
f 1286/1663/1109 1288/1666/1112 1287/1664/1110
f 1288/1666/1112 1290/2551/1733 1289/1667/1113
f 1335/1668/1114 1303/1696/1115 1343/1669/1115
f 1300/1671/1116 1298/1687/1734 1312/1672/1117
f 1298/1674/1119 1296/1691/1735 1333/1675/1120
f 1307/1677/1122 1347/1761/1736 1350/1678/1123
f 1299/1680/1125 1297/2552/1125 1295/1681/1126
f 1300/1683/1127 1314/1730/1737 1337/1684/1128
f 1300/1671/1130 1302/2553/1738 1296/1686/1131
f 1319/1688/1133 1294/1703/1739 1293/1689/1134
f 1296/1691/1136 1306/2554/1740 1336/1692/1137
f 1296/1686/1139 1302/2553/1139 1308/1693/1139
f 1332/1695/1140 1292/1725/1162 1303/1696/1141
f 1320/1690/1143 1293/1689/1741 1304/1697/1144
f 1301/1699/1146 1307/1677/1742 1324/1679/1147
f 1301/1682/1149 1295/1681/1149 1305/1701/1149
f 1294/1703/1150 1310/1723/1743 1338/1704/1151
f 1297/1705/1153 1299/2555/1153 1313/1706/1154
f 1322/1708/1155 1291/1734/1155 1309/1709/1155
f 1297/1711/1156 1311/2556/1744 1325/1712/1157
f 1341/1713/47 1339/1717/47 1328/1714/47
f 1313/1716/47 1326/1710/47 1339/1717/47
f 1326/1710/47 1309/1709/47 1342/1718/47
f 1330/1719/47 1329/1722/47 1317/1720/47
f 1340/1721/47 1327/2557/47 1329/1722/47
f 1309/1709/47 1337/1684/47 1330/1719/47
f 1319/1688/1159 1325/1712/1745 1310/1723/1160
f 1299/1724/1155 1322/1708/1155 1326/1710/1155
f 1339/1717/47 1342/1718/47 1317/1720/47
f 1321/1700/1148 1324/1679/1147 1303/1696/1141
f 1295/1726/1163 1320/1690/1746 1323/1698/1164
f 1297/1711/1166 1319/1688/1747 1320/1690/1167
f 1307/1702/1169 1305/1701/1169 1345/1728/1169
f 1314/1730/47 1340/1721/47 1330/1719/47
f 1298/1674/1170 1334/1676/1748 1338/1704/1171
f 1302/1732/1173 1332/1695/1749 1335/1668/1174
f 1333/1675/1138 1336/1692/1137 1304/1697/1176
f 1291/1734/1178 1331/1685/1129 1337/1684/1128
f 1324/1679/1124 1350/1678/1123 1343/1669/1115
f 1334/1676/1179 1333/1675/1750 1293/1689/1180
f 1352/1735/1182 1346/1745/1751 1356/1736/1183
f 1344/1738/1185 1352/1735/1182 1362/1737/1184
f 1344/1738/1187 1354/1739/1187 1359/1740/1187
f 1351/1670/1188 1361/1762/1244 1358/1742/1189
f 1335/1668/1191 1351/1670/1752 1348/1743/1192
f 1304/1697/1194 1336/1692/1194 1352/1735/1194
f 1323/1698/1195 1304/1697/1196 1344/1738/1196
f 1305/1727/1198 1323/1698/1195 1349/1741/1197
f 1336/1692/1200 1306/2554/1753 1346/1745/1201
f 1302/1746/1203 1409/2558/1754 1408/1747/1204
f 1359/1740/1206 1369/1754/1207 1365/1749/1207
f 1362/1737/1208 1356/1736/1755 1366/1751/1209
f 1362/1737/1211 1372/1752/1756 1364/1753/1212
f 1354/1739/1214 1364/1753/1757 1369/1754/1215
f 1345/1744/1217 1349/1741/1758 1359/1740/1218
f 1343/1669/47 1350/1678/47 1360/1755/47
f 1346/1757/1220 1348/1824/1220 1358/1758/1220
f 1345/1728/1221 1355/1772/1222 1357/1760/1222
f 1347/1761/47 1357/2559/47 1360/1755/47
f 1343/1669/47 1353/1756/47 1361/1762/47
f 1363/1763/1223 1370/1770/1261 1380/1764/1224
f 1369/1754/1226 1379/1782/1759 1375/1766/1227
f 1372/1752/1229 1366/1751/1760 1376/1767/1230
f 1364/1753/1232 1372/1752/1761 1382/1768/1233
f 1353/1756/1235 1360/1755/1236 1370/1770/1236
f 1358/1758/1238 1368/1786/1238 1366/1771/1238
f 1355/1772/1239 1365/1787/1239 1367/1773/1239
f 1360/1755/1240 1357/2559/47 1367/1774/1241
f 1361/1762/1243 1353/1756/1235 1363/1763/1237
f 1361/1762/1244 1371/1775/1762 1368/1776/1245
f 1375/1766/1246 1379/1782/1763 1387/1777/1247
f 1376/1779/1249 1378/2560/1764 1381/1780/1250
f 1374/1769/1252 1384/2561/1765 1387/1777/1253
f 1374/1783/1255 1382/2562/1766 1381/1784/1256
f 1368/1786/1258 1378/2560/1767 1376/1779/1258
f 1365/1787/1260 1375/2563/1260 1377/1788/1260
f 1370/1770/1261 1367/1774/1768 1377/1789/1262
f 1363/1763/47 1373/1765/47 1381/1790/47
f 1371/1775/1263 1381/1790/47 1378/1791/1264
f 1364/1753/1266 1374/1769/1769 1379/1782/1267
f 1387/1792/1269 1384/2564/1270 1383/1793/1270
f 1385/1795/1272 1387/2565/1272 1388/1796/1272
f 1373/1765/1273 1380/1764/1277 1388/1798/1274
f 1377/1789/1276 1386/2566/1770 1388/1798/1274
f 1377/1788/1278 1375/2563/1278 1385/1800/1278
f 1373/1802/1279 1383/2567/1279 1384/1803/1279
f 1315/1805/168 1316/2568/168 1390/1806/168
f 1389/1807/168 1390/1806/168 1392/1808/168
f 1390/1806/168 1316/2568/168 1393/1810/168
f 1390/1806/168 1394/1811/168 1396/1812/168
f 1301/1814/169 1307/1814/169 1398/1814/169
f 1397/1815/1281 1398/2569/1281 1400/1816/1281
f 1400/1816/1282 1402/1820/1771 1401/1818/1283
f 1400/1816/168 1403/1821/168 1404/1819/168
f 1403/1821/168 1400/1816/168 1405/1822/168
f 1348/1824/1285 1346/1757/1285 1306/1694/1285
f 1308/1748/1286 1408/1747/1291 1407/1825/1287
f 1408/1747/1288 1409/2558/1772 1411/1827/1289
f 1408/1747/1291 1413/2570/1773 1412/1829/1292
f 1358/1830/169 1348/1830/169 1414/1830/169
f 1415/1831/1293 1414/2571/1774 1416/1832/1294
f 1417/1833/1295 1416/1832/1294 1418/1834/1296
f 1464/1836/1298 1480/1905/1298 1472/1837/1299
f 1429/1839/1300 1443/2572/1775 1441/1840/1301
f 1462/1842/1303 1425/1859/1776 1427/1843/1304
f 1479/1845/1306 1476/1926/1777 1436/1846/1307
f 1428/1848/1309 1430/1868/1126 1424/1849/1126
f 1466/1851/1310 1443/1895/1778 1429/1852/1311
f 1425/1854/1313 1431/1861/1738 1429/1839/1314
f 1448/1855/1316 1449/1864/1779 1422/1856/1317
f 1465/1858/1319 1435/1909/1780 1425/1859/1320
f 1425/1854/1139 1435/1990/1139 1437/1860/1139
f 1461/1862/1322 1464/1836/1781 1432/1838/1323
f 1449/1864/1325 1452/1892/1782 1433/1865/1326
f 1453/1847/1328 1436/1846/1783 1430/1866/1329
f 1430/1868/1149 1436/1893/1149 1434/1869/1149
f 1467/1870/1331 1439/1889/1784 1423/1857/1332
f 1426/1871/1334 1440/2573/1154 1442/1872/1154
f 1451/1874/1335 1455/1883/1336 1438/1875/1335
f 1454/1877/1337 1440/2574/1785 1426/1878/1338
f 1470/1879/168 1447/2575/168 1457/1880/168
f 1442/1882/168 1470/1879/168 1468/1881/168
f 1455/1883/168 1468/1881/168 1471/1884/168
f 1446/1885/168 1458/1887/168 1459/1886/168
f 1458/1887/168 1456/2576/168 1469/1888/168
f 1438/1875/168 1471/1884/168 1459/1886/168
f 1439/1889/1340 1454/1877/1786 1448/1855/1341
f 1428/1890/1336 1442/1882/1336 1455/1883/1336
f 1468/1881/168 1457/1880/168 1446/1885/168
f 1432/1838/1323 1453/1847/1328 1450/1867/1330
f 1424/1891/1343 1434/1908/1787 1452/1892/1344
f 1426/1878/1346 1424/1891/1788 1449/1864/1347
f 1436/1893/1169 1476/1925/1169 1474/1894/1169
f 1459/1886/168 1469/1888/168 1443/1895/168
f 1427/1843/1349 1441/2577/1789 1467/1870/1350
f 1431/1896/1352 1437/1907/1790 1464/1836/1353
f 1433/1865/1355 1465/1858/1319 1462/1842/1321
f 1420/1876/1357 1438/1875/1791 1466/1851/1310
f 1472/1837/1299 1479/1845/1306 1453/1847/1308
f 1422/1856/1358 1462/1842/1792 1463/1844/1359
f 1481/1897/1361 1491/1901/1365 1485/1898/1362
f 1473/1900/1364 1483/1917/1364 1491/1901/1365
f 1488/1902/1366 1483/1917/1366 1473/1900/1366
f 1487/1904/1367 1490/1927/1415 1480/1905/1368
f 1477/1906/1370 1480/1905/1793 1464/1836/1371
f 1433/1865/1373 1473/1900/1373 1481/1897/1373
f 1452/1892/1374 1478/1903/1377 1473/1900/1375
f 1434/1908/1376 1474/1919/1794 1478/1903/1377
f 1465/1858/1378 1481/1897/1795 1475/1899/1379
f 1537/1910/1381 1538/1994/1447 1431/1911/1382
f 1494/1913/1384 1498/1918/1796 1488/1902/1384
f 1491/1901/1385 1501/1932/1797 1495/1915/1386
f 1493/1916/1388 1501/1932/1798 1491/1901/1389
f 1498/1918/1391 1493/1916/1799 1483/1917/1392
f 1474/1919/1394 1484/1914/1800 1488/1902/1395
f 1472/1837/168 1482/1935/168 1489/1920/168
f 1475/1921/1220 1485/1937/1220 1487/1922/1220
f 1486/1924/1222 1484/1939/1222 1474/1894/1221
f 1489/1920/168 1486/1941/168 1476/1926/168
f 1490/1927/168 1482/1935/168 1472/1837/168
f 1492/1928/1397 1502/1965/1801 1509/1929/1398
f 1504/1931/1400 1508/1944/1802 1498/1918/1401
f 1501/1932/1403 1511/1934/1803 1505/1933/1404
f 1493/1916/1406 1503/1948/1804 1511/1934/1407
f 1482/1935/1409 1492/1928/1409 1499/1930/1410
f 1495/1936/1238 1497/1952/1238 1487/1922/1238
f 1496/1938/1239 1494/1954/1239 1484/1939/1239
f 1489/1920/1411 1499/1930/1805 1496/1940/1412
f 1490/1927/1413 1500/1957/1413 1492/1928/1409
f 1497/1942/1414 1500/1957/1806 1490/1927/1415
f 1504/1931/1416 1514/2578/1807 1516/1943/1417
f 1510/1945/1419 1507/2579/1764 1505/1946/1420
f 1516/1943/1422 1513/2580/1808 1503/1948/1423
f 1503/1949/1425 1502/2581/1257 1510/1950/1426
f 1505/1946/1259 1507/2579/1258 1497/1952/1259
f 1506/1953/1260 1504/1968/1260 1494/1954/1260
f 1499/1930/1399 1509/1929/1398 1506/1955/1428
f 1510/1956/168 1502/1965/168 1492/1928/168
f 1507/1958/1430 1510/1956/168 1500/1957/1431
f 1508/1944/1433 1503/1948/1809 1493/1916/1434
f 1516/1959/1270 1517/2582/1269 1512/1960/1270
f 1514/1962/1272 1515/2583/1272 1517/1963/1272
f 1502/1965/1436 1512/2584/1810 1517/1966/1437
f 1517/1966/1437 1515/2585/1811 1506/1955/1439
f 1506/1953/1278 1515/2586/1278 1514/1967/1278
f 1513/1969/1280 1512/2587/1280 1502/1970/1279
f 1444/1972/1440 1518/1975/47 1519/1973/47
f 1518/1975/47 1520/2588/47 1521/1976/47
f 1519/1973/47 1523/1979/47 1522/1977/47
f 1519/1973/47 1524/2589/47 1525/1978/47
f 1430/1980/169 1526/1980/169 1527/1980/169
f 1526/1981/1441 1528/1985/1812 1529/1982/1441
f 1530/1984/1442 1531/1987/1813 1529/1982/1443
f 1533/1986/47 1532/1988/47 1529/1982/47
f 1532/1988/47 1535/2590/47 1534/1989/47
f 1435/1990/1285 1475/1921/1285 1477/1923/1285
f 1536/1991/1445 1537/1910/1445 1437/1912/1445
f 1537/1910/1381 1539/2591/1814 1540/1993/1446
f 1541/1995/1448 1542/2592/1815 1537/1910/1448
f 1487/1996/169 1544/1996/169 1543/1996/169
f 1544/1997/1450 1546/2000/1453 1545/1998/1451
f 1546/2000/1453 1548/2593/1816 1547/2001/1454
f 1593/2002/1 1561/2031/70 1601/2003/2
f 1558/2005/1455 1556/2021/1470 1570/2006/1456
f 1556/2008/6 1554/2025/1471 1591/2009/389
f 1565/2011/9 1605/2096/1472 1608/2012/10
f 1557/2014/12 1555/2594/12 1553/2015/13
f 1558/2017/14 1572/2065/1473 1595/2018/15
f 1558/2005/17 1560/2595/1474 1554/2020/18
f 1577/2022/20 1552/2038/1475 1551/2023/21
f 1554/2025/23 1564/2596/1476 1594/2026/24
f 1554/2027/26 1560/2597/370 1566/2028/26
f 1590/2030/27 1550/2060/52 1561/2031/28
f 1578/2024/30 1551/2023/1477 1562/2032/31
f 1559/2034/33 1565/2011/1478 1582/2013/34
f 1559/2016/350 1553/2015/350 1563/2036/36
f 1552/2038/37 1568/2058/1479 1596/2039/38
f 1555/2040/40 1557/2598/40 1571/2041/41
f 1580/2043/43 1549/2069/43 1567/2044/43
f 1555/2046/44 1569/2599/1817 1583/2047/1458
f 1599/2048/47 1597/2052/47 1586/2049/47
f 1571/2051/47 1584/2045/47 1597/2052/47
f 1584/2045/47 1567/2044/47 1600/2053/47
f 1588/2054/47 1587/2057/47 1575/2055/47
f 1598/2056/47 1585/2600/47 1587/2057/47
f 1567/2044/47 1595/2018/47 1588/2054/47
f 1577/2022/48 1583/2047/1481 1568/2058/49
f 1557/2059/43 1580/2043/43 1584/2045/51
f 1597/2052/47 1600/2053/47 1575/2055/47
f 1579/2035/35 1582/2013/34 1561/2031/28
f 1553/2061/53 1578/2024/1482 1581/2033/54
f 1555/2046/56 1577/2022/1483 1578/2024/57
f 1565/2037/59 1563/2036/59 1603/2063/59
f 1572/2065/47 1598/2056/47 1588/2054/47
f 1556/2008/61 1592/2010/1550 1596/2039/1459
f 1560/2067/64 1590/2030/1485 1593/2002/65
f 1591/2009/25 1594/2026/24 1562/2032/67
f 1549/2069/1460 1589/2019/16 1595/2018/15
f 1582/2013/11 1608/2012/10 1601/2003/2
f 1592/2010/71 1591/2009/1486 1551/2023/72
f 1610/2070/74 1604/2080/1818 1614/2071/75
f 1602/2073/354 1610/2070/74 1620/2072/76
f 1602/2073/78 1612/2074/78 1617/2075/78
f 1609/2004/79 1619/2097/132 1616/2077/80
f 1593/2002/82 1609/2004/1488 1606/2078/83
f 1562/2032/85 1594/2026/85 1610/2070/85
f 1581/2033/86 1562/2032/1489 1602/2073/87
f 1563/2062/89 1581/2033/86 1607/2076/88
f 1594/2026/91 1564/2596/1490 1604/2080/92
f 1560/2081/94 1667/2601/1491 1666/2082/95
f 1617/2075/97 1627/2089/97 1623/2084/97
f 1620/2072/98 1614/2071/1492 1624/2086/99
f 1620/2072/101 1630/2087/1493 1622/2088/102
f 1612/2074/104 1622/2088/1494 1627/2089/105
f 1603/2079/107 1607/2076/1495 1617/2075/108
f 1601/2003/47 1608/2012/47 1618/2090/47
f 1604/2092/110 1606/2156/110 1616/2093/110
f 1603/2063/111 1613/2107/111 1615/2095/111
f 1605/2096/47 1615/2602/47 1618/2090/47
f 1601/2003/47 1611/2091/47 1619/2097/47
f 1621/2098/112 1628/2105/149 1638/2099/113
f 1627/2089/115 1637/2117/1496 1633/2101/116
f 1630/2087/398 1624/2086/1497 1634/2102/119
f 1622/2088/399 1630/2087/1498 1640/2103/122
f 1611/2091/124 1618/2090/125 1628/2105/125
f 1616/2093/126 1626/2120/126 1624/2106/126
f 1613/2107/127 1623/2121/127 1625/2108/127
f 1618/2090/128 1615/2602/47 1625/2109/129
f 1619/2097/131 1611/2091/124 1621/2098/124
f 1619/2097/132 1629/2110/1499 1626/2111/133
f 1633/2101/134 1637/2117/1500 1645/2112/135
f 1634/2114/137 1636/2603/1501 1639/2115/402
f 1632/2104/140 1642/2604/1551 1645/2112/357
f 1632/2118/143 1640/2116/1552 1639/2115/144
f 1626/2120/146 1636/2603/146 1634/2114/146
f 1623/2121/148 1633/2605/148 1635/2122/148
f 1628/2105/149 1625/2109/1504 1635/2123/150
f 1621/2098/47 1631/2100/47 1639/2124/47
f 1629/2110/151 1639/2124/47 1636/2125/152
f 1622/2088/154 1632/2104/1505 1637/2117/155
f 1645/2126/157 1642/2606/157 1641/2127/157
f 1643/2129/158 1645/2607/158 1646/2130/158
f 1631/2100/159 1638/2099/163 1646/2132/160
f 1635/2123/162 1644/2608/1506 1646/2132/160
f 1635/2122/164 1633/2605/164 1643/2134/165
f 1631/2119/329 1641/2609/166 1642/2136/166
f 1573/2137/1462 1574/2610/1462 1648/2138/168
f 1647/2139/168 1648/2138/168 1650/2140/168
f 1648/2138/168 1574/2610/1462 1651/2142/168
f 1648/2138/168 1652/2143/168 1654/2144/168
f 1559/2146/169 1565/2146/169 1656/2146/169
f 1655/2147/170 1656/2611/170 1658/2148/170
f 1658/2148/171 1660/2152/1507 1659/2150/364
f 1658/2148/168 1661/2153/168 1662/2151/168
f 1661/2153/168 1658/2148/168 1663/2154/168
f 1606/2156/174 1604/2092/174 1564/2157/174
f 1566/2083/406 1666/2082/180 1665/2159/176
f 1666/2082/177 1667/2601/1508 1669/2161/178
f 1666/2082/180 1671/2612/1509 1670/2163/181
f 1616/2164/169 1606/2164/169 1672/2164/169
f 1673/2165/182 1672/2613/1510 1674/2166/183
f 1675/2167/184 1674/2166/183 1676/2168/185
f 1722/2170/187 1738/2240/187 1730/2171/188
f 1687/2173/407 1701/2614/1819 1699/2174/1463
f 1720/2176/192 1683/2193/1512 1685/2177/193
f 1737/2179/195 1734/2261/1513 1694/2180/196
f 1686/2182/12 1688/2203/13 1682/2183/13
f 1724/2185/366 1701/2230/1554 1687/2186/367
f 1683/2188/201 1689/2615/1474 1687/2173/202
f 1706/2189/204 1707/2199/1515 1680/2190/205
f 1723/2192/368 1693/2244/1555 1683/2193/208
f 1683/2194/26 1693/2616/26 1695/2195/26
f 1719/2197/210 1722/2170/1517 1690/2172/211
f 1707/2199/213 1710/2227/1518 1691/2200/214
f 1711/2181/216 1694/2180/1519 1688/2201/217
f 1688/2203/219 1694/2228/36 1692/2204/36
f 1725/2205/220 1697/2224/1520 1681/2191/221
f 1684/2206/223 1698/2617/42 1700/2207/41
f 1709/2209/224 1713/2218/224 1696/2210/224
f 1712/2212/225 1698/2618/1521 1684/2213/226
f 1728/2214/168 1705/2619/168 1715/2215/168
f 1700/2217/168 1728/2214/168 1726/2216/168
f 1713/2218/168 1726/2216/168 1729/2219/168
f 1704/2220/168 1716/2222/168 1717/2221/168
f 1716/2222/168 1714/2620/168 1727/2223/168
f 1696/2210/168 1729/2219/168 1717/2221/168
f 1697/2224/1464 1712/2212/1522 1706/2189/229
f 1686/2225/224 1700/2217/224 1713/2218/224
f 1726/2216/168 1715/2215/168 1704/2220/168
f 1690/2172/211 1711/2181/216 1708/2202/218
f 1682/2226/231 1692/2243/1523 1710/2227/232
f 1684/2213/234 1682/2226/1524 1707/2199/235
f 1694/2228/59 1734/2260/60 1732/2229/59
f 1717/2221/168 1727/2223/168 1701/2230/168
f 1685/2177/237 1699/2621/1525 1725/2205/238
f 1689/2231/240 1695/2242/1526 1722/2170/241
f 1691/2200/243 1723/2192/368 1720/2176/209
f 1678/2211/245 1696/2210/378 1724/2185/366
f 1730/2171/188 1737/2179/195 1711/2181/197
f 1680/2190/246 1720/2176/1558 1721/2178/247
f 1739/2232/249 1749/2236/253 1743/2233/250
f 1731/2235/252 1741/2252/1566 1749/2236/253
f 1746/2237/254 1741/2252/254 1731/2235/254
f 1745/2239/255 1748/2262/303 1738/2240/256
f 1735/2241/258 1738/2240/1528 1722/2170/259
f 1691/2200/261 1731/2235/261 1739/2232/261
f 1710/2227/262 1736/2238/265 1731/2235/263
f 1692/2243/264 1732/2254/1529 1736/2238/265
f 1723/2192/266 1739/2232/1559 1733/2234/267
f 1795/2245/269 1796/2327/337 1689/2246/270
f 1752/2248/272 1756/2253/272 1746/2237/272
f 1749/2236/273 1759/2267/1531 1753/2250/274
f 1751/2251/276 1759/2267/1532 1749/2236/277
f 1756/2253/279 1751/2251/1533 1741/2252/280
f 1732/2254/282 1742/2249/1534 1746/2237/283
f 1730/2171/168 1740/2270/168 1747/2255/168
f 1733/2256/110 1743/2272/110 1745/2257/110
f 1744/2259/111 1742/2274/111 1732/2229/111
f 1747/2255/168 1744/2276/168 1734/2261/168
f 1748/2262/168 1740/2270/168 1730/2171/168
f 1750/2263/285 1760/2298/1535 1767/2264/286
f 1762/2266/288 1766/2279/1820 1756/2253/289
f 1759/2267/291 1769/2269/1537 1763/2268/292
f 1751/2251/294 1761/2283/1567 1769/2269/295
f 1740/2270/297 1750/2263/297 1757/2265/298
f 1753/2271/126 1755/2285/126 1745/2257/126
f 1754/2273/127 1752/2287/127 1742/2274/127
f 1747/2255/299 1757/2265/1539 1754/2275/300
f 1748/2262/415 1758/2290/415 1750/2263/297
f 1755/2277/302 1758/2290/1540 1748/2262/303
f 1762/2266/1467 1772/2622/1541 1774/2278/305
f 1768/2280/1469 1765/2623/1501 1763/2281/308
f 1774/2278/310 1771/2624/1542 1761/2283/311
f 1761/2284/313 1760/2303/145 1768/2280/314
f 1763/2281/146 1765/2623/146 1755/2285/146
f 1764/2286/148 1762/2301/148 1752/2287/147
f 1757/2265/382 1767/2264/286 1764/2288/316
f 1768/2289/168 1760/2298/168 1750/2263/168
f 1765/2291/318 1768/2289/168 1758/2290/319
f 1766/2279/321 1761/2283/1543 1751/2251/322
f 1774/2292/157 1775/2625/385 1770/2293/157
f 1772/2295/158 1773/2626/362 1775/2296/158
f 1760/2298/325 1770/2627/1568 1775/2299/326
f 1775/2299/326 1773/2628/1569 1764/2288/386
f 1764/2286/164 1773/2629/164 1772/2300/164
f 1771/2302/329 1770/2630/329 1760/2303/329
f 1702/2304/47 1776/2307/47 1777/2305/47
f 1776/2307/47 1778/2631/47 1779/2308/47
f 1777/2305/47 1781/2311/47 1780/2309/47
f 1777/2305/47 1782/2632/47 1783/2310/47
f 1688/2312/169 1784/2312/169 1785/2312/169
f 1784/2313/330 1786/2317/330 1787/2314/330
f 1788/2316/331 1789/2319/1546 1787/2314/419
f 1791/2318/47 1790/2320/47 1787/2314/47
f 1790/2320/47 1793/2633/47 1792/2321/47
f 1693/2322/174 1733/2256/405 1735/2258/174
f 1794/2324/334 1795/2245/334 1695/2247/334
f 1795/2245/269 1797/2634/1547 1798/2326/336
f 1799/2328/387 1800/2635/1548 1795/2245/338
f 1745/2329/169 1802/2329/169 1801/2329/169
f 1802/2330/341 1804/2333/420 1803/2331/342
f 1804/2333/420 1806/2636/345 1805/2334/345
