# Blender 5.0.0
# www.blender.org
mtllib GameTitle.mtl
o Text.004
v 0.405062 0.060459 0.200000
v 0.252163 0.398177 0.200000
v -0.235092 0.398177 0.200000
v -0.379588 0.060459 0.200000
v -0.547608 0.060459 0.200000
v -0.055312 1.213071 0.200000
v 0.060622 1.213071 0.200000
v 0.573079 0.060459 0.200000
v 0.184957 0.546036 0.200000
v 0.000133 0.961041 0.200000
v -0.171246 0.546036 0.200000
v 0.405062 0.060459 -0.200000
v 0.252163 0.398177 -0.200000
v -0.235092 0.398177 -0.200000
v -0.379588 0.060459 -0.200000
v -0.547608 0.060459 -0.200000
v -0.055312 1.213071 -0.200000
v 0.060622 1.213071 -0.200000
v 0.573079 0.060459 -0.200000
v 0.184957 0.546036 -0.200000
v 0.000133 0.961041 -0.200000
v -0.171246 0.546036 -0.200000
v 0.405062 0.060459 -0.200000
v 0.388317 0.034499 -0.197553
v 0.373211 0.011078 -0.190451
v 0.361225 -0.007507 -0.179389
v 0.353529 -0.019440 -0.165451
v 0.350876 -0.023551 -0.150000
v 0.350876 -0.023551 0.150000
v 0.353529 -0.019440 0.165451
v 0.361225 -0.007507 0.179389
v 0.373211 0.011078 0.190451
v 0.388317 0.034499 0.197553
v 0.405062 0.060459 0.200000
v 0.252163 0.398177 -0.200000
v 0.235420 0.372217 -0.197553
v 0.220314 0.348799 -0.190451
v 0.208328 0.330213 -0.179389
v 0.200632 0.318281 -0.165451
v 0.197979 0.314167 -0.150000
v 0.197979 0.314167 0.150000
v 0.200632 0.318281 0.165451
v 0.208328 0.330213 0.179389
v 0.220314 0.348799 0.190451
v 0.235420 0.372217 0.197553
v 0.252163 0.398177 0.200000
v -0.235092 0.398177 -0.200000
v -0.217964 0.372217 -0.197553
v -0.202510 0.348799 -0.190451
v -0.190247 0.330213 -0.179389
v -0.182374 0.318281 -0.165451
v -0.179662 0.314167 -0.150000
v -0.179662 0.314167 0.150000
v -0.182374 0.318281 0.165451
v -0.190247 0.330213 0.179389
v -0.202510 0.348799 0.190451
v -0.217964 0.372217 0.197553
v -0.235092 0.398177 0.200000
v -0.379588 0.060459 -0.200000
v -0.362461 0.034499 -0.197553
v -0.347006 0.011078 -0.190451
v -0.334745 -0.007507 -0.179389
v -0.326870 -0.019440 -0.165451
v -0.324158 -0.023551 -0.150000
v -0.324158 -0.023551 0.150000
v -0.326870 -0.019440 0.165451
v -0.334745 -0.007507 0.179389
v -0.347006 0.011078 0.190451
v -0.362461 0.034499 0.197553
v -0.379588 0.060459 0.200000
v -0.547608 0.060459 -0.200000
v -0.586927 0.034499 -0.197553
v -0.622395 0.011078 -0.190451
v -0.650542 -0.007507 -0.179389
v -0.668615 -0.019440 -0.165451
v -0.674841 -0.023551 -0.150000
v -0.674841 -0.023551 0.150000
v -0.668615 -0.019440 0.165451
v -0.650542 -0.007507 0.179389
v -0.622395 0.011078 0.190451
v -0.586927 0.034499 0.197553
v -0.547608 0.060459 0.200000
v -0.055312 1.213071 -0.200000
v -0.072452 1.239031 -0.197553
v -0.087916 1.262452 -0.190451
v -0.100187 1.281038 -0.179389
v -0.108068 1.292970 -0.165451
v -0.110782 1.297081 -0.150000
v -0.110782 1.297081 0.150000
v -0.108068 1.292970 0.165451
v -0.100187 1.281038 0.179389
v -0.087916 1.262452 0.190451
v -0.072452 1.239031 0.197553
v -0.055312 1.213071 0.200000
v 0.060622 1.213071 -0.200000
v 0.077490 1.239031 -0.197553
v 0.092708 1.262452 -0.190451
v 0.104783 1.281038 -0.179389
v 0.112538 1.292970 -0.165451
v 0.115208 1.297081 -0.150000
v 0.115208 1.297081 0.150000
v 0.112538 1.292970 0.165451
v 0.104783 1.281038 0.179389
v 0.092708 1.262452 0.190451
v 0.077490 1.239031 0.197553
v 0.060622 1.213071 0.200000
v 0.573079 0.060459 -0.200000
v 0.613034 0.034499 -0.197553
v 0.649076 0.011078 -0.190451
v 0.677677 -0.007507 -0.179389
v 0.696042 -0.019440 -0.165451
v 0.702369 -0.023551 -0.150000
v 0.702369 -0.023551 0.150000
v 0.696042 -0.019440 0.165451
v 0.677677 -0.007507 0.179389
v 0.649076 0.011078 0.190451
v 0.613034 0.034499 0.197553
v 0.573079 0.060459 0.200000
v 0.184957 0.546036 -0.200000
v 0.144975 0.571996 -0.197553
v 0.108911 0.595414 -0.190451
v 0.080287 0.614000 -0.179389
v 0.061910 0.625932 -0.165451
v 0.055579 0.630045 -0.150000
v 0.055579 0.630045 0.150000
v 0.061910 0.625932 0.165451
v 0.080287 0.614000 0.179389
v 0.108911 0.595414 0.190451
v 0.144975 0.571996 0.197553
v 0.184957 0.546036 0.200000
v 0.000133 0.961041 -0.200000
v 0.001034 0.895207 -0.197553
v 0.001846 0.835818 -0.190451
v 0.002492 0.788688 -0.179389
v 0.002904 0.758427 -0.165451
v 0.003049 0.747999 -0.150000
v 0.003049 0.747999 0.150000
v 0.002904 0.758427 0.165451
v 0.002492 0.788688 0.179389
v 0.001846 0.835818 0.190451
v 0.001034 0.895207 0.197553
v 0.000133 0.961041 0.200000
v -0.171246 0.546036 -0.200000
v -0.132438 0.571996 -0.197553
v -0.097429 0.595414 -0.190451
v -0.069647 0.614000 -0.179389
v -0.051808 0.625932 -0.165451
v -0.045662 0.630045 -0.150000
v -0.045662 0.630045 0.150000
v -0.051808 0.625932 0.165451
v -0.069647 0.614000 0.179389
v -0.097429 0.595414 0.190451
v -0.132438 0.571996 0.197553
v -0.171246 0.546036 0.200000
v -5.515705 0.045791 0.200000
v -5.870718 0.930153 0.200000
v -6.228899 0.045791 0.200000
v -6.259009 0.045791 0.200000
v -6.696437 1.136186 0.200000
v -6.541120 1.136186 0.200000
v -6.243163 0.391293 0.200000
v -5.943622 1.136186 0.200000
v -5.796228 1.136186 0.200000
v -5.495102 0.391293 0.200000
v -5.200315 1.136186 0.200000
v -5.046582 1.136186 0.200000
v -5.485592 0.045791 0.200000
v -5.515705 0.045791 -0.200000
v -5.870718 0.930153 -0.200000
v -6.228899 0.045791 -0.200000
v -6.259009 0.045791 -0.200000
v -6.696437 1.136186 -0.200000
v -6.541120 1.136186 -0.200000
v -6.243163 0.391293 -0.200000
v -5.943622 1.136186 -0.200000
v -5.796228 1.136186 -0.200000
v -5.495102 0.391293 -0.200000
v -5.200315 1.136186 -0.200000
v -5.046582 1.136186 -0.200000
v -5.485592 0.045791 -0.200000
v -5.515705 0.045791 -0.200000
v -5.532261 0.021305 -0.197553
v -5.547198 -0.000785 -0.190451
v -5.559051 -0.018318 -0.179389
v -5.566662 -0.029573 -0.165451
v -5.569283 -0.033451 -0.150000
v -5.569283 -0.033451 0.150000
v -5.566662 -0.029573 0.165451
v -5.559051 -0.018318 0.179389
v -5.547198 -0.000785 0.190451
v -5.532261 0.021305 0.197553
v -5.515705 0.045791 0.200000
v -5.870718 0.930153 -0.200000
v -5.870818 0.864672 -0.197553
v -5.870909 0.805600 -0.190451
v -5.870980 0.758722 -0.179389
v -5.871027 0.728623 -0.165451
v -5.871044 0.718252 -0.150000
v -5.871044 0.718252 0.150000
v -5.871027 0.728623 0.165451
v -5.870980 0.758722 0.179389
v -5.870909 0.805600 0.190451
v -5.870818 0.864672 0.197553
v -5.870718 0.930153 0.200000
v -6.228899 0.045791 -0.200000
v -6.212397 0.021305 -0.197553
v -6.197510 -0.000785 -0.190451
v -6.185698 -0.018318 -0.179389
v -6.178112 -0.029573 -0.165451
v -6.175498 -0.033451 -0.150000
v -6.175498 -0.033451 0.150000
v -6.178112 -0.029573 0.165451
v -6.185698 -0.018318 0.179389
v -6.197510 -0.000785 0.190451
v -6.212397 0.021305 0.197553
v -6.228899 0.045791 0.200000
v -6.259009 0.045791 -0.200000
v -6.275570 0.021305 -0.197553
v -6.290512 -0.000785 -0.190451
v -6.302371 -0.018318 -0.179389
v -6.309981 -0.029573 -0.165451
v -6.312604 -0.033451 -0.150000
v -6.312604 -0.033451 0.150000
v -6.309981 -0.029573 0.165451
v -6.302371 -0.018318 0.179389
v -6.290512 -0.000785 0.190451
v -6.275570 0.021305 0.197553
v -6.259009 0.045791 0.200000
v -6.696437 1.136186 -0.200000
v -6.732646 1.160674 -0.197553
v -6.765309 1.182764 -0.190451
v -6.791231 1.200294 -0.179389
v -6.807875 1.211552 -0.165451
v -6.813611 1.215429 -0.150000
v -6.813611 1.215429 0.150000
v -6.807875 1.211552 0.165451
v -6.791231 1.200294 0.179389
v -6.765309 1.182764 0.190451
v -6.732646 1.160674 0.197553
v -6.696437 1.136186 0.200000
v -6.541120 1.136186 -0.200000
v -6.524540 1.160674 -0.197553
v -6.509584 1.182764 -0.190451
v -6.497715 1.200294 -0.179389
v -6.490092 1.211552 -0.165451
v -6.487466 1.215429 -0.150000
v -6.487466 1.215429 0.150000
v -6.490092 1.211552 0.165451
v -6.497715 1.200294 0.179389
v -6.509584 1.182764 0.190451
v -6.524540 1.160674 0.197553
v -6.541120 1.136186 0.200000
v -6.243163 0.391293 -0.200000
v -6.243104 0.457078 -0.197553
v -6.243047 0.516423 -0.190451
v -6.243006 0.563519 -0.179389
v -6.242977 0.593758 -0.165451
v -6.242967 0.604176 -0.150000
v -6.242967 0.604176 0.150000
v -6.242977 0.593758 0.165451
v -6.243006 0.563519 0.179389
v -6.243047 0.516423 0.190451
v -6.243104 0.457078 0.197553
v -6.243163 0.391293 0.200000
v -5.943622 1.136186 -0.200000
v -5.960168 1.160674 -0.197553
v -5.975093 1.182764 -0.190451
v -5.986939 1.200294 -0.179389
v -5.994545 1.211552 -0.165451
v -5.997166 1.215429 -0.150000
v -5.997166 1.215429 0.150000
v -5.994545 1.211552 0.165451
v -5.986939 1.200294 0.179389
v -5.975093 1.182764 0.190451
v -5.960168 1.160674 0.197553
v -5.943622 1.136186 0.200000
v -5.796228 1.136186 -0.200000
v -5.779713 1.160674 -0.197553
v -5.764817 1.182764 -0.190451
v -5.752995 1.200294 -0.179389
v -5.745404 1.211552 -0.165451
v -5.742788 1.215429 -0.150000
v -5.742788 1.215429 0.150000
v -5.745404 1.211552 0.165451
v -5.752995 1.200294 0.179389
v -5.764817 1.182764 0.190451
v -5.779713 1.160674 0.197553
v -5.796228 1.136186 0.200000
v -5.495102 0.391293 -0.200000
v -5.495343 0.457230 -0.197553
v -5.495561 0.516710 -0.190451
v -5.495735 0.563915 -0.179389
v -5.495846 0.594224 -0.165451
v -5.495885 0.604667 -0.150000
v -5.495885 0.604667 0.150000
v -5.495846 0.594224 0.165451
v -5.495735 0.563915 0.179389
v -5.495561 0.516710 0.190451
v -5.495343 0.457230 0.197553
v -5.495102 0.391293 0.200000
v -5.200315 1.136186 -0.200000
v -5.216960 1.160674 -0.197553
v -5.231975 1.182764 -0.190451
v -5.243890 1.200294 -0.179389
v -5.251542 1.211552 -0.165451
v -5.254178 1.215429 -0.150000
v -5.254178 1.215429 0.150000
v -5.251542 1.211552 0.165451
v -5.243890 1.200294 0.179389
v -5.231975 1.182764 0.190451
v -5.216960 1.160674 0.197553
v -5.200315 1.136186 0.200000
v -5.046582 1.136186 -0.200000
v -5.010325 1.160674 -0.197553
v -4.977616 1.182764 -0.190451
v -4.951661 1.200294 -0.179389
v -4.934994 1.211552 -0.165451
v -4.929251 1.215429 -0.150000
v -4.929251 1.215429 0.150000
v -4.934994 1.211552 0.165451
v -4.951661 1.200294 0.179389
v -4.977616 1.182764 0.190451
v -5.010325 1.160674 0.197553
v -5.046582 1.136186 0.200000
v -5.485592 0.045791 -0.200000
v -5.469053 0.021305 -0.197553
v -5.454134 -0.000785 -0.190451
v -5.442293 -0.018318 -0.179389
v -5.434692 -0.029573 -0.165451
v -5.432073 -0.033451 -0.150000
v -5.432073 -0.033451 0.150000
v -5.434692 -0.029573 0.165451
v -5.442293 -0.018318 0.179389
v -5.454134 -0.000785 0.190451
v -5.469053 0.021305 0.197553
v -5.485592 0.045791 0.200000
v -3.956398 0.025055 0.200000
v -3.956398 0.524073 0.200000
v -4.598231 0.524073 0.200000
v -4.598231 0.025055 0.200000
v -4.762890 0.025055 0.200000
v -4.762890 1.170947 0.200000
v -4.598231 1.170947 0.200000
v -4.598231 0.671931 0.200000
v -3.956398 0.671931 0.200000
v -3.956398 1.170947 0.200000
v -3.791738 1.170947 0.200000
v -3.791738 0.025055 0.200000
v -3.956398 0.025055 -0.200000
v -3.956398 0.524073 -0.200000
v -4.598231 0.524073 -0.200000
v -4.598231 0.025055 -0.200000
v -4.762890 0.025055 -0.200000
v -4.762890 1.170947 -0.200000
v -4.598231 1.170947 -0.200000
v -4.598231 0.671931 -0.200000
v -3.956398 0.671931 -0.200000
v -3.956398 1.170947 -0.200000
v -3.791738 1.170947 -0.200000
v -3.791738 0.025055 -0.200000
v -3.956398 0.025055 -0.200000
v -3.982358 -0.000906 -0.197553
v -4.005776 -0.024324 -0.190451
v -4.024362 -0.042909 -0.179389
v -4.036297 -0.054842 -0.165451
v -4.040408 -0.058955 -0.150000
v -4.040408 -0.058955 0.150000
v -4.036297 -0.054842 0.165451
v -4.024362 -0.042909 0.179389
v -4.005776 -0.024324 0.190451
v -3.982358 -0.000906 0.197553
v -3.956398 0.025055 0.200000
v -3.956398 0.524073 -0.200000
v -3.982358 0.498112 -0.197553
v -4.005776 0.474694 -0.190451
v -4.024362 0.456109 -0.179389
v -4.036297 0.444176 -0.165451
v -4.040408 0.440063 -0.150000
v -4.040408 0.440063 0.150000
v -4.036297 0.444176 0.165451
v -4.024362 0.456109 0.179389
v -4.005776 0.474694 0.190451
v -3.982358 0.498112 0.197553
v -3.956398 0.524073 0.200000
v -4.598231 0.524073 -0.200000
v -4.572270 0.498112 -0.197553
v -4.548852 0.474694 -0.190451
v -4.530266 0.456109 -0.179389
v -4.518332 0.444176 -0.165451
v -4.514221 0.440063 -0.150000
v -4.514221 0.440063 0.150000
v -4.518332 0.444176 0.165451
v -4.530266 0.456109 0.179389
v -4.548852 0.474694 0.190451
v -4.572270 0.498112 0.197553
v -4.598231 0.524073 0.200000
v -4.598231 0.025055 -0.200000
v -4.572270 -0.000906 -0.197553
v -4.548852 -0.024324 -0.190451
v -4.530266 -0.042909 -0.179389
v -4.518332 -0.054842 -0.165451
v -4.514221 -0.058955 -0.150000
v -4.514221 -0.058955 0.150000
v -4.518332 -0.054842 0.165451
v -4.530266 -0.042909 0.179389
v -4.548852 -0.024324 0.190451
v -4.572270 -0.000906 0.197553
v -4.598231 0.025055 0.200000
v -4.762890 0.025055 -0.200000
v -4.788851 -0.000906 -0.197553
v -4.812269 -0.024324 -0.190451
v -4.830854 -0.042909 -0.179389
v -4.842787 -0.054842 -0.165451
v -4.846900 -0.058955 -0.150000
v -4.846900 -0.058955 0.150000
v -4.842787 -0.054842 0.165451
v -4.830854 -0.042909 0.179389
v -4.812269 -0.024324 0.190451
v -4.788851 -0.000906 0.197553
v -4.762890 0.025055 0.200000
v -4.762890 1.170947 -0.200000
v -4.788851 1.196908 -0.197553
v -4.812269 1.220328 -0.190451
v -4.830854 1.238914 -0.179389
v -4.842787 1.250846 -0.165451
v -4.846900 1.254957 -0.150000
v -4.846900 1.254957 0.150000
v -4.842787 1.250846 0.165451
v -4.830854 1.238914 0.179389
v -4.812269 1.220328 0.190451
v -4.788851 1.196908 0.197553
v -4.762890 1.170947 0.200000
v -4.598231 1.170947 -0.200000
v -4.572270 1.196908 -0.197553
v -4.548852 1.220328 -0.190451
v -4.530266 1.238914 -0.179389
v -4.518332 1.250846 -0.165451
v -4.514221 1.254957 -0.150000
v -4.514221 1.254957 0.150000
v -4.518332 1.250846 0.165451
v -4.530266 1.238914 0.179389
v -4.548852 1.220328 0.190451
v -4.572270 1.196908 0.197553
v -4.598231 1.170947 0.200000
v -4.598231 0.671931 -0.200000
v -4.572270 0.697892 -0.197553
v -4.548852 0.721310 -0.190451
v -4.530266 0.739896 -0.179389
v -4.518332 0.751828 -0.165451
v -4.514221 0.755939 -0.150000
v -4.514221 0.755939 0.150000
v -4.518332 0.751828 0.165451
v -4.530266 0.739896 0.179389
v -4.548852 0.721310 0.190451
v -4.572270 0.697892 0.197553
v -4.598231 0.671931 0.200000
v -3.956398 0.671931 -0.200000
v -3.982358 0.697892 -0.197553
v -4.005776 0.721310 -0.190451
v -4.024362 0.739896 -0.179389
v -4.036297 0.751828 -0.165451
v -4.040408 0.755939 -0.150000
v -4.040408 0.755939 0.150000
v -4.036297 0.751828 0.165451
v -4.024362 0.739896 0.179389
v -4.005776 0.721310 0.190451
v -3.982358 0.697892 0.197553
v -3.956398 0.671931 0.200000
v -3.956398 1.170947 -0.200000
v -3.982358 1.196908 -0.197553
v -4.005776 1.220328 -0.190451
v -4.024362 1.238914 -0.179389
v -4.036297 1.250846 -0.165451
v -4.040408 1.254957 -0.150000
v -4.040408 1.254957 0.150000
v -4.036297 1.250846 0.165451
v -4.024362 1.238914 0.179389
v -4.005776 1.220328 0.190451
v -3.982358 1.196908 0.197553
v -3.956398 1.170947 0.200000
v -3.791738 1.170947 -0.200000
v -3.765777 1.196908 -0.197553
v -3.742359 1.220328 -0.190451
v -3.723774 1.238914 -0.179389
v -3.711839 1.250846 -0.165451
v -3.707728 1.254957 -0.150000
v -3.707728 1.254957 0.150000
v -3.711839 1.250846 0.165451
v -3.723774 1.238914 0.179389
v -3.742359 1.220328 0.190451
v -3.765777 1.196908 0.197553
v -3.791738 1.170947 0.200000
v -3.791738 0.025055 -0.200000
v -3.765777 -0.000906 -0.197553
v -3.742359 -0.024324 -0.190451
v -3.723774 -0.042909 -0.179389
v -3.711839 -0.054842 -0.165451
v -3.707728 -0.058955 -0.150000
v -3.707728 -0.058955 0.150000
v -3.711839 -0.054842 0.165451
v -3.723774 -0.042909 0.179389
v -3.742359 -0.024324 0.190451
v -3.765777 -0.000906 0.197553
v -3.791738 0.025055 0.200000
v -1.349874 0.935137 0.200000
v -1.384027 0.952918 0.200000
v -1.417562 0.968868 0.200000
v -1.450588 0.983014 0.200000
v -1.483219 0.995388 0.200000
v -1.515565 1.006017 0.200000
v -1.547735 1.014928 0.200000
v -1.579841 1.022156 0.200000
v -1.611991 1.027727 0.200000
v -1.644300 1.031671 0.200000
v -1.676880 1.034015 0.200000
v -1.709838 1.034790 0.200000
v -1.773890 1.030974 0.200000
v -1.834700 1.019807 0.200000
v -1.891824 1.001710 0.200000
v -1.944815 0.977102 0.200000
v -1.993234 0.946405 0.200000
v -2.036634 0.910036 0.200000
v -2.074576 0.868415 0.200000
v -2.106611 0.821964 0.200000
v -2.132299 0.771103 0.200000
v -2.151199 0.716252 0.200000
v -2.162864 0.657832 0.200000
v -2.166849 0.596258 0.200000
v -2.162987 0.533693 0.200000
v -2.151633 0.474763 0.200000
v -2.133141 0.419811 0.200000
v -2.107855 0.369183 0.200000
v -2.076130 0.323224 0.200000
v -2.038315 0.282273 0.200000
v -1.994758 0.246679 0.200000
v -1.945812 0.216785 0.200000
v -1.891824 0.192935 0.200000
v -1.833144 0.175471 0.200000
v -1.770125 0.164741 0.200000
v -1.703115 0.161089 0.200000
v -1.670541 0.162029 0.200000
v -1.637559 0.164839 0.200000
v -1.604248 0.169490 0.200000
v -1.570691 0.175961 0.200000
v -1.536973 0.184230 0.200000
v -1.503172 0.194272 0.200000
v -1.469372 0.206065 0.200000
v -1.435654 0.219585 0.200000
v -1.402100 0.234808 0.200000
v -1.368789 0.251710 0.200000
v -1.335805 0.270269 0.200000
v -1.303230 0.290465 0.200000
v -1.303230 0.110682 0.200000
v -1.331610 0.096345 0.200000
v -1.360575 0.082797 0.200000
v -1.390285 0.070122 0.200000
v -1.420907 0.058410 0.200000
v -1.452600 0.047749 0.200000
v -1.485531 0.038224 0.200000
v -1.519863 0.029927 0.200000
v -1.555758 0.022939 0.200000
v -1.593378 0.017354 0.200000
v -1.632891 0.013255 0.200000
v -1.674455 0.010732 0.200000
v -1.718238 0.009871 0.200000
v -1.820760 0.016524 0.200000
v -1.913389 0.035503 0.200000
v -1.996309 0.065343 0.200000
v -2.069710 0.104583 0.200000
v -2.133774 0.151758 0.200000
v -2.188692 0.205405 0.200000
v -2.234647 0.264055 0.200000
v -2.271830 0.326245 0.200000
v -2.300424 0.390513 0.200000
v -2.320617 0.455395 0.200000
v -2.332599 0.519425 0.200000
v -2.336548 0.581138 0.200000
v -2.331148 0.666454 0.200000
v -2.315321 0.747290 0.200000
v -2.289636 0.823086 0.200000
v -2.254656 0.893281 0.200000
v -2.210949 0.957313 0.200000
v -2.159077 1.014626 0.200000
v -2.099614 1.064660 0.200000
v -2.033117 1.106851 0.200000
v -1.960159 1.140642 0.200000
v -1.881303 1.165472 0.200000
v -1.797114 1.180779 0.200000
v -1.708156 1.186006 0.200000
v -1.678696 1.185407 0.200000
v -1.649047 1.183589 0.200000
v -1.619079 1.180521 0.200000
v -1.588676 1.176174 0.200000
v -1.557711 1.170522 0.200000
v -1.526064 1.163535 0.200000
v -1.493615 1.155181 0.200000
v -1.460235 1.145433 0.200000
v -1.425805 1.134261 0.200000
v -1.390204 1.121637 0.200000
v -1.353306 1.107533 0.200000
v -1.314991 1.091917 0.200000
v -1.314991 0.915496 0.200000
v -1.349874 0.935137 -0.200000
v -1.384027 0.952918 -0.200000
v -1.417562 0.968868 -0.200000
v -1.450588 0.983014 -0.200000
v -1.483219 0.995388 -0.200000
v -1.515565 1.006017 -0.200000
v -1.547735 1.014928 -0.200000
v -1.579841 1.022156 -0.200000
v -1.611991 1.027727 -0.200000
v -1.644300 1.031671 -0.200000
v -1.676880 1.034015 -0.200000
v -1.709838 1.034790 -0.200000
v -1.773890 1.030974 -0.200000
v -1.834700 1.019807 -0.200000
v -1.891824 1.001710 -0.200000
v -1.944815 0.977102 -0.200000
v -1.993234 0.946405 -0.200000
v -2.036634 0.910036 -0.200000
v -2.074576 0.868415 -0.200000
v -2.106611 0.821964 -0.200000
v -2.132299 0.771103 -0.200000
v -2.151199 0.716252 -0.200000
v -2.162864 0.657832 -0.200000
v -2.166849 0.596258 -0.200000
v -2.162987 0.533693 -0.200000
v -2.151633 0.474763 -0.200000
v -2.133141 0.419813 -0.200000
v -2.107855 0.369183 -0.200000
v -2.076130 0.323223 -0.200000
v -2.038315 0.282273 -0.200000
v -1.994758 0.246679 -0.200000
v -1.945812 0.216785 -0.200000
v -1.891824 0.192935 -0.200000
v -1.833144 0.175471 -0.200000
v -1.770125 0.164741 -0.200000
v -1.703115 0.161089 -0.200000
v -1.670541 0.162029 -0.200000
v -1.637559 0.164839 -0.200000
v -1.604248 0.169490 -0.200000
v -1.570691 0.175961 -0.200000
v -1.536973 0.184230 -0.200000
v -1.503172 0.194272 -0.200000
v -1.469372 0.206065 -0.200000
v -1.435654 0.219585 -0.200000
v -1.402100 0.234808 -0.200000
v -1.368789 0.251710 -0.200000
v -1.335805 0.270269 -0.200000
v -1.303230 0.290465 -0.200000
v -1.303230 0.110682 -0.200000
v -1.331610 0.096347 -0.200000
v -1.360575 0.082797 -0.200000
v -1.390285 0.070121 -0.200000
v -1.420907 0.058410 -0.200000
v -1.452600 0.047749 -0.200000
v -1.485531 0.038224 -0.200000
v -1.519863 0.029927 -0.200000
v -1.555758 0.022939 -0.200000
v -1.593378 0.017354 -0.200000
v -1.632891 0.013255 -0.200000
v -1.674455 0.010732 -0.200000
v -1.718238 0.009871 -0.200000
v -1.820760 0.016524 -0.200000
v -1.913389 0.035502 -0.200000
v -1.996309 0.065343 -0.200000
v -2.069710 0.104583 -0.200000
v -2.133774 0.151758 -0.200000
v -2.188692 0.205405 -0.200000
v -2.234647 0.264055 -0.200000
v -2.271830 0.326245 -0.200000
v -2.300424 0.390513 -0.200000
v -2.320617 0.455395 -0.200000
v -2.332599 0.519425 -0.200000
v -2.336548 0.581138 -0.200000
v -2.331148 0.666454 -0.200000
v -2.315321 0.747290 -0.200000
v -2.289636 0.823086 -0.200000
v -2.254656 0.893281 -0.200000
v -2.210949 0.957313 -0.200000
v -2.159077 1.014626 -0.200000
v -2.099614 1.064660 -0.200000
v -2.033117 1.106851 -0.200000
v -1.960159 1.140642 -0.200000
v -1.881303 1.165472 -0.200000
v -1.797114 1.180779 -0.200000
v -1.708156 1.186006 -0.200000
v -1.678696 1.185407 -0.200000
v -1.649047 1.183589 -0.200000
v -1.619079 1.180521 -0.200000
v -1.588676 1.176174 -0.200000
v -1.557711 1.170522 -0.200000
v -1.526064 1.163535 -0.200000
v -1.493615 1.155181 -0.200000
v -1.460235 1.145433 -0.200000
v -1.425805 1.134261 -0.200000
v -1.390204 1.121637 -0.200000
v -1.353306 1.107533 -0.200000
v -1.314991 1.091917 -0.200000
v -1.314991 0.915496 -0.200000
v -1.349874 0.935137 -0.200000
v -1.362239 0.912308 -0.197553
v -1.373396 0.891713 -0.190451
v -1.382250 0.875368 -0.179389
v -1.387934 0.864876 -0.165451
v -1.389893 0.861258 -0.150000
v -1.389893 0.861258 0.150000
v -1.387934 0.864876 0.165451
v -1.382250 0.875368 0.179389
v -1.373396 0.891713 0.190451
v -1.362239 0.912308 0.197553
v -1.349874 0.935137 0.200000
v -1.384027 0.952918 -0.200000
v -1.395599 0.929677 -0.197553
v -1.406039 0.908708 -0.190451
v -1.414324 0.892068 -0.179389
v -1.419645 0.881385 -0.165451
v -1.421478 0.877704 -0.150000
v -1.421478 0.877704 0.150000
v -1.419645 0.881385 0.165451
v -1.414324 0.892068 0.179389
v -1.406039 0.908708 0.190451
v -1.395599 0.929677 0.197553
v -1.384027 0.952918 0.200000
v -1.417562 0.968868 -0.200000
v -1.428252 0.945204 -0.197553
v -1.437894 0.923858 -0.190451
v -1.445547 0.906919 -0.179389
v -1.450462 0.896042 -0.165451
v -1.452156 0.892294 -0.150000
v -1.452156 0.892294 0.150000
v -1.450462 0.896042 0.165451
v -1.445547 0.906919 0.179389
v -1.437894 0.923858 0.190451
v -1.428252 0.945204 0.197553
v -1.417562 0.968868 0.200000
v -1.450588 0.983014 -0.200000
v -1.460306 0.958936 -0.197553
v -1.469073 0.937214 -0.190451
v -1.476028 0.919973 -0.179389
v -1.480495 0.908907 -0.165451
v -1.482033 0.905093 -0.150000
v -1.482033 0.905093 0.150000
v -1.480495 0.908907 0.165451
v -1.476028 0.919973 0.179389
v -1.469073 0.937214 0.190451
v -1.460306 0.958936 0.197553
v -1.450588 0.983014 0.200000
v -1.483219 0.995388 -0.200000
v -1.491880 0.970907 -0.197553
v -1.499689 0.948822 -0.190451
v -1.505888 0.931296 -0.179389
v -1.509869 0.920044 -0.165451
v -1.511238 0.916166 -0.150000
v -1.511238 0.916166 0.150000
v -1.509869 0.920044 0.165451
v -1.505888 0.931296 0.179389
v -1.499689 0.948822 0.190451
v -1.491880 0.970907 0.197553
v -1.483219 0.995388 0.200000
v -1.515565 1.006017 -0.200000
v -1.523087 0.981161 -0.197553
v -1.529873 0.958739 -0.190451
v -1.535258 0.940946 -0.179389
v -1.538716 0.929522 -0.165451
v -1.539906 0.925586 -0.150000
v -1.539906 0.925586 0.150000
v -1.538716 0.929522 0.165451
v -1.535258 0.940946 0.179389
v -1.529873 0.958739 0.190451
v -1.523087 0.981161 0.197553
v -1.515565 1.006017 0.200000
v -1.547735 1.014928 -0.200000
v -1.554054 0.989741 -0.197553
v -1.559756 0.967020 -0.190451
v -1.564281 0.948989 -0.179389
v -1.567187 0.937410 -0.165451
v -1.568188 0.933422 -0.150000
v -1.568188 0.933422 0.150000
v -1.567187 0.937410 0.165451
v -1.564281 0.948989 0.179389
v -1.559756 0.967020 0.190451
v -1.554054 0.989741 0.197553
v -1.547735 1.014928 0.200000
v -1.579841 1.022156 -0.200000
v -1.584909 0.996689 -0.197553
v -1.589483 0.973713 -0.190451
v -1.593113 0.955478 -0.179389
v -1.595442 0.943771 -0.165451
v -1.596245 0.939739 -0.150000
v -1.596245 0.939739 0.150000
v -1.595442 0.943771 0.165451
v -1.593113 0.955478 0.179389
v -1.589483 0.973713 0.190451
v -1.584909 0.996689 0.197553
v -1.579841 1.022156 0.200000
v -1.611991 1.027727 -0.200000
v -1.615782 1.002036 -0.197553
v -1.619201 0.978861 -0.190451
v -1.621916 0.960470 -0.179389
v -1.623658 0.948660 -0.165451
v -1.624259 0.944591 -0.150000
v -1.624259 0.944591 0.150000
v -1.623658 0.948660 0.165451
v -1.621916 0.960470 0.179389
v -1.619201 0.978861 0.190451
v -1.615782 1.002036 0.197553
v -1.611991 1.027727 0.200000
v -1.644300 1.031671 -0.200000
v -1.646806 1.005823 -0.197553
v -1.649066 0.982506 -0.190451
v -1.650861 0.964001 -0.179389
v -1.652011 0.952120 -0.165451
v -1.652409 0.948027 -0.150000
v -1.652409 0.948027 0.150000
v -1.652011 0.952120 0.165451
v -1.650861 0.964001 0.179389
v -1.649066 0.982506 0.190451
v -1.646806 1.005823 0.197553
v -1.644300 1.031671 0.200000
v -1.676880 1.034015 -0.200000
v -1.678117 1.008076 -0.197553
v -1.679233 0.984675 -0.190451
v -1.680120 0.966107 -0.179389
v -1.680689 0.954184 -0.165451
v -1.680885 0.950076 -0.150000
v -1.680885 0.950076 0.150000
v -1.680689 0.954184 0.165451
v -1.680120 0.966107 0.179389
v -1.679233 0.984675 0.190451
v -1.678117 1.008076 0.197553
v -1.676880 1.034015 0.200000
v -1.709838 1.034790 -0.200000
v -1.709369 1.008810 -0.197553
v -1.708947 0.985375 -0.190451
v -1.708613 0.966777 -0.179389
v -1.708399 0.954835 -0.165451
v -1.708323 0.950722 -0.150000
v -1.708323 0.950722 0.150000
v -1.708399 0.954835 0.165451
v -1.708613 0.966777 0.179389
v -1.708947 0.985375 0.190451
v -1.709369 1.008810 0.197553
v -1.709838 1.034790 0.200000
v -1.773890 1.030974 -0.200000
v -1.770763 1.005153 -0.197553
v -1.767941 0.981860 -0.190451
v -1.765703 0.963375 -0.179389
v -1.764264 0.951507 -0.165451
v -1.763768 0.947418 -0.150000
v -1.763768 0.947418 0.150000
v -1.764264 0.951507 0.165451
v -1.765703 0.963375 0.179389
v -1.767941 0.981860 0.190451
v -1.770763 1.005153 0.197553
v -1.773890 1.030974 0.200000
v -1.834700 1.019807 -0.200000
v -1.828410 0.994568 -0.197553
v -1.822738 0.971798 -0.190451
v -1.818235 0.953730 -0.179389
v -1.815344 0.942129 -0.165451
v -1.814347 0.938131 -0.150000
v -1.814347 0.938131 0.150000
v -1.815344 0.942129 0.165451
v -1.818235 0.953730 0.179389
v -1.822738 0.971798 0.190451
v -1.828410 0.994568 0.197553
v -1.834700 1.019807 0.200000
v -1.891824 1.001710 -0.200000
v -1.882397 0.977465 -0.197553
v -1.873894 0.955593 -0.190451
v -1.867147 0.938235 -0.179389
v -1.862813 0.927090 -0.165451
v -1.861321 0.923249 -0.150000
v -1.861321 0.923249 0.150000
v -1.862813 0.927090 0.165451
v -1.867147 0.938235 0.179389
v -1.873894 0.955593 0.190451
v -1.882397 0.977465 0.197553
v -1.891824 1.001710 0.200000
v -1.944815 0.977102 -0.200000
v -1.932345 0.954270 -0.197553
v -1.921095 0.933675 -0.190451
v -1.912167 0.917327 -0.179389
v -1.906436 0.906833 -0.165451
v -1.904461 0.903216 -0.150000
v -1.904461 0.903216 0.150000
v -1.906436 0.906833 0.165451
v -1.912167 0.917327 0.179389
v -1.921095 0.933675 0.190451
v -1.932345 0.954270 0.197553
v -1.944815 0.977102 0.200000
v -1.993234 0.946405 -0.200000
v -1.977878 0.925402 -0.197553
v -1.964027 0.906453 -0.190451
v -1.953034 0.891416 -0.179389
v -1.945976 0.881763 -0.165451
v -1.943544 0.878435 -0.150000
v -1.943544 0.878435 0.150000
v -1.945976 0.881763 0.165451
v -1.953034 0.891416 0.179389
v -1.964027 0.906453 0.190451
v -1.977878 0.925402 0.197553
v -1.993234 0.946405 0.200000
v -2.036634 0.910036 -0.200000
v -2.018625 0.891256 -0.197553
v -2.002376 0.874317 -0.190451
v -1.989482 0.860873 -0.179389
v -1.981204 0.852242 -0.165451
v -1.978352 0.849270 -0.150000
v -1.978352 0.849270 0.150000
v -1.981204 0.852242 0.165451
v -1.989482 0.860873 0.179389
v -2.002376 0.874317 0.190451
v -2.018625 0.891256 0.197553
v -2.036634 0.910036 0.200000
v -2.074576 0.868415 -0.200000
v -2.054204 0.852227 -0.197553
v -2.035827 0.837624 -0.190451
v -2.021242 0.826033 -0.179389
v -2.011879 0.818592 -0.165451
v -2.008651 0.816030 -0.150000
v -2.008651 0.816030 0.150000
v -2.011879 0.818592 0.165451
v -2.021242 0.826033 0.179389
v -2.035827 0.837624 0.190451
v -2.054204 0.852227 0.197553
v -2.074576 0.868415 0.200000
v -2.106611 0.821964 -0.200000
v -2.084236 0.808682 -0.197553
v -2.064050 0.796698 -0.190451
v -2.048034 0.787191 -0.179389
v -2.037748 0.781085 -0.165451
v -2.034204 0.778981 -0.150000
v -2.034204 0.778981 0.150000
v -2.037748 0.781085 0.165451
v -2.048034 0.787191 0.179389
v -2.064050 0.796698 0.190451
v -2.084236 0.808682 0.197553
v -2.106611 0.821964 0.200000
v -2.132299 0.771103 -0.200000
v -2.108331 0.760977 -0.197553
v -2.086707 0.751840 -0.190451
v -2.069550 0.744590 -0.179389
v -2.058531 0.739937 -0.165451
v -2.054734 0.738332 -0.150000
v -2.054734 0.738332 0.150000
v -2.058531 0.739937 0.165451
v -2.069550 0.744590 0.179389
v -2.086707 0.751840 0.190451
v -2.108331 0.760977 0.197553
v -2.132299 0.771103 0.200000
v -2.151199 0.716252 -0.200000
v -2.126082 0.709451 -0.197553
v -2.103426 0.703318 -0.190451
v -2.085446 0.698449 -0.179389
v -2.073904 0.695322 -0.165451
v -2.069925 0.694245 -0.150000
v -2.069925 0.694245 0.150000
v -2.073904 0.695322 0.165451
v -2.085446 0.698449 0.179389
v -2.103426 0.703318 0.190451
v -2.126082 0.709451 0.197553
v -2.151199 0.716252 0.200000
v -2.162864 0.657832 -0.200000
v -2.137068 0.654435 -0.197553
v -2.113797 0.651372 -0.190451
v -2.095331 0.648943 -0.179389
v -2.083475 0.647382 -0.165451
v -2.079389 0.646844 -0.150000
v -2.079389 0.646844 0.150000
v -2.083475 0.647382 0.165451
v -2.095331 0.648943 0.179389
v -2.113797 0.651372 0.190451
v -2.137068 0.654435 0.197553
v -2.162864 0.657832 0.200000
v -2.166849 0.596258 -0.200000
v -2.140837 0.596219 -0.197553
v -2.117370 0.596185 -0.190451
v -2.098747 0.596155 -0.179389
v -2.086793 0.596138 -0.165451
v -2.082673 0.596133 -0.150000
v -2.082673 0.596133 0.150000
v -2.086793 0.596138 0.165451
v -2.098747 0.596155 0.179389
v -2.117370 0.596185 0.190451
v -2.140837 0.596219 0.197553
v -2.166849 0.596258 0.200000
v -2.162987 0.533693 -0.200000
v -2.137181 0.536962 -0.197553
v -2.113897 0.539912 -0.190451
v -2.095420 0.542251 -0.179389
v -2.083559 0.543753 -0.165451
v -2.079470 0.544271 -0.150000
v -2.079470 0.544271 0.150000
v -2.083559 0.543753 0.165451
v -2.095420 0.542251 0.179389
v -2.113897 0.539912 0.190451
v -2.137181 0.536962 0.197553
v -2.162987 0.533693 0.200000
v -2.151633 0.474763 -0.200000
v -2.126473 0.481389 -0.197553
v -2.103774 0.487365 -0.190451
v -2.085760 0.492109 -0.179389
v -2.074196 0.495155 -0.165451
v -2.070210 0.496206 -0.150000
v -2.070210 0.496206 0.150000
v -2.074196 0.495155 0.165451
v -2.085760 0.492109 0.179389
v -2.103774 0.487365 0.190451
v -2.126473 0.481390 0.197553
v -2.151633 0.474763 0.200000
v -2.133141 0.419813 -0.200000
v -2.109109 0.429800 -0.197553
v -2.087434 0.438809 -0.190451
v -2.070230 0.445961 -0.179389
v -2.059183 0.450550 -0.165451
v -2.055377 0.452133 -0.150000
v -2.055377 0.452133 0.150000
v -2.059183 0.450550 0.165451
v -2.070230 0.445961 0.179389
v -2.087434 0.438809 0.190451
v -2.109109 0.429800 0.197553
v -2.133141 0.419811 0.200000
v -2.107855 0.369183 -0.200000
v -2.085451 0.382424 -0.197553
v -2.065236 0.394366 -0.190451
v -2.049197 0.403844 -0.179389
v -2.038897 0.409928 -0.165451
v -2.035348 0.412026 -0.150000
v -2.035348 0.412026 0.150000
v -2.038897 0.409928 0.165451
v -2.049197 0.403844 0.179389
v -2.065236 0.394366 0.190451
v -2.085451 0.382424 0.197553
v -2.107855 0.369183 0.200000
v -2.076130 0.323223 -0.200000
v -2.055811 0.339483 -0.197553
v -2.037481 0.354154 -0.190451
v -2.022932 0.365794 -0.179389
v -2.013592 0.373270 -0.165451
v -2.010374 0.375844 -0.150000
v -2.010374 0.375844 0.150000
v -2.013592 0.373270 0.165451
v -2.022932 0.365794 0.179389
v -2.037481 0.354154 0.190451
v -2.055811 0.339483 0.197553
v -2.076130 0.323224 0.200000
v -2.038315 0.282273 -0.200000
v -2.020478 0.301221 -0.197553
v -2.004386 0.318318 -0.190451
v -1.991617 0.331884 -0.179389
v -1.983417 0.340594 -0.165451
v -1.980592 0.343596 -0.150000
v -1.980592 0.343596 0.150000
v -1.983417 0.340594 0.165451
v -1.991617 0.331884 0.179389
v -2.004386 0.318318 0.190451
v -2.020478 0.301222 0.197553
v -2.038315 0.282273 0.200000
v -1.994758 0.246679 -0.200000
v -1.979709 0.267906 -0.197553
v -1.966132 0.287056 -0.190451
v -1.955358 0.302255 -0.179389
v -1.948440 0.312010 -0.165451
v -1.946057 0.315372 -0.150000
v -1.946057 0.315372 0.150000
v -1.948440 0.312010 0.165451
v -1.955358 0.302252 0.179389
v -1.966132 0.287056 0.190451
v -1.979709 0.267906 0.197553
v -1.994758 0.246679 0.200000
v -1.945812 0.216785 -0.200000
v -1.933747 0.239835 -0.197553
v -1.922865 0.260631 -0.190451
v -1.914228 0.277134 -0.179389
v -1.908682 0.287728 -0.165451
v -1.906772 0.291380 -0.150000
v -1.906772 0.291380 0.150000
v -1.908682 0.287728 0.165451
v -1.914228 0.277134 0.179389
v -1.922865 0.260631 0.190451
v -1.933747 0.239835 0.197553
v -1.945812 0.216785 0.200000
v -1.891824 0.192935 -0.200000
v -1.882839 0.217347 -0.197553
v -1.874735 0.239368 -0.190451
v -1.868303 0.256845 -0.179389
v -1.864175 0.268065 -0.165451
v -1.862752 0.271933 -0.150000
v -1.862752 0.271933 0.150000
v -1.864175 0.268065 0.165451
v -1.868303 0.256845 0.179389
v -1.874735 0.239368 0.190451
v -1.882839 0.217347 0.197553
v -1.891824 0.192935 0.200000
v -1.833144 0.175471 -0.200000
v -1.827242 0.200800 -0.197553
v -1.821918 0.223649 -0.190451
v -1.817692 0.241783 -0.179389
v -1.814978 0.253426 -0.165451
v -1.814043 0.257439 -0.150000
v -1.814043 0.257439 0.150000
v -1.814978 0.253426 0.165451
v -1.817692 0.241783 0.179389
v -1.821918 0.223649 0.190451
v -1.827242 0.200800 0.197553
v -1.833144 0.175471 0.200000
v -1.770125 0.164741 -0.200000
v -1.767232 0.190584 -0.197553
v -1.764620 0.213894 -0.190451
v -1.762546 0.232396 -0.179389
v -1.761216 0.244272 -0.165451
v -1.760760 0.248365 -0.150000
v -1.760760 0.248365 0.150000
v -1.761216 0.244272 0.165451
v -1.762546 0.232396 0.179389
v -1.764620 0.213894 0.190451
v -1.767232 0.190584 0.197553
v -1.770125 0.164741 0.200000
v -1.703115 0.161089 -0.200000
v -1.702784 0.187069 -0.197553
v -1.702485 0.210507 -0.190451
v -1.702247 0.229107 -0.179389
v -1.702095 0.241049 -0.165451
v -1.702040 0.245165 -0.150000
v -1.702040 0.245165 0.150000
v -1.702095 0.241049 0.165451
v -1.702247 0.229107 0.179389
v -1.702485 0.210507 0.190451
v -1.702784 0.187069 0.197553
v -1.703115 0.161089 0.200000
v -1.670541 0.162029 -0.200000
v -1.672018 0.187958 -0.197553
v -1.673351 0.211349 -0.190451
v -1.674409 0.229912 -0.179389
v -1.675086 0.241830 -0.165451
v -1.675321 0.245936 -0.150000
v -1.675321 0.245936 0.150000
v -1.675086 0.241830 0.165451
v -1.674409 0.229912 0.179389
v -1.673351 0.211349 0.190451
v -1.672018 0.187958 0.197553
v -1.670541 0.162029 0.200000
v -1.637559 0.164839 -0.200000
v -1.640457 0.190645 -0.197553
v -1.643071 0.213928 -0.190451
v -1.645145 0.232403 -0.179389
v -1.646477 0.244267 -0.165451
v -1.646936 0.248353 -0.150000
v -1.646936 0.248353 0.150000
v -1.646477 0.244264 0.165451
v -1.645145 0.232403 0.179389
v -1.643071 0.213928 0.190451
v -1.640457 0.190645 0.197553
v -1.637559 0.164839 0.200000
v -1.604248 0.169490 -0.200000
v -1.608503 0.195107 -0.197553
v -1.612344 0.218218 -0.190451
v -1.615390 0.236558 -0.179389
v -1.617346 0.248333 -0.165451
v -1.618021 0.252390 -0.150000
v -1.618021 0.252390 0.150000
v -1.617346 0.248333 0.165451
v -1.615390 0.236558 0.179389
v -1.612344 0.218218 0.190451
v -1.608503 0.195107 0.197553
v -1.604248 0.169490 0.200000
v -1.570691 0.175961 -0.200000
v -1.576245 0.201331 -0.197553
v -1.581254 0.224214 -0.190451
v -1.585230 0.242375 -0.179389
v -1.587783 0.254035 -0.165451
v -1.588661 0.258055 -0.150000
v -1.588661 0.258055 0.150000
v -1.587783 0.254035 0.165451
v -1.585230 0.242375 0.179389
v -1.581254 0.224214 0.190451
v -1.576245 0.201331 0.197553
v -1.570691 0.175961 0.200000
v -1.536973 0.184230 -0.200000
v -1.543766 0.209294 -0.197553
v -1.549892 0.231905 -0.190451
v -1.554756 0.249848 -0.179389
v -1.557878 0.261370 -0.165451
v -1.558953 0.265339 -0.150000
v -1.558953 0.265339 0.150000
v -1.557878 0.261370 0.165451
v -1.554756 0.249848 0.179389
v -1.549892 0.231905 0.190451
v -1.543766 0.209294 0.197553
v -1.536973 0.184230 0.200000
v -1.503172 0.194272 -0.200000
v -1.511150 0.218984 -0.197553
v -1.518346 0.241278 -0.190451
v -1.524057 0.258970 -0.179389
v -1.527723 0.270328 -0.165451
v -1.528987 0.274242 -0.150000
v -1.528987 0.274242 0.150000
v -1.527723 0.270328 0.165451
v -1.524057 0.258970 0.179389
v -1.518346 0.241278 0.190451
v -1.511150 0.218984 0.197553
v -1.503172 0.194272 0.200000
v -1.469372 0.206065 -0.200000
v -1.478485 0.230381 -0.197553
v -1.486704 0.252317 -0.190451
v -1.493225 0.269727 -0.179389
v -1.497414 0.280903 -0.165451
v -1.498857 0.284754 -0.150000
v -1.498857 0.284754 0.150000
v -1.497414 0.280903 0.165451
v -1.493225 0.269727 0.179389
v -1.486704 0.252317 0.190451
v -1.478485 0.230381 0.197553
v -1.469372 0.206065 0.200000
v -1.435654 0.219585 -0.200000
v -1.445854 0.243464 -0.197553
v -1.455052 0.265007 -0.190451
v -1.462353 0.282103 -0.179389
v -1.467041 0.293081 -0.165451
v -1.468656 0.296863 -0.150000
v -1.468656 0.296863 0.150000
v -1.467041 0.293081 0.165451
v -1.462353 0.282103 0.179389
v -1.455052 0.265007 0.190451
v -1.445854 0.243464 0.197553
v -1.435654 0.219585 0.200000
v -1.402100 0.234808 -0.200000
v -1.413340 0.258214 -0.197553
v -1.423481 0.279330 -0.190451
v -1.431531 0.296087 -0.179389
v -1.436697 0.306847 -0.165451
v -1.438479 0.310555 -0.150000
v -1.438479 0.310555 0.150000
v -1.436697 0.306847 0.165451
v -1.431531 0.296087 0.179389
v -1.423481 0.279330 0.190451
v -1.413340 0.258214 0.197553
v -1.402100 0.234808 0.200000
v -1.368789 0.251710 -0.200000
v -1.381033 0.274608 -0.197553
v -1.392079 0.295265 -0.190451
v -1.400846 0.311659 -0.179389
v -1.406474 0.322183 -0.165451
v -1.408415 0.325810 -0.150000
v -1.408415 0.325810 0.150000
v -1.406474 0.322183 0.165451
v -1.400846 0.311657 0.179389
v -1.392079 0.295265 0.190451
v -1.381033 0.274608 0.197553
v -1.368789 0.251710 0.200000
v -1.335805 0.270269 -0.200000
v -1.349016 0.292624 -0.197553
v -1.360933 0.312791 -0.190451
v -1.370392 0.328795 -0.179389
v -1.376463 0.339070 -0.165451
v -1.378554 0.342612 -0.150000
v -1.378554 0.342612 0.150000
v -1.376463 0.339070 0.165451
v -1.370392 0.328795 0.179389
v -1.360933 0.312791 0.190451
v -1.349016 0.292625 0.197553
v -1.335805 0.270269 0.200000
v -1.303230 0.290465 -0.200000
v -1.277269 0.337099 -0.197553
v -1.253851 0.379172 -0.190451
v -1.235266 0.412561 -0.179389
v -1.223331 0.433996 -0.165451
v -1.219220 0.441384 -0.150000
v -1.219220 0.441384 0.150000
v -1.223331 0.433996 0.165451
v -1.235266 0.412561 0.179389
v -1.253851 0.379172 0.190451
v -1.277269 0.337100 0.197553
v -1.303230 0.290465 0.200000
v -1.303230 0.110682 -0.200000
v -1.277269 0.094713 -0.197553
v -1.253851 0.080306 -0.190451
v -1.235266 0.068872 -0.179389
v -1.223331 0.061532 -0.165451
v -1.219220 0.059001 -0.150000
v -1.219220 0.059002 0.150000
v -1.223331 0.061532 0.165451
v -1.235266 0.068872 0.179389
v -1.253851 0.080306 0.190451
v -1.277269 0.094713 0.197553
v -1.303230 0.110682 0.200000
v -1.331610 0.096347 -0.200000
v -1.320255 0.072998 -0.197553
v -1.310011 0.051933 -0.190451
v -1.301883 0.035218 -0.179389
v -1.296663 0.024486 -0.165451
v -1.294864 0.020790 -0.150000
v -1.294864 0.020790 0.150000
v -1.296663 0.024486 0.165451
v -1.301883 0.035218 0.179389
v -1.310011 0.051933 0.190451
v -1.320255 0.072998 0.197553
v -1.331610 0.096345 0.200000
v -1.360575 0.082797 -0.200000
v -1.349978 0.059092 -0.197553
v -1.340419 0.037709 -0.190451
v -1.332833 0.020740 -0.179389
v -1.327963 0.009844 -0.165451
v -1.326285 0.006091 -0.150000
v -1.326285 0.006091 0.150000
v -1.327963 0.009844 0.165451
v -1.332833 0.020740 0.179389
v -1.340419 0.037709 0.190451
v -1.349978 0.059092 0.197553
v -1.360575 0.082797 0.200000
v -1.390285 0.070121 -0.200000
v -1.380552 0.046051 -0.197553
v -1.371771 0.024336 -0.190451
v -1.364803 0.007102 -0.179389
v -1.360327 -0.003964 -0.165451
v -1.358786 -0.007775 -0.150000
v -1.358786 -0.007775 0.150000
v -1.360327 -0.003964 0.165451
v -1.364803 0.007102 0.179389
v -1.371771 0.024336 0.190451
v -1.380552 0.046051 0.197553
v -1.390285 0.070122 0.200000
v -1.420907 0.058410 -0.200000
v -1.412128 0.033974 -0.197553
v -1.404208 0.011930 -0.190451
v -1.397920 -0.005566 -0.179389
v -1.393886 -0.016799 -0.165451
v -1.392497 -0.020669 -0.150000
v -1.392497 -0.020669 0.150000
v -1.393886 -0.016799 0.165451
v -1.397920 -0.005566 0.179389
v -1.404208 0.011930 0.190451
v -1.412128 0.033974 0.197553
v -1.420907 0.058410 0.200000
v -1.452600 0.047749 -0.200000
v -1.444852 0.022966 -0.197553
v -1.437863 0.000609 -0.190451
v -1.432316 -0.017135 -0.179389
v -1.428753 -0.028528 -0.165451
v -1.427526 -0.032452 -0.150000
v -1.427526 -0.032452 0.150000
v -1.428753 -0.028528 0.165451
v -1.432316 -0.017135 0.179389
v -1.437863 0.000609 0.190451
v -1.444852 0.022964 0.197553
v -1.452600 0.047749 0.200000
v -1.485531 0.038224 -0.200000
v -1.478872 0.013128 -0.197553
v -1.472865 -0.009515 -0.190451
v -1.468096 -0.027485 -0.179389
v -1.465036 -0.039019 -0.165451
v -1.463980 -0.042995 -0.150000
v -1.463980 -0.042995 0.150000
v -1.465036 -0.039019 0.165451
v -1.468096 -0.027485 0.179389
v -1.472865 -0.009515 0.190451
v -1.478872 0.013125 0.197553
v -1.485531 0.038224 0.200000
v -1.519863 0.029927 -0.200000
v -1.514331 0.004555 -0.197553
v -1.509339 -0.018333 -0.190451
v -1.505378 -0.036496 -0.179389
v -1.502835 -0.048156 -0.165451
v -1.501959 -0.052176 -0.150000
v -1.501959 -0.052176 0.150000
v -1.502835 -0.048156 0.165451
v -1.505378 -0.036496 0.179389
v -1.509339 -0.018333 0.190451
v -1.514331 0.004555 0.197553
v -1.519863 0.029927 0.200000
v -1.555758 0.022939 -0.200000
v -1.551370 -0.002653 -0.197553
v -1.547411 -0.025742 -0.190451
v -1.544267 -0.044065 -0.179389
v -1.542252 -0.055828 -0.165451
v -1.541555 -0.059883 -0.150000
v -1.541555 -0.059883 0.150000
v -1.542252 -0.055828 0.165451
v -1.544267 -0.044065 0.179389
v -1.547411 -0.025742 0.190451
v -1.551370 -0.002653 0.197553
v -1.555758 0.022939 0.200000
v -1.593378 0.017354 -0.200000
v -1.590131 -0.008411 -0.197553
v -1.587203 -0.031649 -0.190451
v -1.584877 -0.050095 -0.179389
v -1.583385 -0.061937 -0.165451
v -1.582872 -0.066018 -0.150000
v -1.582872 -0.066018 0.150000
v -1.583385 -0.061937 0.165451
v -1.584877 -0.050095 0.179389
v -1.587203 -0.031649 0.190451
v -1.590131 -0.008411 0.197553
v -1.593378 0.017354 0.200000
v -1.632891 0.013255 -0.200000
v -1.630763 -0.012624 -0.197553
v -1.628846 -0.035969 -0.190451
v -1.627322 -0.054498 -0.179389
v -1.626345 -0.066394 -0.165451
v -1.626009 -0.070492 -0.150000
v -1.626009 -0.070492 0.150000
v -1.626345 -0.066394 0.165451
v -1.627322 -0.054498 0.179389
v -1.628846 -0.035969 0.190451
v -1.630763 -0.012624 0.197553
v -1.632891 0.013255 0.200000
v -1.674455 0.010732 -0.200000
v -1.673412 -0.015214 -0.197553
v -1.672472 -0.038619 -0.190451
v -1.671726 -0.057193 -0.179389
v -1.671247 -0.069118 -0.165451
v -1.671083 -0.073229 -0.150000
v -1.671083 -0.073228 0.150000
v -1.671247 -0.069118 0.165451
v -1.671726 -0.057193 0.179389
v -1.672472 -0.038619 0.190451
v -1.673412 -0.015214 0.197553
v -1.674455 0.010732 0.200000
v -1.718238 0.009871 -0.200000
v -1.718825 -0.016104 -0.197553
v -1.719352 -0.039540 -0.190451
v -1.719772 -0.058138 -0.179389
v -1.720042 -0.070077 -0.165451
v -1.720135 -0.074193 -0.150000
v -1.720135 -0.074193 0.150000
v -1.720042 -0.070077 0.165451
v -1.719772 -0.058138 0.179389
v -1.719352 -0.039540 0.190451
v -1.718825 -0.016104 0.197553
v -1.718238 0.009871 0.200000
v -1.820760 0.016524 -0.200000
v -1.824223 -0.009267 -0.197553
v -1.827345 -0.032533 -0.190451
v -1.829823 -0.050998 -0.179389
v -1.831416 -0.062852 -0.165451
v -1.831964 -0.066936 -0.150000
v -1.831964 -0.066936 0.150000
v -1.831416 -0.062852 0.165451
v -1.829823 -0.050998 0.179389
v -1.827345 -0.032533 0.190451
v -1.824223 -0.009267 0.197553
v -1.820760 0.016524 0.200000
v -1.913389 0.035502 -0.200000
v -1.920425 0.010445 -0.197553
v -1.926774 -0.012161 -0.190451
v -1.931813 -0.030101 -0.179389
v -1.935047 -0.041618 -0.165451
v -1.936162 -0.045587 -0.150000
v -1.936162 -0.045587 0.150000
v -1.935047 -0.041618 0.165451
v -1.931813 -0.030101 0.179389
v -1.926774 -0.012161 0.190451
v -1.920425 0.010445 0.197553
v -1.913389 0.035503 0.200000
v -1.996309 0.065343 -0.200000
v -2.006879 0.041557 -0.197553
v -2.016417 0.020100 -0.190451
v -2.023985 0.003070 -0.179389
v -2.028844 -0.007863 -0.165451
v -2.030518 -0.011630 -0.150000
v -2.030518 -0.011630 0.150000
v -2.028844 -0.007863 0.165451
v -2.023985 0.003070 0.179389
v -2.016417 0.020100 0.190451
v -2.006879 0.041557 0.197553
v -1.996309 0.065343 0.200000
v -2.069710 0.104583 -0.200000
v -2.083596 0.082572 -0.197553
v -2.096127 0.062715 -0.190451
v -2.106068 0.046954 -0.179389
v -2.112452 0.036835 -0.165451
v -2.114651 0.033350 -0.150000
v -2.114651 0.033350 0.150000
v -2.112452 0.036835 0.165451
v -2.106068 0.046954 0.179389
v -2.096127 0.062715 0.190451
v -2.083596 0.082572 0.197553
v -2.069710 0.104583 0.200000
v -2.133774 0.151758 -0.200000
v -2.150622 0.131926 -0.197553
v -2.165821 0.114035 -0.190451
v -2.177883 0.099835 -0.179389
v -2.185627 0.090720 -0.165451
v -2.188294 0.087578 -0.150000
v -2.188294 0.087578 0.150000
v -2.185627 0.090720 0.165451
v -2.177883 0.099835 0.179389
v -2.165821 0.114035 0.190451
v -2.150622 0.131926 0.197553
v -2.133774 0.151758 0.200000
v -2.188692 0.205405 -0.200000
v -2.208065 0.188036 -0.197553
v -2.225539 0.172368 -0.190451
v -2.239408 0.159935 -0.179389
v -2.248314 0.151952 -0.165451
v -2.251382 0.149201 -0.150000
v -2.251382 0.149201 0.150000
v -2.248314 0.151952 0.165451
v -2.239408 0.159936 0.179389
v -2.225539 0.172369 0.190451
v -2.208065 0.188036 0.197553
v -2.188692 0.205405 0.200000
v -2.234647 0.264055 -0.200000
v -2.256092 0.249330 -0.197553
v -2.275436 0.236045 -0.190451
v -2.290787 0.225504 -0.179389
v -2.300643 0.218736 -0.165451
v -2.304039 0.216404 -0.150000
v -2.304039 0.216404 0.150000
v -2.300643 0.218736 0.165451
v -2.290787 0.225504 0.179389
v -2.275436 0.236045 0.190451
v -2.256092 0.249330 0.197553
v -2.234647 0.264055 0.200000
v -2.271830 0.326245 -0.200000
v -2.294914 0.314266 -0.197553
v -2.315738 0.303457 -0.190451
v -2.332263 0.294880 -0.179389
v -2.342875 0.289373 -0.165451
v -2.346529 0.287476 -0.150000
v -2.346529 0.287476 0.150000
v -2.342875 0.289373 0.165451
v -2.332263 0.294880 0.179389
v -2.315738 0.303457 0.190451
v -2.294914 0.314266 0.197553
v -2.271830 0.326245 0.200000
v -2.300424 0.390513 -0.200000
v -2.324760 0.381349 -0.197553
v -2.346715 0.373081 -0.190451
v -2.364138 0.366518 -0.179389
v -2.375324 0.362307 -0.165451
v -2.379177 0.360854 -0.150000
v -2.379177 0.360854 0.150000
v -2.375324 0.362307 0.165451
v -2.364138 0.366518 0.179389
v -2.346715 0.373081 0.190451
v -2.324760 0.381349 0.197553
v -2.300424 0.390513 0.200000
v -2.320617 0.455395 -0.200000
v -2.345856 0.449129 -0.197553
v -2.368624 0.443477 -0.190451
v -2.386694 0.438991 -0.179389
v -2.398295 0.436109 -0.165451
v -2.402291 0.435118 -0.150000
v -2.402291 0.435118 0.150000
v -2.398295 0.436109 0.165451
v -2.386694 0.438991 0.179389
v -2.368624 0.443477 0.190451
v -2.345856 0.449129 0.197553
v -2.320617 0.455395 0.200000
v -2.332599 0.519425 -0.200000
v -2.358405 0.516195 -0.197553
v -2.381685 0.513284 -0.190451
v -2.400161 0.510972 -0.179389
v -2.412022 0.509488 -0.165451
v -2.416111 0.508977 -0.150000
v -2.416111 0.508977 0.150000
v -2.412022 0.509488 0.165451
v -2.400161 0.510972 0.179389
v -2.381685 0.513284 0.190451
v -2.358405 0.516195 0.197553
v -2.332599 0.519425 0.200000
v -2.336548 0.581138 -0.200000
v -2.362562 0.581128 -0.197553
v -2.386029 0.581118 -0.190451
v -2.404652 0.581114 -0.179389
v -2.416609 0.581109 -0.165451
v -2.420729 0.581106 -0.150000
v -2.420729 0.581106 0.150000
v -2.416609 0.581109 0.165451
v -2.404652 0.581114 0.179389
v -2.386029 0.581118 0.190451
v -2.362562 0.581128 0.197553
v -2.336548 0.581138 0.200000
v -2.331148 0.666454 -0.200000
v -2.356950 0.669781 -0.197553
v -2.380225 0.672783 -0.190451
v -2.398698 0.675166 -0.179389
v -2.410557 0.676697 -0.165451
v -2.414643 0.677225 -0.150000
v -2.414643 0.677225 0.150000
v -2.410557 0.676697 0.165451
v -2.398698 0.675166 0.179389
v -2.380225 0.672783 0.190451
v -2.356950 0.669781 0.197553
v -2.331148 0.666454 0.200000
v -2.315321 0.747290 -0.200000
v -2.340465 0.753980 -0.197553
v -2.363146 0.760015 -0.190451
v -2.381148 0.764803 -0.179389
v -2.392705 0.767878 -0.165451
v -2.396688 0.768939 -0.150000
v -2.396688 0.768939 0.150000
v -2.392705 0.767878 0.165451
v -2.381148 0.764803 0.179389
v -2.363146 0.760015 0.190451
v -2.340465 0.753980 0.197553
v -2.315321 0.747290 0.200000
v -2.289636 0.823086 -0.200000
v -2.313657 0.833087 -0.197553
v -2.335325 0.842108 -0.190451
v -2.352522 0.849270 -0.179389
v -2.363566 0.853866 -0.165451
v -2.367370 0.855449 -0.150000
v -2.367370 0.855449 0.150000
v -2.363566 0.853866 0.165451
v -2.352522 0.849270 0.179389
v -2.335325 0.842108 0.190451
v -2.313657 0.833087 0.197553
v -2.289636 0.823086 0.200000
v -2.254656 0.893281 -0.200000
v -2.277097 0.906448 -0.197553
v -2.297344 0.918328 -0.190451
v -2.313412 0.927755 -0.179389
v -2.323727 0.933807 -0.165451
v -2.327283 0.935893 -0.150000
v -2.327283 0.935893 0.150000
v -2.323727 0.933807 0.165451
v -2.313412 0.927755 0.179389
v -2.297344 0.918328 0.190451
v -2.277097 0.906448 0.197553
v -2.254656 0.893281 0.200000
v -2.210949 0.957313 -0.200000
v -2.231388 0.973415 -0.197553
v -2.249826 0.987942 -0.190451
v -2.264460 0.999472 -0.179389
v -2.273858 1.006874 -0.165451
v -2.277095 1.009424 -0.150000
v -2.277095 1.009424 0.150000
v -2.273858 1.006874 0.165451
v -2.264460 0.999472 0.179389
v -2.249826 0.987942 0.190451
v -2.231388 0.973415 0.197553
v -2.210949 0.957313 0.200000
v -2.159077 1.014626 -0.200000
v -2.177142 1.033355 -0.197553
v -2.193438 1.050252 -0.190451
v -2.206372 1.063659 -0.179389
v -2.214674 1.072266 -0.165451
v -2.217534 1.075233 -0.150000
v -2.217534 1.075233 0.150000
v -2.214674 1.072266 0.165451
v -2.206372 1.063659 0.179389
v -2.193438 1.050252 0.190451
v -2.177142 1.033355 0.197553
v -2.159077 1.014626 0.200000
v -2.099614 1.064660 -0.200000
v -2.114995 1.085646 -0.197553
v -2.128868 1.104578 -0.190451
v -2.139878 1.119603 -0.179389
v -2.146948 1.129250 -0.165451
v -2.149385 1.132573 -0.150000
v -2.149385 1.132573 0.150000
v -2.146948 1.129250 0.165451
v -2.139878 1.119603 0.179389
v -2.128868 1.104578 0.190451
v -2.114995 1.085646 0.197553
v -2.099614 1.064660 0.200000
v -2.033117 1.106851 -0.200000
v -2.045582 1.129689 -0.197553
v -2.056825 1.150290 -0.190451
v -2.065748 1.166640 -0.179389
v -2.071476 1.177136 -0.165451
v -2.073450 1.180754 -0.150000
v -2.073450 1.180754 0.150000
v -2.071476 1.177136 0.165451
v -2.065748 1.166640 0.179389
v -2.056825 1.150290 0.190451
v -2.045582 1.129689 0.197553
v -2.033117 1.106851 0.200000
v -1.960159 1.140642 -0.200000
v -1.969551 1.164900 -0.197553
v -1.978023 1.186786 -0.190451
v -1.984748 1.204155 -0.179389
v -1.989065 1.215304 -0.165451
v -1.990552 1.219147 -0.150000
v -1.990552 1.219147 0.150000
v -1.989065 1.215304 0.165451
v -1.984748 1.204155 0.179389
v -1.978023 1.186786 0.190451
v -1.969551 1.164900 0.197553
v -1.960159 1.140642 0.200000
v -1.881303 1.165472 -0.200000
v -1.887546 1.190720 -0.197553
v -1.893181 1.213500 -0.190451
v -1.897650 1.231578 -0.179389
v -1.900522 1.243184 -0.165451
v -1.901511 1.247184 -0.150000
v -1.901511 1.247184 0.150000
v -1.900522 1.243184 0.165451
v -1.897650 1.231578 0.179389
v -1.893181 1.213500 0.190451
v -1.887546 1.190720 0.197553
v -1.881303 1.165472 0.200000
v -1.797114 1.180779 -0.200000
v -1.800206 1.206602 -0.197553
v -1.802999 1.229899 -0.190451
v -1.805215 1.248387 -0.179389
v -1.806638 1.260255 -0.165451
v -1.807127 1.264347 -0.150000
v -1.807127 1.264347 0.150000
v -1.806638 1.260255 0.165451
v -1.805215 1.248387 0.179389
v -1.802999 1.229899 0.190451
v -1.800206 1.206602 0.197553
v -1.797114 1.180779 0.200000
v -1.708156 1.186006 -0.200000
v -1.708654 1.211984 -0.197553
v -1.709103 1.235416 -0.190451
v -1.709460 1.254012 -0.179389
v -1.709690 1.265952 -0.165451
v -1.709769 1.270067 -0.150000
v -1.709769 1.270067 0.150000
v -1.709690 1.265952 0.165451
v -1.709460 1.254012 0.179389
v -1.709103 1.235416 0.190451
v -1.708654 1.211984 0.197553
v -1.708156 1.186006 0.200000
v -1.678696 1.185407 -0.200000
v -1.677638 1.211351 -0.197553
v -1.676681 1.234756 -0.190451
v -1.675923 1.253330 -0.179389
v -1.675437 1.265255 -0.165451
v -1.675267 1.269363 -0.150000
v -1.675267 1.269363 0.150000
v -1.675437 1.265255 0.165451
v -1.675923 1.253330 0.179389
v -1.676681 1.234756 0.190451
v -1.677638 1.211351 0.197553
v -1.678696 1.185407 0.200000
v -1.649047 1.183589 -0.200000
v -1.646929 1.209466 -0.197553
v -1.645017 1.232813 -0.190451
v -1.643503 1.251339 -0.179389
v -1.642528 1.263235 -0.165451
v -1.642195 1.267336 -0.150000
v -1.642195 1.267336 0.150000
v -1.642528 1.263235 0.165451
v -1.643503 1.251339 0.179389
v -1.645017 1.232813 0.190451
v -1.646929 1.209466 0.197553
v -1.649047 1.183589 0.200000
v -1.619079 1.180521 -0.200000
v -1.615920 1.206292 -0.197553
v -1.613071 1.229543 -0.190451
v -1.610808 1.247994 -0.179389
v -1.609355 1.259841 -0.165451
v -1.608854 1.263922 -0.150000
v -1.608854 1.263922 0.150000
v -1.609355 1.259841 0.165451
v -1.610808 1.247994 0.179389
v -1.613071 1.229543 0.190451
v -1.615920 1.206292 0.197553
v -1.619079 1.180521 0.200000
v -1.588676 1.176174 -0.200000
v -1.584506 1.201804 -0.197553
v -1.580746 1.224922 -0.190451
v -1.577762 1.243270 -0.179389
v -1.575845 1.255050 -0.165451
v -1.575185 1.259109 -0.150000
v -1.575185 1.259109 0.150000
v -1.575845 1.255050 0.165451
v -1.577762 1.243270 0.179389
v -1.580746 1.224922 0.190451
v -1.584506 1.201804 0.197553
v -1.588676 1.176174 0.200000
v -1.557711 1.170522 -0.200000
v -1.552580 1.195975 -0.197553
v -1.547951 1.218936 -0.190451
v -1.544277 1.237159 -0.179389
v -1.541918 1.248858 -0.165451
v -1.541106 1.252888 -0.150000
v -1.541106 1.252888 0.150000
v -1.541918 1.248858 0.165451
v -1.544277 1.237159 0.179389
v -1.547951 1.218936 0.190451
v -1.552580 1.195975 0.197553
v -1.557711 1.170522 0.200000
v -1.526064 1.163535 -0.200000
v -1.520029 1.188787 -0.197553
v -1.514584 1.211569 -0.190451
v -1.510262 1.229647 -0.179389
v -1.507486 1.241255 -0.165451
v -1.506531 1.245255 -0.150000
v -1.506531 1.245255 0.150000
v -1.507486 1.241255 0.165451
v -1.510262 1.229647 0.179389
v -1.514584 1.211569 0.190451
v -1.520029 1.188787 0.197553
v -1.526064 1.163535 0.200000
v -1.493615 1.155181 -0.200000
v -1.486738 1.180216 -0.197553
v -1.480534 1.202803 -0.190451
v -1.475613 1.220728 -0.179389
v -1.472452 1.232236 -0.165451
v -1.471362 1.236202 -0.150000
v -1.471362 1.236202 0.150000
v -1.472452 1.232236 0.165451
v -1.475613 1.220728 0.179389
v -1.480534 1.202803 0.190451
v -1.486738 1.180216 0.197553
v -1.493615 1.155181 0.200000
v -1.460235 1.145433 -0.200000
v -1.452588 1.170245 -0.197553
v -1.445689 1.192627 -0.190451
v -1.440216 1.210391 -0.179389
v -1.436702 1.221796 -0.165451
v -1.435492 1.225725 -0.150000
v -1.435492 1.225725 0.150000
v -1.436702 1.221796 0.165451
v -1.440216 1.210391 0.179389
v -1.445689 1.192627 0.190451
v -1.452588 1.170245 0.197553
v -1.460235 1.145433 0.200000
v -1.425805 1.134261 -0.200000
v -1.417458 1.158848 -0.197553
v -1.409931 1.181026 -0.190451
v -1.403955 1.198625 -0.179389
v -1.400122 1.209927 -0.165451
v -1.398799 1.213819 -0.150000
v -1.398799 1.213819 0.150000
v -1.400122 1.209927 0.165451
v -1.403955 1.198625 0.179389
v -1.409931 1.181026 0.190451
v -1.417458 1.158848 0.197553
v -1.425805 1.134261 0.200000
v -1.390204 1.121637 -0.200000
v -1.381229 1.146000 -0.197553
v -1.373133 1.167977 -0.190451
v -1.366708 1.185419 -0.179389
v -1.362582 1.196615 -0.165451
v -1.361161 1.200476 -0.150000
v -1.361161 1.200476 0.150000
v -1.362582 1.196615 0.165451
v -1.366708 1.185419 0.179389
v -1.373133 1.167977 0.190451
v -1.381229 1.146000 0.197553
v -1.390204 1.121637 0.200000
v -1.353306 1.107533 -0.200000
v -1.343771 1.131680 -0.197553
v -1.335169 1.153463 -0.190451
v -1.328341 1.170751 -0.179389
v -1.323958 1.181851 -0.165451
v -1.322449 1.185675 -0.150000
v -1.322449 1.185675 0.150000
v -1.323958 1.181851 0.165451
v -1.328341 1.170751 0.179389
v -1.335169 1.153463 0.190451
v -1.343771 1.131680 0.197553
v -1.353306 1.107533 0.200000
v -1.314991 1.091917 -0.200000
v -1.289030 1.109369 -0.197553
v -1.265612 1.125112 -0.190451
v -1.247026 1.137609 -0.179389
v -1.235094 1.145629 -0.165451
v -1.230983 1.148395 -0.150000
v -1.230983 1.148395 0.150000
v -1.235094 1.145629 0.165451
v -1.247026 1.137609 0.179389
v -1.265612 1.125112 0.190451
v -1.289030 1.109369 0.197553
v -1.314991 1.091917 0.200000
v -1.314991 0.915496 -0.200000
v -1.289030 0.871085 -0.197553
v -1.265612 0.831020 -0.190451
v -1.247026 0.799224 -0.179389
v -1.235094 0.778812 -0.165451
v -1.230983 0.771776 -0.150000
v -1.230983 0.771776 0.150000
v -1.235094 0.778812 0.165451
v -1.247026 0.799224 0.179389
v -1.265612 0.831020 0.190451
v -1.289030 0.871085 0.197553
v -1.314991 0.915496 0.200000
v -2.623969 0.060459 0.200000
v -2.776866 0.398177 0.200000
v -3.264121 0.398177 0.200000
v -3.408619 0.060459 0.200000
v -3.576639 0.060459 0.200000
v -3.084341 1.213071 0.200000
v -2.968409 1.213071 0.200000
v -2.455950 0.060459 0.200000
v -2.844074 0.546036 0.200000
v -3.028896 0.961041 0.200000
v -3.200275 0.546036 0.200000
v -2.623969 0.060459 -0.200000
v -2.776866 0.398177 -0.200000
v -3.264121 0.398177 -0.200000
v -3.408619 0.060459 -0.200000
v -3.576639 0.060459 -0.200000
v -3.084341 1.213071 -0.200000
v -2.968409 1.213071 -0.200000
v -2.455950 0.060459 -0.200000
v -2.844074 0.546036 -0.200000
v -3.028896 0.961041 -0.200000
v -3.200275 0.546036 -0.200000
v -2.623969 0.060459 -0.200000
v -2.640714 0.034499 -0.197553
v -2.655818 0.011078 -0.190451
v -2.667806 -0.007507 -0.179389
v -2.675500 -0.019440 -0.165451
v -2.678153 -0.023551 -0.150000
v -2.678153 -0.023551 0.150000
v -2.675500 -0.019440 0.165451
v -2.667806 -0.007507 0.179389
v -2.655818 0.011078 0.190451
v -2.640714 0.034499 0.197553
v -2.623969 0.060459 0.200000
v -2.776866 0.398177 -0.200000
v -2.793611 0.372217 -0.197553
v -2.808714 0.348799 -0.190451
v -2.820703 0.330213 -0.179389
v -2.828399 0.318281 -0.165451
v -2.831050 0.314167 -0.150000
v -2.831050 0.314167 0.150000
v -2.828399 0.318281 0.165451
v -2.820703 0.330213 0.179389
v -2.808714 0.348799 0.190451
v -2.793611 0.372217 0.197553
v -2.776866 0.398177 0.200000
v -3.264121 0.398177 -0.200000
v -3.246993 0.372217 -0.197553
v -3.231542 0.348799 -0.190451
v -3.219278 0.330213 -0.179389
v -3.211405 0.318281 -0.165451
v -3.208691 0.314167 -0.150000
v -3.208691 0.314167 0.150000
v -3.211405 0.318281 0.165451
v -3.219278 0.330213 0.179389
v -3.231542 0.348799 0.190451
v -3.246993 0.372217 0.197553
v -3.264121 0.398177 0.200000
v -3.408619 0.060459 -0.200000
v -3.391489 0.034499 -0.197553
v -3.376038 0.011078 -0.190451
v -3.363774 -0.007507 -0.179389
v -3.355901 -0.019440 -0.165451
v -3.353187 -0.023551 -0.150000
v -3.353187 -0.023551 0.150000
v -3.355901 -0.019440 0.165451
v -3.363774 -0.007507 0.179389
v -3.376038 0.011078 0.190451
v -3.391489 0.034499 0.197553
v -3.408619 0.060459 0.200000
v -3.576639 0.060459 -0.200000
v -3.615956 0.034499 -0.197553
v -3.651424 0.011078 -0.190451
v -3.679573 -0.007507 -0.179389
v -3.697644 -0.019440 -0.165451
v -3.703870 -0.023551 -0.150000
v -3.703870 -0.023551 0.150000
v -3.697644 -0.019440 0.165451
v -3.679573 -0.007507 0.179389
v -3.651424 0.011078 0.190451
v -3.615956 0.034499 0.197553
v -3.576639 0.060459 0.200000
v -3.084341 1.213071 -0.200000
v -3.101484 1.239031 -0.197553
v -3.116945 1.262452 -0.190451
v -3.129219 1.281038 -0.179389
v -3.137096 1.292970 -0.165451
v -3.139811 1.297081 -0.150000
v -3.139811 1.297081 0.150000
v -3.137096 1.292970 0.165451
v -3.129219 1.281038 0.179389
v -3.116945 1.262452 0.190451
v -3.101484 1.239031 0.197553
v -3.084341 1.213071 0.200000
v -2.968409 1.213071 -0.200000
v -2.951539 1.239031 -0.197553
v -2.936323 1.262452 -0.190451
v -2.924246 1.281038 -0.179389
v -2.916493 1.292970 -0.165451
v -2.913820 1.297081 -0.150000
v -2.913820 1.297081 0.150000
v -2.916493 1.292970 0.165451
v -2.924246 1.281038 0.179389
v -2.936323 1.262452 0.190451
v -2.951539 1.239031 0.197553
v -2.968409 1.213071 0.200000
v -2.455950 0.060459 -0.200000
v -2.415998 0.034499 -0.197553
v -2.379955 0.011078 -0.190451
v -2.351351 -0.007507 -0.179389
v -2.332987 -0.019440 -0.165451
v -2.326660 -0.023551 -0.150000
v -2.326660 -0.023551 0.150000
v -2.332987 -0.019440 0.165451
v -2.351351 -0.007507 0.179389
v -2.379955 0.011078 0.190451
v -2.415998 0.034499 0.197553
v -2.455950 0.060459 0.200000
v -2.844074 0.546036 -0.200000
v -2.884054 0.571996 -0.197553
v -2.920120 0.595414 -0.190451
v -2.948741 0.614000 -0.179389
v -2.967119 0.625932 -0.165451
v -2.973450 0.630045 -0.150000
v -2.973450 0.630045 0.150000
v -2.967119 0.625932 0.165451
v -2.948741 0.614000 0.179389
v -2.920120 0.595414 0.190451
v -2.884054 0.571996 0.197553
v -2.844074 0.546036 0.200000
v -3.028896 0.961041 -0.200000
v -3.027995 0.895207 -0.197553
v -3.027182 0.835818 -0.190451
v -3.026537 0.788688 -0.179389
v -3.026125 0.758427 -0.165451
v -3.025982 0.747999 -0.150000
v -3.025982 0.747999 0.150000
v -3.026125 0.758427 0.165451
v -3.026537 0.788688 0.179389
v -3.027182 0.835818 0.190451
v -3.027995 0.895207 0.197553
v -3.028896 0.961041 0.200000
v -3.200275 0.546036 -0.200000
v -3.161469 0.571996 -0.197553
v -3.126460 0.595414 -0.190451
v -3.098676 0.614000 -0.179389
v -3.080838 0.625932 -0.165451
v -3.074693 0.630045 -0.150000
v -3.074693 0.630045 0.150000
v -3.080838 0.625932 0.165451
v -3.098676 0.614000 0.179389
v -3.126460 0.595414 0.190451
v -3.161469 0.571996 0.197553
v -3.200275 0.546036 0.200000
v 5.036806 0.173964 0.200000
v 5.036806 0.023362 0.200000
v 4.341984 0.023362 0.200000
v 4.341984 1.190527 0.200000
v 4.509699 1.190527 0.200000
v 4.509699 0.173964 0.200000
v 5.036806 0.173964 -0.200000
v 5.036806 0.023362 -0.200000
v 4.341984 0.023362 -0.200000
v 4.341984 1.190527 -0.200000
v 4.509699 1.190527 -0.200000
v 4.509699 0.173964 -0.200000
v 5.036806 0.173964 -0.200000
v 5.063247 0.200405 -0.197553
v 5.087102 0.224260 -0.190451
v 5.106031 0.243189 -0.179389
v 5.118187 0.255345 -0.165451
v 5.122374 0.259532 -0.150000
v 5.122374 0.259532 0.150000
v 5.118187 0.255345 0.165451
v 5.106031 0.243189 0.179389
v 5.087102 0.224260 0.190451
v 5.063247 0.200405 0.197553
v 5.036806 0.173964 0.200000
v 5.036806 0.023362 -0.200000
v 5.063247 -0.003080 -0.197553
v 5.087102 -0.026935 -0.190451
v 5.106031 -0.045864 -0.179389
v 5.118187 -0.058020 -0.165451
v 5.122374 -0.062207 -0.150000
v 5.122374 -0.062207 0.150000
v 5.118187 -0.058020 0.165451
v 5.106031 -0.045864 0.179389
v 5.087102 -0.026935 0.190451
v 5.063247 -0.003080 0.197553
v 5.036806 0.023362 0.200000
v 4.341984 0.023362 -0.200000
v 4.315540 -0.003080 -0.197553
v 4.291687 -0.026935 -0.190451
v 4.272756 -0.045864 -0.179389
v 4.260602 -0.058020 -0.165451
v 4.256413 -0.062207 -0.150000
v 4.256413 -0.062207 0.150000
v 4.260602 -0.058020 0.165451
v 4.272756 -0.045864 0.179389
v 4.291687 -0.026935 0.190451
v 4.315540 -0.003080 0.197553
v 4.341984 0.023362 0.200000
v 4.341984 1.190527 -0.200000
v 4.315540 1.216968 -0.197553
v 4.291687 1.240821 -0.190451
v 4.272756 1.259752 -0.179389
v 4.260602 1.271906 -0.165451
v 4.256413 1.276095 -0.150000
v 4.256413 1.276095 0.150000
v 4.260602 1.271906 0.165451
v 4.272756 1.259752 0.179389
v 4.291687 1.240821 0.190451
v 4.315540 1.216968 0.197553
v 4.341984 1.190527 0.200000
v 4.509699 1.190527 -0.200000
v 4.536140 1.216968 -0.197553
v 4.559996 1.240821 -0.190451
v 4.578925 1.259752 -0.179389
v 4.591081 1.271906 -0.165451
v 4.595268 1.276095 -0.150000
v 4.595268 1.276095 0.150000
v 4.591081 1.271906 0.165451
v 4.578925 1.259752 0.179389
v 4.559996 1.240821 0.190451
v 4.536140 1.216968 0.197553
v 4.509699 1.190527 0.200000
v 4.509699 0.173964 -0.200000
v 4.536140 0.200405 -0.197553
v 4.559996 0.224260 -0.190451
v 4.578925 0.243189 -0.179389
v 4.591081 0.255345 -0.165451
v 4.595268 0.259532 -0.150000
v 4.595268 0.259532 0.150000
v 4.591081 0.255345 0.165451
v 4.578925 0.243189 0.179389
v 4.559996 0.224260 0.190451
v 4.536140 0.200405 0.197553
v 4.509699 0.173964 0.200000
v 3.423562 1.175843 0.200000
v 3.510542 1.159631 0.200000
v 3.590899 1.133555 0.200000
v 3.664287 1.098386 0.200000
v 3.730355 1.054897 0.200000
v 3.788753 1.003865 0.200000
v 3.839125 0.946056 0.200000
v 3.881126 0.882244 0.200000
v 3.914405 0.813205 0.200000
v 3.938608 0.739709 0.200000
v 3.953388 0.662527 0.200000
v 3.958392 0.582436 0.200000
v 3.953518 0.504501 0.200000
v 3.939067 0.428727 0.200000
v 3.915313 0.355997 0.200000
v 3.882520 0.287191 0.200000
v 3.840958 0.223183 0.200000
v 3.790890 0.164859 0.200000
v 3.732588 0.113092 0.200000
v 3.666317 0.068767 0.200000
v 3.592342 0.032761 0.200000
v 3.510936 0.005951 0.200000
v 3.422364 -0.010776 0.200000
v 3.326891 -0.016549 0.200000
v 3.234463 -0.010808 0.200000
v 3.148235 0.005834 0.200000
v 3.068554 0.032521 0.200000
v 2.995770 0.068386 0.200000
v 2.930238 0.112572 0.200000
v 2.872306 0.164216 0.200000
v 2.822324 0.222456 0.200000
v 2.780644 0.286430 0.200000
v 2.747616 0.355275 0.200000
v 2.723589 0.428133 0.200000
v 2.708918 0.504140 0.200000
v 2.703948 0.582436 0.200000
v 2.709050 0.662169 0.200000
v 2.724080 0.739115 0.200000
v 2.748632 0.812484 0.200000
v 2.782291 0.881483 0.200000
v 2.824651 0.945327 0.200000
v 2.875300 1.003222 0.200000
v 2.933828 1.054377 0.200000
v 2.999827 1.098006 0.200000
v 3.072886 1.133314 0.200000
v 3.152591 1.159513 0.200000
v 3.238540 1.175811 0.200000
v 3.330315 1.181419 0.200000
v 3.394276 0.141362 0.200000
v 3.454954 0.152728 0.200000
v 3.511909 0.171141 0.200000
v 3.564711 0.196169 0.200000
v 3.612926 0.227377 0.200000
v 3.656120 0.264332 0.200000
v 3.693858 0.306599 0.200000
v 3.725707 0.353744 0.200000
v 3.751235 0.405334 0.200000
v 3.770005 0.460936 0.200000
v 3.781586 0.520114 0.200000
v 3.785542 0.582436 0.200000
v 3.781586 0.645117 0.200000
v 3.770005 0.704531 0.200000
v 3.751235 0.760258 0.200000
v 3.725707 0.811887 0.200000
v 3.693858 0.859001 0.200000
v 3.656120 0.901181 0.200000
v 3.612926 0.938014 0.200000
v 3.564711 0.969081 0.200000
v 3.511909 0.993969 0.200000
v 3.454951 1.012263 0.200000
v 3.394276 1.023543 0.200000
v 3.330315 1.027396 0.200000
v 3.266746 1.023543 0.200000
v 3.206397 1.012263 0.200000
v 3.149710 0.993969 0.200000
v 3.097124 0.969081 0.200000
v 3.049075 0.938014 0.200000
v 3.006006 0.901181 0.200000
v 2.968359 0.859001 0.200000
v 2.936570 0.811887 0.200000
v 2.911078 0.760258 0.200000
v 2.892328 0.704531 0.200000
v 2.880754 0.645117 0.200000
v 2.876797 0.582436 0.200000
v 2.880754 0.520114 0.200000
v 2.892328 0.460936 0.200000
v 2.911080 0.405334 0.200000
v 2.936570 0.353744 0.200000
v 2.968359 0.306599 0.200000
v 3.006006 0.264332 0.200000
v 3.049075 0.227377 0.200000
v 3.097124 0.196169 0.200000
v 3.149710 0.171141 0.200000
v 3.206397 0.152728 0.200000
v 3.266746 0.141360 0.200000
v 3.330315 0.137475 0.200000
v 3.423562 1.175843 -0.200000
v 3.510542 1.159631 -0.200000
v 3.590899 1.133555 -0.200000
v 3.664287 1.098386 -0.200000
v 3.730355 1.054897 -0.200000
v 3.788753 1.003865 -0.200000
v 3.839125 0.946056 -0.200000
v 3.881126 0.882244 -0.200000
v 3.914405 0.813205 -0.200000
v 3.938608 0.739709 -0.200000
v 3.953388 0.662527 -0.200000
v 3.958392 0.582436 -0.200000
v 3.953518 0.504501 -0.200000
v 3.939067 0.428727 -0.200000
v 3.915313 0.355997 -0.200000
v 3.882520 0.287191 -0.200000
v 3.840958 0.223183 -0.200000
v 3.790890 0.164859 -0.200000
v 3.732588 0.113092 -0.200000
v 3.666317 0.068767 -0.200000
v 3.592342 0.032761 -0.200000
v 3.510936 0.005954 -0.200000
v 3.422364 -0.010776 -0.200000
v 3.326891 -0.016549 -0.200000
v 3.234463 -0.010808 -0.200000
v 3.148235 0.005834 -0.200000
v 3.068554 0.032521 -0.200000
v 2.995770 0.068386 -0.200000
v 2.930238 0.112572 -0.200000
v 2.872306 0.164216 -0.200000
v 2.822324 0.222456 -0.200000
v 2.780644 0.286430 -0.200000
v 2.747616 0.355275 -0.200000
v 2.723589 0.428133 -0.200000
v 2.708918 0.504140 -0.200000
v 2.703948 0.582436 -0.200000
v 2.709050 0.662169 -0.200000
v 2.724080 0.739115 -0.200000
v 2.748632 0.812484 -0.200000
v 2.782291 0.881483 -0.200000
v 2.824651 0.945327 -0.200000
v 2.875300 1.003222 -0.200000
v 2.933828 1.054377 -0.200000
v 2.999827 1.098006 -0.200000
v 3.072886 1.133314 -0.200000
v 3.152591 1.159513 -0.200000
v 3.238540 1.175811 -0.200000
v 3.330315 1.181419 -0.200000
v 3.394276 0.141362 -0.200000
v 3.454954 0.152727 -0.200000
v 3.511909 0.171141 -0.200000
v 3.564711 0.196169 -0.200000
v 3.612926 0.227377 -0.200000
v 3.656120 0.264332 -0.200000
v 3.693858 0.306599 -0.200000
v 3.725707 0.353744 -0.200000
v 3.751235 0.405334 -0.200000
v 3.770005 0.460936 -0.200000
v 3.781586 0.520114 -0.200000
v 3.785542 0.582436 -0.200000
v 3.781586 0.645117 -0.200000
v 3.770005 0.704531 -0.200000
v 3.751235 0.760258 -0.200000
v 3.725707 0.811887 -0.200000
v 3.693858 0.859001 -0.200000
v 3.656120 0.901181 -0.200000
v 3.612926 0.938014 -0.200000
v 3.564711 0.969081 -0.200000
v 3.511909 0.993969 -0.200000
v 3.454951 1.012263 -0.200000
v 3.394276 1.023543 -0.200000
v 3.330315 1.027396 -0.200000
v 3.266746 1.023543 -0.200000
v 3.206397 1.012263 -0.200000
v 3.149710 0.993969 -0.200000
v 3.097124 0.969081 -0.200000
v 3.049075 0.938014 -0.200000
v 3.006006 0.901181 -0.200000
v 2.968359 0.859001 -0.200000
v 2.936570 0.811887 -0.200000
v 2.911078 0.760258 -0.200000
v 2.892328 0.704531 -0.200000
v 2.880754 0.645117 -0.200000
v 2.876797 0.582436 -0.200000
v 2.880754 0.520114 -0.200000
v 2.892328 0.460936 -0.200000
v 2.911080 0.405334 -0.200000
v 2.936570 0.353744 -0.200000
v 2.968359 0.306599 -0.200000
v 3.006006 0.264332 -0.200000
v 3.049075 0.227377 -0.200000
v 3.097124 0.196169 -0.200000
v 3.149710 0.171141 -0.200000
v 3.206397 0.152727 -0.200000
v 3.266746 0.141360 -0.200000
v 3.330315 0.137475 -0.200000
v 3.423562 1.175843 -0.200000
v 3.426787 1.202140 -0.197553
v 3.429695 1.225862 -0.190451
v 3.432005 1.244691 -0.179389
v 3.433484 1.256778 -0.165451
v 3.433997 1.260943 -0.150000
v 3.433997 1.260943 0.150000
v 3.433484 1.256778 0.165451
v 3.432005 1.244691 0.179389
v 3.429695 1.225862 0.190451
v 3.426787 1.202140 0.197553
v 3.423562 1.175843 0.200000
v 3.510542 1.159631 -0.200000
v 3.517072 1.185311 -0.197553
v 3.522962 1.208479 -0.190451
v 3.527640 1.226864 -0.179389
v 3.530641 1.238668 -0.165451
v 3.531675 1.242735 -0.150000
v 3.531675 1.242735 0.150000
v 3.530641 1.238668 0.165451
v 3.527640 1.226864 0.179389
v 3.522962 1.208479 0.190451
v 3.517072 1.185311 0.197553
v 3.510542 1.159631 0.200000
v 3.590899 1.133555 -0.200000
v 3.600739 1.158163 -0.197553
v 3.609613 1.180361 -0.190451
v 3.616656 1.197978 -0.179389
v 3.621177 1.209289 -0.165451
v 3.622736 1.213186 -0.150000
v 3.622736 1.213186 0.150000
v 3.621177 1.209289 0.165451
v 3.616656 1.197978 0.179389
v 3.609613 1.180361 0.190451
v 3.600739 1.158163 0.197553
v 3.590899 1.133555 0.200000
v 3.664287 1.098386 -0.200000
v 3.677329 1.121458 -0.197553
v 3.689097 1.142272 -0.190451
v 3.698433 1.158789 -0.179389
v 3.704428 1.169393 -0.165451
v 3.706492 1.173048 -0.150000
v 3.706492 1.173048 0.150000
v 3.704428 1.169393 0.165451
v 3.698433 1.158789 0.179389
v 3.689097 1.142272 0.190451
v 3.677329 1.121458 0.197553
v 3.664287 1.098386 0.200000
v 3.730355 1.054897 -0.200000
v 3.746400 1.075994 -0.197553
v 3.760873 1.095026 -0.190451
v 3.772358 1.110129 -0.179389
v 3.779733 1.119826 -0.165451
v 3.782274 1.123166 -0.150000
v 3.782274 1.123166 0.150000
v 3.779733 1.119826 0.165451
v 3.772358 1.110129 0.179389
v 3.760873 1.095026 0.190451
v 3.746400 1.075994 0.197553
v 3.730355 1.054897 0.200000
v 3.788753 1.003865 -0.200000
v 3.807505 1.022590 -0.197553
v 3.824424 1.039485 -0.190451
v 3.837851 1.052892 -0.179389
v 3.846470 1.061499 -0.165451
v 3.849442 1.064466 -0.150000
v 3.849442 1.064466 0.150000
v 3.846470 1.061499 0.165451
v 3.837851 1.052892 0.179389
v 3.824424 1.039485 0.190451
v 3.807505 1.022590 0.197553
v 3.788753 1.003865 0.200000
v 3.839125 0.946056 -0.200000
v 3.860231 0.962082 -0.197553
v 3.879273 0.976540 -0.190451
v 3.894384 0.988016 -0.179389
v 3.904085 0.995383 -0.165451
v 3.907428 0.997921 -0.150000
v 3.907428 0.997921 0.150000
v 3.904085 0.995383 0.165451
v 3.894384 0.988016 0.179389
v 3.879273 0.976540 0.190451
v 3.860231 0.962082 0.197553
v 3.839125 0.946056 0.200000
v 3.881126 0.882244 -0.200000
v 3.904181 0.895313 -0.197553
v 3.924980 0.907100 -0.190451
v 3.941485 0.916456 -0.179389
v 3.952082 0.922461 -0.165451
v 3.955734 0.924533 -0.150000
v 3.955734 0.924533 0.150000
v 3.952082 0.922461 0.165451
v 3.941485 0.916456 0.179389
v 3.924980 0.907100 0.190451
v 3.904181 0.895313 0.197553
v 3.881126 0.882244 0.200000
v 3.914405 0.813205 -0.200000
v 3.938977 0.823123 -0.197553
v 3.961145 0.832071 -0.190451
v 3.978737 0.839173 -0.179389
v 3.990031 0.843731 -0.165451
v 3.993924 0.845301 -0.150000
v 3.993924 0.845301 0.150000
v 3.990031 0.843731 0.165451
v 3.978737 0.839173 0.179389
v 3.961145 0.832071 0.190451
v 3.938977 0.823123 0.197553
v 3.914405 0.813205 0.200000
v 3.938608 0.739709 -0.200000
v 3.964257 0.746358 -0.197553
v 3.987396 0.752356 -0.190451
v 4.005760 0.757117 -0.179389
v 4.017550 0.760175 -0.165451
v 4.021612 0.761228 -0.150000
v 4.021612 0.761228 0.150000
v 4.017550 0.760175 0.165451
v 4.005760 0.757117 0.179389
v 3.987396 0.752356 0.190451
v 3.964257 0.746358 0.197553
v 3.938608 0.739709 0.200000
v 3.953388 0.662527 -0.200000
v 3.979675 0.665852 -0.197553
v 4.003387 0.668851 -0.190451
v 4.022206 0.671232 -0.179389
v 4.034288 0.672758 -0.165451
v 4.038453 0.673286 -0.150000
v 4.038453 0.673286 0.150000
v 4.034288 0.672758 0.165451
v 4.022206 0.671232 0.179389
v 4.003387 0.668851 0.190451
v 3.979675 0.665852 0.197553
v 3.953388 0.662527 0.200000
v 3.958392 0.582436 -0.200000
v 3.984885 0.582434 -0.197553
v 4.008787 0.582434 -0.190451
v 4.027755 0.582434 -0.179389
v 4.039933 0.582431 -0.165451
v 4.044129 0.582431 -0.150000
v 4.044129 0.582431 0.150000
v 4.039933 0.582431 0.165451
v 4.027755 0.582431 0.179389
v 4.008787 0.582434 0.190451
v 3.984885 0.582434 0.197553
v 3.958392 0.582436 0.200000
v 3.953518 0.504501 -0.200000
v 3.979802 0.501185 -0.197553
v 4.003517 0.498193 -0.190451
v 4.022336 0.495820 -0.179389
v 4.034418 0.494296 -0.165451
v 4.038583 0.493773 -0.150000
v 4.038583 0.493773 0.150000
v 4.034418 0.494296 0.165451
v 4.022336 0.495820 0.179389
v 4.003517 0.498193 0.190451
v 3.979802 0.501185 0.197553
v 3.953518 0.504501 0.200000
v 3.939067 0.428727 -0.200000
v 3.964726 0.422120 -0.197553
v 3.987874 0.416159 -0.190451
v 4.006244 0.411428 -0.179389
v 4.018036 0.408392 -0.165451
v 4.022100 0.407344 -0.150000
v 4.022100 0.407344 0.150000
v 4.018036 0.408392 0.165451
v 4.006244 0.411428 0.179389
v 3.987874 0.416159 0.190451
v 3.964726 0.422120 0.197553
v 3.939067 0.428727 0.200000
v 3.915313 0.355997 -0.200000
v 3.939919 0.346165 -0.197553
v 3.962115 0.337293 -0.190451
v 3.979731 0.330252 -0.179389
v 3.991040 0.325734 -0.165451
v 3.994937 0.324176 -0.150000
v 3.994937 0.324176 0.150000
v 3.991040 0.325734 0.165451
v 3.979731 0.330252 0.179389
v 3.962115 0.337293 0.190451
v 3.939919 0.346165 0.197553
v 3.915313 0.355997 0.200000
v 3.882520 0.287191 -0.200000
v 3.905644 0.274245 -0.197553
v 3.926504 0.262568 -0.190451
v 3.943058 0.253303 -0.179389
v 3.953685 0.247352 -0.165451
v 3.957349 0.245302 -0.150000
v 3.957349 0.245303 0.150000
v 3.953685 0.247352 0.165451
v 3.943058 0.253303 0.179389
v 3.926504 0.262568 0.190451
v 3.905644 0.274245 0.197553
v 3.882520 0.287191 0.200000
v 3.840958 0.223183 -0.200000
v 3.862172 0.207302 -0.197553
v 3.881310 0.192974 -0.190451
v 3.896499 0.181604 -0.179389
v 3.906250 0.174302 -0.165451
v 3.909610 0.171787 -0.150000
v 3.909610 0.171787 0.150000
v 3.906250 0.174302 0.165451
v 3.896499 0.181604 0.179389
v 3.881310 0.192974 0.190451
v 3.862172 0.207302 0.197553
v 3.840958 0.223183 0.200000
v 3.790890 0.164859 -0.200000
v 3.809787 0.146275 -0.197553
v 3.826834 0.129511 -0.190451
v 3.840362 0.116207 -0.179389
v 3.849047 0.107666 -0.165451
v 3.852041 0.104721 -0.150000
v 3.852041 0.104721 0.150000
v 3.849047 0.107666 0.165451
v 3.840362 0.116207 0.179389
v 3.826834 0.129511 0.190451
v 3.809787 0.146275 0.197553
v 3.790890 0.164859 0.200000
v 3.732588 0.113092 -0.200000
v 3.748791 0.092119 -0.197553
v 3.763410 0.073197 -0.190451
v 3.775009 0.058182 -0.179389
v 3.782457 0.048542 -0.165451
v 3.785024 0.045219 -0.150000
v 3.785024 0.045219 0.150000
v 3.782457 0.048542 0.165451
v 3.775009 0.058182 0.179389
v 3.763410 0.073197 0.190451
v 3.748791 0.092119 0.197553
v 3.732588 0.113092 0.200000
v 3.666317 0.068767 -0.200000
v 3.679513 0.045783 -0.197553
v 3.691421 0.025048 -0.190451
v 3.700870 0.008595 -0.179389
v 3.706937 -0.001971 -0.165451
v 3.709028 -0.005613 -0.150000
v 3.709028 -0.005613 0.150000
v 3.706937 -0.001971 0.165451
v 3.700870 0.008595 0.179389
v 3.691421 0.025048 0.190451
v 3.679513 0.045783 0.197553
v 3.666317 0.068767 0.200000
v 3.592342 0.032761 -0.200000
v 3.602312 0.008204 -0.197553
v 3.611301 -0.013950 -0.190451
v 3.618438 -0.031532 -0.179389
v 3.623020 -0.042818 -0.165451
v 3.624598 -0.046708 -0.150000
v 3.624598 -0.046708 0.150000
v 3.623020 -0.042818 0.165451
v 3.618438 -0.031532 0.179389
v 3.611301 -0.013950 0.190451
v 3.602312 0.008204 0.197553
v 3.592342 0.032761 0.200000
v 3.510936 0.005954 -0.200000
v 3.517555 -0.019707 -0.197553
v 3.523524 -0.042855 -0.190451
v 3.528263 -0.061225 -0.179389
v 3.531304 -0.073020 -0.165451
v 3.532352 -0.077084 -0.150000
v 3.532352 -0.077084 0.150000
v 3.531304 -0.073020 0.165451
v 3.528263 -0.061225 0.179389
v 3.523524 -0.042855 0.190451
v 3.517555 -0.019707 0.197553
v 3.510936 0.005951 0.200000
v 3.422364 -0.010776 -0.200000
v 3.425628 -0.037071 -0.197553
v 3.428573 -0.060791 -0.190451
v 3.430910 -0.079614 -0.179389
v 3.432412 -0.091699 -0.165451
v 3.432927 -0.095864 -0.150000
v 3.432927 -0.095864 0.150000
v 3.432412 -0.091699 0.165451
v 3.430910 -0.079614 0.179389
v 3.428573 -0.060791 0.190451
v 3.425628 -0.037071 0.197553
v 3.422364 -0.010776 0.200000
v 3.326891 -0.016549 -0.200000
v 3.326869 -0.043042 -0.197553
v 3.326849 -0.066938 -0.190451
v 3.326835 -0.085907 -0.179389
v 3.326825 -0.098082 -0.165451
v 3.326822 -0.102279 -0.150000
v 3.326822 -0.102279 0.150000
v 3.326825 -0.098082 0.165451
v 3.326835 -0.085907 0.179389
v 3.326849 -0.066938 0.190451
v 3.326869 -0.043042 0.197553
v 3.326891 -0.016549 0.200000
v 3.234463 -0.010808 -0.200000
v 3.231126 -0.037095 -0.197553
v 3.228114 -0.060808 -0.190451
v 3.225724 -0.079627 -0.179389
v 3.224187 -0.091709 -0.165451
v 3.223660 -0.095873 -0.150000
v 3.223660 -0.095873 0.150000
v 3.224187 -0.091709 0.165451
v 3.225724 -0.079627 0.179389
v 3.228114 -0.060808 0.190451
v 3.231126 -0.037095 0.197553
v 3.234463 -0.010808 0.200000
v 3.148235 0.005834 -0.200000
v 3.141500 -0.019796 -0.197553
v 3.135426 -0.042919 -0.190451
v 3.130606 -0.061267 -0.179389
v 3.127509 -0.073049 -0.165451
v 3.126444 -0.077109 -0.150000
v 3.126444 -0.077109 0.150000
v 3.127509 -0.073049 0.165451
v 3.130606 -0.061267 0.179389
v 3.135426 -0.042919 0.190451
v 3.141500 -0.019796 0.197553
v 3.148235 0.005834 0.200000
v 3.068554 0.032521 -0.200000
v 3.058465 0.008013 -0.197553
v 3.049362 -0.014095 -0.190451
v 3.042140 -0.031640 -0.179389
v 3.037504 -0.042904 -0.165451
v 3.035906 -0.046787 -0.150000
v 3.035906 -0.046787 0.150000
v 3.037504 -0.042904 0.165451
v 3.042140 -0.031640 0.179389
v 3.049362 -0.014094 0.190451
v 3.058465 0.008013 0.197553
v 3.068554 0.032521 0.200000
v 2.995770 0.068386 -0.200000
v 2.982476 0.045459 -0.197553
v 2.970479 0.024778 -0.190451
v 2.960960 0.008364 -0.179389
v 2.954849 -0.002174 -0.165451
v 2.952743 -0.005804 -0.150000
v 2.952743 -0.005804 0.150000
v 2.954849 -0.002174 0.165451
v 2.960960 0.008364 0.179389
v 2.970479 0.024778 0.190451
v 2.982476 0.045459 0.197553
v 2.995770 0.068386 0.200000
v 2.930238 0.112572 -0.200000
v 2.913976 0.091647 -0.197553
v 2.899305 0.072770 -0.190451
v 2.887662 0.057787 -0.179389
v 2.880187 0.048169 -0.165451
v 2.877610 0.044853 -0.150000
v 2.877610 0.044853 0.150000
v 2.880187 0.048169 0.165451
v 2.887662 0.057787 0.179389
v 2.899305 0.072770 0.190451
v 2.913976 0.091647 0.197553
v 2.930238 0.112572 0.200000
v 2.872306 0.164216 -0.200000
v 2.853392 0.145654 -0.197553
v 2.836328 0.128909 -0.190451
v 2.822786 0.115620 -0.179389
v 2.814093 0.107089 -0.165451
v 2.811096 0.104149 -0.150000
v 2.811096 0.104149 0.150000
v 2.814093 0.107089 0.165451
v 2.822786 0.115620 0.179389
v 2.836328 0.128909 0.190451
v 2.853392 0.145655 0.197553
v 2.872306 0.164216 0.200000
v 2.822324 0.222456 -0.200000
v 2.801122 0.206558 -0.197553
v 2.781994 0.192218 -0.190451
v 2.766815 0.180838 -0.179389
v 2.757069 0.173532 -0.165451
v 2.753712 0.171014 -0.150000
v 2.753712 0.171014 0.150000
v 2.757069 0.173532 0.165451
v 2.766815 0.180838 0.179389
v 2.781994 0.192218 0.190451
v 2.801122 0.206558 0.197553
v 2.822324 0.222456 0.200000
v 2.780644 0.286430 -0.200000
v 2.757548 0.273437 -0.197553
v 2.736714 0.261719 -0.190451
v 2.720178 0.252420 -0.179389
v 2.709563 0.246449 -0.165451
v 2.705904 0.244390 -0.150000
v 2.705904 0.244390 0.150000
v 2.709563 0.246449 0.165451
v 2.720178 0.252420 0.179389
v 2.736714 0.261719 0.190451
v 2.757548 0.273438 0.197553
v 2.780644 0.286430 0.200000
v 2.747616 0.355275 -0.200000
v 2.723037 0.345375 -0.197553
v 2.700863 0.336444 -0.190451
v 2.683269 0.329357 -0.179389
v 2.671970 0.324806 -0.165451
v 2.668077 0.323238 -0.150000
v 2.668077 0.323238 0.150000
v 2.671970 0.324806 0.165451
v 2.683269 0.329357 0.179389
v 2.700863 0.336444 0.190451
v 2.723037 0.345375 0.197553
v 2.747616 0.355275 0.200000
v 2.723589 0.428133 -0.200000
v 2.697948 0.421460 -0.197553
v 2.674814 0.415440 -0.190451
v 2.656457 0.410662 -0.179389
v 2.644671 0.407594 -0.165451
v 2.640610 0.406536 -0.150000
v 2.640610 0.406536 0.150000
v 2.644671 0.407594 0.165451
v 2.656457 0.410662 0.179389
v 2.674814 0.415440 0.190451
v 2.697948 0.421460 0.197553
v 2.723589 0.428133 0.200000
v 2.708918 0.504140 -0.200000
v 2.682633 0.500783 -0.197553
v 2.658926 0.497757 -0.190451
v 2.640109 0.495351 -0.179389
v 2.628027 0.493810 -0.165451
v 2.623865 0.493278 -0.150000
v 2.623865 0.493278 0.150000
v 2.628027 0.493810 0.165451
v 2.640109 0.495351 0.179389
v 2.658926 0.497754 0.190451
v 2.682633 0.500783 0.197553
v 2.708918 0.504140 0.200000
v 2.703948 0.582436 -0.200000
v 2.677452 0.582441 -0.197553
v 2.653548 0.582449 -0.190451
v 2.634580 0.582454 -0.179389
v 2.622402 0.582456 -0.165451
v 2.618206 0.582458 -0.150000
v 2.618206 0.582458 0.150000
v 2.622402 0.582456 0.165451
v 2.634580 0.582454 0.179389
v 2.653548 0.582449 0.190451
v 2.677452 0.582441 0.197553
v 2.703948 0.582436 0.200000
v 2.709050 0.662169 -0.200000
v 2.682771 0.665560 -0.197553
v 2.659063 0.668623 -0.190451
v 2.640249 0.671050 -0.179389
v 2.628170 0.672611 -0.165451
v 2.624007 0.673149 -0.150000
v 2.624007 0.673149 0.150000
v 2.628170 0.672611 0.165451
v 2.640249 0.671050 0.179389
v 2.659063 0.668623 0.190451
v 2.682771 0.665560 0.197553
v 2.709050 0.662169 0.200000
v 2.724080 0.739115 -0.200000
v 2.698458 0.745874 -0.197553
v 2.675344 0.751970 -0.190451
v 2.657002 0.756808 -0.179389
v 2.645224 0.759915 -0.165451
v 2.641167 0.760987 -0.150000
v 2.641167 0.760987 0.150000
v 2.645224 0.759915 0.165451
v 2.657002 0.756808 0.179389
v 2.675344 0.751970 0.190451
v 2.698458 0.745874 0.197553
v 2.724080 0.739115 0.200000
v 2.748632 0.812484 -0.200000
v 2.724104 0.822519 -0.197553
v 2.701980 0.831570 -0.190451
v 2.684422 0.838756 -0.179389
v 2.673150 0.843367 -0.165451
v 2.669265 0.844958 -0.150000
v 2.669265 0.844958 0.150000
v 2.673150 0.843367 0.165451
v 2.684422 0.838756 0.179389
v 2.701980 0.831570 0.190451
v 2.724104 0.822519 0.197553
v 2.748632 0.812484 0.200000
v 2.782291 0.881483 -0.200000
v 2.759293 0.894648 -0.197553
v 2.738545 0.906521 -0.190451
v 2.722077 0.915945 -0.179389
v 2.711507 0.921997 -0.165451
v 2.707862 0.924081 -0.150000
v 2.707862 0.924081 0.150000
v 2.711507 0.921997 0.165451
v 2.722077 0.915945 0.179389
v 2.738545 0.906521 0.190451
v 2.759293 0.894648 0.197553
v 2.782291 0.881483 0.200000
v 2.824651 0.945327 -0.200000
v 2.803591 0.961412 -0.197553
v 2.784593 0.975924 -0.190451
v 2.769515 0.987441 -0.179389
v 2.759833 0.994833 -0.165451
v 2.756497 0.997383 -0.150000
v 2.756497 0.997383 0.150000
v 2.759833 0.994833 0.165451
v 2.769515 0.987441 0.179389
v 2.784593 0.975924 0.190451
v 2.803591 0.961412 0.197553
v 2.824651 0.945327 0.200000
v 2.875300 1.003222 -0.200000
v 2.856565 1.021965 -0.197553
v 2.839663 1.038874 -0.190451
v 2.826251 1.052294 -0.179389
v 2.817639 1.060910 -0.165451
v 2.814672 1.063877 -0.150000
v 2.814672 1.063877 0.150000
v 2.817639 1.060910 0.165451
v 2.826251 1.052294 0.179389
v 2.839663 1.038874 0.190451
v 2.856565 1.021965 0.197553
v 2.875300 1.003222 0.200000
v 2.933828 1.054377 -0.200000
v 2.917766 1.075456 -0.197553
v 2.903273 1.094471 -0.190451
v 2.891773 1.109562 -0.179389
v 2.884391 1.119252 -0.165451
v 2.881846 1.122589 -0.150000
v 2.881846 1.122589 0.150000
v 2.884391 1.119252 0.165451
v 2.891773 1.109562 0.179389
v 2.903273 1.094471 0.190451
v 2.917766 1.075456 0.197553
v 2.933828 1.054377 0.200000
v 2.999827 1.098006 -0.200000
v 2.986724 1.121041 -0.197553
v 2.974904 1.141823 -0.190451
v 2.965524 1.158315 -0.179389
v 2.959502 1.168903 -0.165451
v 2.957428 1.172552 -0.150000
v 2.957428 1.172552 0.150000
v 2.959502 1.168903 0.165451
v 2.965524 1.158315 0.179389
v 2.974904 1.141823 0.190451
v 2.986724 1.121041 0.197553
v 2.999827 1.098006 0.200000
v 3.072886 1.133314 -0.200000
v 3.062961 1.157886 -0.197553
v 3.054006 1.180052 -0.190451
v 3.046901 1.197644 -0.179389
v 3.042339 1.208938 -0.165451
v 3.040768 1.212830 -0.150000
v 3.040768 1.212830 0.150000
v 3.042339 1.208938 0.165451
v 3.046901 1.197644 0.179389
v 3.054006 1.180052 0.190451
v 3.062961 1.157886 0.197553
v 3.072886 1.133314 0.200000
v 3.152591 1.159513 -0.200000
v 3.145972 1.185171 -0.197553
v 3.140001 1.208317 -0.190451
v 3.135262 1.226687 -0.179389
v 3.132219 1.238479 -0.165451
v 3.131171 1.242543 -0.150000
v 3.131171 1.242543 0.150000
v 3.132219 1.238479 0.165451
v 3.135262 1.226687 0.179389
v 3.140001 1.208317 0.190451
v 3.145972 1.185171 0.197553
v 3.152591 1.159513 0.200000
v 3.238540 1.175811 -0.200000
v 3.235256 1.202103 -0.197553
v 3.232294 1.225821 -0.190451
v 3.229945 1.244642 -0.179389
v 3.228436 1.256726 -0.165451
v 3.227916 1.260891 -0.150000
v 3.227916 1.260891 0.150000
v 3.228436 1.256726 0.165451
v 3.229945 1.244642 0.179389
v 3.232294 1.225821 0.190451
v 3.235256 1.202103 0.197553
v 3.238540 1.175811 0.200000
v 3.330315 1.181419 -0.200000
v 3.330297 1.207910 -0.197553
v 3.330283 1.231809 -0.190451
v 3.330268 1.250772 -0.179389
v 3.330261 1.262950 -0.165451
v 3.330258 1.267144 -0.150000
v 3.330258 1.267144 0.150000
v 3.330261 1.262950 0.165451
v 3.330268 1.250772 0.179389
v 3.330283 1.231809 0.190451
v 3.330297 1.207910 0.197553
v 3.330315 1.181419 0.200000
v 3.394276 0.141362 -0.200000
v 3.391029 0.167654 -0.197553
v 3.388096 0.191374 -0.190451
v 3.385772 0.210198 -0.179389
v 3.384278 0.222285 -0.165451
v 3.383765 0.226449 -0.150000
v 3.383765 0.226449 0.150000
v 3.384278 0.222285 0.165451
v 3.385772 0.210198 0.179389
v 3.388096 0.191374 0.190451
v 3.391029 0.167654 0.197553
v 3.394276 0.141362 0.200000
v 3.454954 0.152727 -0.200000
v 3.448426 0.178406 -0.197553
v 3.442535 0.201574 -0.190451
v 3.437863 0.219958 -0.179389
v 3.434861 0.231760 -0.165451
v 3.433828 0.235827 -0.150000
v 3.433828 0.235827 0.150000
v 3.434861 0.231760 0.165451
v 3.437863 0.219958 0.179389
v 3.442535 0.201574 0.190451
v 3.448426 0.178406 0.197553
v 3.454954 0.152728 0.200000
v 3.511909 0.171141 -0.200000
v 3.502138 0.195772 -0.197553
v 3.493323 0.217992 -0.190451
v 3.486328 0.235626 -0.179389
v 3.481835 0.246947 -0.165451
v 3.480289 0.250849 -0.150000
v 3.480289 0.250849 0.150000
v 3.481835 0.246947 0.165451
v 3.486328 0.235626 0.179389
v 3.493323 0.217992 0.190451
v 3.502138 0.195772 0.197553
v 3.511909 0.171141 0.200000
v 3.564711 0.196169 -0.200000
v 3.551809 0.219315 -0.197553
v 3.540169 0.240198 -0.190451
v 3.530931 0.256769 -0.179389
v 3.524999 0.267408 -0.165451
v 3.522958 0.271074 -0.150000
v 3.522958 0.271074 0.150000
v 3.524999 0.267408 0.165451
v 3.530931 0.256769 0.179389
v 3.540169 0.240198 0.190451
v 3.551809 0.219315 0.197553
v 3.564711 0.196169 0.200000
v 3.612926 0.227377 -0.200000
v 3.597077 0.248618 -0.197553
v 3.582778 0.267778 -0.190451
v 3.571433 0.282982 -0.179389
v 3.564146 0.292745 -0.165451
v 3.561635 0.296109 -0.150000
v 3.561635 0.296109 0.150000
v 3.564146 0.292745 0.165451
v 3.571433 0.282982 0.179389
v 3.582778 0.267778 0.190451
v 3.597077 0.248618 0.197553
v 3.612926 0.227377 0.200000
v 3.656120 0.264332 -0.200000
v 3.637578 0.283269 -0.197553
v 3.620853 0.300353 -0.190451
v 3.607581 0.313910 -0.179389
v 3.599057 0.322615 -0.165451
v 3.596122 0.325614 -0.150000
v 3.596122 0.325614 0.150000
v 3.599057 0.322615 0.165451
v 3.607581 0.313910 0.179389
v 3.620853 0.300353 0.190451
v 3.637578 0.283269 0.197553
v 3.656120 0.264332 0.200000
v 3.693858 0.306599 -0.200000
v 3.672946 0.322880 -0.197553
v 3.654080 0.337566 -0.190451
v 3.639110 0.349221 -0.179389
v 3.629497 0.356704 -0.165451
v 3.626184 0.359283 -0.150000
v 3.626184 0.359283 0.150000
v 3.629497 0.356704 0.165451
v 3.639110 0.349221 0.179389
v 3.654080 0.337566 0.190451
v 3.672946 0.322880 0.197553
v 3.693858 0.306599 0.200000
v 3.725707 0.353744 -0.200000
v 3.702799 0.367068 -0.197553
v 3.682132 0.379088 -0.190451
v 3.665731 0.388628 -0.179389
v 3.655202 0.394754 -0.165451
v 3.651572 0.396864 -0.150000
v 3.651572 0.396864 0.150000
v 3.655202 0.394754 0.165451
v 3.665731 0.388628 0.179389
v 3.682132 0.379088 0.190451
v 3.702799 0.367068 0.197553
v 3.725707 0.353744 0.200000
v 3.751235 0.405334 -0.200000
v 3.726749 0.415472 -0.197553
v 3.704659 0.424616 -0.190451
v 3.687129 0.431876 -0.179389
v 3.675874 0.436534 -0.165451
v 3.671996 0.438139 -0.150000
v 3.671996 0.438139 0.150000
v 3.675874 0.436534 0.165451
v 3.687129 0.431873 0.179389
v 3.704659 0.424616 0.190451
v 3.726749 0.415472 0.197553
v 3.751235 0.405334 0.200000
v 3.770005 0.460936 -0.200000
v 3.744393 0.467732 -0.197553
v 3.721287 0.473865 -0.190451
v 3.702949 0.478732 -0.179389
v 3.691176 0.481856 -0.165451
v 3.687119 0.482933 -0.150000
v 3.687119 0.482933 0.150000
v 3.691176 0.481856 0.165451
v 3.702949 0.478732 0.179389
v 3.721287 0.473865 0.190451
v 3.744393 0.467732 0.197553
v 3.770005 0.460936 0.200000
v 3.781586 0.520114 -0.200000
v 3.755307 0.523504 -0.197553
v 3.731599 0.526564 -0.190451
v 3.712783 0.528991 -0.179389
v 3.700703 0.530550 -0.165451
v 3.696541 0.531087 -0.150000
v 3.696541 0.531087 0.150000
v 3.700703 0.530550 0.165451
v 3.712783 0.528991 0.179389
v 3.731599 0.526564 0.190451
v 3.755307 0.523504 0.197553
v 3.781586 0.520114 0.200000
v 3.785542 0.582436 -0.200000
v 3.759047 0.582441 -0.197553
v 3.735145 0.582444 -0.190451
v 3.716177 0.582449 -0.179389
v 3.703999 0.582451 -0.165451
v 3.699802 0.582451 -0.150000
v 3.699802 0.582451 0.150000
v 3.703999 0.582451 0.165451
v 3.716177 0.582449 0.179389
v 3.735145 0.582444 0.190451
v 3.759047 0.582441 0.197553
v 3.785542 0.582436 0.200000
v 3.781586 0.645117 -0.200000
v 3.755304 0.641740 -0.197553
v 3.731594 0.638694 -0.190451
v 3.712780 0.636277 -0.179389
v 3.700698 0.634726 -0.165451
v 3.696536 0.634191 -0.150000
v 3.696536 0.634191 0.150000
v 3.700698 0.634726 0.165451
v 3.712780 0.636277 0.179389
v 3.731594 0.638694 0.190451
v 3.755304 0.641740 0.197553
v 3.781586 0.645117 0.200000
v 3.770005 0.704531 -0.200000
v 3.744388 0.697750 -0.197553
v 3.721277 0.691636 -0.190451
v 3.702936 0.686782 -0.179389
v 3.691159 0.683665 -0.165451
v 3.687102 0.682592 -0.150000
v 3.687102 0.682592 0.150000
v 3.691159 0.683665 0.165451
v 3.702936 0.686782 0.179389
v 3.721277 0.691636 0.190451
v 3.744388 0.697750 0.197553
v 3.770005 0.704531 0.200000
v 3.751235 0.760258 -0.200000
v 3.726742 0.750132 -0.197553
v 3.704649 0.740998 -0.190451
v 3.687116 0.733750 -0.179389
v 3.675857 0.729095 -0.165451
v 3.671979 0.727492 -0.150000
v 3.671979 0.727492 0.150000
v 3.675857 0.729095 0.165451
v 3.687116 0.733750 0.179389
v 3.704649 0.740998 0.190451
v 3.726742 0.750132 0.197553
v 3.751235 0.760258 0.200000
v 3.725707 0.811887 -0.200000
v 3.702799 0.798563 -0.197553
v 3.682132 0.786540 -0.190451
v 3.665731 0.777001 -0.179389
v 3.655200 0.770875 -0.165451
v 3.651572 0.768764 -0.150000
v 3.651572 0.768764 0.150000
v 3.655200 0.770875 0.165451
v 3.665731 0.777001 0.179389
v 3.682132 0.786540 0.190451
v 3.702799 0.798563 0.197553
v 3.725707 0.811887 0.200000
v 3.693858 0.859001 -0.200000
v 3.672956 0.842705 -0.197553
v 3.654100 0.828006 -0.190451
v 3.639137 0.816339 -0.179389
v 3.629529 0.808849 -0.165451
v 3.626218 0.806270 -0.150000
v 3.626218 0.806270 0.150000
v 3.629529 0.808849 0.165451
v 3.639137 0.816339 0.179389
v 3.654100 0.828006 0.190451
v 3.672956 0.842705 0.197553
v 3.693858 0.859001 0.200000
v 3.656120 0.901181 -0.200000
v 3.637603 0.882220 -0.197553
v 3.620900 0.865114 -0.190451
v 3.607645 0.851537 -0.179389
v 3.599133 0.842822 -0.165451
v 3.596200 0.839818 -0.150000
v 3.596200 0.839818 0.150000
v 3.599133 0.842822 0.165451
v 3.607645 0.851537 0.179389
v 3.620900 0.865114 0.190451
v 3.637603 0.882220 0.197553
v 3.656120 0.901181 0.200000
v 3.612926 0.938014 -0.200000
v 3.597116 0.916743 -0.197553
v 3.582852 0.897559 -0.190451
v 3.571533 0.882330 -0.179389
v 3.564267 0.872555 -0.165451
v 3.561761 0.869186 -0.150000
v 3.561761 0.869186 0.150000
v 3.564267 0.872555 0.165451
v 3.571533 0.882330 0.179389
v 3.582852 0.897559 0.190451
v 3.597116 0.916743 0.197553
v 3.612926 0.938014 0.200000
v 3.564711 0.969081 -0.200000
v 3.551856 0.945909 -0.197553
v 3.540259 0.925001 -0.190451
v 3.531059 0.908411 -0.179389
v 3.525149 0.897760 -0.165451
v 3.523114 0.894091 -0.150000
v 3.523114 0.894091 0.150000
v 3.525149 0.897760 0.165451
v 3.531059 0.908411 0.179389
v 3.540259 0.925001 0.190451
v 3.551856 0.945909 0.197553
v 3.564711 0.969081 0.200000
v 3.511909 0.993969 -0.200000
v 3.502187 0.969319 -0.197553
v 3.493418 0.947082 -0.190451
v 3.486458 0.929434 -0.179389
v 3.481992 0.918103 -0.165451
v 3.480451 0.914198 -0.150000
v 3.480451 0.914198 0.150000
v 3.481992 0.918103 0.165451
v 3.486458 0.929434 0.179389
v 3.493418 0.947082 0.190451
v 3.502187 0.969319 0.197553
v 3.511909 0.993969 0.200000
v 3.454951 1.012263 -0.200000
v 3.448467 0.986573 -0.197553
v 3.442616 0.963397 -0.190451
v 3.437973 0.945006 -0.179389
v 3.434991 0.933198 -0.165451
v 3.433965 0.929129 -0.150000
v 3.433965 0.929129 0.150000
v 3.434991 0.933198 0.165451
v 3.437973 0.945006 0.179389
v 3.442616 0.963397 0.190451
v 3.448467 0.986573 0.197553
v 3.454951 1.012263 0.200000
v 3.394276 1.023543 -0.200000
v 3.391054 0.997246 -0.197553
v 3.388145 0.973523 -0.190451
v 3.385836 0.954697 -0.179389
v 3.384354 0.942610 -0.165451
v 3.383843 0.938446 -0.150000
v 3.383843 0.938446 0.150000
v 3.384354 0.942610 0.165451
v 3.385836 0.954697 0.179389
v 3.388145 0.973523 0.190451
v 3.391054 0.997246 0.197553
v 3.394276 1.023543 0.200000
v 3.330315 1.027396 -0.200000
v 3.330320 1.000905 -0.197553
v 3.330324 0.977006 -0.190451
v 3.330327 0.958042 -0.179389
v 3.330329 0.945865 -0.165451
v 3.330329 0.941670 -0.150000
v 3.330329 0.941670 0.150000
v 3.330329 0.945865 0.165451
v 3.330327 0.958042 0.179389
v 3.330324 0.977006 0.190451
v 3.330320 1.000905 0.197553
v 3.330315 1.027396 0.200000
v 3.266746 1.023543 -0.200000
v 3.269988 0.997248 -0.197553
v 3.272911 0.973528 -0.190451
v 3.275233 0.954702 -0.179389
v 3.276722 0.942618 -0.165451
v 3.277235 0.938453 -0.150000
v 3.277235 0.938453 0.150000
v 3.276722 0.942618 0.165451
v 3.275233 0.954702 0.179389
v 3.272911 0.973528 0.190451
v 3.269988 0.997248 0.197553
v 3.266746 1.023543 0.200000
v 3.206397 1.012263 -0.200000
v 3.212913 0.986580 -0.197553
v 3.218791 0.963412 -0.190451
v 3.223456 0.945025 -0.179389
v 3.226450 0.933221 -0.165451
v 3.227484 0.929152 -0.150000
v 3.227484 0.929152 0.150000
v 3.226450 0.933221 0.165451
v 3.223456 0.945025 0.179389
v 3.218791 0.963412 0.190451
v 3.212913 0.986580 0.197553
v 3.206397 1.012263 0.200000
v 3.149710 0.993969 -0.200000
v 3.159468 0.969334 -0.197553
v 3.168269 0.947109 -0.190451
v 3.175256 0.929471 -0.179389
v 3.179739 0.918147 -0.165451
v 3.181286 0.914245 -0.150000
v 3.181286 0.914245 0.150000
v 3.179739 0.918147 0.165451
v 3.175256 0.929471 0.179389
v 3.168269 0.947109 0.190451
v 3.159468 0.969334 0.197553
v 3.149710 0.993969 0.200000
v 3.097124 0.969081 -0.200000
v 3.110013 0.945928 -0.197553
v 3.121644 0.925041 -0.190451
v 3.130871 0.908465 -0.179389
v 3.136796 0.897824 -0.165451
v 3.138838 0.894155 -0.150000
v 3.138838 0.894155 0.150000
v 3.136796 0.897824 0.165451
v 3.130871 0.908465 0.179389
v 3.121644 0.925041 0.190451
v 3.110013 0.945928 0.197553
v 3.097124 0.969081 0.200000
v 3.049075 0.938014 -0.200000
v 3.064917 0.916768 -0.197553
v 3.079211 0.897603 -0.190451
v 3.090551 0.882394 -0.179389
v 3.097833 0.872629 -0.165451
v 3.100343 0.869264 -0.150000
v 3.100343 0.869264 0.150000
v 3.097833 0.872629 0.165451
v 3.090551 0.882394 0.179389
v 3.079211 0.897603 0.190451
v 3.064917 0.916768 0.197553
v 3.049075 0.938014 0.200000
v 3.006006 0.901181 -0.200000
v 3.024548 0.882244 -0.197553
v 3.041273 0.865161 -0.190451
v 3.054548 0.851601 -0.179389
v 3.063069 0.842898 -0.165451
v 3.066007 0.839897 -0.150000
v 3.066007 0.839897 0.150000
v 3.063069 0.842898 0.165451
v 3.054548 0.851601 0.179389
v 3.041273 0.865161 0.190451
v 3.024548 0.882244 0.197553
v 3.006006 0.901181 0.200000
v 2.968359 0.859001 -0.200000
v 2.989279 0.842727 -0.197553
v 3.008149 0.828048 -0.190451
v 3.023124 0.816396 -0.179389
v 3.032740 0.808918 -0.165451
v 3.036053 0.806338 -0.150000
v 3.036053 0.806338 0.150000
v 3.032740 0.808918 0.165451
v 3.023124 0.816396 0.179389
v 3.008149 0.828048 0.190451
v 2.989279 0.842727 0.197553
v 2.968359 0.859001 0.200000
v 2.936570 0.811887 -0.200000
v 2.959490 0.798578 -0.197553
v 2.980164 0.786572 -0.190451
v 2.996572 0.777045 -0.179389
v 3.007106 0.770927 -0.165451
v 3.010736 0.768821 -0.150000
v 3.010736 0.768821 0.150000
v 3.007106 0.770927 0.165451
v 2.996572 0.777045 0.179389
v 2.980164 0.786572 0.190451
v 2.959490 0.798578 0.197553
v 2.936570 0.811887 0.200000
v 2.911078 0.760258 -0.200000
v 2.935576 0.750144 -0.197553
v 2.957673 0.741020 -0.190451
v 2.975209 0.733777 -0.179389
v 2.986469 0.729129 -0.165451
v 2.990349 0.727526 -0.150000
v 2.990349 0.727526 0.150000
v 2.986469 0.729129 0.165451
v 2.975209 0.733777 0.179389
v 2.957673 0.741020 0.190451
v 2.935576 0.750144 0.197553
v 2.911078 0.760258 0.200000
v 2.892328 0.704531 -0.200000
v 2.917947 0.697757 -0.197553
v 2.941058 0.691646 -0.190451
v 2.959401 0.686796 -0.179389
v 2.971176 0.683682 -0.165451
v 2.975233 0.682610 -0.150000
v 2.975233 0.682610 0.150000
v 2.971176 0.683682 0.165451
v 2.959401 0.686796 0.179389
v 2.941058 0.691646 0.190451
v 2.917947 0.697757 0.197553
v 2.892328 0.704531 0.200000
v 2.880754 0.645117 -0.200000
v 2.907036 0.641742 -0.197553
v 2.930746 0.638697 -0.190451
v 2.949560 0.636282 -0.179389
v 2.961642 0.634731 -0.165451
v 2.965804 0.634196 -0.150000
v 2.965804 0.634196 0.150000
v 2.961642 0.634731 0.165451
v 2.949560 0.636282 0.179389
v 2.930746 0.638697 0.190451
v 2.907036 0.641742 0.197553
v 2.880754 0.645117 0.200000
v 2.876797 0.582436 -0.200000
v 2.903293 0.582441 -0.197553
v 2.927195 0.582444 -0.190451
v 2.946163 0.582449 -0.179389
v 2.958341 0.582451 -0.165451
v 2.962538 0.582451 -0.150000
v 2.962538 0.582451 0.150000
v 2.958341 0.582451 0.165451
v 2.946163 0.582449 0.179389
v 2.927195 0.582444 0.190451
v 2.903293 0.582441 0.197553
v 2.876797 0.582436 0.200000
v 2.880754 0.520114 -0.200000
v 2.907033 0.523504 -0.197553
v 2.930743 0.526562 -0.190451
v 2.949557 0.528986 -0.179389
v 2.961637 0.530545 -0.165451
v 2.965799 0.531082 -0.150000
v 2.965799 0.531082 0.150000
v 2.961637 0.530545 0.165451
v 2.949557 0.528986 0.179389
v 2.930743 0.526559 0.190451
v 2.907033 0.523504 0.197553
v 2.880754 0.520114 0.200000
v 2.892328 0.460936 -0.200000
v 2.917942 0.467727 -0.197553
v 2.941049 0.473855 -0.190451
v 2.959389 0.478717 -0.179389
v 2.971162 0.481839 -0.165451
v 2.975218 0.482916 -0.150000
v 2.975218 0.482916 0.150000
v 2.971162 0.481839 0.165451
v 2.959389 0.478717 0.179389
v 2.941049 0.473855 0.190451
v 2.917942 0.467727 0.197553
v 2.892328 0.460936 0.200000
v 2.911080 0.405334 -0.200000
v 2.935568 0.415460 -0.197553
v 2.957664 0.424597 -0.190451
v 2.975196 0.431846 -0.179389
v 2.986451 0.436502 -0.165451
v 2.990332 0.438105 -0.150000
v 2.990332 0.438105 0.150000
v 2.986451 0.436502 0.165451
v 2.975196 0.431846 0.179389
v 2.957664 0.424597 0.190451
v 2.935568 0.415460 0.197553
v 2.911080 0.405334 0.200000
v 2.936570 0.353744 -0.200000
v 2.959487 0.367051 -0.197553
v 2.980164 0.379057 -0.190451
v 2.996570 0.388584 -0.179389
v 3.007106 0.394702 -0.165451
v 3.010736 0.396810 -0.150000
v 3.010736 0.396810 0.150000
v 3.007106 0.394702 0.165451
v 2.996570 0.388584 0.179389
v 2.980164 0.379057 0.190451
v 2.959487 0.367051 0.197553
v 2.936570 0.353744 0.200000
v 2.968359 0.306599 -0.200000
v 2.989288 0.322858 -0.197553
v 3.008169 0.337524 -0.190451
v 3.023151 0.349164 -0.179389
v 3.032772 0.356637 -0.165451
v 3.036085 0.359212 -0.150000
v 3.036085 0.359212 0.150000
v 3.032772 0.356637 0.165451
v 3.023151 0.349164 0.179389
v 3.008169 0.337524 0.190451
v 2.989288 0.322858 0.197553
v 2.968359 0.306599 0.200000
v 3.006006 0.264332 -0.200000
v 3.024572 0.283244 -0.197553
v 3.041320 0.300306 -0.190451
v 3.054612 0.313846 -0.179389
v 3.063145 0.322539 -0.165451
v 3.066085 0.325533 -0.150000
v 3.066085 0.325533 0.150000
v 3.063145 0.322539 0.165451
v 3.054612 0.313846 0.179389
v 3.041320 0.300306 0.190451
v 3.024572 0.283245 0.197553
v 3.006006 0.264332 0.200000
v 3.049075 0.227377 -0.200000
v 3.064956 0.248594 -0.197553
v 3.079284 0.267731 -0.190451
v 3.090654 0.282921 -0.179389
v 3.097953 0.292671 -0.165451
v 3.100469 0.296031 -0.150000
v 3.100469 0.296031 0.150000
v 3.097953 0.292671 0.165451
v 3.090654 0.282921 0.179389
v 3.079284 0.267731 0.190451
v 3.064956 0.248594 0.197553
v 3.049075 0.227377 0.200000
v 3.097124 0.196169 -0.200000
v 3.110062 0.219295 -0.197553
v 3.121734 0.240158 -0.190451
v 3.130999 0.256715 -0.179389
v 3.136945 0.267344 -0.165451
v 3.138995 0.271008 -0.150000
v 3.138995 0.271008 0.150000
v 3.136945 0.267344 0.165451
v 3.130999 0.256715 0.179389
v 3.121734 0.240159 0.190451
v 3.110062 0.219295 0.197553
v 3.097124 0.196169 0.200000
v 3.149710 0.171141 -0.200000
v 3.159517 0.195757 -0.197553
v 3.168367 0.217965 -0.190451
v 3.175388 0.235589 -0.179389
v 3.179897 0.246903 -0.165451
v 3.181450 0.250802 -0.150000
v 3.181450 0.250802 0.150000
v 3.179897 0.246903 0.165451
v 3.175388 0.235589 0.179389
v 3.168367 0.217965 0.190451
v 3.159517 0.195757 0.197553
v 3.149710 0.171141 0.200000
v 3.206397 0.152727 -0.200000
v 3.212957 0.178398 -0.197553
v 3.218874 0.201559 -0.190451
v 3.223569 0.219938 -0.179389
v 3.226583 0.231738 -0.165451
v 3.227621 0.235805 -0.150000
v 3.227621 0.235805 0.150000
v 3.226583 0.231738 0.165451
v 3.223569 0.219938 0.179389
v 3.218874 0.201559 0.190451
v 3.212957 0.178398 0.197553
v 3.206397 0.152728 0.200000
v 3.266746 0.141360 -0.200000
v 3.270012 0.167652 -0.197553
v 3.272960 0.191371 -0.190451
v 3.275299 0.210195 -0.179389
v 3.276798 0.222280 -0.165451
v 3.277316 0.226444 -0.150000
v 3.277316 0.226444 0.150000
v 3.276798 0.222280 0.165451
v 3.275299 0.210195 0.179389
v 3.272960 0.191371 0.190451
v 3.270012 0.167652 0.197553
v 3.266746 0.141360 0.200000
v 3.330315 0.137475 -0.200000
v 3.330320 0.163968 -0.197553
v 3.330324 0.187864 -0.190451
v 3.330327 0.206830 -0.179389
v 3.330329 0.219008 -0.165451
v 3.330329 0.223202 -0.150000
v 3.330329 0.223202 0.150000
v 3.330329 0.219008 0.165451
v 3.330327 0.206830 0.179389
v 3.330324 0.187864 0.190451
v 3.330320 0.163968 0.197553
v 3.330315 0.137475 0.200000
v 2.299807 0.041618 0.200000
v 2.299807 0.950363 0.200000
v 2.296383 0.950363 0.200000
v 1.936992 0.498557 0.200000
v 1.909611 0.498557 0.200000
v 1.550220 0.950363 0.200000
v 1.546799 0.950363 0.200000
v 1.546799 0.041618 0.200000
v 1.379081 0.041618 0.200000
v 1.379081 1.208781 0.200000
v 1.536530 1.208781 0.200000
v 1.923303 0.729595 0.200000
v 2.311786 1.208781 0.200000
v 2.467522 1.208781 0.200000
v 2.467522 0.041618 0.200000
v 2.299807 0.041618 -0.200000
v 2.299807 0.950363 -0.200000
v 2.296383 0.950363 -0.200000
v 1.936992 0.498557 -0.200000
v 1.909611 0.498557 -0.200000
v 1.550220 0.950363 -0.200000
v 1.546799 0.950363 -0.200000
v 1.546799 0.041618 -0.200000
v 1.379081 0.041618 -0.200000
v 1.379081 1.208781 -0.200000
v 1.536530 1.208781 -0.200000
v 1.923303 0.729595 -0.200000
v 2.311786 1.208781 -0.200000
v 2.467522 1.208781 -0.200000
v 2.467522 0.041618 -0.200000
v 2.299807 0.041618 -0.200000
v 2.273363 0.015177 -0.197553
v 2.249511 -0.008678 -0.190451
v 2.230579 -0.027610 -0.179389
v 2.218426 -0.039763 -0.165451
v 2.214236 -0.043952 -0.150000
v 2.214236 -0.043952 0.150000
v 2.218426 -0.039763 0.165451
v 2.230579 -0.027610 0.179389
v 2.249511 -0.008678 0.190451
v 2.273363 0.015177 0.197553
v 2.299807 0.041618 0.200000
v 2.299807 0.950363 -0.200000
v 2.273363 0.923922 -0.197553
v 2.249511 0.900067 -0.190451
v 2.230579 0.881135 -0.179389
v 2.218426 0.868982 -0.165451
v 2.214236 0.864792 -0.150000
v 2.214236 0.864792 0.150000
v 2.218426 0.868982 0.165451
v 2.230579 0.881135 0.179389
v 2.249511 0.900067 0.190451
v 2.273363 0.923922 0.197553
v 2.299807 0.950363 0.200000
v 2.296383 0.950363 -0.200000
v 2.309138 0.923922 -0.197553
v 2.320643 0.900067 -0.190451
v 2.329775 0.881135 -0.179389
v 2.335636 0.868982 -0.165451
v 2.337656 0.864792 -0.150000
v 2.337656 0.864792 0.150000
v 2.335636 0.868982 0.165451
v 2.329775 0.881135 0.179389
v 2.320643 0.900067 0.190451
v 2.309138 0.923922 0.197553
v 2.296383 0.950363 0.200000
v 1.936992 0.498557 -0.200000
v 1.949747 0.472115 -0.197553
v 1.961252 0.448260 -0.190451
v 1.970384 0.429331 -0.179389
v 1.976245 0.417175 -0.165451
v 1.978265 0.412988 -0.150000
v 1.978265 0.412988 0.150000
v 1.976245 0.417175 0.165451
v 1.970384 0.429331 0.179389
v 1.961252 0.448260 0.190451
v 1.949747 0.472115 0.197553
v 1.936992 0.498557 0.200000
v 1.909611 0.498557 -0.200000
v 1.896856 0.472115 -0.197553
v 1.885351 0.448260 -0.190451
v 1.876221 0.429331 -0.179389
v 1.870358 0.417175 -0.165451
v 1.868339 0.412988 -0.150000
v 1.868339 0.412988 0.150000
v 1.870358 0.417175 0.165451
v 1.876221 0.429331 0.179389
v 1.885351 0.448260 0.190451
v 1.896856 0.472115 0.197553
v 1.909611 0.498557 0.200000
v 1.550220 0.950363 -0.200000
v 1.537465 0.923922 -0.197553
v 1.525960 0.900067 -0.190451
v 1.516830 0.881135 -0.179389
v 1.510967 0.868982 -0.165451
v 1.508948 0.864792 -0.150000
v 1.508948 0.864792 0.150000
v 1.510967 0.868982 0.165451
v 1.516830 0.881135 0.179389
v 1.525960 0.900067 0.190451
v 1.537465 0.923922 0.197553
v 1.550220 0.950363 0.200000
v 1.546799 0.950363 -0.200000
v 1.573240 0.923922 -0.197553
v 1.597093 0.900067 -0.190451
v 1.616024 0.881135 -0.179389
v 1.628178 0.868982 -0.165451
v 1.632367 0.864792 -0.150000
v 1.632367 0.864792 0.150000
v 1.628178 0.868982 0.165451
v 1.616024 0.881135 0.179389
v 1.597093 0.900067 0.190451
v 1.573240 0.923922 0.197553
v 1.546799 0.950363 0.200000
v 1.546799 0.041618 -0.200000
v 1.573240 0.015177 -0.197553
v 1.597093 -0.008678 -0.190451
v 1.616024 -0.027610 -0.179389
v 1.628178 -0.039763 -0.165451
v 1.632367 -0.043952 -0.150000
v 1.632367 -0.043952 0.150000
v 1.628178 -0.039763 0.165451
v 1.616024 -0.027610 0.179389
v 1.597093 -0.008678 0.190451
v 1.573240 0.015177 0.197553
v 1.546799 0.041618 0.200000
v 1.379081 0.041618 -0.200000
v 1.352639 0.015177 -0.197553
v 1.328787 -0.008678 -0.190451
v 1.309855 -0.027610 -0.179389
v 1.297702 -0.039763 -0.165451
v 1.293513 -0.043952 -0.150000
v 1.293513 -0.043952 0.150000
v 1.297702 -0.039763 0.165451
v 1.309855 -0.027610 0.179389
v 1.328787 -0.008678 0.190451
v 1.352639 0.015177 0.197553
v 1.379081 0.041618 0.200000
v 1.379081 1.208781 -0.200000
v 1.352639 1.235225 -0.197553
v 1.328787 1.259077 -0.190451
v 1.309855 1.278009 -0.179389
v 1.297702 1.290162 -0.165451
v 1.293513 1.294352 -0.150000
v 1.293513 1.294352 0.150000
v 1.297702 1.290162 0.165451
v 1.309855 1.278009 0.179389
v 1.328787 1.259077 0.190451
v 1.352639 1.235225 0.197553
v 1.379081 1.208781 0.200000
v 1.536530 1.208781 -0.200000
v 1.549167 1.235225 -0.197553
v 1.560569 1.259077 -0.190451
v 1.569615 1.278009 -0.179389
v 1.575427 1.290162 -0.165451
v 1.577427 1.294352 -0.150000
v 1.577427 1.294352 0.150000
v 1.575427 1.290162 0.165451
v 1.569615 1.278009 0.179389
v 1.560569 1.259077 0.190451
v 1.549167 1.235225 0.197553
v 1.536530 1.208781 0.200000
v 1.923303 0.729595 -0.200000
v 1.923347 0.771638 -0.197553
v 1.923389 0.809568 -0.190451
v 1.923421 0.839666 -0.179389
v 1.923440 0.858993 -0.165451
v 1.923448 0.865651 -0.150000
v 1.923448 0.865651 0.150000
v 1.923440 0.858993 0.165451
v 1.923421 0.839666 0.179389
v 1.923389 0.809568 0.190451
v 1.923347 0.771638 0.197553
v 1.923303 0.729595 0.200000
v 2.311786 1.208781 -0.200000
v 2.299184 1.235225 -0.197553
v 2.287813 1.259077 -0.190451
v 2.278789 1.278009 -0.179389
v 2.272997 1.290162 -0.165451
v 2.271002 1.294352 -0.150000
v 2.271002 1.294352 0.150000
v 2.272997 1.290162 0.165451
v 2.278789 1.278009 0.179389
v 2.287813 1.259077 0.190451
v 2.299184 1.235225 0.197553
v 2.311786 1.208781 0.200000
v 2.467522 1.208781 -0.200000
v 2.493964 1.235225 -0.197553
v 2.517819 1.259077 -0.190451
v 2.536748 1.278009 -0.179389
v 2.548904 1.290162 -0.165451
v 2.553091 1.294352 -0.150000
v 2.553091 1.294352 0.150000
v 2.548904 1.290162 0.165451
v 2.536748 1.278009 0.179389
v 2.517819 1.259077 0.190451
v 2.493964 1.235225 0.197553
v 2.467522 1.208781 0.200000
v 2.467522 0.041618 -0.200000
v 2.493964 0.015177 -0.197553
v 2.517819 -0.008678 -0.190451
v 2.536748 -0.027610 -0.179389
v 2.548904 -0.039763 -0.165451
v 2.553091 -0.043952 -0.150000
v 2.553091 -0.043952 0.150000
v 2.548904 -0.039763 0.165451
v 2.536748 -0.027610 0.179389
v 2.517819 -0.008678 0.190451
v 2.493964 0.015177 0.197553
v 2.467522 0.041618 0.200000
v 5.673222 1.049503 0.200000
v 5.673222 0.696957 0.200000
v 6.150700 0.696957 0.200000
v 6.150700 0.546355 0.200000
v 5.673222 0.546355 0.200000
v 5.673222 0.183543 0.200000
v 6.183216 0.183543 0.200000
v 6.183216 0.032940 0.200000
v 5.505507 0.032940 0.200000
v 5.505507 1.200103 0.200000
v 6.167813 1.200103 0.200000
v 6.167813 1.049503 0.200000
v 5.673222 1.049503 -0.200000
v 5.673222 0.696957 -0.200000
v 6.150700 0.696957 -0.200000
v 6.150700 0.546355 -0.200000
v 5.673222 0.546355 -0.200000
v 5.673222 0.183542 -0.200000
v 6.183216 0.183542 -0.200000
v 6.183216 0.032940 -0.200000
v 5.505507 0.032940 -0.200000
v 5.505507 1.200103 -0.200000
v 6.167813 1.200103 -0.200000
v 6.167813 1.049503 -0.200000
v 5.673222 1.049503 -0.200000
v 5.699666 1.023059 -0.197553
v 5.723518 0.999207 -0.190451
v 5.742450 0.980275 -0.179389
v 5.754604 0.968122 -0.165451
v 5.758793 0.963932 -0.150000
v 5.758793 0.963932 0.150000
v 5.754604 0.968122 0.165451
v 5.742450 0.980275 0.179389
v 5.723518 0.999207 0.190451
v 5.699666 1.023059 0.197553
v 5.673222 1.049503 0.200000
v 5.673222 0.696957 -0.200000
v 5.699666 0.723398 -0.197553
v 5.723518 0.747253 -0.190451
v 5.742450 0.766183 -0.179389
v 5.754604 0.778338 -0.165451
v 5.758793 0.782525 -0.150000
v 5.758793 0.782525 0.150000
v 5.754604 0.778338 0.165451
v 5.742450 0.766183 0.179389
v 5.723518 0.747253 0.190451
v 5.699666 0.723398 0.197553
v 5.673222 0.696957 0.200000
v 6.150700 0.696957 -0.200000
v 6.177141 0.723398 -0.197553
v 6.200996 0.747253 -0.190451
v 6.219925 0.766183 -0.179389
v 6.232081 0.778338 -0.165451
v 6.236268 0.782525 -0.150000
v 6.236268 0.782525 0.150000
v 6.232081 0.778338 0.165451
v 6.219925 0.766183 0.179389
v 6.200996 0.747253 0.190451
v 6.177141 0.723398 0.197553
v 6.150700 0.696957 0.200000
v 6.150700 0.546355 -0.200000
v 6.177141 0.519913 -0.197553
v 6.200996 0.496058 -0.190451
v 6.219925 0.477129 -0.179389
v 6.232081 0.464973 -0.165451
v 6.236268 0.460786 -0.150000
v 6.236268 0.460786 0.150000
v 6.232081 0.464973 0.165451
v 6.219925 0.477129 0.179389
v 6.200996 0.496058 0.190451
v 6.177141 0.519913 0.197553
v 6.150700 0.546355 0.200000
v 5.673222 0.546355 -0.200000
v 5.699666 0.519913 -0.197553
v 5.723518 0.496058 -0.190451
v 5.742450 0.477129 -0.179389
v 5.754604 0.464973 -0.165451
v 5.758793 0.460786 -0.150000
v 5.758793 0.460786 0.150000
v 5.754604 0.464973 0.165451
v 5.742450 0.477129 0.179389
v 5.723518 0.496058 0.190451
v 5.699666 0.519913 0.197553
v 5.673222 0.546355 0.200000
v 5.673222 0.183542 -0.200000
v 5.699666 0.209984 -0.197553
v 5.723518 0.233839 -0.190451
v 5.742450 0.252768 -0.179389
v 5.754604 0.264924 -0.165451
v 5.758793 0.269111 -0.150000
v 5.758793 0.269111 0.150000
v 5.754604 0.264924 0.165451
v 5.742450 0.252768 0.179389
v 5.723518 0.233839 0.190451
v 5.699666 0.209984 0.197553
v 5.673222 0.183543 0.200000
v 6.183216 0.183542 -0.200000
v 6.209657 0.209984 -0.197553
v 6.233512 0.233839 -0.190451
v 6.252443 0.252768 -0.179389
v 6.264597 0.264924 -0.165451
v 6.268784 0.269111 -0.150000
v 6.268784 0.269111 0.150000
v 6.264597 0.264924 0.165451
v 6.252443 0.252768 0.179389
v 6.233512 0.233839 0.190451
v 6.209657 0.209984 0.197553
v 6.183216 0.183543 0.200000
v 6.183216 0.032940 -0.200000
v 6.209657 0.006499 -0.197553
v 6.233512 -0.017356 -0.190451
v 6.252443 -0.036288 -0.179389
v 6.264597 -0.048441 -0.165451
v 6.268784 -0.052628 -0.150000
v 6.268784 -0.052630 0.150000
v 6.264597 -0.048441 0.165451
v 6.252443 -0.036288 0.179389
v 6.233512 -0.017356 0.190451
v 6.209657 0.006499 0.197553
v 6.183216 0.032940 0.200000
v 5.505507 0.032940 -0.200000
v 5.479065 0.006499 -0.197553
v 5.455210 -0.017356 -0.190451
v 5.436281 -0.036288 -0.179389
v 5.424126 -0.048441 -0.165451
v 5.419938 -0.052628 -0.150000
v 5.419938 -0.052630 0.150000
v 5.424126 -0.048441 0.165451
v 5.436281 -0.036288 0.179389
v 5.455210 -0.017356 0.190451
v 5.479065 0.006499 0.197553
v 5.505507 0.032940 0.200000
v 5.505507 1.200103 -0.200000
v 5.479065 1.226547 -0.197553
v 5.455210 1.250399 -0.190451
v 5.436281 1.269331 -0.179389
v 5.424126 1.281484 -0.165451
v 5.419938 1.285674 -0.150000
v 5.419938 1.285674 0.150000
v 5.424126 1.281484 0.165451
v 5.436281 1.269331 0.179389
v 5.455210 1.250399 0.190451
v 5.479065 1.226547 0.197553
v 5.505507 1.200103 0.200000
v 6.167813 1.200103 -0.200000
v 6.194257 1.226547 -0.197553
v 6.218109 1.250399 -0.190451
v 6.237041 1.269331 -0.179389
v 6.249194 1.281484 -0.165451
v 6.253384 1.285674 -0.150000
v 6.253384 1.285674 0.150000
v 6.249194 1.281484 0.165451
v 6.237041 1.269331 0.179389
v 6.218109 1.250399 0.190451
v 6.194257 1.226547 0.197553
v 6.167813 1.200103 0.200000
v 6.167813 1.049503 -0.200000
v 6.194257 1.023059 -0.197553
v 6.218109 0.999207 -0.190451
v 6.237041 0.980275 -0.179389
v 6.249194 0.968122 -0.165451
v 6.253384 0.963932 -0.150000
v 6.253384 0.963932 0.150000
v 6.249194 0.968122 0.165451
v 6.237041 0.980275 0.179389
v 6.218109 0.999207 0.190451
v 6.194257 1.023059 0.197553
v 6.167813 1.049503 0.200000
vn -0.0000 -0.0000 1.0000
vn -0.0000 -0.0000 -1.0000
vn -0.0715 -0.1108 -0.9913
vn -0.0428 -0.0664 -0.9969
vn -0.1031 -0.1598 -0.9817
vn -0.1694 -0.2626 -0.9499
vn -0.2022 -0.3134 -0.9278
vn -0.2925 -0.4535 -0.8419
vn -0.3237 -0.5019 -0.8020
vn -0.4461 -0.6916 -0.5680
vn -0.4636 -0.7188 -0.5181
vn -0.5351 -0.8296 -0.1593
vn -0.5358 -0.8308 -0.1507
vn -0.5351 -0.8296 0.1593
vn -0.5358 -0.8308 0.1505
vn -0.4636 -0.7188 0.5181
vn -0.3237 -0.5019 0.8020
vn -0.4462 -0.6917 0.5679
vn -0.2022 -0.3134 0.9278
vn -0.2925 -0.4535 0.8419
vn -0.1031 -0.1598 0.9818
vn -0.1694 -0.2626 0.9499
vn -0.0428 -0.0664 0.9969
vn -0.0715 -0.1108 0.9913
vn 0.0719 -0.1089 -0.9914
vn 0.1707 -0.2587 -0.9507
vn 0.2955 -0.4479 -0.8438
vn 0.4521 -0.6852 -0.5711
vn 0.5435 -0.8238 -0.1612
vn 0.5435 -0.8237 0.1615
vn 0.4520 -0.6851 0.5712
vn 0.2955 -0.4479 0.8438
vn 0.1707 -0.2587 0.9507
vn 0.0719 -0.1089 0.9914
vn 0.0432 -0.0655 -0.9969
vn 0.1043 -0.1582 -0.9819
vn 0.2045 -0.3100 -0.9285
vn 0.3279 -0.4969 -0.8035
vn 0.4705 -0.7130 -0.5199
vn 0.5444 -0.8250 0.1517
vn 0.4705 -0.7130 0.5199
vn 0.3279 -0.4969 0.8035
vn 0.2045 -0.3100 0.9285
vn 0.1043 -0.1581 0.9819
vn 0.0432 -0.0655 0.9969
vn -0.0433 -0.0286 -0.9987
vn -0.1183 -0.0781 -0.9899
vn -0.2303 -0.1521 -0.9612
vn -0.3919 -0.2588 -0.8828
vn 0.5444 -0.8250 -0.1516
vn -0.6405 -0.4229 -0.6411
vn -0.8148 -0.5381 0.2158
vn -0.6405 -0.4229 0.6411
vn -0.3919 -0.2588 0.8828
vn -0.2303 -0.1521 0.9612
vn -0.1183 -0.0781 0.9899
vn -0.0433 -0.0286 0.9987
vn -0.1044 0.1581 -0.9819
vn -0.2046 0.3099 -0.9285
vn -0.3280 0.4967 -0.8036
vn -0.4707 0.7129 -0.5199
vn -0.5446 0.8248 -0.1523
vn -0.8148 -0.5380 -0.2158
vn -0.5446 0.8248 0.1520
vn -0.4707 0.7129 0.5199
vn -0.3280 0.4967 0.8036
vn -0.2046 0.3099 0.9285
vn -0.1044 0.1581 0.9819
vn 0.1035 0.1593 -0.9818
vn -0.0432 0.0654 -0.9969
vn 0.2030 0.3123 -0.9280
vn 0.3251 0.5003 -0.8025
vn 0.4659 0.7170 -0.5186
vn 0.5386 0.8289 -0.1509
vn 0.5386 0.8289 0.1509
vn 0.4659 0.7170 0.5186
vn 0.3251 0.5003 0.8025
vn 0.2030 0.3123 0.9280
vn -0.0432 0.0654 0.9969
vn 0.1035 0.1593 0.9818
vn 0.0430 -0.0279 -0.9987
vn 0.0429 0.0661 -0.9969
vn 0.1178 -0.0766 -0.9901
vn 0.2294 -0.1491 -0.9619
vn 0.3910 -0.2541 -0.8846
vn 0.6412 -0.4166 -0.6444
vn 0.8184 -0.5317 0.2180
vn 0.6412 -0.4166 0.6444
vn 0.3910 -0.2541 0.8846
vn 0.2294 -0.1491 0.9619
vn 0.1178 -0.0765 0.9901
vn 0.0430 -0.0279 0.9987
vn 0.0429 0.0661 0.9969
vn 0.8184 -0.5317 -0.2180
vn 0.0007 -0.0477 -0.9989
vn -0.0430 0.0279 -0.9987
vn -0.0601 0.0390 -0.9974
vn 0.0018 -0.1343 -0.9909
vn -0.1609 0.1045 -0.9814
vn 0.0036 -0.2611 -0.9653
vn -0.3035 0.1970 -0.9322
vn 0.0072 -0.5235 -0.8520
vn -0.5549 0.3603 -0.7499
vn 0.0128 -0.9382 -0.3458
vn -0.8118 0.5272 -0.2512
vn 0.0128 -0.9382 0.3458
vn -0.8118 0.5271 0.2512
vn -0.5549 0.3603 0.7499
vn -0.3035 0.1970 0.9322
vn 0.0072 -0.5235 0.8520
vn -0.1609 0.1045 0.9814
vn 0.0036 -0.2611 0.9653
vn -0.0602 0.0391 0.9974
vn 0.0018 -0.1343 0.9909
vn -0.0430 0.0279 0.9987
vn 0.0007 -0.0477 0.9989
vn 0.0435 0.0291 -0.9986
vn 0.0005 -0.0371 -0.9993
vn 0.0613 0.0410 -0.9973
vn 0.1631 0.1091 -0.9806
vn 0.3069 0.2053 -0.9293
vn 0.5570 0.3726 -0.7422
vn 0.8056 0.5389 0.2460
vn 0.5570 0.3726 0.7422
vn 0.3069 0.2053 0.9293
vn 0.1631 0.1091 0.9806
vn 0.0613 0.0410 0.9973
vn 0.0435 0.0291 0.9986
vn 0.0005 -0.0371 0.9993
vn 0.8056 0.5389 -0.2459
vn -0.0001 -0.0475 -0.9989
vn -0.0462 -0.0683 -0.9966
vn -0.1115 -0.1649 -0.9800
vn -0.0002 -0.1344 -0.9909
vn -0.2170 -0.3208 -0.9219
vn -0.0004 -0.2616 -0.9652
vn -0.3436 -0.5082 -0.7897
vn -0.0008 -0.5244 -0.8515
vn -0.4843 -0.7163 -0.5025
vn -0.0014 -0.9388 -0.3445
vn -0.5542 -0.8198 -0.1441
vn -0.0014 -0.9388 0.3444
vn -0.5542 -0.8197 0.1446
vn -0.4843 -0.7163 0.5025
vn -0.3436 -0.5082 0.7897
vn -0.0008 -0.5244 0.8515
vn -0.2170 -0.3208 0.9219
vn -0.0004 -0.2616 0.9652
vn -0.1115 -0.1649 0.9800
vn -0.0002 -0.1344 0.9909
vn -0.0462 -0.0683 0.9966
vn -0.0001 -0.0475 0.9989
vn 0.0462 -0.0685 -0.9966
vn -0.0001 -0.0373 -0.9993
vn 0.1113 -0.1652 -0.9800
vn 0.2166 -0.3214 -0.9219
vn 0.3430 -0.5090 -0.7895
vn 0.4832 -0.7171 -0.5023
vn 0.5530 -0.8205 0.1446
vn 0.4832 -0.7171 0.5023
vn 0.3430 -0.5090 0.7895
vn 0.2166 -0.3214 0.9219
vn 0.1113 -0.1652 0.9800
vn 0.0462 -0.0685 0.9966
vn -0.0001 -0.0373 0.9993
vn -0.2169 -0.3208 -0.9220
vn -0.3436 -0.5081 -0.7898
vn 0.5530 -0.8205 -0.1446
vn -0.4843 -0.7163 -0.5024
vn -0.5543 -0.8196 0.1447
vn -0.4843 -0.7162 0.5025
vn -0.3436 -0.5081 0.7898
vn -0.2169 -0.3208 0.9220
vn -0.0463 0.0313 -0.9984
vn -0.1257 0.0850 -0.9884
vn -0.2435 0.1647 -0.9558
vn -0.4093 0.2768 -0.8694
vn -0.5543 -0.8197 -0.1443
vn -0.6511 0.4403 -0.6182
vn -0.8112 0.5487 0.2023
vn -0.6511 0.4403 0.6182
vn -0.4093 0.2768 0.8694
vn -0.2435 0.1647 0.9558
vn -0.1257 0.0850 0.9884
vn -0.0463 0.0313 0.9984
vn 0.1116 0.1648 -0.9800
vn 0.2171 0.3206 -0.9220
vn 0.3439 0.5079 -0.7898
vn 0.4846 0.7159 -0.5026
vn 0.5548 0.8194 -0.1443
vn -0.8112 0.5486 -0.2025
vn 0.5547 0.8194 0.1448
vn 0.4846 0.7159 0.5026
vn 0.3439 0.5079 0.7898
vn 0.2171 0.3206 0.9220
vn 0.1116 0.1648 0.9800
vn -0.0000 0.0472 -0.9989
vn 0.0462 0.0683 -0.9966
vn 0.0001 0.1337 -0.9910
vn 0.0002 0.2603 -0.9655
vn 0.0005 0.5224 -0.8527
vn 0.0009 0.9382 -0.3462
vn 0.0009 0.9382 0.3462
vn 0.0005 0.5224 0.8527
vn 0.0002 0.2603 0.9655
vn 0.0001 0.1337 0.9910
vn 0.0462 0.0683 0.9966
vn -0.0000 0.0472 0.9989
vn -0.0462 0.0684 -0.9966
vn -0.0000 0.0372 -0.9993
vn -0.1115 0.1650 -0.9800
vn -0.2169 0.3209 -0.9219
vn -0.3435 0.5083 -0.7897
vn -0.4841 0.7164 -0.5025
vn -0.5540 0.8198 0.1450
vn -0.4841 0.7164 0.5025
vn -0.3435 0.5083 0.7897
vn -0.2169 0.3209 0.9219
vn -0.1115 0.1650 0.9800
vn -0.0462 0.0684 0.9966
vn -0.0000 0.0372 0.9993
vn 0.1113 0.1651 -0.9800
vn 0.2167 0.3213 -0.9219
vn 0.3431 0.5088 -0.7895
vn 0.4835 0.7169 -0.5023
vn 0.5532 0.8204 -0.1446
vn -0.5540 0.8198 -0.1447
vn 0.5532 0.8204 0.1446
vn 0.4835 0.7169 0.5023
vn 0.3431 0.5088 0.7895
vn 0.2167 0.3213 0.9219
vn 0.1113 0.1651 0.9800
vn -0.0002 0.0471 -0.9989
vn 0.0462 0.0685 -0.9966
vn -0.0005 0.1334 -0.9911
vn -0.0009 0.2597 -0.9657
vn -0.0019 0.5214 -0.8533
vn -0.0034 0.9380 -0.3468
vn -0.0034 0.9380 0.3468
vn -0.0019 0.5214 0.8533
vn -0.0009 0.2597 0.9657
vn -0.0005 0.1334 0.9911
vn 0.0462 0.0685 0.9966
vn -0.0002 0.0471 0.9989
vn -0.0463 0.0681 -0.9966
vn -0.0001 0.0371 -0.9993
vn -0.1118 0.1645 -0.9800
vn -0.2175 0.3200 -0.9221
vn -0.3446 0.5069 -0.7901
vn -0.4859 0.7148 -0.5030
vn -0.5562 0.8183 0.1449
vn -0.4859 0.7148 0.5030
vn -0.3446 0.5070 0.7901
vn -0.2175 0.3200 0.9221
vn -0.1118 0.1645 0.9800
vn -0.0463 0.0681 0.9966
vn -0.0001 0.0371 0.9993
vn 0.0463 0.0313 -0.9984
vn 0.1256 0.0849 -0.9884
vn 0.2435 0.1645 -0.9559
vn 0.4092 0.2764 -0.8696
vn -0.5562 0.8182 -0.1455
vn 0.6512 0.4398 -0.6185
vn 0.8115 0.5480 0.2028
vn 0.6512 0.4398 0.6185
vn 0.4092 0.2764 0.8696
vn 0.2435 0.1645 0.9559
vn 0.1256 0.0849 0.9884
vn 0.0463 0.0313 0.9984
vn 0.1114 -0.1650 -0.9800
vn 0.2168 -0.3210 -0.9219
vn 0.3434 -0.5085 -0.7896
vn 0.4839 -0.7165 -0.5025
vn 0.5538 -0.8200 -0.1444
vn 0.8115 0.5480 -0.2027
vn 0.5538 -0.8200 0.1445
vn 0.4839 -0.7165 0.5025
vn 0.3434 -0.5085 0.7896
vn 0.2168 -0.3210 0.9219
vn 0.1114 -0.1650 0.9800
vn 0.0462 -0.0684 -0.9966
vn 0.0462 -0.0684 0.9966
vn -0.0722 -0.0722 -0.9948
vn -0.0470 -0.0470 -0.9978
vn -0.1209 -0.1209 -0.9853
vn -0.1816 -0.1816 -0.9664
vn -0.2353 -0.2353 -0.9430
vn -0.3276 -0.3276 -0.8862
vn -0.3861 -0.3861 -0.8377
vn -0.5406 -0.5406 -0.6447
vn -0.5818 -0.5818 -0.5683
vn -0.6939 -0.6939 -0.1923
vn -0.6962 -0.6962 -0.1747
vn -0.6939 -0.6939 0.1921
vn -0.6962 -0.6962 0.1747
vn -0.5818 -0.5818 0.5683
vn -0.3861 -0.3861 0.8378
vn -0.5405 -0.5406 0.6447
vn -0.2353 -0.2353 0.9430
vn -0.3276 -0.3276 0.8862
vn -0.1209 -0.1209 0.9853
vn -0.1816 -0.1816 0.9664
vn -0.0470 -0.0470 0.9978
vn -0.0723 -0.0723 0.9948
vn 0.0723 -0.0723 -0.9948
vn 0.3276 -0.3276 -0.8862
vn 0.5406 -0.5406 -0.6446
vn 0.6939 -0.6939 -0.1921
vn 0.6939 -0.6939 0.1924
vn 0.5406 -0.5406 0.6447
vn 0.3276 -0.3276 0.8862
vn 0.1816 -0.1816 0.9664
vn 0.0723 -0.0723 0.9948
vn 0.0470 -0.0470 0.9978
vn 0.0470 -0.0470 -0.9978
vn 0.1815 -0.1815 -0.9665
vn 0.1209 -0.1209 -0.9853
vn 0.2353 -0.2353 -0.9430
vn 0.3861 -0.3861 -0.8378
vn 0.5818 -0.5818 -0.5683
vn 0.6962 -0.6962 0.1750
vn 0.5818 -0.5818 0.5683
vn 0.3861 -0.3861 0.8378
vn 0.2353 -0.2353 0.9430
vn 0.1209 -0.1209 0.9853
vn -0.3861 -0.3861 -0.8378
vn 0.6962 -0.6962 -0.1748
vn -0.6962 -0.6962 0.1748
vn -0.1209 0.1209 -0.9853
vn -0.2353 0.2353 -0.9430
vn -0.3861 0.3861 -0.8377
vn -0.5818 0.5818 -0.5682
vn -0.6962 0.6962 -0.1747
vn -0.6962 0.6962 0.1746
vn -0.5818 0.5818 0.5683
vn -0.3861 0.3861 0.8378
vn -0.2353 0.2353 0.9430
vn -0.1209 0.1209 0.9853
vn -0.0470 0.0470 0.9978
vn 0.1209 0.1209 -0.9853
vn -0.0470 0.0470 -0.9978
vn 0.2353 0.2353 -0.9430
vn 0.3861 0.3861 -0.8378
vn 0.6963 0.6963 -0.1745
vn 0.6962 0.6962 0.1747
vn 0.5818 0.5818 0.5683
vn 0.3861 0.3861 0.8378
vn 0.2353 0.2353 0.9430
vn 0.1209 0.1209 0.9853
vn 0.0470 0.0470 0.9978
vn 0.0723 0.0723 -0.9948
vn 0.0470 0.0470 -0.9978
vn 0.1816 0.1816 -0.9664
vn 0.3276 0.3276 -0.8862
vn 0.5406 0.5406 -0.6447
vn 0.5818 0.5818 -0.5683
vn 0.6940 0.6940 -0.1919
vn 0.6939 0.6939 0.1920
vn 0.5406 0.5406 0.6446
vn 0.3276 0.3276 0.8862
vn 0.1816 0.1816 0.9664
vn 0.0723 0.0723 0.9948
vn -0.0723 0.0723 -0.9948
vn -0.1816 0.1816 -0.9664
vn -0.3276 0.3276 -0.8862
vn -0.5406 0.5406 -0.6446
vn -0.6940 0.6940 -0.1919
vn -0.6939 0.6939 0.1921
vn -0.3276 0.3276 0.8862
vn -0.1816 0.1816 0.9664
vn -0.0723 0.0723 0.9948
vn -0.3861 0.3861 -0.8378
vn -0.5818 0.5818 -0.5683
vn -0.6963 0.6963 0.1745
vn -0.5406 0.5406 0.6447
vn 0.6962 0.6962 -0.1747
vn 0.6962 -0.6962 -0.1749
vn 0.6962 -0.6962 0.1746
vn 0.3861 -0.3861 0.8377
vn -0.0840 -0.1688 -0.9821
vn -0.0447 -0.0825 -0.9956
vn -0.0899 -0.1659 -0.9820
vn -0.1763 -0.3540 -0.9185
vn -0.1884 -0.3479 -0.9184
vn -0.2819 -0.5662 -0.7746
vn -0.3013 -0.5562 -0.7745
vn -0.3909 -0.7852 -0.4803
vn -0.4178 -0.7713 -0.4801
vn -0.4418 -0.8874 -0.1316
vn -0.4722 -0.8716 -0.1317
vn -0.4418 -0.8874 0.1316
vn -0.4722 -0.8716 0.1317
vn -0.4178 -0.7713 0.4801
vn -0.3013 -0.5562 0.7745
vn -0.3909 -0.7852 0.4802
vn -0.1884 -0.3479 0.9184
vn -0.2819 -0.5662 0.7746
vn -0.0899 -0.1659 0.9820
vn -0.1763 -0.3540 0.9185
vn -0.0447 -0.0825 0.9956
vn -0.0840 -0.1688 0.9821
vn -0.0776 -0.1718 -0.9821
vn -0.0418 -0.0840 -0.9956
vn -0.1628 -0.3604 -0.9185
vn -0.2604 -0.5763 -0.7746
vn -0.3611 -0.7993 -0.4804
vn -0.4081 -0.9034 -0.1316
vn -0.4081 -0.9034 0.1316
vn -0.3611 -0.7993 0.4804
vn -0.2604 -0.5763 0.7747
vn -0.1628 -0.3604 0.9185
vn -0.0418 -0.0840 0.9956
vn -0.0776 -0.1718 0.9821
vn -0.0705 -0.1747 -0.9821
vn -0.0386 -0.0855 -0.9956
vn -0.1480 -0.3666 -0.9185
vn -0.2366 -0.5863 -0.7748
vn -0.3282 -0.8134 -0.4804
vn -0.3710 -0.9193 -0.1316
vn -0.3710 -0.9193 0.1316
vn -0.3282 -0.8134 0.4804
vn -0.2366 -0.5863 0.7748
vn -0.1480 -0.3666 0.9185
vn -0.0386 -0.0855 0.9956
vn -0.0705 -0.1747 0.9821
vn -0.0628 -0.1776 -0.9821
vn -0.0351 -0.0870 -0.9956
vn -0.1318 -0.3726 -0.9186
vn -0.2108 -0.5961 -0.7748
vn -0.2924 -0.8269 -0.4804
vn -0.3305 -0.9346 -0.1316
vn -0.3305 -0.9346 0.1316
vn -0.2924 -0.8269 0.4804
vn -0.2108 -0.5961 0.7748
vn -0.1318 -0.3726 0.9186
vn -0.0351 -0.0870 0.9956
vn -0.0628 -0.1776 0.9821
vn -0.0545 -0.1802 -0.9821
vn -0.0313 -0.0884 -0.9956
vn -0.1145 -0.3782 -0.9186
vn -0.1831 -0.6051 -0.7748
vn -0.2540 -0.8394 -0.4805
vn -0.2871 -0.9488 -0.1316
vn -0.2871 -0.9488 0.1316
vn -0.2540 -0.8394 0.4805
vn -0.1831 -0.6051 0.7748
vn -0.1145 -0.3782 0.9186
vn -0.0313 -0.0884 0.9956
vn -0.0545 -0.1802 0.9821
vn -0.0458 -0.1826 -0.9821
vn -0.0272 -0.0898 -0.9956
vn -0.0962 -0.3832 -0.9186
vn -0.1538 -0.6132 -0.7748
vn -0.2134 -0.8505 -0.4807
vn -0.2413 -0.9615 -0.1316
vn -0.2413 -0.9615 0.1316
vn -0.2134 -0.8506 0.4806
vn -0.1538 -0.6131 0.7749
vn -0.0962 -0.3832 0.9186
vn -0.0272 -0.0898 0.9956
vn -0.0458 -0.1826 0.9821
vn -0.0367 -0.1845 -0.9821
vn -0.0228 -0.0910 -0.9956
vn -0.0771 -0.3875 -0.9187
vn -0.1234 -0.6199 -0.7749
vn -0.1712 -0.8600 -0.4807
vn -0.1935 -0.9722 -0.1316
vn -0.1935 -0.9722 0.1316
vn -0.1712 -0.8601 0.4806
vn -0.1234 -0.6199 0.7749
vn -0.0771 -0.3875 0.9187
vn -0.0228 -0.0910 0.9956
vn -0.0367 -0.1845 0.9821
vn -0.0275 -0.1861 -0.9821
vn -0.0183 -0.0920 -0.9956
vn -0.0577 -0.3909 -0.9186
vn -0.0923 -0.6253 -0.7749
vn -0.1280 -0.8676 -0.4805
vn -0.1447 -0.9807 -0.1317
vn -0.1447 -0.9807 0.1317
vn -0.1280 -0.8675 0.4806
vn -0.0923 -0.6253 0.7749
vn -0.0577 -0.3909 0.9186
vn -0.0183 -0.0920 0.9956
vn -0.0275 -0.1861 0.9821
vn -0.0091 -0.0934 -0.9956
vn -0.0137 -0.0928 -0.9956
vn -0.0182 -0.1873 -0.9821
vn -0.0381 -0.3933 -0.9186
vn -0.0610 -0.6291 -0.7749
vn -0.0846 -0.8728 -0.4807
vn -0.0957 -0.9867 0.1317
vn -0.0846 -0.8728 0.4806
vn -0.0610 -0.6291 0.7749
vn -0.0381 -0.3933 0.9186
vn -0.0182 -0.1873 0.9821
vn -0.0091 -0.0934 0.9956
vn -0.0137 -0.0928 0.9956
vn -0.0045 -0.0937 -0.9956
vn -0.0090 -0.1880 -0.9821
vn -0.0188 -0.3947 -0.9186
vn -0.0301 -0.6314 -0.7748
vn -0.0957 -0.9867 -0.1317
vn -0.0418 -0.8760 -0.4806
vn -0.0472 -0.9902 0.1317
vn -0.0418 -0.8760 0.4806
vn -0.0301 -0.6314 0.7748
vn -0.0188 -0.3947 0.9186
vn -0.0090 -0.1880 0.9821
vn -0.0045 -0.0937 0.9956
vn 0.0034 -0.1871 -0.9823
vn 0.0071 -0.3939 -0.9191
vn 0.0114 -0.6310 -0.7757
vn 0.0158 -0.8764 -0.4814
vn 0.0178 -0.9911 -0.1318
vn -0.0472 -0.9902 -0.1317
vn 0.0178 -0.9911 0.1318
vn 0.0158 -0.8764 0.4814
vn 0.0114 -0.6310 0.7757
vn 0.0071 -0.3939 0.9191
vn 0.0034 -0.1871 0.9823
vn 0.0223 -0.1845 -0.9826
vn 0.0017 -0.0937 -0.9956
vn 0.0472 -0.3897 -0.9197
vn 0.0758 -0.6253 -0.7767
vn 0.1053 -0.8695 -0.4826
vn 0.1192 -0.9841 -0.1320
vn 0.1192 -0.9841 0.1320
vn 0.1053 -0.8695 0.4826
vn 0.0758 -0.6253 0.7767
vn 0.0472 -0.3897 0.9197
vn 0.0017 -0.0937 0.9956
vn 0.0223 -0.1845 0.9826
vn 0.0449 -0.1801 -0.9826
vn 0.0113 -0.0930 -0.9956
vn 0.0949 -0.3808 -0.9198
vn 0.1522 -0.6111 -0.7768
vn 0.2117 -0.8498 -0.4827
vn 0.2397 -0.9618 -0.1321
vn 0.2397 -0.9618 0.1321
vn 0.2117 -0.8499 0.4826
vn 0.1522 -0.6110 0.7768
vn 0.0949 -0.3808 0.9198
vn 0.0113 -0.0930 0.9956
vn 0.0449 -0.1801 0.9826
vn 0.0672 -0.1729 -0.9826
vn 0.0226 -0.0909 -0.9956
vn 0.1421 -0.3656 -0.9198
vn 0.2281 -0.5868 -0.7769
vn 0.3173 -0.8163 -0.4826
vn 0.3592 -0.9239 -0.1321
vn 0.3592 -0.9239 0.1321
vn 0.3173 -0.8163 0.4827
vn 0.2281 -0.5868 0.7769
vn 0.1421 -0.3656 0.9198
vn 0.0226 -0.0909 0.9956
vn 0.0672 -0.1730 0.9826
vn 0.0889 -0.1628 -0.9827
vn 0.0339 -0.0873 -0.9956
vn 0.1880 -0.3442 -0.9199
vn 0.3017 -0.5525 -0.7770
vn 0.4198 -0.7686 -0.4827
vn 0.4751 -0.8699 -0.1321
vn 0.4751 -0.8699 0.1321
vn 0.4198 -0.7686 0.4827
vn 0.3017 -0.5525 0.7770
vn 0.1880 -0.3442 0.9199
vn 0.0339 -0.0873 0.9956
vn 0.0889 -0.1628 0.9827
vn 0.1094 -0.1497 -0.9827
vn 0.0449 -0.0822 -0.9956
vn 0.2314 -0.3166 -0.9199
vn 0.3715 -0.5082 -0.7770
vn 0.5168 -0.7070 -0.4829
vn 0.5850 -0.8002 -0.1321
vn 0.5850 -0.8002 0.1321
vn 0.5168 -0.7070 0.4829
vn 0.3715 -0.5082 0.7770
vn 0.2314 -0.3166 0.9199
vn 0.0449 -0.0822 0.9956
vn 0.1094 -0.1497 0.9827
vn 0.1283 -0.1338 -0.9827
vn 0.0553 -0.0756 -0.9956
vn 0.2714 -0.2830 -0.9199
vn 0.4357 -0.4542 -0.7771
vn 0.6062 -0.6320 -0.4829
vn 0.6861 -0.7154 -0.1321
vn 0.6861 -0.7154 0.1321
vn 0.6062 -0.6320 0.4829
vn 0.4357 -0.4542 0.7771
vn 0.2714 -0.2830 0.9199
vn 0.0553 -0.0756 0.9956
vn 0.1283 -0.1338 0.9827
vn 0.1451 -0.1153 -0.9827
vn 0.0648 -0.0676 -0.9956
vn 0.3069 -0.2439 -0.9199
vn 0.4928 -0.3916 -0.7771
vn 0.6856 -0.5448 -0.4828
vn 0.7760 -0.6167 -0.1321
vn 0.7760 -0.6167 0.1321
vn 0.6856 -0.5448 0.4828
vn 0.4928 -0.3916 0.7771
vn 0.3069 -0.2439 0.9199
vn 0.0648 -0.0676 0.9956
vn 0.1451 -0.1153 0.9827
vn 0.1593 -0.0946 -0.9827
vn 0.0733 -0.0583 -0.9956
vn 0.3371 -0.2001 -0.9199
vn 0.5412 -0.3213 -0.7771
vn 0.7529 -0.4470 -0.4831
vn 0.8524 -0.5060 -0.1321
vn 0.8524 -0.5060 0.1321
vn 0.7529 -0.4470 0.4831
vn 0.5412 -0.3213 0.7771
vn 0.3371 -0.2001 0.9199
vn 0.0733 -0.0583 0.9956
vn 0.1593 -0.0946 0.9827
vn 0.0863 -0.0364 -0.9956
vn 0.0805 -0.0478 -0.9956
vn 0.1707 -0.0721 -0.9827
vn 0.3611 -0.1526 -0.9200
vn 0.5797 -0.2450 -0.7771
vn 0.8067 -0.3408 -0.4828
vn 0.9131 -0.3858 0.1321
vn 0.8067 -0.3408 0.4828
vn 0.5798 -0.2450 0.7771
vn 0.3611 -0.1526 0.9200
vn 0.1707 -0.0721 0.9827
vn 0.0863 -0.0364 0.9956
vn 0.0805 -0.0478 0.9956
vn 0.0904 -0.0245 -0.9956
vn 0.1789 -0.0484 -0.9827
vn 0.3785 -0.1025 -0.9199
vn 0.6075 -0.1645 -0.7771
vn 0.9132 -0.3858 -0.1313
vn 0.8453 -0.2289 -0.4828
vn 0.9569 -0.2591 0.1313
vn 0.8452 -0.2289 0.4829
vn 0.6075 -0.1645 0.7771
vn 0.3785 -0.1025 0.9199
vn 0.1789 -0.0484 0.9827
vn 0.0904 -0.0245 0.9956
vn 0.0928 -0.0122 -0.9956
vn 0.1838 -0.0242 -0.9827
vn 0.3888 -0.0512 -0.9199
vn 0.6241 -0.0822 -0.7770
vn 0.9568 -0.2591 -0.1321
vn 0.8682 -0.1143 -0.4829
vn 0.9828 -0.1293 0.1321
vn 0.8682 -0.1143 0.4829
vn 0.6241 -0.0822 0.7770
vn 0.3888 -0.0512 0.9199
vn 0.1838 -0.0242 0.9827
vn 0.0928 -0.0122 0.9956
vn 0.0937 -0.0001 -0.9956
vn 0.1856 -0.0003 -0.9826
vn 0.3924 -0.0006 -0.9198
vn 0.6297 -0.0009 -0.7768
vn 0.9828 -0.1293 -0.1321
vn 0.8758 -0.0013 -0.4827
vn 0.9912 -0.0015 0.1321
vn 0.8758 -0.0013 0.4827
vn 0.6297 -0.0009 0.7768
vn 0.3924 -0.0006 0.9198
vn 0.1856 -0.0003 0.9826
vn 0.0937 -0.0001 0.9956
vn 0.1841 0.0233 -0.9826
vn 0.3892 0.0493 -0.9198
vn 0.6246 0.0791 -0.7769
vn 0.8688 0.1100 -0.4828
vn 0.9834 0.1246 -0.1321
vn 0.9912 -0.0015 -0.1321
vn 0.9835 0.1246 0.1313
vn 0.8689 0.1100 0.4827
vn 0.6246 0.0791 0.7769
vn 0.3892 0.0493 0.9199
vn 0.1841 0.0233 0.9826
vn 0.1792 0.0472 -0.9827
vn 0.0929 0.0118 -0.9956
vn 0.3792 0.0999 -0.9199
vn 0.6087 0.1603 -0.7771
vn 0.8468 0.2230 -0.4829
vn 0.9586 0.2524 -0.1321
vn 0.9586 0.2524 0.1321
vn 0.8468 0.2230 0.4829
vn 0.6086 0.1603 0.7771
vn 0.3792 0.0999 0.9199
vn 0.0929 0.0118 0.9956
vn 0.1792 0.0472 0.9827
vn 0.1710 0.0711 -0.9827
vn 0.0905 0.0238 -0.9956
vn 0.3619 0.1504 -0.9200
vn 0.5811 0.2415 -0.7772
vn 0.8085 0.3361 -0.4831
vn 0.9153 0.3804 -0.1322
vn 0.9153 0.3804 0.1322
vn 0.8085 0.3361 0.4831
vn 0.5811 0.2415 0.7772
vn 0.3619 0.1504 0.9200
vn 0.0905 0.0238 0.9956
vn 0.1710 0.0711 0.9827
vn 0.1594 0.0942 -0.9827
vn 0.0864 0.0359 -0.9956
vn 0.3373 0.1993 -0.9200
vn 0.5417 0.3201 -0.7773
vn 0.7539 0.4454 -0.4830
vn 0.8534 0.5042 -0.1322
vn 0.8534 0.5042 0.1322
vn 0.7539 0.4454 0.4830
vn 0.5417 0.3201 0.7773
vn 0.3373 0.1993 0.9200
vn 0.0864 0.0359 0.9956
vn 0.1594 0.0942 0.9827
vn 0.1445 0.1157 -0.9827
vn 0.0806 0.0476 -0.9956
vn 0.3059 0.2448 -0.9201
vn 0.4912 0.3931 -0.7773
vn 0.6837 0.5471 -0.4830
vn 0.7739 0.6193 -0.1321
vn 0.7739 0.6193 0.1321
vn 0.6836 0.5470 0.4831
vn 0.4912 0.3931 0.7773
vn 0.3059 0.2448 0.9201
vn 0.0806 0.0476 0.9956
vn 0.1445 0.1157 0.9827
vn 0.0642 0.0682 -0.9956
vn 0.0731 0.0585 -0.9956
vn 0.1269 0.1348 -0.9827
vn 0.2686 0.2854 -0.9200
vn 0.4312 0.4582 -0.7773
vn 0.6001 0.6376 -0.4831
vn 0.6794 0.7218 0.1321
vn 0.6001 0.6376 0.4831
vn 0.4312 0.4581 0.7773
vn 0.2686 0.2853 0.9200
vn 0.1269 0.1348 0.9827
vn 0.0642 0.0682 0.9956
vn 0.0731 0.0585 0.9956
vn 0.0542 0.0764 -0.9956
vn 0.1072 0.1511 -0.9827
vn 0.2267 0.3198 -0.9200
vn 0.3639 0.5134 -0.7772
vn 0.6794 0.7218 -0.1321
vn 0.5064 0.7143 -0.4831
vn 0.5733 0.8086 0.1321
vn 0.5064 0.7143 0.4830
vn 0.3639 0.5134 0.7772
vn 0.2267 0.3198 0.9200
vn 0.1072 0.1511 0.9827
vn 0.0542 0.0764 0.9956
vn 0.0434 0.0830 -0.9956
vn 0.0860 0.1643 -0.9827
vn 0.1819 0.3475 -0.9199
vn 0.2919 0.5577 -0.7770
vn 0.5733 0.8086 -0.1321
vn 0.4060 0.7759 -0.4829
vn 0.4596 0.8782 0.1321
vn 0.4060 0.7759 0.4828
vn 0.2919 0.5577 0.7770
vn 0.1818 0.3475 0.9199
vn 0.0860 0.1643 0.9827
vn 0.0434 0.0830 0.9956
vn 0.0323 0.0879 -0.9956
vn 0.0641 0.1742 -0.9826
vn 0.1355 0.3682 -0.9198
vn 0.2175 0.5910 -0.7768
vn 0.4596 0.8782 -0.1321
vn 0.3025 0.8219 -0.4827
vn 0.3423 0.9303 0.1321
vn 0.3025 0.8219 0.4827
vn 0.2175 0.5910 0.7768
vn 0.1355 0.3682 0.9198
vn 0.0641 0.1742 0.9826
vn 0.0323 0.0879 0.9956
vn 0.0213 0.0912 -0.9956
vn 0.0422 0.1810 -0.9826
vn 0.0891 0.3823 -0.9197
vn 0.1430 0.6134 -0.7767
vn 0.3423 0.9303 -0.1321
vn 0.1987 0.8530 -0.4825
vn 0.2250 0.9654 0.1320
vn 0.1987 0.8530 0.4826
vn 0.1430 0.6134 0.7767
vn 0.0891 0.3824 0.9197
vn 0.0422 0.1810 0.9826
vn 0.0213 0.0912 0.9956
vn 0.0104 0.0931 -0.9956
vn 0.0207 0.1849 -0.9825
vn 0.0438 0.3904 -0.9196
vn 0.0702 0.6262 -0.7765
vn 0.2250 0.9654 -0.1320
vn 0.0975 0.8706 -0.4823
vn 0.1104 0.9851 0.1320
vn 0.0975 0.8706 0.4823
vn 0.0702 0.6262 0.7765
vn 0.0438 0.3904 0.9196
vn 0.0207 0.1849 0.9825
vn 0.0104 0.0931 0.9956
vn 0.0012 0.0938 -0.9956
vn 0.0024 0.1871 -0.9823
vn 0.0051 0.3939 -0.9191
vn 0.0080 0.6310 -0.7757
vn 0.1104 0.9851 -0.1320
vn 0.0112 0.8764 -0.4815
vn 0.0127 0.9912 0.1318
vn 0.0112 0.8764 0.4814
vn 0.0080 0.6311 0.7757
vn 0.0051 0.3939 0.9191
vn 0.0024 0.1871 0.9823
vn 0.0012 0.0938 0.9956
vn -0.0053 0.0937 -0.9956
vn -0.0107 0.1877 -0.9822
vn -0.0225 0.3942 -0.9187
vn -0.0360 0.6309 -0.7750
vn 0.0127 0.9912 -0.1318
vn -0.0499 0.8755 -0.4807
vn -0.0564 0.9897 0.1317
vn -0.0499 0.8755 0.4807
vn -0.0360 0.6309 0.7750
vn -0.0225 0.3942 0.9187
vn -0.0107 0.1877 0.9822
vn -0.0053 0.0937 0.9956
vn -0.0105 0.0932 -0.9956
vn -0.0210 0.1868 -0.9822
vn -0.0441 0.3925 -0.9187
vn -0.0705 0.6280 -0.7750
vn -0.0564 0.9898 -0.1305
vn -0.0978 0.8714 -0.4808
vn -0.1106 0.9851 0.1317
vn -0.0978 0.8714 0.4807
vn -0.0705 0.6280 0.7750
vn -0.0441 0.3925 0.9187
vn -0.0210 0.1868 0.9822
vn -0.0105 0.0932 0.9956
vn -0.0154 0.0925 -0.9956
vn -0.0308 0.1856 -0.9821
vn -0.0648 0.3897 -0.9187
vn -0.1036 0.6235 -0.7749
vn -0.1106 0.9851 -0.1316
vn -0.1438 0.8651 -0.4805
vn -0.1625 0.9779 0.1317
vn -0.1438 0.8651 0.4806
vn -0.1036 0.6235 0.7749
vn -0.0648 0.3897 0.9187
vn -0.0308 0.1856 0.9821
vn -0.0154 0.0925 0.9956
vn -0.0201 0.0916 -0.9956
vn -0.0402 0.1838 -0.9821
vn -0.0845 0.3859 -0.9187
vn -0.1352 0.6174 -0.7749
vn -0.1625 0.9779 -0.1317
vn -0.1875 0.8567 -0.4806
vn -0.2120 0.9684 0.1317
vn -0.1875 0.8567 0.4806
vn -0.1352 0.6174 0.7749
vn -0.0845 0.3859 0.9187
vn -0.0402 0.1838 0.9821
vn -0.0201 0.0916 0.9956
vn -0.0245 0.0905 -0.9956
vn -0.0492 0.1817 -0.9821
vn -0.1034 0.3814 -0.9186
vn -0.1653 0.6101 -0.7749
vn -0.2120 0.9684 -0.1317
vn -0.2294 0.8465 -0.4805
vn -0.2593 0.9568 0.1316
vn -0.2294 0.8465 0.4805
vn -0.1653 0.6101 0.7749
vn -0.1034 0.3814 0.9186
vn -0.0492 0.1817 0.9821
vn -0.0245 0.0905 0.9956
vn -0.0288 0.0893 -0.9956
vn -0.0578 0.1791 -0.9821
vn -0.1214 0.3760 -0.9186
vn -0.1942 0.6016 -0.7748
vn -0.2593 0.9568 -0.1316
vn -0.2694 0.8345 -0.4806
vn -0.3045 0.9434 0.1317
vn -0.2694 0.8345 0.4806
vn -0.1942 0.6016 0.7748
vn -0.1214 0.3760 0.9186
vn -0.0578 0.1791 0.9821
vn -0.0288 0.0893 0.9956
vn -0.0329 0.0879 -0.9956
vn -0.0661 0.1763 -0.9821
vn -0.1387 0.3701 -0.9186
vn -0.2218 0.5920 -0.7748
vn -0.3045 0.9434 -0.1317
vn -0.3077 0.8212 -0.4805
vn -0.3478 0.9283 0.1316
vn -0.3077 0.8212 0.4805
vn -0.2218 0.5920 0.7748
vn -0.1387 0.3701 0.9186
vn -0.0661 0.1763 0.9821
vn -0.0329 0.0879 0.9956
vn -0.0368 0.0863 -0.9956
vn -0.0739 0.1732 -0.9821
vn -0.1552 0.3635 -0.9186
vn -0.2483 0.5815 -0.7748
vn -0.3478 0.9283 -0.1316
vn -0.3444 0.8066 -0.4803
vn -0.3894 0.9117 0.1308
vn -0.3444 0.8066 0.4804
vn -0.2483 0.5815 0.7748
vn -0.1552 0.3635 0.9186
vn -0.0739 0.1732 0.9821
vn -0.0368 0.0863 0.9956
vn -0.0406 0.0846 -0.9956
vn -0.0816 0.1698 -0.9821
vn -0.1712 0.3564 -0.9185
vn -0.2737 0.5700 -0.7747
vn -0.3893 0.9116 -0.1316
vn -0.3797 0.7906 -0.4803
vn -0.4292 0.8936 0.1317
vn -0.3797 0.7906 0.4803
vn -0.2737 0.5700 0.7747
vn -0.1712 0.3564 0.9185
vn -0.0816 0.1698 0.9821
vn -0.0406 0.0846 0.9956
vn -0.0442 0.0827 -0.9956
vn -0.0889 0.1661 -0.9821
vn -0.1864 0.3486 -0.9185
vn -0.2981 0.5576 -0.7748
vn -0.4292 0.8936 -0.1317
vn -0.4135 0.7734 -0.4804
vn -0.4675 0.8742 0.1309
vn -0.4136 0.7735 0.4804
vn -0.2981 0.5576 0.7748
vn -0.1864 0.3486 0.9185
vn -0.0889 0.1661 0.9821
vn -0.0442 0.0827 0.9956
vn -0.0477 0.0808 -0.9956
vn -0.0959 0.1622 -0.9821
vn -0.2011 0.3403 -0.9185
vn -0.3217 0.5443 -0.7747
vn -0.4674 0.8742 -0.1317
vn -0.4462 0.7551 -0.4804
vn -0.5043 0.8534 0.1316
vn -0.4462 0.7551 0.4804
vn -0.3217 0.5443 0.7747
vn -0.2011 0.3404 0.9185
vn -0.0959 0.1622 0.9821
vn -0.0477 0.0808 0.9956
vn 0.0223 0.0400 -0.9990
vn 0.0623 0.1119 -0.9918
vn 0.1214 0.2181 -0.9684
vn 0.2102 0.3776 -0.9018
vn -0.5043 0.8534 -0.1316
vn 0.3584 0.6438 -0.6761
vn 0.4723 0.8483 0.2393
vn 0.3584 0.6438 0.6761
vn 0.2102 0.3776 0.9018
vn 0.1214 0.2181 0.9684
vn 0.0623 0.1119 0.9918
vn 0.0223 0.0400 0.9990
vn 0.1631 -0.1003 -0.9815
vn 0.3202 -0.1970 -0.9266
vn 0.5119 -0.3149 -0.7992
vn 0.7305 -0.4494 -0.5142
vn 0.8423 -0.5182 -0.1486
vn 0.4723 0.8483 -0.2393
vn 0.8422 -0.5181 0.1490
vn 0.7305 -0.4494 0.5142
vn 0.5119 -0.3149 0.7992
vn 0.3202 -0.1970 0.9266
vn 0.1631 -0.1003 0.9815
vn 0.0833 -0.1714 -0.9817
vn 0.0682 -0.0419 -0.9968
vn 0.1738 -0.3574 -0.9176
vn 0.2773 -0.5701 -0.7733
vn 0.3839 -0.7894 -0.4790
vn 0.4336 -0.8915 -0.1314
vn 0.4336 -0.8915 0.1314
vn 0.3839 -0.7895 0.4789
vn 0.2773 -0.5701 0.7733
vn 0.1738 -0.3574 0.9176
vn 0.0682 -0.0419 0.9968
vn 0.0833 -0.1714 0.9817
vn 0.0383 -0.0857 -0.9956
vn 0.0410 -0.0844 -0.9956
vn 0.0778 -0.1741 -0.9817
vn 0.1622 -0.3629 -0.9176
vn 0.2588 -0.5789 -0.7733
vn 0.3583 -0.8014 -0.4789
vn 0.4046 -0.9050 0.1314
vn 0.3583 -0.8014 0.4789
vn 0.2588 -0.5789 0.7733
vn 0.1622 -0.3629 0.9176
vn 0.0778 -0.1741 0.9817
vn 0.0383 -0.0857 0.9956
vn 0.0410 -0.0844 0.9956
vn 0.0352 -0.0870 -0.9956
vn 0.0715 -0.1768 -0.9816
vn 0.1491 -0.3686 -0.9175
vn 0.2377 -0.5880 -0.7732
vn 0.4046 -0.9050 -0.1314
vn 0.3291 -0.8139 -0.4789
vn 0.3717 -0.9190 0.1314
vn 0.3291 -0.8138 0.4789
vn 0.2377 -0.5880 0.7732
vn 0.1491 -0.3686 0.9175
vn 0.0715 -0.1768 0.9816
vn 0.0352 -0.0870 0.9956
vn 0.0317 -0.0883 -0.9956
vn 0.0645 -0.1796 -0.9816
vn 0.1344 -0.3742 -0.9175
vn 0.2144 -0.5969 -0.7732
vn 0.3717 -0.9190 -0.1314
vn 0.2969 -0.8262 -0.4787
vn 0.3352 -0.9330 0.1306
vn 0.2969 -0.8262 0.4787
vn 0.2144 -0.5969 0.7732
vn 0.1344 -0.3742 0.9175
vn 0.0645 -0.1796 0.9816
vn 0.0317 -0.0883 0.9956
vn 0.0280 -0.0896 -0.9956
vn 0.0569 -0.1822 -0.9816
vn 0.1187 -0.3796 -0.9175
vn 0.1893 -0.6053 -0.7731
vn 0.3352 -0.9329 -0.1314
vn 0.2620 -0.8379 -0.4788
vn 0.2958 -0.9462 0.1314
vn 0.2620 -0.8379 0.4788
vn 0.1893 -0.6054 0.7731
vn 0.1187 -0.3796 0.9175
vn 0.0569 -0.1822 0.9816
vn 0.0280 -0.0895 0.9956
vn 0.0241 -0.0907 -0.9956
vn 0.0490 -0.1846 -0.9816
vn 0.1020 -0.3844 -0.9175
vn 0.1627 -0.6131 -0.7731
vn 0.2958 -0.9462 -0.1314
vn 0.2252 -0.8486 -0.4788
vn 0.2542 -0.9582 0.1315
vn 0.2252 -0.8486 0.4788
vn 0.1627 -0.6131 0.7731
vn 0.1020 -0.3844 0.9175
vn 0.0490 -0.1845 0.9816
vn 0.0241 -0.0907 0.9956
vn 0.0200 -0.0917 -0.9956
vn 0.0407 -0.1866 -0.9816
vn 0.0848 -0.3887 -0.9175
vn 0.1351 -0.6197 -0.7731
vn 0.2542 -0.9582 -0.1315
vn 0.1871 -0.8578 -0.4788
vn 0.2112 -0.9686 0.1315
vn 0.1871 -0.8578 0.4788
vn 0.1351 -0.6197 0.7731
vn 0.0848 -0.3887 0.9175
vn 0.0407 -0.1866 0.9816
vn 0.0200 -0.0917 0.9956
vn 0.0323 -0.1882 -0.9816
vn 0.0672 -0.3921 -0.9175
vn 0.1072 -0.6252 -0.7731
vn 0.1675 -0.9771 -0.1315
vn 0.2112 -0.9686 -0.1315
vn 0.1675 -0.9771 0.1315
vn 0.1072 -0.6252 0.7731
vn 0.0672 -0.3921 0.9175
vn 0.0323 -0.1882 0.9816
vn 0.0239 -0.1895 -0.9816
vn 0.0159 -0.0925 -0.9956
vn 0.0497 -0.3946 -0.9175
vn 0.0793 -0.6293 -0.7731
vn 0.1098 -0.8711 -0.4787
vn 0.1484 -0.8654 -0.4787
vn 0.1240 -0.9835 -0.1315
vn 0.1240 -0.9835 0.1315
vn 0.1484 -0.8654 0.4787
vn 0.1098 -0.8711 0.4787
vn 0.0793 -0.6293 0.7731
vn 0.0497 -0.3946 0.9175
vn 0.0159 -0.0925 0.9956
vn 0.0239 -0.1895 0.9816
vn 0.0156 -0.1903 -0.9816
vn 0.0117 -0.0931 -0.9956
vn 0.0326 -0.3964 -0.9175
vn 0.0520 -0.6321 -0.7731
vn 0.0719 -0.8749 -0.4789
vn 0.0812 -0.9880 -0.1314
vn 0.0812 -0.9880 0.1314
vn 0.0719 -0.8749 0.4789
vn 0.0520 -0.6321 0.7731
vn 0.0326 -0.3964 0.9175
vn 0.0117 -0.0931 0.9956
vn 0.0156 -0.1903 0.9816
vn 0.0077 -0.1907 -0.9816
vn 0.0077 -0.0935 -0.9956
vn 0.0159 -0.3974 -0.9175
vn 0.0254 -0.6337 -0.7732
vn 0.0353 -0.8772 -0.4788
vn 0.0398 -0.9905 -0.1315
vn 0.0398 -0.9905 0.1315
vn 0.0353 -0.8772 0.4788
vn 0.0254 -0.6337 0.7732
vn 0.0159 -0.3974 0.9175
vn 0.0077 -0.0935 0.9956
vn 0.0077 -0.1907 0.9816
vn -0.0021 -0.0937 -0.9956
vn 0.0038 -0.0937 -0.9956
vn -0.0043 -0.1920 -0.9814
vn -0.0090 -0.3985 -0.9171
vn -0.0143 -0.6347 -0.7726
vn -0.0198 -0.8779 -0.4784
vn -0.0224 -0.9911 0.1315
vn -0.0198 -0.8779 0.4784
vn -0.0143 -0.6348 0.7725
vn -0.0090 -0.3985 0.9171
vn -0.0043 -0.1920 0.9814
vn -0.0021 -0.0937 0.9956
vn 0.0038 -0.0937 0.9956
vn -0.0125 -0.0928 -0.9956
vn -0.0257 -0.1916 -0.9811
vn -0.0532 -0.3961 -0.9167
vn -0.0845 -0.6300 -0.7720
vn -0.0224 -0.9911 -0.1315
vn -0.1169 -0.8707 -0.4777
vn -0.1320 -0.9826 0.1307
vn -0.1169 -0.8707 0.4777
vn -0.0845 -0.6300 0.7720
vn -0.0532 -0.3961 0.9167
vn -0.0257 -0.1916 0.9811
vn -0.0125 -0.0928 0.9956
vn -0.0253 -0.0901 -0.9956
vn -0.0523 -0.1863 -0.9811
vn -0.1081 -0.3849 -0.9166
vn -0.1718 -0.6120 -0.7720
vn -0.1319 -0.9825 -0.1315
vn -0.2375 -0.8458 -0.4777
vn -0.2680 -0.9544 0.1315
vn -0.2375 -0.8458 0.4777
vn -0.1718 -0.6120 0.7720
vn -0.1081 -0.3849 0.9166
vn -0.0523 -0.1863 0.9811
vn -0.0253 -0.0901 0.9956
vn -0.0380 -0.0855 -0.9956
vn -0.0786 -0.1768 -0.9811
vn -0.1624 -0.3654 -0.9166
vn -0.2582 -0.5810 -0.7719
vn -0.2680 -0.9544 -0.1315
vn -0.3568 -0.8028 -0.4777
vn -0.4026 -0.9060 0.1307
vn -0.3568 -0.8028 0.4777
vn -0.2582 -0.5810 0.7719
vn -0.1624 -0.3654 0.9166
vn -0.0786 -0.1768 0.9811
vn -0.0380 -0.0855 0.9956
vn -0.1032 -0.1636 -0.9811
vn -0.2133 -0.3381 -0.9166
vn -0.3393 -0.5377 -0.7719
vn -0.4688 -0.7430 -0.4777
vn -0.5290 -0.8384 -0.1315
vn -0.4026 -0.9059 -0.1315
vn -0.5290 -0.8384 0.1315
vn -0.4688 -0.7430 0.4777
vn -0.3393 -0.5377 0.7719
vn -0.2133 -0.3381 0.9166
vn -0.1032 -0.1636 0.9811
vn -0.1252 -0.1474 -0.9811
vn -0.0499 -0.0792 -0.9956
vn -0.2588 -0.3047 -0.9166
vn -0.4115 -0.4845 -0.7720
vn -0.5688 -0.6695 -0.4777
vn -0.6419 -0.7555 -0.1307
vn -0.6419 -0.7556 0.1307
vn -0.5687 -0.6695 0.4778
vn -0.4115 -0.4845 0.7720
vn -0.2588 -0.3047 0.9166
vn -0.0499 -0.0792 0.9956
vn -0.1252 -0.1474 0.9811
vn -0.1439 -0.1289 -0.9812
vn -0.0606 -0.0714 -0.9956
vn -0.2975 -0.2668 -0.9167
vn -0.4732 -0.4243 -0.7721
vn -0.6541 -0.5864 -0.4778
vn -0.7381 -0.6617 -0.1315
vn -0.7381 -0.6617 0.1315
vn -0.6541 -0.5864 0.4778
vn -0.4732 -0.4243 0.7721
vn -0.2975 -0.2668 0.9167
vn -0.0606 -0.0714 0.9956
vn -0.1439 -0.1289 0.9812
vn -0.1591 -0.1093 -0.9812
vn -0.0697 -0.0625 -0.9956
vn -0.3293 -0.2261 -0.9167
vn -0.5239 -0.3598 -0.7720
vn -0.7241 -0.4973 -0.4780
vn -0.8172 -0.5612 -0.1315
vn -0.8172 -0.5612 0.1315
vn -0.7241 -0.4973 0.4780
vn -0.5239 -0.3597 0.7721
vn -0.3293 -0.2261 0.9167
vn -0.0697 -0.0625 0.9956
vn -0.1591 -0.1093 0.9812
vn -0.1712 -0.0889 -0.9812
vn -0.0772 -0.0530 -0.9956
vn -0.3545 -0.1840 -0.9168
vn -0.5640 -0.2927 -0.7722
vn -0.7797 -0.4046 -0.4779
vn -0.8799 -0.4567 -0.1314
vn -0.8799 -0.4567 0.1314
vn -0.7797 -0.4046 0.4779
vn -0.5640 -0.2927 0.7722
vn -0.3545 -0.1840 0.9168
vn -0.0772 -0.0530 0.9956
vn -0.1712 -0.0889 0.9812
vn -0.1805 -0.0680 -0.9812
vn -0.0831 -0.0432 -0.9956
vn -0.3737 -0.1407 -0.9168
vn -0.5947 -0.2239 -0.7721
vn -0.8221 -0.3096 -0.4779
vn -0.9277 -0.3494 -0.1314
vn -0.9277 -0.3494 0.1314
vn -0.8221 -0.3096 0.4779
vn -0.5947 -0.2239 0.7721
vn -0.3737 -0.1407 0.9168
vn -0.0831 -0.0432 0.9956
vn -0.1805 -0.0680 0.9812
vn -0.1872 -0.0465 -0.9812
vn -0.0877 -0.0330 -0.9956
vn -0.3876 -0.0962 -0.9168
vn -0.6167 -0.1531 -0.7722
vn -0.8526 -0.2116 -0.4779
vn -0.9621 -0.2389 -0.1314
vn -0.9621 -0.2389 0.1314
vn -0.8526 -0.2116 0.4779
vn -0.6167 -0.1531 0.7722
vn -0.3876 -0.0962 0.9168
vn -0.0877 -0.0330 0.9956
vn -0.1872 -0.0465 0.9812
vn -0.0930 -0.0116 -0.9956
vn -0.0909 -0.0226 -0.9956
vn -0.1914 -0.0239 -0.9812
vn -0.3963 -0.0496 -0.9168
vn -0.6305 -0.0788 -0.7721
vn -0.8717 -0.1090 -0.4778
vn -0.9836 -0.1231 0.1315
vn -0.8716 -0.1090 0.4779
vn -0.6305 -0.0788 0.7721
vn -0.3963 -0.0496 0.9168
vn -0.1914 -0.0239 0.9812
vn -0.0930 -0.0116 0.9956
vn -0.0909 -0.0226 0.9956
vn -0.0937 -0.0000 -0.9956
vn -0.1931 -0.0001 -0.9812
vn -0.3995 -0.0002 -0.9167
vn -0.6355 -0.0002 -0.7721
vn -0.9837 -0.1231 -0.1307
vn -0.8784 -0.0004 -0.4779
vn -0.9914 -0.0004 0.1307
vn -0.8784 -0.0004 0.4779
vn -0.6355 -0.0002 0.7721
vn -0.3995 -0.0002 0.9167
vn -0.1931 -0.0001 0.9812
vn -0.0936 -0.0000 0.9956
vn -0.0929 0.0120 -0.9956
vn -0.1915 0.0247 -0.9812
vn -0.3963 0.0511 -0.9167
vn -0.6303 0.0813 -0.7721
vn -0.9914 -0.0004 -0.1307
vn -0.8712 0.1124 -0.4779
vn -0.9833 0.1268 0.1307
vn -0.8713 0.1124 0.4778
vn -0.6303 0.0813 0.7721
vn -0.3963 0.0511 0.9167
vn -0.1915 0.0247 0.9812
vn -0.0929 0.0120 0.9956
vn -0.0905 0.0241 -0.9956
vn -0.1867 0.0497 -0.9812
vn -0.3862 0.1027 -0.9167
vn -0.6142 0.1634 -0.7721
vn -0.9832 0.1268 -0.1315
vn -0.8490 0.2259 -0.4777
vn -0.9580 0.2549 0.1315
vn -0.8490 0.2259 0.4777
vn -0.6142 0.1634 0.7720
vn -0.3862 0.1027 0.9167
vn -0.1867 0.0497 0.9812
vn -0.0905 0.0241 0.9956
vn -0.0864 0.0360 -0.9956
vn -0.1784 0.0743 -0.9811
vn -0.3690 0.1536 -0.9167
vn -0.5868 0.2443 -0.7720
vn -0.9580 0.2549 -0.1315
vn -0.8110 0.3377 -0.4777
vn -0.9152 0.3810 0.1315
vn -0.8110 0.3377 0.4777
vn -0.5868 0.2443 0.7720
vn -0.3690 0.1536 0.9167
vn -0.1784 0.0743 0.9811
vn -0.0864 0.0360 0.9956
vn -0.0808 0.0474 -0.9956
vn -0.1667 0.0978 -0.9811
vn -0.3447 0.2022 -0.9167
vn -0.5482 0.3217 -0.7720
vn -0.9152 0.3810 -0.1315
vn -0.7577 0.4446 -0.4777
vn -0.8551 0.5018 0.1303
vn -0.7577 0.4446 0.4777
vn -0.5482 0.3217 0.7720
vn -0.3447 0.2022 0.9167
vn -0.1667 0.0978 0.9811
vn -0.0808 0.0474 0.9956
vn -0.0736 0.0579 -0.9956
vn -0.1518 0.1196 -0.9811
vn -0.3139 0.2473 -0.9167
vn -0.6901 0.5437 -0.4777
vn -0.8550 0.5017 -0.1315
vn -0.7787 0.6135 0.1315
vn -0.6901 0.5437 0.4777
vn -0.3139 0.2473 0.9167
vn -0.1518 0.1196 0.9811
vn -0.0736 0.0579 0.9956
vn -0.1342 0.1391 -0.9811
vn -0.2774 0.2877 -0.9167
vn -0.4413 0.4575 -0.7720
vn -0.4993 0.3934 -0.7720
vn -0.6099 0.6323 -0.4778
vn -0.6883 0.7136 -0.1307
vn -0.7787 0.6135 -0.1315
vn -0.6883 0.7136 0.1307
vn -0.4993 0.3934 0.7720
vn -0.6099 0.6323 0.4777
vn -0.4413 0.4575 0.7720
vn -0.2774 0.2877 0.9167
vn -0.1342 0.1391 0.9811
vn -0.1142 0.1559 -0.9812
vn -0.0650 0.0674 -0.9956
vn -0.2363 0.3224 -0.9167
vn -0.3758 0.5127 -0.7720
vn -0.5193 0.7086 -0.4777
vn -0.5860 0.7996 -0.1315
vn -0.5860 0.7996 0.1315
vn -0.5193 0.7087 0.4776
vn -0.3757 0.5127 0.7720
vn -0.2363 0.3224 0.9167
vn -0.0650 0.0674 0.9956
vn -0.1142 0.1559 0.9812
vn -0.0925 0.1696 -0.9812
vn -0.0553 0.0755 -0.9956
vn -0.1914 0.3507 -0.9167
vn -0.3044 0.5579 -0.7720
vn -0.4208 0.7711 -0.4779
vn -0.4749 0.8702 -0.1315
vn -0.4749 0.8702 0.1315
vn -0.4208 0.7711 0.4779
vn -0.3044 0.5579 0.7720
vn -0.1914 0.3507 0.9167
vn -0.0553 0.0755 0.9956
vn -0.0925 0.1696 0.9812
vn -0.0697 0.1801 -0.9812
vn -0.0449 0.0822 -0.9956
vn -0.1442 0.3726 -0.9167
vn -0.2295 0.5927 -0.7721
vn -0.3171 0.8192 -0.4779
vn -0.3579 0.9244 -0.1315
vn -0.3579 0.9244 0.1315
vn -0.3171 0.8192 0.4779
vn -0.2295 0.5927 0.7720
vn -0.1442 0.3726 0.9167
vn -0.0449 0.0822 0.9956
vn -0.0697 0.1801 0.9812
vn -0.0463 0.1874 -0.9812
vn -0.0338 0.0873 -0.9956
vn -0.0959 0.3878 -0.9167
vn -0.1526 0.6169 -0.7721
vn -0.2109 0.8528 -0.4778
vn -0.2380 0.9623 -0.1315
vn -0.2380 0.9624 0.1307
vn -0.2109 0.8527 0.4779
vn -0.1526 0.6170 0.7720
vn -0.0959 0.3878 0.9167
vn -0.0338 0.0873 0.9956
vn -0.0463 0.1874 0.9812
vn -0.0229 0.1915 -0.9812
vn -0.0225 0.0909 -0.9956
vn -0.0475 0.3966 -0.9168
vn -0.0756 0.6309 -0.7721
vn -0.1046 0.8722 -0.4778
vn -0.1180 0.9843 -0.1315
vn -0.1180 0.9843 0.1315
vn -0.1045 0.8722 0.4779
vn -0.0756 0.6309 0.7721
vn -0.0475 0.3966 0.9168
vn -0.0225 0.0909 0.9956
vn -0.0229 0.1915 0.9812
vn -0.0037 0.1918 -0.9814
vn -0.0111 0.0930 -0.9956
vn -0.0076 0.3985 -0.9171
vn -0.0122 0.6348 -0.7726
vn -0.0168 0.8781 -0.4782
vn -0.0190 0.9911 -0.1315
vn -0.0190 0.9911 0.1315
vn -0.0168 0.8781 0.4782
vn -0.0122 0.6348 0.7726
vn -0.0076 0.3985 0.9171
vn -0.0111 0.0930 0.9956
vn -0.0037 0.1918 0.9814
vn 0.0078 0.1907 -0.9816
vn -0.0018 0.0937 -0.9956
vn 0.0162 0.3973 -0.9175
vn 0.0258 0.6337 -0.7732
vn 0.0358 0.8772 -0.4787
vn 0.0404 0.9905 -0.1315
vn 0.0404 0.9905 0.1315
vn 0.0358 0.8772 0.4787
vn 0.0258 0.6337 0.7732
vn 0.0162 0.3973 0.9175
vn -0.0018 0.0937 0.9956
vn 0.0078 0.1907 0.9816
vn 0.0156 0.1902 -0.9816
vn 0.0038 0.0937 -0.9956
vn 0.0324 0.3963 -0.9175
vn 0.0517 0.6320 -0.7732
vn 0.0716 0.8750 -0.4789
vn 0.0808 0.9880 -0.1315
vn 0.0808 0.9880 0.1315
vn 0.0716 0.8750 0.4789
vn 0.0517 0.6320 0.7732
vn 0.0324 0.3963 0.9175
vn 0.0038 0.0937 0.9956
vn 0.0156 0.1902 0.9816
vn 0.0232 0.1894 -0.9816
vn 0.0077 0.0935 -0.9956
vn 0.0484 0.3947 -0.9175
vn 0.0772 0.6295 -0.7732
vn 0.1068 0.8714 -0.4788
vn 0.1206 0.9840 -0.1315
vn 0.1206 0.9841 0.1306
vn 0.1068 0.8714 0.4788
vn 0.0772 0.6295 0.7732
vn 0.0484 0.3947 0.9175
vn 0.0077 0.0935 0.9956
vn 0.0232 0.1894 0.9816
vn 0.0306 0.1883 -0.9816
vn 0.0114 0.0931 -0.9956
vn 0.0639 0.3925 -0.9175
vn 0.1018 0.6260 -0.7732
vn 0.1409 0.8665 -0.4788
vn 0.1591 0.9786 -0.1307
vn 0.1592 0.9785 0.1314
vn 0.1409 0.8666 0.4788
vn 0.1018 0.6260 0.7732
vn 0.0639 0.3925 0.9175
vn 0.0114 0.0931 0.9956
vn 0.0306 0.1883 0.9816
vn 0.0377 0.1870 -0.9816
vn 0.0151 0.0926 -0.9956
vn 0.0786 0.3897 -0.9176
vn 0.1253 0.6217 -0.7732
vn 0.1735 0.8605 -0.4790
vn 0.1959 0.9719 -0.1306
vn 0.1959 0.9718 0.1314
vn 0.1735 0.8605 0.4789
vn 0.1253 0.6217 0.7732
vn 0.0786 0.3897 0.9176
vn 0.0151 0.0926 0.9956
vn 0.0377 0.1870 0.9816
vn 0.0443 0.1854 -0.9817
vn 0.0185 0.0920 -0.9956
vn 0.0924 0.3866 -0.9176
vn 0.1474 0.6167 -0.7733
vn 0.2041 0.8538 -0.4789
vn 0.2306 0.9642 -0.1307
vn 0.2307 0.9643 0.1304
vn 0.2041 0.8538 0.4789
vn 0.1474 0.6167 0.7733
vn 0.0924 0.3866 0.9176
vn 0.0185 0.0920 0.9956
vn 0.0443 0.1854 0.9817
vn 0.0505 0.1838 -0.9817
vn 0.0218 0.0913 -0.9956
vn 0.1053 0.3833 -0.9176
vn 0.1679 0.6114 -0.7733
vn 0.2325 0.8465 -0.4790
vn 0.2626 0.9560 -0.1307
vn 0.2626 0.9559 0.1315
vn 0.2325 0.8465 0.4790
vn 0.1679 0.6114 0.7733
vn 0.1053 0.3833 0.9176
vn 0.0218 0.0913 0.9956
vn 0.0505 0.1838 0.9817
vn 0.0561 0.1821 -0.9817
vn 0.0249 0.0905 -0.9956
vn 0.1170 0.3797 -0.9177
vn 0.1867 0.6058 -0.7734
vn 0.2586 0.8390 -0.4788
vn 0.2920 0.9475 -0.1306
vn 0.2920 0.9474 0.1315
vn 0.2586 0.8390 0.4788
vn 0.1867 0.6058 0.7734
vn 0.1170 0.3797 0.9177
vn 0.0249 0.0905 0.9956
vn 0.0561 0.1821 0.9817
vn 0.0612 0.1804 -0.9817
vn 0.0276 0.0897 -0.9956
vn 0.1277 0.3763 -0.9177
vn 0.2038 0.6003 -0.7734
vn 0.2822 0.8312 -0.4791
vn 0.3186 0.9387 -0.1314
vn 0.3186 0.9387 0.1314
vn 0.2821 0.8311 0.4791
vn 0.2038 0.6003 0.7734
vn 0.1277 0.3763 0.9177
vn 0.0276 0.0897 0.9956
vn 0.0612 0.1804 0.9817
vn 0.0658 0.1787 -0.9817
vn 0.0302 0.0888 -0.9956
vn 0.1373 0.3728 -0.9177
vn 0.2191 0.5948 -0.7735
vn 0.3034 0.8237 -0.4791
vn 0.3427 0.9302 -0.1315
vn 0.3427 0.9302 0.1315
vn 0.3034 0.8237 0.4791
vn 0.2191 0.5948 0.7735
vn 0.1373 0.3728 0.9177
vn 0.0302 0.0888 0.9956
vn 0.0658 0.1787 0.9817
vn 0.0699 0.1770 -0.9817
vn 0.0324 0.0880 -0.9956
vn 0.1459 0.3694 -0.9177
vn 0.2328 0.5895 -0.7735
vn 0.3224 0.8164 -0.4791
vn 0.3641 0.9220 -0.1315
vn 0.3641 0.9220 0.1315
vn 0.3224 0.8164 0.4791
vn 0.2328 0.5895 0.7735
vn 0.1459 0.3694 0.9178
vn 0.0324 0.0880 0.9956
vn 0.0699 0.1770 0.9817
vn 0.0647 0.0435 -0.9970
vn 0.0345 0.0873 -0.9956
vn 0.1568 0.1054 -0.9820
vn 0.3072 0.2065 -0.9290
vn 0.4926 0.3312 -0.8048
vn 0.7080 0.4760 -0.5216
vn 0.8202 0.5514 0.1526
vn 0.7081 0.4760 0.5215
vn 0.4926 0.3312 0.8048
vn 0.3072 0.2065 0.9290
vn 0.1568 0.1054 0.9820
vn 0.0647 0.0435 0.9970
vn 0.0345 0.0873 0.9956
vn 0.0240 -0.0410 -0.9989
vn 0.0666 -0.1140 -0.9912
vn 0.1298 -0.2221 -0.9663
vn 0.2236 -0.3826 -0.8964
vn 0.8202 0.5514 -0.1525
vn 0.3765 -0.6440 -0.6660
vn 0.4908 -0.8397 0.2323
vn 0.3765 -0.6440 0.6660
vn 0.2236 -0.3826 0.8964
vn 0.1298 -0.2221 0.9664
vn 0.0666 -0.1140 0.9912
vn 0.0240 -0.0410 0.9989
vn 0.4909 -0.8397 -0.2323
vn -0.1031 -0.1598 -0.9818
vn -0.4462 -0.6919 -0.5676
vn -0.5358 -0.8307 -0.1511
vn -0.5358 -0.8308 0.1507
vn -0.4462 -0.6917 0.5678
vn 0.5436 -0.8239 -0.1604
vn 0.5435 -0.8237 0.1616
vn 0.4522 -0.6852 0.5710
vn 0.4704 -0.7130 -0.5199
vn 0.4704 -0.7130 0.5199
vn 0.1043 -0.1582 0.9819
vn -0.3920 -0.2588 -0.8828
vn 0.5443 -0.8250 -0.1520
vn -0.6404 -0.4228 -0.6411
vn -0.6404 -0.4229 0.6411
vn -0.3920 -0.2588 0.8828
vn -0.5446 0.8248 0.1518
vn 0.4658 0.7170 -0.5186
vn 0.5386 0.8289 -0.1512
vn 0.4658 0.7170 0.5186
vn 0.2294 -0.1491 -0.9618
vn 0.8184 -0.5318 0.2178
vn 0.2294 -0.1491 0.9618
vn 0.1178 -0.0766 0.9901
vn 0.8184 -0.5317 -0.2179
vn -0.0602 0.0391 -0.9974
vn -0.1609 0.1044 -0.9814
vn 0.0072 -0.5234 -0.8520
vn 0.0128 -0.9382 -0.3459
vn 0.0129 -0.9382 0.3459
vn -0.8118 0.5272 0.2512
vn 0.0072 -0.5234 0.8520
vn 0.0614 0.0410 -0.9973
vn 0.5571 0.3727 -0.7421
vn 0.8057 0.5390 0.2459
vn 0.5571 0.3727 0.7421
vn 0.1631 0.1091 0.9805
vn 0.8056 0.5389 -0.2461
vn 0.1188 -0.1188 -0.9858
vn 0.0462 0.0462 -0.9979
vn 0.1188 0.1188 -0.9858
vn 0.2318 -0.2318 -0.9448
vn 0.2317 0.2318 -0.9448
vn 0.3816 -0.3816 -0.8418
vn 0.3816 0.3816 -0.8419
vn 0.5789 -0.5789 -0.5742
vn 0.5789 0.5789 -0.5742
vn 0.6959 -0.6959 -0.1776
vn 0.6959 0.6959 -0.1777
vn 0.6958 -0.6958 0.1779
vn 0.6959 0.6959 0.1777
vn 0.5789 -0.5789 0.5743
vn 0.5789 0.5789 0.5742
vn 0.3816 -0.3816 0.8418
vn 0.3816 0.3816 0.8418
vn 0.2318 -0.2318 0.9448
vn 0.2318 0.2318 0.9448
vn 0.1188 -0.1188 0.9858
vn 0.1188 0.1188 0.9858
vn 0.0462 -0.0462 0.9979
vn 0.0462 0.0462 0.9979
vn -0.0462 -0.0462 -0.9979
vn 0.0462 -0.0462 -0.9979
vn -0.2318 -0.2318 -0.9448
vn -0.3817 -0.3817 -0.8418
vn -0.5789 -0.5789 -0.5742
vn -0.6959 -0.6959 0.1775
vn -0.5789 -0.5789 0.5742
vn -0.3816 -0.3816 0.8419
vn -0.2318 -0.2318 0.9448
vn -0.0462 -0.0462 0.9979
vn -0.1188 0.1188 -0.9858
vn -0.1188 -0.1188 -0.9858
vn -0.2318 0.2318 -0.9448
vn -0.3816 0.3816 -0.8419
vn -0.5789 0.5789 -0.5743
vn -0.6959 -0.6959 -0.1777
vn -0.6958 0.6958 0.1779
vn -0.5789 0.5789 0.5742
vn -0.3816 0.3817 0.8418
vn -0.2318 0.2318 0.9448
vn -0.1188 0.1188 0.9858
vn -0.1188 -0.1188 0.9858
vn -0.0462 0.0462 0.9979
vn -0.0462 0.0462 -0.9979
vn 0.2318 0.2318 -0.9448
vn 0.6958 0.6958 -0.1778
vn -0.6958 0.6958 -0.1779
vn 0.5789 0.5789 0.5743
vn 0.3817 0.3817 0.8418
vn 0.0710 0.0710 -0.9949
vn 0.1785 0.1785 -0.9676
vn 0.3229 0.3229 -0.8897
vn 0.3817 0.3817 -0.8418
vn 0.5364 0.5364 -0.6516
vn 0.6935 0.6935 -0.1951
vn 0.6935 0.6935 0.1951
vn 0.5364 0.5364 0.6516
vn 0.3229 0.3229 0.8897
vn 0.1785 0.1785 0.9676
vn 0.0710 0.0710 0.9949
vn 0.0231 0.1884 -0.9818
vn 0.0227 0.0891 -0.9958
vn 0.0112 0.0913 -0.9958
vn 0.0479 0.3907 -0.9193
vn 0.0468 0.1840 -0.9818
vn 0.0765 0.6242 -0.7775
vn 0.0971 0.3816 -0.9192
vn 0.1065 0.8684 -0.4843
vn 0.1550 0.6096 -0.7774
vn 0.1206 0.9836 -0.1339
vn 0.2156 0.8480 -0.4842
vn 0.2442 0.9604 0.1338
vn 0.1206 0.9836 0.1339
vn 0.2156 0.8479 0.4843
vn 0.1065 0.8684 0.4843
vn 0.1550 0.6096 0.7774
vn 0.0765 0.6242 0.7775
vn 0.0971 0.3816 0.9192
vn 0.0479 0.3907 0.9193
vn 0.0468 0.1840 0.9818
vn 0.0231 0.1884 0.9818
vn 0.0227 0.0891 0.9958
vn 0.0112 0.0913 0.9958
vn 0.0341 0.0854 -0.9958
vn 0.0705 0.1764 -0.9818
vn 0.1462 0.3656 -0.9192
vn 0.2335 0.5840 -0.7774
vn 0.2442 0.9604 -0.1339
vn 0.3248 0.8124 -0.4843
vn 0.3679 0.9202 0.1339
vn 0.3248 0.8124 0.4843
vn 0.2335 0.5840 0.7774
vn 0.1462 0.3656 0.9192
vn 0.0705 0.1764 0.9818
vn 0.0341 0.0854 0.9958
vn 0.0452 0.0800 -0.9958
vn 0.0935 0.1654 -0.9818
vn 0.1938 0.3429 -0.9192
vn 0.3095 0.5475 -0.7774
vn 0.3679 0.9202 -0.1339
vn 0.4306 0.7616 -0.4843
vn 0.4878 0.8628 0.1330
vn 0.4306 0.7616 0.4843
vn 0.3095 0.5475 0.7775
vn 0.1938 0.3429 0.9192
vn 0.0935 0.1654 0.9818
vn 0.0452 0.0800 0.9958
vn 0.0557 0.0732 -0.9958
vn 0.1151 0.1513 -0.9818
vn 0.2384 0.3135 -0.9192
vn 0.3808 0.5006 -0.7774
vn 0.4877 0.8627 -0.1339
vn 0.5296 0.6964 -0.4843
vn 0.5999 0.7888 0.1338
vn 0.5296 0.6964 0.4843
vn 0.3808 0.5006 0.7774
vn 0.2384 0.3135 0.9192
vn 0.1151 0.1513 0.9818
vn 0.0557 0.0732 0.9958
vn 0.1345 0.1343 -0.9818
vn 0.2787 0.2783 -0.9192
vn 0.4451 0.4445 -0.7773
vn 0.6191 0.6182 -0.4843
vn 0.7012 0.7002 -0.1339
vn 0.5999 0.7889 -0.1330
vn 0.7012 0.7002 0.1339
vn 0.6191 0.6182 0.4842
vn 0.4451 0.4445 0.7773
vn 0.2787 0.2783 0.9192
vn 0.1345 0.1343 0.9818
vn 0.1513 0.1149 -0.9818
vn 0.0651 0.0650 -0.9958
vn 0.3137 0.2382 -0.9192
vn 0.5009 0.3804 -0.7774
vn 0.6968 0.5291 -0.4843
vn 0.7892 0.5993 -0.1339
vn 0.7892 0.5993 0.1339
vn 0.6968 0.5291 0.4843
vn 0.5009 0.3804 0.7774
vn 0.3137 0.2382 0.9192
vn 0.0651 0.0650 0.9958
vn 0.1513 0.1149 0.9818
vn 0.1653 0.0937 -0.9818
vn 0.0732 0.0556 -0.9958
vn 0.3426 0.1942 -0.9192
vn 0.5472 0.3101 -0.7774
vn 0.7611 0.4314 -0.4844
vn 0.8622 0.4887 -0.1331
vn 0.8623 0.4886 0.1331
vn 0.7611 0.4314 0.4844
vn 0.5472 0.3101 0.7774
vn 0.3426 0.1942 0.9192
vn 0.0732 0.0556 0.9958
vn 0.1653 0.0937 0.9818
vn 0.1761 0.0711 -0.9818
vn 0.0800 0.0453 -0.9958
vn 0.3651 0.1474 -0.9192
vn 0.5833 0.2354 -0.7774
vn 0.8113 0.3275 -0.4843
vn 0.9190 0.3709 -0.1339
vn 0.9190 0.3709 0.1339
vn 0.8113 0.3275 0.4843
vn 0.5832 0.2354 0.7774
vn 0.3651 0.1474 0.9192
vn 0.0800 0.0453 0.9958
vn 0.1761 0.0711 0.9818
vn 0.1838 0.0476 -0.9818
vn 0.0853 0.0344 -0.9958
vn 0.3811 0.0988 -0.9193
vn 0.6088 0.1578 -0.7774
vn 0.8469 0.2195 -0.4844
vn 0.9594 0.2488 -0.1330
vn 0.9594 0.2488 0.1327
vn 0.8469 0.2196 0.4843
vn 0.6088 0.1578 0.7774
vn 0.3811 0.0988 0.9193
vn 0.0853 0.0344 0.9958
vn 0.1838 0.0477 0.9818
vn 0.1883 0.0238 -0.9818
vn 0.0890 0.0231 -0.9958
vn 0.3906 0.0494 -0.9192
vn 0.6239 0.0789 -0.7775
vn 0.8680 0.1098 -0.4843
vn 0.9833 0.1244 -0.1331
vn 0.9833 0.1244 0.1331
vn 0.8680 0.1098 0.4842
vn 0.6240 0.0789 0.7774
vn 0.3906 0.0494 0.9192
vn 0.0890 0.0231 0.9958
vn 0.1883 0.0238 0.9818
vn 0.1898 -0.0000 -0.9818
vn 0.0912 0.0115 -0.9958
vn 0.3937 -0.0000 -0.9192
vn 0.6289 -0.0000 -0.7775
vn 0.8749 -0.0000 -0.4843
vn 0.9910 -0.0000 -0.1339
vn 0.9911 -0.0000 0.1331
vn 0.8749 -0.0000 0.4843
vn 0.6289 -0.0000 0.7775
vn 0.3937 -0.0000 0.9192
vn 0.0912 0.0115 0.9958
vn 0.1898 -0.0000 0.9818
vn 0.0913 -0.0115 -0.9958
vn 0.0920 -0.0000 -0.9958
vn 0.1883 -0.0237 -0.9818
vn 0.3906 -0.0492 -0.9193
vn 0.6240 -0.0787 -0.7775
vn 0.8680 -0.1095 -0.4843
vn 0.9832 -0.1240 0.1339
vn 0.8680 -0.1095 0.4843
vn 0.6240 -0.0787 0.7775
vn 0.3906 -0.0492 0.9193
vn 0.1883 -0.0237 0.9818
vn 0.0913 -0.0115 0.9958
vn 0.0920 -0.0000 0.9958
vn 0.0891 -0.0229 -0.9958
vn 0.1839 -0.0473 -0.9818
vn 0.3812 -0.0982 -0.9192
vn 0.6091 -0.1568 -0.7774
vn 0.9832 -0.1240 -0.1339
vn 0.8473 -0.2182 -0.4843
vn 0.9597 -0.2472 0.1339
vn 0.8473 -0.2182 0.4843
vn 0.6091 -0.1568 0.7774
vn 0.3812 -0.0982 0.9192
vn 0.1839 -0.0473 0.9818
vn 0.0891 -0.0229 0.9958
vn 0.0854 -0.0341 -0.9958
vn 0.1763 -0.0705 -0.9818
vn 0.3656 -0.1461 -0.9192
vn 0.5840 -0.2335 -0.7774
vn 0.9597 -0.2472 -0.1339
vn 0.8124 -0.3247 -0.4844
vn 0.9202 -0.3678 0.1339
vn 0.8124 -0.3247 0.4844
vn 0.5840 -0.2335 0.7774
vn 0.3656 -0.1461 0.9192
vn 0.1763 -0.0705 0.9818
vn 0.0854 -0.0341 0.9958
vn 0.0802 -0.0449 -0.9958
vn 0.1658 -0.0928 -0.9818
vn 0.3436 -0.1923 -0.9192
vn 0.5488 -0.3073 -0.7774
vn 0.9202 -0.3678 -0.1339
vn 0.7634 -0.4273 -0.4844
vn 0.8647 -0.4841 0.1339
vn 0.7634 -0.4273 0.4844
vn 0.5488 -0.3073 0.7774
vn 0.3436 -0.1923 0.9192
vn 0.1658 -0.0928 0.9818
vn 0.0802 -0.0449 0.9958
vn 0.0736 -0.0551 -0.9958
vn 0.1521 -0.1139 -0.9818
vn 0.3153 -0.2360 -0.9192
vn 0.5035 -0.3770 -0.7774
vn 0.8647 -0.4841 -0.1339
vn 0.7004 -0.5243 -0.4844
vn 0.7934 -0.5940 0.1330
vn 0.7004 -0.5243 0.4843
vn 0.5035 -0.3770 0.7774
vn 0.3152 -0.2360 0.9192
vn 0.1521 -0.1139 0.9818
vn 0.0736 -0.0551 0.9958
vn 0.0656 -0.0645 -0.9958
vn 0.1355 -0.1332 -0.9818
vn 0.2808 -0.2761 -0.9192
vn 0.4485 -0.4411 -0.7773
vn 0.7933 -0.5939 -0.1339
vn 0.6238 -0.6134 -0.4844
vn 0.7066 -0.6948 0.1339
vn 0.6238 -0.6134 0.4844
vn 0.4485 -0.4411 0.7773
vn 0.2808 -0.2761 0.9192
vn 0.1355 -0.1333 0.9818
vn 0.0656 -0.0645 0.9958
vn 0.0562 -0.0728 -0.9958
vn 0.1162 -0.1504 -0.9818
vn 0.2408 -0.3117 -0.9192
vn 0.3846 -0.4978 -0.7773
vn 0.7066 -0.6949 -0.1331
vn 0.5349 -0.6924 -0.4843
vn 0.6059 -0.7843 0.1331
vn 0.5349 -0.6924 0.4843
vn 0.3846 -0.4978 0.7773
vn 0.2408 -0.3117 0.9192
vn 0.1162 -0.1504 0.9818
vn 0.0562 -0.0728 0.9958
vn 0.0946 -0.1648 -0.9818
vn 0.1962 -0.3415 -0.9192
vn 0.3133 -0.5455 -0.7773
vn 0.4357 -0.7587 -0.4842
vn 0.4935 -0.8594 -0.1339
vn 0.6059 -0.7843 -0.1331
vn 0.4935 -0.8594 0.1339
vn 0.4357 -0.7587 0.4842
vn 0.3133 -0.5455 0.7773
vn 0.1962 -0.3415 0.9192
vn 0.0946 -0.1648 0.9818
vn 0.0715 -0.1761 -0.9818
vn 0.0458 -0.0797 -0.9958
vn 0.1481 -0.3649 -0.9192
vn 0.2366 -0.5828 -0.7774
vn 0.3291 -0.8107 -0.4843
vn 0.3727 -0.9184 -0.1331
vn 0.3727 -0.9184 0.1331
vn 0.3291 -0.8107 0.4843
vn 0.2366 -0.5828 0.7774
vn 0.1481 -0.3649 0.9192
vn 0.0458 -0.0797 0.9958
vn 0.0715 -0.1761 0.9818
vn 0.0474 -0.1839 -0.9818
vn 0.0346 -0.0852 -0.9958
vn 0.0983 -0.3813 -0.9192
vn 0.1571 -0.6091 -0.7774
vn 0.2185 -0.8472 -0.4843
vn 0.2475 -0.9596 -0.1339
vn 0.2475 -0.9596 0.1339
vn 0.2185 -0.8472 0.4843
vn 0.1571 -0.6091 0.7774
vn 0.0983 -0.3813 0.9192
vn 0.0346 -0.0852 0.9958
vn 0.0474 -0.1839 0.9818
vn 0.0234 -0.1884 -0.9818
vn 0.0230 -0.0890 -0.9958
vn 0.0485 -0.3907 -0.9192
vn 0.0775 -0.6241 -0.7775
vn 0.1078 -0.8683 -0.4842
vn 0.1221 -0.9834 -0.1339
vn 0.1221 -0.9834 0.1339
vn 0.1078 -0.8683 0.4842
vn 0.0775 -0.6241 0.7775
vn 0.0485 -0.3907 0.9192
vn 0.0230 -0.0890 0.9958
vn 0.0234 -0.1884 0.9818
vn -0.0002 -0.1897 -0.9818
vn 0.0113 -0.0913 -0.9958
vn -0.0003 -0.3936 -0.9193
vn -0.0005 -0.6289 -0.7775
vn -0.0007 -0.8749 -0.4843
vn -0.0008 -0.9910 -0.1339
vn -0.0008 -0.9910 0.1339
vn -0.0007 -0.8749 0.4843
vn -0.0005 -0.6289 0.7775
vn -0.0003 -0.3936 0.9193
vn 0.0113 -0.0913 0.9958
vn -0.0002 -0.1897 0.9818
vn -0.0116 -0.0912 -0.9958
vn -0.0001 -0.0920 -0.9958
vn -0.0239 -0.1884 -0.9818
vn -0.0496 -0.3905 -0.9193
vn -0.0792 -0.6240 -0.7774
vn -0.1102 -0.8679 -0.4843
vn -0.1249 -0.9831 0.1339
vn -0.1102 -0.8680 0.4842
vn -0.0792 -0.6240 0.7774
vn -0.0496 -0.3905 0.9193
vn -0.0239 -0.1884 0.9818
vn -0.0116 -0.0912 0.9958
vn -0.0001 -0.0920 0.9958
vn -0.0234 -0.0889 -0.9958
vn -0.0483 -0.1837 -0.9818
vn -0.1000 -0.3809 -0.9192
vn -0.1598 -0.6083 -0.7775
vn -0.1249 -0.9831 -0.1339
vn -0.2223 -0.8462 -0.4843
vn -0.2518 -0.9585 0.1339
vn -0.2223 -0.8462 0.4843
vn -0.1598 -0.6083 0.7775
vn -0.1000 -0.3809 0.9192
vn -0.0483 -0.1837 0.9818
vn -0.0234 -0.0889 0.9958
vn -0.0350 -0.0850 -0.9958
vn -0.0723 -0.1757 -0.9818
vn -0.1499 -0.3642 -0.9192
vn -0.2394 -0.5816 -0.7774
vn -0.2518 -0.9585 -0.1339
vn -0.3330 -0.8091 -0.4843
vn -0.3772 -0.9164 0.1339
vn -0.3330 -0.8091 0.4843
vn -0.2394 -0.5816 0.7774
vn -0.1499 -0.3642 0.9192
vn -0.0723 -0.1757 0.9818
vn -0.0350 -0.0850 0.9958
vn -0.0461 -0.0795 -0.9958
vn -0.0953 -0.1644 -0.9818
vn -0.1976 -0.3407 -0.9192
vn -0.3156 -0.5441 -0.7774
vn -0.3772 -0.9164 -0.1339
vn -0.4389 -0.7569 -0.4843
vn -0.4972 -0.8573 0.1338
vn -0.4389 -0.7569 0.4843
vn -0.3156 -0.5441 0.7774
vn -0.1976 -0.3407 0.9192
vn -0.0953 -0.1644 0.9818
vn -0.0461 -0.0795 0.9958
vn -0.1166 -0.1500 -0.9818
vn -0.2417 -0.3110 -0.9192
vn -0.3860 -0.4966 -0.7774
vn -0.5369 -0.6909 -0.4842
vn -0.6081 -0.7825 -0.1339
vn -0.4972 -0.8573 -0.1338
vn -0.6081 -0.7825 0.1339
vn -0.5369 -0.6909 0.4842
vn -0.3860 -0.4966 0.7774
vn -0.2417 -0.3110 0.9192
vn -0.1166 -0.1500 0.9818
vn -0.1356 -0.1331 -0.9818
vn -0.0564 -0.0726 -0.9958
vn -0.2811 -0.2758 -0.9192
vn -0.4489 -0.4406 -0.7774
vn -0.6245 -0.6128 -0.4843
vn -0.7073 -0.6941 -0.1339
vn -0.7073 -0.6941 0.1339
vn -0.6245 -0.6128 0.4843
vn -0.4489 -0.4406 0.7774
vn -0.2811 -0.2758 0.9192
vn -0.0564 -0.0726 0.9958
vn -0.1356 -0.1331 0.9818
vn -0.1520 -0.1139 -0.9818
vn -0.0656 -0.0644 -0.9958
vn -0.3150 -0.2362 -0.9192
vn -0.5032 -0.3773 -0.7774
vn -0.7000 -0.5248 -0.4843
vn -0.7930 -0.5946 -0.1330
vn -0.7929 -0.5945 0.1339
vn -0.7000 -0.5249 0.4843
vn -0.5032 -0.3773 0.7774
vn -0.3150 -0.2362 0.9192
vn -0.0656 -0.0644 0.9958
vn -0.1520 -0.1139 0.9818
vn -0.1655 -0.0931 -0.9818
vn -0.0736 -0.0552 -0.9958
vn -0.3432 -0.1930 -0.9192
vn -0.5482 -0.3084 -0.7774
vn -0.7626 -0.4289 -0.4843
vn -0.8637 -0.4858 -0.1339
vn -0.8637 -0.4858 0.1339
vn -0.7626 -0.4289 0.4843
vn -0.5482 -0.3084 0.7774
vn -0.3432 -0.1930 0.9192
vn -0.0736 -0.0552 0.9958
vn -0.1655 -0.0931 0.9818
vn -0.1762 -0.0709 -0.9818
vn -0.0801 -0.0451 -0.9958
vn -0.3651 -0.1471 -0.9193
vn -0.5834 -0.2350 -0.7774
vn -0.8115 -0.3269 -0.4843
vn -0.9192 -0.3703 -0.1339
vn -0.9192 -0.3703 0.1339
vn -0.8115 -0.3269 0.4843
vn -0.5834 -0.2350 0.7774
vn -0.3651 -0.1471 0.9193
vn -0.0801 -0.0451 0.9958
vn -0.1762 -0.0709 0.9818
vn -0.1837 -0.0478 -0.9818
vn -0.0853 -0.0344 -0.9958
vn -0.3810 -0.0992 -0.9193
vn -0.6087 -0.1585 -0.7774
vn -0.8467 -0.2204 -0.4843
vn -0.9590 -0.2496 -0.1339
vn -0.9592 -0.2497 0.1327
vn -0.8467 -0.2204 0.4843
vn -0.6087 -0.1585 0.7774
vn -0.3810 -0.0992 0.9193
vn -0.0853 -0.0344 0.9958
vn -0.1837 -0.0478 0.9818
vn -0.1883 -0.0240 -0.9818
vn -0.0890 -0.0232 -0.9958
vn -0.3905 -0.0499 -0.9192
vn -0.6239 -0.0797 -0.7775
vn -0.8678 -0.1109 -0.4843
vn -0.9831 -0.1255 -0.1330
vn -0.9831 -0.1256 0.1330
vn -0.8678 -0.1109 0.4843
vn -0.6239 -0.0797 0.7774
vn -0.3905 -0.0499 0.9192
vn -0.0890 -0.0232 0.9958
vn -0.1883 -0.0240 0.9818
vn -0.1898 -0.0000 -0.9818
vn -0.0912 -0.0116 -0.9958
vn -0.3937 0.0001 -0.9192
vn -0.6290 0.0001 -0.7774
vn -0.8749 0.0003 -0.4844
vn -0.9910 0.0003 -0.1339
vn -0.9912 0.0004 0.1325
vn -0.8749 0.0003 0.4844
vn -0.6290 0.0001 0.7774
vn -0.3937 0.0001 0.9192
vn -0.0912 -0.0116 0.9958
vn -0.1898 -0.0000 0.9818
vn -0.0912 0.0118 -0.9958
vn -0.0920 -0.0000 -0.9958
vn -0.1883 0.0243 -0.9818
vn -0.3905 0.0504 -0.9192
vn -0.6238 0.0806 -0.7774
vn -0.8677 0.1120 -0.4843
vn -0.9829 0.1270 0.1330
vn -0.8677 0.1120 0.4843
vn -0.6238 0.0806 0.7774
vn -0.3905 0.0504 0.9192
vn -0.1883 0.0243 0.9818
vn -0.0912 0.0118 0.9958
vn -0.0920 -0.0000 0.9958
vn -0.0889 0.0235 -0.9958
vn -0.1836 0.0484 -0.9818
vn -0.3807 0.1004 -0.9192
vn -0.6082 0.1604 -0.7774
vn -0.9828 0.1269 -0.1339
vn -0.8460 0.2232 -0.4843
vn -0.9582 0.2528 0.1339
vn -0.8459 0.2231 0.4844
vn -0.6082 0.1604 0.7774
vn -0.3807 0.1004 0.9192
vn -0.1836 0.0484 0.9818
vn -0.0889 0.0235 0.9958
vn -0.0851 0.0348 -0.9958
vn -0.1758 0.0719 -0.9818
vn -0.3644 0.1491 -0.9192
vn -0.5821 0.2382 -0.7774
vn -0.9582 0.2528 -0.1339
vn -0.8098 0.3313 -0.4843
vn -0.9173 0.3753 0.1331
vn -0.8098 0.3313 0.4843
vn -0.5821 0.2382 0.7774
vn -0.3644 0.1491 0.9192
vn -0.1758 0.0719 0.9818
vn -0.0851 0.0348 0.9958
vn -0.0798 0.0457 -0.9958
vn -0.1649 0.0944 -0.9818
vn -0.3418 0.1956 -0.9192
vn -0.5459 0.3124 -0.7774
vn -0.9172 0.3753 -0.1339
vn -0.7593 0.4346 -0.4843
vn -0.8601 0.4922 0.1339
vn -0.7593 0.4346 0.4843
vn -0.5459 0.3124 0.7774
vn -0.3418 0.1956 0.9192
vn -0.1649 0.0944 0.9818
vn -0.0798 0.0457 0.9958
vn -0.0731 0.0558 -0.9958
vn -0.1510 0.1153 -0.9818
vn -0.3129 0.2390 -0.9192
vn -0.4999 0.3818 -0.7774
vn -0.8601 0.4923 -0.1339
vn -0.6953 0.5311 -0.4843
vn -0.7877 0.6017 0.1327
vn -0.6953 0.5311 0.4843
vn -0.4999 0.3818 0.7774
vn -0.3129 0.2390 0.9192
vn -0.1510 0.1153 0.9818
vn -0.0731 0.0558 0.9958
vn -0.0650 0.0650 -0.9958
vn -0.1343 0.1344 -0.9818
vn -0.2784 0.2785 -0.9192
vn -0.4447 0.4449 -0.7774
vn -0.7877 0.6017 -0.1327
vn -0.6185 0.6188 -0.4843
vn -0.7006 0.7009 0.1339
vn -0.6185 0.6188 0.4843
vn -0.4447 0.4449 0.7774
vn -0.2784 0.2785 0.9192
vn -0.1343 0.1344 0.9818
vn -0.0650 0.0650 0.9958
vn -0.0557 0.0731 -0.9958
vn -0.1152 0.1511 -0.9818
vn -0.2387 0.3132 -0.9192
vn -0.3813 0.5003 -0.7774
vn -0.7006 0.7009 -0.1339
vn -0.5303 0.6959 -0.4843
vn -0.6007 0.7882 0.1339
vn -0.5303 0.6958 0.4844
vn -0.3813 0.5003 0.7774
vn -0.2387 0.3132 0.9192
vn -0.1152 0.1512 0.9818
vn -0.0557 0.0731 0.9958
vn -0.0939 0.1651 -0.9818
vn -0.1947 0.3423 -0.9192
vn -0.3110 0.5468 -0.7774
vn -0.4326 0.7605 -0.4843
vn -0.6007 0.7882 -0.1339
vn -0.4901 0.8615 0.1327
vn -0.4326 0.7605 0.4843
vn -0.3110 0.5468 0.7774
vn -0.1947 0.3423 0.9192
vn -0.0939 0.1651 0.9818
vn -0.0712 0.1762 -0.9818
vn -0.0455 0.0799 -0.9958
vn -0.1475 0.3651 -0.9192
vn -0.2356 0.5832 -0.7774
vn -0.3276 0.8112 -0.4843
vn -0.3711 0.9189 -0.1339
vn -0.4901 0.8615 -0.1331
vn -0.3713 0.9190 0.1327
vn -0.3276 0.8112 0.4843
vn -0.2356 0.5832 0.7774
vn -0.1475 0.3651 0.9192
vn -0.0455 0.0799 0.9958
vn -0.0712 0.1762 0.9818
vn -0.0474 0.1839 -0.9818
vn -0.0344 0.0853 -0.9958
vn -0.0984 0.3813 -0.9192
vn -0.1571 0.6090 -0.7774
vn -0.2186 0.8471 -0.4844
vn -0.2476 0.9597 -0.1330
vn -0.2476 0.9596 0.1339
vn -0.2186 0.8471 0.4844
vn -0.1571 0.6090 0.7774
vn -0.0984 0.3813 0.9192
vn -0.0344 0.0853 0.9958
vn -0.0474 0.1839 0.9818
vn -0.0235 0.1884 -0.9818
vn -0.0230 0.0890 -0.9958
vn -0.0488 0.3906 -0.9192
vn -0.0780 0.6241 -0.7774
vn -0.1084 0.8681 -0.4843
vn -0.1228 0.9834 -0.1339
vn -0.1228 0.9834 0.1339
vn -0.1084 0.8681 0.4843
vn -0.0780 0.6241 0.7774
vn -0.0488 0.3906 0.9192
vn -0.0230 0.0890 0.9958
vn -0.0235 0.1884 0.9818
vn -0.0001 0.1897 -0.9818
vn -0.0114 0.0913 -0.9958
vn -0.0003 0.3936 -0.9193
vn -0.0004 0.6289 -0.7775
vn -0.0005 0.8749 -0.4842
vn -0.0007 0.9910 -0.1338
vn -0.0007 0.9910 0.1338
vn -0.0005 0.8749 0.4842
vn -0.0004 0.6288 0.7775
vn -0.0003 0.3936 0.9193
vn -0.0114 0.0913 0.9958
vn -0.0001 0.1897 0.9818
vn -0.0001 0.0920 -0.9958
vn -0.0001 0.0920 0.9958
vn -0.0449 0.1768 -0.9832
vn -0.0113 0.0913 -0.9958
vn -0.0224 0.1812 -0.9832
vn -0.0953 0.3746 -0.9223
vn -0.0474 0.3837 -0.9222
vn -0.1535 0.6037 -0.7823
vn -0.0764 0.6184 -0.7822
vn -0.2149 0.8453 -0.4892
vn -0.1069 0.8656 -0.4891
vn -0.2441 0.9604 -0.1344
vn -0.1215 0.9834 -0.1344
vn -0.2441 0.9604 0.1344
vn -0.1215 0.9834 0.1344
vn -0.1069 0.8656 0.4891
vn -0.0764 0.6184 0.7822
vn -0.2149 0.8453 0.4892
vn -0.0474 0.3837 0.9222
vn -0.1535 0.6037 0.7823
vn -0.0224 0.1812 0.9832
vn -0.0953 0.3746 0.9223
vn -0.0113 0.0913 0.9958
vn -0.0449 0.1768 0.9832
vn -0.0673 0.1696 -0.9832
vn -0.0227 0.0891 -0.9958
vn -0.1425 0.3592 -0.9223
vn -0.2297 0.5790 -0.7823
vn -0.3216 0.8107 -0.4892
vn -0.3654 0.9211 -0.1345
vn -0.3655 0.9212 0.1337
vn -0.3216 0.8107 0.4892
vn -0.2297 0.5790 0.7823
vn -0.1425 0.3592 0.9223
vn -0.0227 0.0891 0.9958
vn -0.0673 0.1696 0.9832
vn -0.0888 0.1592 -0.9832
vn -0.0339 0.0855 -0.9958
vn -0.1881 0.3375 -0.9223
vn -0.3033 0.5440 -0.7824
vn -0.4246 0.7617 -0.4894
vn -0.4825 0.8655 -0.1345
vn -0.4825 0.8655 0.1345
vn -0.4247 0.7618 0.4893
vn -0.3033 0.5440 0.7824
vn -0.1881 0.3375 0.9223
vn -0.0339 0.0855 0.9958
vn -0.0888 0.1592 0.9832
vn -0.1090 0.1461 -0.9832
vn -0.0448 0.0803 -0.9958
vn -0.2311 0.3096 -0.9224
vn -0.3725 0.4991 -0.7824
vn -0.5215 0.6989 -0.4895
vn -0.5926 0.7942 -0.1345
vn -0.5926 0.7942 0.1345
vn -0.5215 0.6989 0.4894
vn -0.3724 0.4991 0.7825
vn -0.2311 0.3096 0.9224
vn -0.0448 0.0803 0.9958
vn -0.1090 0.1461 0.9832
vn -0.1275 0.1302 -0.9832
vn -0.0550 0.0737 -0.9958
vn -0.2702 0.2760 -0.9224
vn -0.4357 0.4450 -0.7824
vn -0.6101 0.6231 -0.4894
vn -0.6932 0.7081 -0.1345
vn -0.6932 0.7080 0.1345
vn -0.6101 0.6232 0.4893
vn -0.4357 0.4450 0.7824
vn -0.2702 0.2760 0.9224
vn -0.0550 0.0737 0.9958
vn -0.1275 0.1302 0.9832
vn -0.1438 0.1119 -0.9833
vn -0.0643 0.0657 -0.9958
vn -0.3048 0.2373 -0.9224
vn -0.4914 0.3825 -0.7824
vn -0.6881 0.5357 -0.4895
vn -0.7819 0.6087 -0.1345
vn -0.7819 0.6087 0.1345
vn -0.6881 0.5357 0.4895
vn -0.4914 0.3825 0.7824
vn -0.3048 0.2373 0.9224
vn -0.0643 0.0657 0.9958
vn -0.1438 0.1119 0.9833
vn -0.0795 0.0462 -0.9958
vn -0.0725 0.0565 -0.9958
vn -0.1575 0.0916 -0.9833
vn -0.3339 0.1942 -0.9224
vn -0.5383 0.3131 -0.7825
vn -0.8566 0.4982 -0.1345
vn -0.8566 0.4982 0.1345
vn -0.5383 0.3131 0.7825
vn -0.3339 0.1942 0.9224
vn -0.1575 0.0916 0.9833
vn -0.0795 0.0462 0.9958
vn -0.0725 0.0565 0.9958
vn -0.0850 0.0352 -0.9958
vn -0.1684 0.0697 -0.9833
vn -0.3569 0.1478 -0.9224
vn -0.7539 0.4384 -0.4894
vn -0.5754 0.2382 -0.7824
vn -0.8057 0.3336 -0.4895
vn -0.9155 0.3791 0.1345
vn -0.8057 0.3336 0.4895
vn -0.7539 0.4384 0.4894
vn -0.5754 0.2382 0.7824
vn -0.3569 0.1478 0.9224
vn -0.1684 0.0697 0.9833
vn -0.0850 0.0352 0.9958
vn -0.0889 0.0236 -0.9958
vn -0.1762 0.0467 -0.9832
vn -0.3734 0.0991 -0.9224
vn -0.6019 0.1597 -0.7824
vn -0.9155 0.3791 -0.1345
vn -0.8429 0.2237 -0.4894
vn -0.9578 0.2542 0.1345
vn -0.8429 0.2237 0.4894
vn -0.6019 0.1597 0.7824
vn -0.3734 0.0991 0.9224
vn -0.1762 0.0467 0.9832
vn -0.0889 0.0236 0.9958
vn -0.1809 0.0233 -0.9832
vn -0.3833 0.0494 -0.9223
vn -0.6178 0.0797 -0.7823
vn -0.9578 0.2542 -0.1345
vn -0.8649 0.1117 -0.4893
vn -0.9828 0.1268 0.1345
vn -0.8649 0.1117 0.4893
vn -0.6177 0.0797 0.7824
vn -0.3833 0.0494 0.9223
vn -0.1809 0.0233 0.9832
vn -0.1825 -0.0000 -0.9832
vn -0.3866 0.0001 -0.9222
vn -0.6230 0.0001 -0.7822
vn -0.9829 0.1269 -0.1337
vn -0.8721 0.0002 -0.4893
vn -0.9909 0.0002 0.1345
vn -0.8721 0.0002 0.4893
vn -0.6230 0.0001 0.7822
vn -0.3866 0.0001 0.9222
vn -0.1825 -0.0000 0.9832
vn -0.1809 -0.0232 -0.9832
vn -0.3833 -0.0493 -0.9223
vn -0.6178 -0.0793 -0.7823
vn -0.8651 -0.1111 -0.4892
vn -0.9828 -0.1263 -0.1345
vn -0.9909 0.0002 -0.1345
vn -0.9828 -0.1263 0.1345
vn -0.8651 -0.1111 0.4892
vn -0.6178 -0.0793 0.7823
vn -0.3833 -0.0493 0.9223
vn -0.1809 -0.0232 0.9832
vn -0.1762 -0.0467 -0.9832
vn -0.0912 -0.0117 -0.9958
vn -0.3735 -0.0988 -0.9224
vn -0.6020 -0.1593 -0.7825
vn -0.8430 -0.2231 -0.4894
vn -0.9579 -0.2535 -0.1345
vn -0.9579 -0.2535 0.1345
vn -0.8430 -0.2231 0.4895
vn -0.6020 -0.1593 0.7825
vn -0.3735 -0.0988 0.9224
vn -0.0912 -0.0117 0.9958
vn -0.1762 -0.0467 0.9832
vn -0.1684 -0.0696 -0.9833
vn -0.0889 -0.0235 -0.9958
vn -0.3570 -0.1476 -0.9224
vn -0.5755 -0.2379 -0.7824
vn -0.8059 -0.3332 -0.4894
vn -0.9157 -0.3786 -0.1345
vn -0.9157 -0.3786 0.1345
vn -0.8059 -0.3332 0.4894
vn -0.5755 -0.2379 0.7824
vn -0.3570 -0.1476 0.9224
vn -0.0889 -0.0235 0.9958
vn -0.1684 -0.0696 0.9833
vn -0.1575 -0.0916 -0.9833
vn -0.0850 -0.0351 -0.9958
vn -0.3339 -0.1942 -0.9224
vn -0.5383 -0.3131 -0.7825
vn -0.7539 -0.4384 -0.4894
vn -0.8566 -0.4982 -0.1345
vn -0.8566 -0.4982 0.1345
vn -0.7539 -0.4385 0.4893
vn -0.5383 -0.3131 0.7824
vn -0.3339 -0.1942 0.9224
vn -0.0850 -0.0351 0.9958
vn -0.1575 -0.0916 0.9833
vn -0.1437 -0.1120 -0.9833
vn -0.0795 -0.0462 -0.9958
vn -0.3046 -0.2374 -0.9224
vn -0.4911 -0.3828 -0.7825
vn -0.6877 -0.5362 -0.4894
vn -0.7815 -0.6092 -0.1345
vn -0.7815 -0.6092 0.1345
vn -0.6877 -0.5362 0.4894
vn -0.4911 -0.3828 0.7825
vn -0.3046 -0.2374 0.9224
vn -0.0795 -0.0462 0.9958
vn -0.1437 -0.1120 0.9833
vn -0.0642 -0.0658 -0.9958
vn -0.0725 -0.0565 -0.9958
vn -0.1273 -0.1304 -0.9833
vn -0.2698 -0.2763 -0.9224
vn -0.4351 -0.4456 -0.7824
vn -0.6093 -0.6240 -0.4893
vn -0.6923 -0.7090 0.1345
vn -0.6093 -0.6240 0.4893
vn -0.4351 -0.4456 0.7824
vn -0.2698 -0.2763 0.9224
vn -0.1273 -0.1304 0.9833
vn -0.0642 -0.0658 0.9958
vn -0.0725 -0.0565 0.9958
vn -0.0548 -0.0738 -0.9958
vn -0.1087 -0.1463 -0.9833
vn -0.2305 -0.3100 -0.9224
vn -0.3715 -0.4998 -0.7824
vn -0.6923 -0.7090 -0.1345
vn -0.5203 -0.6999 -0.4893
vn -0.5912 -0.7952 0.1345
vn -0.5202 -0.6999 0.4894
vn -0.3715 -0.4998 0.7824
vn -0.2305 -0.3100 0.9224
vn -0.1087 -0.1463 0.9833
vn -0.0548 -0.0738 0.9958
vn -0.0446 -0.0804 -0.9958
vn -0.0884 -0.1594 -0.9832
vn -0.1874 -0.3379 -0.9223
vn -0.3021 -0.5446 -0.7824
vn -0.5912 -0.7952 -0.1345
vn -0.4230 -0.7626 -0.4893
vn -0.4807 -0.8665 0.1345
vn -0.4230 -0.7626 0.4893
vn -0.3021 -0.5446 0.7824
vn -0.1874 -0.3379 0.9223
vn -0.0884 -0.1594 0.9832
vn -0.0446 -0.0804 0.9958
vn -0.0337 -0.0855 -0.9958
vn -0.0669 -0.1697 -0.9832
vn -0.1418 -0.3595 -0.9223
vn -0.2285 -0.5794 -0.7824
vn -0.4807 -0.8665 -0.1345
vn -0.3199 -0.8113 -0.4893
vn -0.3635 -0.9218 0.1345
vn -0.3199 -0.8114 0.4892
vn -0.2285 -0.5794 0.7823
vn -0.1418 -0.3595 0.9223
vn -0.0669 -0.1697 0.9832
vn -0.0337 -0.0855 0.9958
vn -0.0225 -0.0892 -0.9958
vn -0.0447 -0.1769 -0.9832
vn -0.0946 -0.3748 -0.9223
vn -0.1525 -0.6040 -0.7823
vn -0.3635 -0.9218 -0.1345
vn -0.2135 -0.8456 -0.4892
vn -0.2425 -0.9608 0.1345
vn -0.2135 -0.8456 0.4893
vn -0.1525 -0.6040 0.7823
vn -0.0946 -0.3748 0.9223
vn -0.0447 -0.1769 0.9832
vn -0.0225 -0.0892 0.9958
vn -0.0112 -0.0913 -0.9958
vn -0.0222 -0.1813 -0.9832
vn -0.0471 -0.3838 -0.9222
vn -0.0758 -0.6184 -0.7822
vn -0.2425 -0.9608 -0.1345
vn -0.1061 -0.8658 -0.4890
vn -0.1206 -0.9836 0.1344
vn -0.1061 -0.8658 0.4890
vn -0.0758 -0.6184 0.7822
vn -0.0471 -0.3838 0.9222
vn -0.0222 -0.1813 0.9832
vn -0.0112 -0.0913 0.9958
vn -0.0000 -0.0920 -0.9958
vn -0.0000 -0.1827 -0.9832
vn 0.0001 -0.3868 -0.9222
vn 0.0001 -0.6232 -0.7821
vn -0.1206 -0.9836 -0.1344
vn 0.0002 -0.8723 -0.4890
vn 0.0002 -0.9909 0.1344
vn 0.0002 -0.8722 0.4891
vn 0.0001 -0.6232 0.7821
vn 0.0001 -0.3868 0.9222
vn -0.0000 -0.1827 0.9832
vn -0.0000 -0.0920 0.9958
vn 0.0223 -0.1812 -0.9832
vn 0.0473 -0.3838 -0.9222
vn 0.0762 -0.6184 -0.7822
vn 0.1067 -0.8657 -0.4890
vn 0.1213 -0.9835 -0.1344
vn 0.0002 -0.9909 -0.1344
vn 0.1213 -0.9835 0.1344
vn 0.1067 -0.8657 0.4891
vn 0.0762 -0.6184 0.7822
vn 0.0473 -0.3838 0.9222
vn 0.0223 -0.1812 0.9832
vn 0.0449 -0.1769 -0.9832
vn 0.0950 -0.3747 -0.9223
vn 0.1532 -0.6038 -0.7823
vn 0.2145 -0.8454 -0.4892
vn 0.2437 -0.9605 -0.1345
vn 0.2437 -0.9605 0.1345
vn 0.2145 -0.8454 0.4893
vn 0.1532 -0.6038 0.7823
vn 0.0950 -0.3747 0.9223
vn 0.0449 -0.1769 0.9832
vn 0.0672 -0.1696 -0.9832
vn 0.0226 -0.0891 -0.9958
vn 0.1423 -0.3592 -0.9223
vn 0.2293 -0.5791 -0.7823
vn 0.3212 -0.8109 -0.4892
vn 0.3649 -0.9213 -0.1345
vn 0.3649 -0.9213 0.1345
vn 0.3212 -0.8109 0.4891
vn 0.2293 -0.5791 0.7823
vn 0.1423 -0.3592 0.9223
vn 0.0226 -0.0891 0.9958
vn 0.0672 -0.1696 0.9832
vn 0.0887 -0.1593 -0.9832
vn 0.0339 -0.0855 -0.9958
vn 0.1880 -0.3376 -0.9223
vn 0.3030 -0.5441 -0.7824
vn 0.4242 -0.7619 -0.4894
vn 0.4820 -0.8658 -0.1345
vn 0.4820 -0.8658 0.1345
vn 0.4242 -0.7619 0.4895
vn 0.3030 -0.5441 0.7824
vn 0.1880 -0.3376 0.9223
vn 0.0339 -0.0855 0.9958
vn 0.0887 -0.1593 0.9832
vn 0.1090 -0.1461 -0.9832
vn 0.0447 -0.0803 -0.9958
vn 0.2309 -0.3097 -0.9224
vn 0.3723 -0.4992 -0.7824
vn 0.5213 -0.6990 -0.4895
vn 0.5924 -0.7944 -0.1345
vn 0.5924 -0.7943 0.1345
vn 0.5213 -0.6991 0.4894
vn 0.3723 -0.4992 0.7824
vn 0.2309 -0.3097 0.9224
vn 0.0447 -0.0803 0.9958
vn 0.1090 -0.1461 0.9832
vn 0.1275 -0.1302 -0.9832
vn 0.0550 -0.0737 -0.9958
vn 0.2702 -0.2760 -0.9224
vn 0.4356 -0.4450 -0.7824
vn 0.6101 -0.6231 -0.4894
vn 0.6932 -0.7081 -0.1346
vn 0.6932 -0.7081 0.1346
vn 0.6101 -0.6232 0.4893
vn 0.4356 -0.4450 0.7824
vn 0.2702 -0.2760 0.9224
vn 0.0550 -0.0737 0.9958
vn 0.1275 -0.1302 0.9832
vn 0.1438 -0.1119 -0.9833
vn 0.0643 -0.0657 -0.9958
vn 0.3049 -0.2372 -0.9224
vn 0.4915 -0.3823 -0.7824
vn 0.6883 -0.5355 -0.4894
vn 0.7821 -0.6084 -0.1345
vn 0.7821 -0.6084 0.1345
vn 0.6883 -0.5355 0.4895
vn 0.4915 -0.3823 0.7824
vn 0.3049 -0.2372 0.9224
vn 0.0643 -0.0657 0.9958
vn 0.1438 -0.1119 0.9833
vn 0.0795 -0.0462 -0.9958
vn 0.0726 -0.0564 -0.9958
vn 0.1576 -0.0915 -0.9833
vn 0.3340 -0.1939 -0.9224
vn 0.5385 -0.3127 -0.7825
vn 0.7542 -0.4379 -0.4893
vn 0.8569 -0.4976 0.1345
vn 0.7542 -0.4379 0.4893
vn 0.5385 -0.3127 0.7825
vn 0.3340 -0.1939 0.9224
vn 0.1576 -0.0915 0.9833
vn 0.0795 -0.0462 0.9958
vn 0.0726 -0.0564 0.9958
vn 0.0850 -0.0351 -0.9958
vn 0.1684 -0.0695 -0.9833
vn 0.3571 -0.1475 -0.9224
vn 0.5756 -0.2377 -0.7824
vn 0.8569 -0.4976 -0.1345
vn 0.8060 -0.3329 -0.4895
vn 0.9160 -0.3783 0.1334
vn 0.8060 -0.3329 0.4895
vn 0.5756 -0.2377 0.7824
vn 0.3571 -0.1475 0.9224
vn 0.1684 -0.0695 0.9833
vn 0.0850 -0.0351 0.9958
vn 0.0889 -0.0235 -0.9958
vn 0.1762 -0.0466 -0.9832
vn 0.3735 -0.0987 -0.9224
vn 0.6021 -0.1592 -0.7824
vn 0.9160 -0.3783 -0.1334
vn 0.8431 -0.2229 -0.4894
vn 0.9580 -0.2533 0.1345
vn 0.8431 -0.2229 0.4894
vn 0.6021 -0.1592 0.7824
vn 0.3735 -0.0987 0.9224
vn 0.1762 -0.0466 0.9832
vn 0.0889 -0.0235 0.9958
vn 0.0912 -0.0117 -0.9958
vn 0.1809 -0.0232 -0.9832
vn 0.3833 -0.0492 -0.9223
vn 0.6178 -0.0793 -0.7823
vn 0.9580 -0.2533 -0.1345
vn 0.8650 -0.1111 -0.4893
vn 0.9828 -0.1262 0.1345
vn 0.8651 -0.1111 0.4892
vn 0.6178 -0.0793 0.7823
vn 0.3833 -0.0492 0.9223
vn 0.1809 -0.0232 0.9832
vn 0.0912 -0.0117 0.9958
vn 0.1825 -0.0000 -0.9832
vn 0.3866 0.0001 -0.9222
vn 0.6230 0.0001 -0.7823
vn 0.9828 -0.1262 -0.1345
vn 0.8721 0.0002 -0.4893
vn 0.9909 0.0002 0.1345
vn 0.8721 0.0002 0.4893
vn 0.6230 0.0001 0.7823
vn 0.3866 0.0001 0.9222
vn 0.1825 -0.0000 0.9832
vn 0.1809 0.0233 -0.9832
vn 0.3833 0.0494 -0.9223
vn 0.6177 0.0797 -0.7823
vn 0.8650 0.1116 -0.4893
vn 0.9828 0.1268 -0.1345
vn 0.9909 0.0002 -0.1345
vn 0.9828 0.1267 0.1345
vn 0.8650 0.1116 0.4893
vn 0.6177 0.0797 0.7823
vn 0.3833 0.0494 0.9223
vn 0.1809 0.0233 0.9832
vn 0.1763 0.0467 -0.9832
vn 0.0912 0.0118 -0.9958
vn 0.3734 0.0990 -0.9224
vn 0.6020 0.1597 -0.7824
vn 0.8429 0.2235 -0.4895
vn 0.9578 0.2540 -0.1345
vn 0.9578 0.2540 0.1345
vn 0.8429 0.2235 0.4894
vn 0.6020 0.1597 0.7824
vn 0.3734 0.0990 0.9224
vn 0.0912 0.0118 0.9958
vn 0.1763 0.0467 0.9832
vn 0.1684 0.0696 -0.9833
vn 0.0889 0.0236 -0.9958
vn 0.3570 0.1476 -0.9224
vn 0.5755 0.2379 -0.7824
vn 0.8059 0.3332 -0.4894
vn 0.9157 0.3787 -0.1345
vn 0.9157 0.3787 0.1345
vn 0.8059 0.3332 0.4894
vn 0.5755 0.2379 0.7824
vn 0.3570 0.1476 0.9224
vn 0.0889 0.0236 0.9958
vn 0.1684 0.0696 0.9832
vn 0.1576 0.0915 -0.9833
vn 0.0850 0.0351 -0.9958
vn 0.3340 0.1940 -0.9224
vn 0.5385 0.3127 -0.7824
vn 0.7542 0.4379 -0.4894
vn 0.8569 0.4976 -0.1345
vn 0.8569 0.4976 0.1345
vn 0.7542 0.4379 0.4894
vn 0.5385 0.3127 0.7824
vn 0.3340 0.1940 0.9224
vn 0.0850 0.0351 0.9958
vn 0.1576 0.0915 0.9833
vn 0.1439 0.1118 -0.9833
vn 0.0795 0.0462 -0.9958
vn 0.3051 0.2370 -0.9224
vn 0.4918 0.3821 -0.7824
vn 0.6887 0.5350 -0.4894
vn 0.7825 0.6079 0.1345
vn 0.6887 0.5350 0.4894
vn 0.4917 0.3820 0.7825
vn 0.3051 0.2370 0.9224
vn 0.0795 0.0462 0.9958
vn 0.1439 0.1118 0.9833
vn 0.0644 0.0656 -0.9958
vn 0.0726 0.0564 -0.9958
vn 0.1277 0.1301 -0.9833
vn 0.2706 0.2757 -0.9224
vn 0.4363 0.4444 -0.7824
vn 0.7825 0.6079 -0.1345
vn 0.6109 0.6224 -0.4894
vn 0.6942 0.7072 0.1345
vn 0.6109 0.6224 0.4894
vn 0.4363 0.4444 0.7824
vn 0.2706 0.2757 0.9224
vn 0.1277 0.1301 0.9833
vn 0.0644 0.0656 0.9958
vn 0.0726 0.0564 0.9958
vn 0.0551 0.0736 -0.9958
vn 0.1093 0.1459 -0.9832
vn 0.2315 0.3093 -0.9224
vn 0.3732 0.4985 -0.7824
vn 0.6942 0.7072 -0.1345
vn 0.5226 0.6981 -0.4894
vn 0.5938 0.7933 0.1345
vn 0.5226 0.6981 0.4894
vn 0.3732 0.4985 0.7824
vn 0.2315 0.3093 0.9224
vn 0.1092 0.1459 0.9832
vn 0.0551 0.0736 0.9958
vn 0.0449 0.0802 -0.9958
vn 0.0890 0.1591 -0.9832
vn 0.1887 0.3372 -0.9223
vn 0.3042 0.5435 -0.7823
vn 0.5938 0.7933 -0.1345
vn 0.4258 0.7610 -0.4894
vn 0.4838 0.8648 0.1345
vn 0.4258 0.7610 0.4894
vn 0.3042 0.5435 0.7823
vn 0.1887 0.3372 0.9223
vn 0.0890 0.1591 0.9832
vn 0.0449 0.0802 0.9958
vn 0.0340 0.0854 -0.9958
vn 0.0675 0.1694 -0.9832
vn 0.1430 0.3590 -0.9223
vn 0.2305 0.5786 -0.7824
vn 0.4838 0.8648 -0.1345
vn 0.3228 0.8102 -0.4893
vn 0.3668 0.9205 0.1345
vn 0.3228 0.8102 0.4893
vn 0.2305 0.5786 0.7824
vn 0.1430 0.3590 0.9223
vn 0.0675 0.1694 0.9832
vn 0.0340 0.0854 0.9958
vn 0.0228 0.0891 -0.9958
vn 0.0452 0.1768 -0.9832
vn 0.0957 0.3745 -0.9223
vn 0.1542 0.6035 -0.7823
vn 0.3668 0.9205 -0.1345
vn 0.2159 0.8450 -0.4892
vn 0.2453 0.9601 0.1345
vn 0.2159 0.8450 0.4892
vn 0.1542 0.6035 0.7823
vn 0.0957 0.3745 0.9223
vn 0.0452 0.1768 0.9832
vn 0.0228 0.0891 0.9958
vn 0.0113 0.0913 -0.9958
vn 0.0225 0.1811 -0.9832
vn 0.0477 0.3836 -0.9223
vn 0.0768 0.6183 -0.7822
vn 0.2453 0.9601 -0.1345
vn 0.1075 0.8655 -0.4892
vn 0.1222 0.9834 0.1344
vn 0.1075 0.8655 0.4893
vn 0.0768 0.6183 0.7822
vn 0.0477 0.3836 0.9223
vn 0.0225 0.1811 0.9832
vn 0.0113 0.0913 0.9958
vn -0.0000 0.0920 -0.9958
vn -0.0000 0.1827 -0.9832
vn 0.0001 0.3868 -0.9222
vn 0.0001 0.6231 -0.7821
vn 0.1222 0.9834 -0.1345
vn 0.0002 0.8722 -0.4891
vn 0.0002 0.9909 0.1344
vn 0.0002 0.8722 0.4891
vn 0.0001 0.6231 0.7821
vn 0.0001 0.3868 0.9222
vn -0.0000 0.1827 0.9832
vn -0.0000 0.0920 0.9958
vn 0.0002 0.9909 -0.1344
vn -0.5180 0.8060 -0.2863
vn -0.6403 0.7184 -0.2720
vn -0.7037 0.6733 -0.2269
vn -0.3816 -0.3816 -0.8418
vn -0.7520 0.6448 -0.1371
vn -0.5789 -0.5789 -0.5743
vn -0.7408 0.6715 -0.0189
vn -0.7407 0.6715 0.0189
vn -0.6958 -0.6958 0.1779
vn -0.5789 -0.5789 0.5743
vn -0.7520 0.6448 0.1371
vn -0.7037 0.6733 0.2269
vn -0.6403 0.7184 0.2720
vn -0.5180 0.8060 0.2862
vn 0.0361 -0.0748 -0.9965
vn 0.8435 0.4654 -0.2684
vn 0.8949 0.3955 -0.2066
vn 0.9274 0.3564 -0.1137
vn 0.9210 0.3894 -0.0147
vn 0.9210 0.3894 0.0147
vn 0.9274 0.3564 0.1137
vn 0.8949 0.3955 0.2066
vn 0.8435 0.4654 0.2684
vn 0.7353 0.6101 0.2950
vn 0.7353 0.6100 -0.2952
vn 0.0838 -0.1738 -0.9812
vn 0.1661 -0.3444 -0.9240
vn 0.2649 -0.5493 -0.7925
vn 0.3749 -0.7773 -0.5052
vn 0.4299 -0.8913 0.1442
vn 0.3749 -0.7773 0.5052
vn 0.2649 -0.5493 0.7925
vn 0.1661 -0.3444 0.9240
vn 0.0838 -0.1737 0.9812
vn 0.0361 -0.0748 0.9965
vn -0.0838 -0.1738 -0.9812
vn -0.1661 -0.3444 -0.9240
vn -0.2649 -0.5492 -0.7926
vn -0.3749 -0.7773 -0.5052
vn 0.4299 -0.8913 -0.1440
vn -0.4299 -0.8913 0.1444
vn -0.3749 -0.7773 0.5052
vn -0.2649 -0.5493 0.7925
vn -0.1661 -0.3444 0.9240
vn -0.0361 -0.0748 0.9965
vn -0.7354 0.6100 -0.2951
vn -0.0361 -0.0748 -0.9965
vn -0.8435 0.4653 -0.2684
vn -0.8949 0.3955 -0.2065
vn -0.9274 0.3564 -0.1138
vn -0.9210 0.3894 -0.0147
vn -0.4299 -0.8913 -0.1440
vn -0.9210 0.3894 0.0147
vn -0.9274 0.3564 0.1138
vn -0.8949 0.3955 0.2065
vn -0.0838 -0.1738 0.9812
vn -0.8435 0.4653 0.2684
vn -0.7353 0.6100 0.2952
vn 0.5180 0.8060 -0.2862
vn 0.6403 0.7184 -0.2720
vn 0.7037 0.6733 -0.2269
vn 0.7520 0.6448 -0.1371
vn 0.7408 0.6715 0.0189
vn 0.7520 0.6448 0.1371
vn 0.7037 0.6733 0.2269
vn 0.6403 0.7184 0.2720
vn 0.5180 0.8060 0.2863
vn 0.3816 -0.3816 -0.8419
vn 0.7408 0.6715 -0.0189
vn 0.5789 -0.5789 -0.5743
vn 0.6959 -0.6959 0.1777
vn 0.5789 -0.5789 0.5742
vn 0.3817 -0.3817 0.8418
vn -0.6958 -0.6958 -0.1778
vn 0.6958 -0.6958 -0.1779
vn -0.6958 -0.6958 0.1778
vn -0.3817 -0.3817 0.8418
vn -0.3817 0.3817 -0.8418
vn -0.5789 0.5789 -0.5742
vn -0.6958 0.6958 0.1778
vn -0.5789 0.5789 0.5743
vn -0.3816 0.3816 0.8419
vn 0.0832 0.1742 -0.9812
vn 0.1650 0.3453 -0.9239
vn 0.2632 0.5507 -0.7922
vn 0.3723 0.7789 -0.5047
vn 0.4267 0.8928 -0.1440
vn -0.6958 0.6958 -0.1778
vn 0.4267 0.8928 0.1442
vn 0.3723 0.7789 0.5047
vn 0.2632 0.5507 0.7922
vn 0.1650 0.3453 0.9239
vn 0.0832 0.1742 0.9812
vn 0.0001 0.0854 -0.9963
vn 0.0359 0.0751 -0.9965
vn 0.0002 0.2212 -0.9752
vn 0.0004 0.4093 -0.9124
vn 0.0008 0.7135 -0.7006
vn 0.0011 0.9754 -0.2205
vn 0.0011 0.9753 0.2207
vn 0.0008 0.7135 0.7006
vn 0.0004 0.4093 0.9124
vn 0.0002 0.2213 0.9752
vn 0.0359 0.0751 0.9965
vn 0.0001 0.0854 0.9963
vn -0.0358 0.0751 -0.9965
vn 0.0001 0.0581 -0.9983
vn -0.0831 0.1743 -0.9812
vn -0.1647 0.3455 -0.9239
vn -0.2627 0.5510 -0.7921
vn -0.3715 0.7794 -0.5045
vn -0.4258 0.8932 0.1444
vn -0.3715 0.7794 0.5045
vn -0.2627 0.5510 0.7921
vn -0.1647 0.3455 0.9239
vn -0.0831 0.1743 0.9812
vn -0.0358 0.0751 0.9965
vn 0.0001 0.0581 0.9983
vn -0.4258 0.8932 -0.1444
vn 0.5789 0.5789 -0.5743
vn 0.2318 -0.2317 -0.9448
vn 0.6958 -0.6958 -0.1778
vn 0.6958 0.6958 -0.1777
vn 0.6958 -0.6958 0.1778
vn 0.0710 -0.0710 -0.9950
vn 0.1785 -0.1785 -0.9676
vn 0.3229 -0.3229 -0.8897
vn 0.5364 -0.5364 -0.6516
vn 0.6935 -0.6935 -0.1950
vn 0.6935 0.6935 0.1954
vn 0.6935 -0.6935 0.1952
vn 0.5364 -0.5364 0.6516
vn 0.3229 -0.3229 0.8897
vn 0.1785 -0.1785 0.9676
vn 0.0710 -0.0710 0.9949
vn 0.3816 0.3816 -0.8418
vn 0.6935 0.6935 -0.1956
vn 0.6959 -0.6959 -0.1777
vn 0.0710 -0.0710 -0.9949
vn 0.6935 -0.6935 -0.1952
vn 0.6935 -0.6935 0.1954
vn 0.5363 0.5363 -0.6517
vn 0.6935 0.6935 0.1952
vn 0.6935 0.6935 -0.1954
vn 0.6958 0.6958 0.1779
vn 0.3817 -0.3817 -0.8418
vn -0.6959 0.6959 0.1777
vn -0.3817 0.3817 0.8418
vn 0.2317 0.2318 0.9448
vn 0.2317 -0.2317 -0.9448
vt 0.064713 0.791707
vt 0.116201 0.924881
vt 0.106387 0.924881
vt 0.111081 0.895762
vt 0.159582 0.791707
vt 0.096573 0.847811
vt 0.126726 0.847811
vt 0.091168 0.830728
vt 0.132416 0.830728
vt 0.078936 0.791707
vt 0.145359 0.791707
vt 0.130998 0.827728
vt 0.143941 0.788708
vt 0.129720 0.825022
vt 0.142663 0.786002
vt 0.128705 0.822875
vt 0.141648 0.783854
vt 0.443679 0.701255
vt 0.416101 0.698549
vt 0.415091 0.701255
vt 0.443331 0.704254
vt 0.414742 0.704254
vt 0.443331 0.762494
vt 0.414742 0.762494
vt 0.415091 0.765493
vt 0.416101 0.768199
vt 0.443679 0.765493
vt 0.092618 0.827728
vt 0.093926 0.825022
vt 0.094965 0.822875
vt 0.095631 0.759588
vt 0.128705 0.756882
vt 0.128053 0.759588
vt 0.095861 0.762587
vt 0.127829 0.762587
vt 0.095861 0.820827
vt 0.127829 0.820827
vt 0.128053 0.823826
vt 0.128705 0.826532
vt 0.095631 0.823826
vt 0.080387 0.788708
vt 0.081695 0.786002
vt 0.444689 0.698549
vt 0.444689 0.768199
vt 0.061385 0.788708
vt 0.082733 0.783854
vt 0.058383 0.786002
vt 0.083399 0.759588
vt 0.056000 0.756882
vt 0.082733 0.756882
vt 0.083629 0.762587
vt 0.054470 0.759588
vt 0.053943 0.820827
vt 0.083629 0.820827
vt 0.054470 0.823826
vt 0.083399 0.823826
vt 0.056000 0.826532
vt 0.082733 0.826532
vt 0.104936 0.927881
vt 0.103627 0.930587
vt 0.102588 0.932734
vt 0.056000 0.783854
vt 0.526189 0.701255
vt 0.526536 0.704254
vt 0.526536 0.762494
vt 0.526189 0.765493
vt 0.117629 0.927881
vt 0.118917 0.930587
vt 0.119940 0.932734
vt 0.120596 0.759588
vt 0.102588 0.756882
vt 0.101921 0.759588
vt 0.120822 0.762587
vt 0.101691 0.762587
vt 0.120822 0.820827
vt 0.101691 0.820827
vt 0.101921 0.823826
vt 0.102588 0.826532
vt 0.120596 0.823826
vt 0.162964 0.788708
vt 0.166015 0.786002
vt 0.525178 0.698549
vt 0.525178 0.768199
vt 0.168436 0.783854
vt 0.140996 0.759588
vt 0.168436 0.756882
vt 0.169991 0.759588
vt 0.140772 0.762587
vt 0.170526 0.762587
vt 0.140772 0.820827
vt 0.170526 0.820827
vt 0.169991 0.823826
vt 0.168436 0.826532
vt 0.140996 0.823826
vt 0.111157 0.888155
vt 0.123342 0.850811
vt 0.111226 0.881293
vt 0.120289 0.853517
vt 0.111280 0.875848
vt 0.117866 0.855664
vt 0.587899 0.759588
vt 0.575673 0.756882
vt 0.576684 0.759588
vt 0.587017 0.762587
vt 0.577032 0.762587
vt 0.587017 0.820827
vt 0.577032 0.820827
vt 0.576684 0.823826
vt 0.575673 0.826532
vt 0.587899 0.823826
vt 0.099858 0.850811
vt 0.102822 0.853517
vt 0.590461 0.756882
vt 0.590461 0.826532
vt 0.105174 0.855664
vt 0.116310 0.759588
vt 0.105174 0.756882
vt 0.106684 0.759588
vt 0.115774 0.762587
vt 0.107204 0.762587
vt 0.115774 0.820827
vt 0.107204 0.820827
vt 0.106684 0.823826
vt 0.105174 0.826532
vt 0.116310 0.823826
vt 0.094965 0.756882
vt 0.094965 0.826532
vt 0.053943 0.762587
vt 0.119940 0.756882
vt 0.119940 0.826532
vt 0.141648 0.756882
vt 0.141648 0.826532
vt 0.117866 0.756882
vt 0.117866 0.826532
vt 0.530664 0.324627
vt 0.505347 0.458189
vt 0.491408 0.458189
vt 0.532086 0.366947
vt 0.572196 0.458189
vt 0.558968 0.458189
vt 0.565511 0.432952
vt 0.599220 0.366947
vt 0.639471 0.458189
vt 0.625675 0.458189
vt 0.600073 0.324627
vt 0.533367 0.324627
vt 0.597371 0.324627
vt 0.565502 0.424931
vt 0.595885 0.321627
vt 0.565493 0.417696
vt 0.594544 0.318921
vt 0.565487 0.411953
vt 0.593481 0.316774
vt 0.247885 0.759588
vt 0.180852 0.756882
vt 0.179842 0.759588
vt 0.246954 0.762587
vt 0.179494 0.762587
vt 0.246954 0.820827
vt 0.179494 0.820827
vt 0.179842 0.823826
vt 0.180852 0.826532
vt 0.247885 0.823826
vt 0.534847 0.321627
vt 0.536183 0.318921
vt 0.250586 0.756882
vt 0.250586 0.826532
vt 0.529178 0.321627
vt 0.537244 0.316774
vt 0.527837 0.318921
vt 0.537924 0.759588
vt 0.526773 0.756882
vt 0.537244 0.756882
vt 0.538159 0.762587
vt 0.526090 0.759588
vt 0.525854 0.820827
vt 0.538159 0.820827
vt 0.526090 0.823826
vt 0.537924 0.823826
vt 0.526773 0.826532
vt 0.537244 0.826532
vt 0.488159 0.461189
vt 0.526773 0.316774
vt 0.485227 0.463895
vt 0.290215 0.756882
vt 0.291225 0.759588
vt 0.291573 0.820827
vt 0.291225 0.823826
vt 0.290215 0.826532
vt 0.506835 0.461189
vt 0.508177 0.463895
vt 0.402281 0.698549
vt 0.378266 0.696401
vt 0.375940 0.698549
vt 0.402965 0.701255
vt 0.374446 0.701255
vt 0.403201 0.704254
vt 0.373932 0.704254
vt 0.403201 0.762494
vt 0.373932 0.762494
vt 0.374446 0.765493
vt 0.375940 0.768199
vt 0.402965 0.765493
vt 0.378266 0.770346
vt 0.402281 0.768199
vt 0.532092 0.375005
vt 0.532097 0.382274
vt 0.532100 0.388043
vt 0.509242 0.466042
vt 0.235782 0.759588
vt 0.236717 0.762587
vt 0.291573 0.762587
vt 0.236717 0.820827
vt 0.235782 0.823826
vt 0.557483 0.461189
vt 0.556144 0.463895
vt 0.233068 0.756882
vt 0.233068 0.826532
vt 0.573678 0.461189
vt 0.575015 0.463895
vt 0.576076 0.756882
vt 0.556144 0.754735
vt 0.555081 0.756882
vt 0.576757 0.759588
vt 0.554398 0.759588
vt 0.576991 0.762587
vt 0.554163 0.762587
vt 0.576991 0.820827
vt 0.554163 0.820827
vt 0.554398 0.823826
vt 0.555081 0.826532
vt 0.576757 0.823826
vt 0.556144 0.828680
vt 0.576076 0.826532
vt 0.599198 0.375024
vt 0.599178 0.382310
vt 0.599163 0.388092
vt 0.576076 0.466042
vt 0.235824 0.759588
vt 0.236761 0.762587
vt 0.236761 0.820827
vt 0.235824 0.823826
vt 0.624181 0.461189
vt 0.622833 0.463895
vt 0.233104 0.756882
vt 0.233104 0.826532
vt 0.642725 0.461189
vt 0.514803 0.698549
vt 0.538700 0.696401
vt 0.515872 0.696401
vt 0.514117 0.701255
vt 0.541029 0.698549
vt 0.513880 0.704254
vt 0.542525 0.701255
vt 0.543040 0.762494
vt 0.513880 0.762494
vt 0.542525 0.765493
vt 0.514117 0.765493
vt 0.541029 0.768199
vt 0.514803 0.768199
vt 0.538700 0.770346
vt 0.515872 0.770346
vt 0.601557 0.321627
vt 0.602896 0.318921
vt 0.645660 0.463895
vt 0.603959 0.316774
vt 0.647990 0.466042
vt 0.604641 0.759588
vt 0.593481 0.756882
vt 0.603959 0.756882
vt 0.604876 0.762587
vt 0.592798 0.759588
vt 0.592562 0.820827
vt 0.604876 0.820827
vt 0.592798 0.823826
vt 0.604641 0.823826
vt 0.593481 0.826532
vt 0.603959 0.826532
vt 0.800335 0.791707
vt 0.814274 0.924105
vt 0.800335 0.924105
vt 0.814274 0.866448
vt 0.868606 0.866448
vt 0.882545 0.924105
vt 0.868606 0.924105
vt 0.882545 0.791707
vt 0.814274 0.849364
vt 0.868606 0.849364
vt 0.814274 0.791707
vt 0.868606 0.791707
vt 0.866409 0.846365
vt 0.866409 0.788708
vt 0.864426 0.843659
vt 0.864426 0.786002
vt 0.862853 0.841511
vt 0.862853 0.783854
vt 0.457333 0.701255
vt 0.456985 0.704254
vt 0.456985 0.762494
vt 0.457333 0.765493
vt 0.816472 0.846365
vt 0.820027 0.841511
vt 0.714076 0.701255
vt 0.755892 0.698549
vt 0.754882 0.701255
vt 0.714425 0.704254
vt 0.754534 0.704254
vt 0.714425 0.762494
vt 0.754534 0.762494
vt 0.714076 0.765493
vt 0.754882 0.765493
vt 0.713066 0.768199
vt 0.755892 0.768199
vt 0.818454 0.843659
vt 0.816472 0.788708
vt 0.818454 0.786002
vt 0.458344 0.698549
vt 0.458344 0.768199
vt 0.798138 0.788708
vt 0.796155 0.786002
vt 0.794582 0.783854
vt 0.820027 0.783854
vt 0.686611 0.701255
vt 0.713066 0.698549
vt 0.686262 0.704254
vt 0.686262 0.762494
vt 0.686611 0.765493
vt 0.687621 0.768199
vt 0.798138 0.927104
vt 0.796155 0.929810
vt 0.524610 0.698549
vt 0.417674 0.696401
vt 0.525620 0.701255
vt 0.525968 0.704254
vt 0.525968 0.762494
vt 0.525620 0.765493
vt 0.524610 0.768199
vt 0.523036 0.770346
vt 0.417674 0.770346
vt 0.816472 0.927104
vt 0.818454 0.929810
vt 0.820027 0.931958
vt 0.794582 0.931958
vt 0.687621 0.698549
vt 0.816472 0.869447
vt 0.818454 0.872153
vt 0.820027 0.874301
vt 0.483377 0.701255
vt 0.483725 0.704254
vt 0.483725 0.762494
vt 0.483377 0.765493
vt 0.866409 0.869447
vt 0.864426 0.872153
vt 0.862853 0.874301
vt 0.866409 0.927104
vt 0.864426 0.929810
vt 0.482367 0.698549
vt 0.482367 0.768199
vt 0.884743 0.927104
vt 0.886725 0.929810
vt 0.888298 0.931958
vt 0.862853 0.931958
vt 0.781337 0.698549
vt 0.782696 0.704254
vt 0.782696 0.762494
vt 0.782348 0.765493
vt 0.781337 0.768199
vt 0.884743 0.788708
vt 0.886725 0.786002
vt 0.888298 0.783854
vt 0.782348 0.701255
vt 0.320596 0.925248
vt 0.330620 0.925783
vt 0.328126 0.925852
vt 0.333130 0.925573
vt 0.335667 0.925218
vt 0.313469 0.923479
vt 0.338240 0.924716
vt 0.340862 0.924063
vt 0.343541 0.923256
vt 0.306794 0.920610
vt 0.346288 0.922290
vt 0.349113 0.921164
vt 0.352028 0.919873
vt 0.300618 0.916706
vt 0.355042 0.918415
vt 0.358165 0.916785
vt 0.361408 0.914981
vt 0.294989 0.911831
vt 0.333532 0.908020
vt 0.336267 0.907564
vt 0.338989 0.906921
vt 0.341706 0.906086
vt 0.344429 0.905056
vt 0.347168 0.903828
vt 0.349930 0.902398
vt 0.352726 0.900764
vt 0.355564 0.898921
vt 0.358456 0.896866
vt 0.361408 0.894597
vt 0.289955 0.906051
vt 0.327984 0.908380
vt 0.330774 0.908291
vt 0.322562 0.907939
vt 0.317414 0.906649
vt 0.312579 0.904558
vt 0.285564 0.899429
vt 0.308093 0.901715
vt 0.303994 0.898168
vt 0.281864 0.892030
vt 0.300320 0.893966
vt 0.297108 0.889157
vt 0.278903 0.883920
vt 0.294396 0.883790
vt 0.276729 0.875162
vt 0.292222 0.877914
vt 0.290622 0.871576
vt 0.275389 0.865822
vt 0.289634 0.864826
vt 0.274932 0.855965
vt 0.289297 0.857712
vt 0.289624 0.850483
vt 0.275266 0.848834
vt 0.290585 0.843674
vt 0.276280 0.841436
vt 0.292151 0.837325
vt 0.277990 0.833940
vt 0.294291 0.831475
vt 0.280410 0.826514
vt 0.296977 0.826165
vt 0.283558 0.819329
vt 0.300178 0.821434
vt 0.359646 0.820047
vt 0.362404 0.801608
vt 0.362404 0.822380
vt 0.303865 0.817321
vt 0.356854 0.817902
vt 0.287448 0.812552
vt 0.354035 0.815949
vt 0.308008 0.813867
vt 0.351194 0.814190
vt 0.348340 0.812628
vt 0.312579 0.811111
vt 0.345479 0.811266
vt 0.292097 0.806354
vt 0.342617 0.810106
vt 0.317546 0.809094
vt 0.339763 0.809150
vt 0.336922 0.808402
vt 0.322880 0.807854
vt 0.334103 0.807865
vt 0.331310 0.807541
vt 0.328553 0.807432
vt 0.297520 0.800903
vt 0.360002 0.799951
vt 0.303734 0.796369
vt 0.357550 0.798386
vt 0.355035 0.796921
vt 0.352443 0.795568
vt 0.310753 0.792921
vt 0.349760 0.794336
vt 0.346972 0.793236
vt 0.344066 0.792277
vt 0.318594 0.790728
vt 0.341027 0.791470
vt 0.337842 0.790824
vt 0.334498 0.790351
vt 0.327273 0.789960
vt 0.330979 0.790059
vt 0.354585 0.896235
vt 0.357409 0.894229
vt 0.353701 0.893813
vt 0.356464 0.891849
vt 0.353000 0.891890
vt 0.355715 0.889961
vt 0.352549 0.759588
vt 0.355715 0.756882
vt 0.355234 0.759588
vt 0.352394 0.762587
vt 0.355068 0.762587
vt 0.352394 0.820827
vt 0.355068 0.820827
vt 0.355234 0.823826
vt 0.355715 0.826532
vt 0.352549 0.823826
vt 0.351821 0.898030
vt 0.351004 0.895563
vt 0.350357 0.893606
vt 0.349941 0.759588
vt 0.353000 0.756882
vt 0.349797 0.762587
vt 0.349797 0.820827
vt 0.353000 0.826532
vt 0.349941 0.823826
vt 0.349107 0.899616
vt 0.348365 0.897106
vt 0.347776 0.895114
vt 0.347398 0.759588
vt 0.350357 0.756882
vt 0.347268 0.762587
vt 0.347268 0.820827
vt 0.350357 0.826532
vt 0.347398 0.823826
vt 0.346435 0.900999
vt 0.345773 0.898448
vt 0.345249 0.896423
vt 0.344912 0.759588
vt 0.347776 0.756882
vt 0.344796 0.762587
vt 0.344796 0.820827
vt 0.347776 0.826532
vt 0.344912 0.823826
vt 0.343793 0.902184
vt 0.343218 0.899593
vt 0.342762 0.897537
vt 0.342470 0.759588
vt 0.345249 0.756882
vt 0.342369 0.762587
vt 0.342369 0.820827
vt 0.345249 0.826532
vt 0.342470 0.823826
vt 0.341171 0.903175
vt 0.340689 0.900550
vt 0.340306 0.898467
vt 0.340060 0.759588
vt 0.342762 0.756882
vt 0.339975 0.762587
vt 0.339975 0.820827
vt 0.342762 0.826532
vt 0.340060 0.823826
vt 0.338559 0.903978
vt 0.338172 0.901323
vt 0.337865 0.899217
vt 0.337668 0.759588
vt 0.340306 0.756882
vt 0.337600 0.762587
vt 0.337600 0.820827
vt 0.340306 0.826532
vt 0.337668 0.823826
vt 0.335946 0.904596
vt 0.335656 0.901918
vt 0.335427 0.899793
vt 0.335279 0.759588
vt 0.337865 0.756882
vt 0.335228 0.762587
vt 0.335228 0.820827
vt 0.337865 0.826532
vt 0.335279 0.823826
vt 0.333320 0.905033
vt 0.333128 0.902339
vt 0.332976 0.756882
vt 0.335427 0.756882
vt 0.332879 0.759588
vt 0.332845 0.820827
vt 0.332879 0.823826
vt 0.332976 0.826532
vt 0.335427 0.826532
vt 0.330669 0.905294
vt 0.332976 0.900201
vt 0.330575 0.902590
vt 0.330500 0.756882
vt 0.332845 0.762587
vt 0.330451 0.759588
vt 0.330435 0.820827
vt 0.330451 0.823826
vt 0.330500 0.826532
vt 0.328024 0.905379
vt 0.328059 0.902671
vt 0.328088 0.900522
vt 0.330500 0.900445
vt 0.328106 0.759588
vt 0.328112 0.762587
vt 0.330435 0.762587
vt 0.328112 0.820827
vt 0.328106 0.823826
vt 0.322827 0.904956
vt 0.323065 0.902265
vt 0.323255 0.900129
vt 0.323377 0.759588
vt 0.328088 0.756882
vt 0.323418 0.762587
vt 0.323418 0.820827
vt 0.328088 0.826532
vt 0.323377 0.823826
vt 0.317946 0.903733
vt 0.318427 0.901102
vt 0.318808 0.899015
vt 0.319053 0.759588
vt 0.323255 0.756882
vt 0.319137 0.762587
vt 0.319137 0.820827
vt 0.323255 0.826532
vt 0.319053 0.823826
vt 0.313376 0.901757
vt 0.314096 0.899230
vt 0.314667 0.897224
vt 0.315034 0.759588
vt 0.318808 0.756882
vt 0.315161 0.762587
vt 0.315161 0.820827
vt 0.318808 0.826532
vt 0.315034 0.823826
vt 0.309148 0.899077
vt 0.310101 0.896697
vt 0.310856 0.894809
vt 0.311342 0.759588
vt 0.314667 0.756882
vt 0.311509 0.762587
vt 0.311509 0.820827
vt 0.314667 0.826532
vt 0.311342 0.823826
vt 0.305294 0.895741
vt 0.306466 0.893552
vt 0.307397 0.891815
vt 0.307994 0.759588
vt 0.310856 0.756882
vt 0.308200 0.762587
vt 0.308200 0.820827
vt 0.310856 0.826532
vt 0.307994 0.823826
vt 0.301845 0.891796
vt 0.303220 0.889839
vt 0.304311 0.888286
vt 0.305012 0.759588
vt 0.307397 0.756882
vt 0.305254 0.762587
vt 0.305254 0.820827
vt 0.307397 0.826532
vt 0.305012 0.823826
vt 0.298833 0.887287
vt 0.300388 0.885599
vt 0.301623 0.884260
vt 0.595995 0.759588
vt 0.599574 0.756882
vt 0.598843 0.759588
vt 0.595778 0.762587
vt 0.598592 0.762587
vt 0.595778 0.820827
vt 0.598592 0.820827
vt 0.598843 0.823826
vt 0.599574 0.826532
vt 0.595995 0.823826
vt 0.296290 0.882256
vt 0.297999 0.880871
vt 0.299355 0.879772
vt 0.592820 0.759588
vt 0.596625 0.756882
vt 0.592642 0.762587
vt 0.592642 0.820827
vt 0.596625 0.826532
vt 0.592820 0.823826
vt 0.294251 0.876744
vt 0.296081 0.875688
vt 0.589731 0.756882
vt 0.593336 0.756882
vt 0.589337 0.759588
vt 0.589201 0.820827
vt 0.589337 0.823826
vt 0.589731 0.826532
vt 0.593336 0.826532
vt 0.292748 0.870790
vt 0.297534 0.874851
vt 0.294666 0.870082
vt 0.585824 0.756882
vt 0.589201 0.762587
vt 0.585560 0.759588
vt 0.585469 0.820827
vt 0.585560 0.823826
vt 0.585824 0.826532
vt 0.291818 0.864434
vt 0.296188 0.869519
vt 0.293788 0.864080
vt 0.581634 0.756882
vt 0.585469 0.762587
vt 0.581502 0.759588
vt 0.581456 0.820827
vt 0.581502 0.823826
vt 0.581634 0.826532
vt 0.291499 0.857707
vt 0.295351 0.863799
vt 0.293485 0.857703
vt 0.577165 0.756882
vt 0.581456 0.762587
vt 0.577164 0.759588
vt 0.577163 0.820827
vt 0.577164 0.823826
vt 0.577165 0.826532
vt 0.291809 0.850861
vt 0.293780 0.851202
vt 0.295344 0.851472
vt 0.295062 0.857700
vt 0.572729 0.759588
vt 0.572773 0.762587
vt 0.577163 0.762587
vt 0.572773 0.820827
vt 0.572729 0.823826
vt 0.292715 0.844440
vt 0.294636 0.845130
vt 0.296161 0.845678
vt 0.568615 0.759588
vt 0.572602 0.756882
vt 0.568704 0.762587
vt 0.568704 0.820827
vt 0.572602 0.826532
vt 0.568615 0.823826
vt 0.294185 0.838479
vt 0.296020 0.839520
vt 0.297476 0.840346
vt 0.564839 0.759588
vt 0.568357 0.756882
vt 0.564973 0.762587
vt 0.564973 0.820827
vt 0.568357 0.826532
vt 0.564839 0.823826
vt 0.296188 0.833005
vt 0.297899 0.834385
vt 0.299257 0.835480
vt 0.561401 0.759588
vt 0.564451 0.756882
vt 0.561578 0.762587
vt 0.561578 0.820827
vt 0.564451 0.826532
vt 0.561401 0.823826
vt 0.298697 0.828044
vt 0.300248 0.829739
vt 0.301480 0.831084
vt 0.558297 0.759588
vt 0.560886 0.756882
vt 0.558515 0.762587
vt 0.558515 0.820827
vt 0.560886 0.826532
vt 0.558297 0.823826
vt 0.301688 0.823623
vt 0.303050 0.825598
vt 0.554794 0.756882
vt 0.557665 0.756882
vt 0.555531 0.759588
vt 0.555785 0.820827
vt 0.555531 0.823826
vt 0.554794 0.826532
vt 0.557665 0.826532
vt 0.305139 0.819774
vt 0.304131 0.827166
vt 0.306288 0.821986
vt 0.304825 0.759588
vt 0.307200 0.756882
vt 0.304131 0.756882
vt 0.305064 0.762587
vt 0.307786 0.759588
vt 0.307987 0.820827
vt 0.305064 0.820827
vt 0.307786 0.823826
vt 0.304825 0.823826
vt 0.307200 0.826532
vt 0.304131 0.826532
vt 0.309030 0.816530
vt 0.307200 0.823742
vt 0.309951 0.818933
vt 0.310682 0.756882
vt 0.307987 0.762587
vt 0.311151 0.759588
vt 0.311313 0.820827
vt 0.311151 0.823826
vt 0.310682 0.826532
vt 0.313339 0.813932
vt 0.310682 0.820840
vt 0.314025 0.816476
vt 0.314570 0.756882
vt 0.311313 0.762587
vt 0.314919 0.759588
vt 0.315039 0.820827
vt 0.314919 0.823826
vt 0.314570 0.826532
vt 0.318045 0.812020
vt 0.314570 0.818496
vt 0.318496 0.814660
vt 0.318854 0.756882
vt 0.315039 0.762587
vt 0.319084 0.759588
vt 0.319163 0.820827
vt 0.319084 0.823826
vt 0.318854 0.826532
vt 0.323126 0.810840
vt 0.318854 0.816755
vt 0.323347 0.813533
vt 0.323522 0.756882
vt 0.319163 0.762587
vt 0.323635 0.759588
vt 0.323673 0.820827
vt 0.323635 0.823826
vt 0.323522 0.826532
vt 0.328581 0.810434
vt 0.323522 0.815671
vt 0.328606 0.813142
vt 0.328626 0.756882
vt 0.323673 0.762587
vt 0.328640 0.759588
vt 0.328644 0.820827
vt 0.328640 0.823826
vt 0.328626 0.826532
vt 0.331185 0.810536
vt 0.328626 0.815291
vt 0.331073 0.813239
vt 0.330983 0.756882
vt 0.328644 0.762587
vt 0.330926 0.759588
vt 0.330906 0.820827
vt 0.330926 0.823826
vt 0.330983 0.826532
vt 0.333857 0.810847
vt 0.330983 0.815384
vt 0.333636 0.813537
vt 0.333460 0.756882
vt 0.330906 0.762587
vt 0.333347 0.759588
vt 0.333309 0.820827
vt 0.333347 0.823826
vt 0.333460 0.826532
vt 0.336562 0.811362
vt 0.333460 0.815672
vt 0.336237 0.814032
vt 0.335979 0.756882
vt 0.333309 0.762587
vt 0.335813 0.759588
vt 0.335756 0.820827
vt 0.335813 0.823826
vt 0.335979 0.826532
vt 0.339293 0.812081
vt 0.335979 0.816152
vt 0.338869 0.814725
vt 0.338532 0.756882
vt 0.335756 0.762587
vt 0.338316 0.759588
vt 0.338242 0.820827
vt 0.338316 0.823826
vt 0.338532 0.826532
vt 0.342042 0.813002
vt 0.338532 0.816824
vt 0.341524 0.815614
vt 0.341112 0.756882
vt 0.338242 0.762587
vt 0.340848 0.759588
vt 0.340757 0.820827
vt 0.340848 0.823826
vt 0.341112 0.826532
vt 0.344803 0.814121
vt 0.341112 0.817687
vt 0.344194 0.816697
vt 0.343711 0.756882
vt 0.340757 0.762587
vt 0.343400 0.759588
vt 0.343293 0.820827
vt 0.343400 0.823826
vt 0.343711 0.826532
vt 0.347568 0.815438
vt 0.343711 0.818741
vt 0.346873 0.817973
vt 0.346321 0.756882
vt 0.343293 0.762587
vt 0.345966 0.759588
vt 0.345844 0.820827
vt 0.345966 0.823826
vt 0.346321 0.826532
vt 0.350331 0.816950
vt 0.346321 0.819984
vt 0.349552 0.819439
vt 0.348934 0.756882
vt 0.345844 0.762587
vt 0.348537 0.759588
vt 0.348400 0.820827
vt 0.348537 0.823826
vt 0.348934 0.826532
vt 0.353083 0.818654
vt 0.348934 0.821414
vt 0.352225 0.821094
vt 0.351543 0.756882
vt 0.348400 0.762587
vt 0.351106 0.759588
vt 0.350955 0.820827
vt 0.351106 0.823826
vt 0.351543 0.826532
vt 0.355818 0.820548
vt 0.351543 0.823030
vt 0.354883 0.822935
vt 0.354141 0.756882
vt 0.350955 0.762587
vt 0.353664 0.759588
vt 0.353500 0.820827
vt 0.353664 0.823826
vt 0.354141 0.826532
vt 0.358528 0.822630
vt 0.354141 0.824829
vt 0.357519 0.824960
vt 0.356719 0.756882
vt 0.353500 0.762587
vt 0.356205 0.759588
vt 0.356028 0.820827
vt 0.356205 0.823826
vt 0.356719 0.826532
vt 0.364602 0.827768
vt 0.356719 0.826809
vt 0.366584 0.832629
vt 0.368157 0.756882
vt 0.356028 0.762587
vt 0.369168 0.759588
vt 0.369516 0.820827
vt 0.369168 0.823826
vt 0.368157 0.826532
vt 0.364602 0.799763
vt 0.366584 0.798098
vt 0.532530 0.756882
vt 0.558797 0.754735
vt 0.561623 0.756882
vt 0.531908 0.759588
vt 0.563438 0.759588
vt 0.531694 0.762587
vt 0.564063 0.762587
vt 0.531694 0.820827
vt 0.564063 0.820827
vt 0.563438 0.823826
vt 0.561623 0.826532
vt 0.531908 0.823826
vt 0.558797 0.828680
vt 0.532530 0.826532
vt 0.360963 0.797254
vt 0.361830 0.794820
vt 0.362518 0.792889
vt 0.368157 0.796777
vt 0.362960 0.759588
vt 0.363112 0.762587
vt 0.369516 0.762587
vt 0.363112 0.820827
vt 0.362960 0.823826
vt 0.358447 0.795647
vt 0.359256 0.793176
vt 0.359898 0.756882
vt 0.362518 0.756882
vt 0.360310 0.759588
vt 0.360452 0.820827
vt 0.360310 0.823826
vt 0.359898 0.826532
vt 0.362518 0.826532
vt 0.355859 0.794140
vt 0.359898 0.791216
vt 0.356602 0.791631
vt 0.357192 0.756882
vt 0.360452 0.762587
vt 0.357571 0.759588
vt 0.357701 0.820827
vt 0.357571 0.823826
vt 0.357192 0.826532
vt 0.353186 0.792745
vt 0.357192 0.789640
vt 0.353856 0.790198
vt 0.354388 0.756882
vt 0.357701 0.762587
vt 0.354730 0.759588
vt 0.354848 0.820827
vt 0.354730 0.823826
vt 0.354388 0.826532
vt 0.350415 0.791473
vt 0.354388 0.788176
vt 0.351007 0.788890
vt 0.351477 0.756882
vt 0.354848 0.762587
vt 0.351778 0.759588
vt 0.351882 0.820827
vt 0.351778 0.823826
vt 0.351477 0.826532
vt 0.347536 0.790336
vt 0.351477 0.786840
vt 0.348044 0.787720
vt 0.348448 0.756882
vt 0.351882 0.762587
vt 0.348707 0.759588
vt 0.348796 0.820827
vt 0.348707 0.823826
vt 0.348448 0.826532
vt 0.344534 0.789346
vt 0.348448 0.785644
vt 0.344957 0.786701
vt 0.345292 0.756882
vt 0.348796 0.762587
vt 0.345507 0.759588
vt 0.345581 0.820827
vt 0.345507 0.823826
vt 0.345292 0.826532
vt 0.341399 0.788513
vt 0.341734 0.785845
vt 0.342000 0.783728
vt 0.345292 0.784603
vt 0.342000 0.756882
vt 0.342229 0.762587
vt 0.345581 0.762587
vt 0.342229 0.820827
vt 0.342000 0.826532
vt 0.338117 0.787848
vt 0.338365 0.785162
vt 0.338562 0.783031
vt 0.338688 0.759588
vt 0.342171 0.759588
vt 0.338732 0.762587
vt 0.338732 0.820827
vt 0.342171 0.823826
vt 0.338688 0.823826
vt 0.334678 0.787361
vt 0.334840 0.784663
vt 0.334969 0.782523
vt 0.335052 0.759588
vt 0.338562 0.756882
vt 0.335080 0.762587
vt 0.335080 0.820827
vt 0.338562 0.826532
vt 0.335052 0.823826
vt 0.331067 0.787062
vt 0.331147 0.784357
vt 0.331210 0.782211
vt 0.331251 0.759588
vt 0.334969 0.756882
vt 0.331265 0.762587
vt 0.331265 0.820827
vt 0.334969 0.826532
vt 0.331251 0.823826
vt 0.327223 0.786959
vt 0.327178 0.784251
vt 0.327143 0.756882
vt 0.331210 0.756882
vt 0.327120 0.759588
vt 0.327112 0.820827
vt 0.327120 0.823826
vt 0.327143 0.826532
vt 0.331210 0.826532
vt 0.318301 0.787749
vt 0.327143 0.782102
vt 0.318037 0.785061
vt 0.317827 0.756882
vt 0.327112 0.762587
vt 0.317692 0.759588
vt 0.317646 0.820827
vt 0.317692 0.823826
vt 0.317827 0.826532
vt 0.310157 0.790026
vt 0.317827 0.782927
vt 0.309620 0.787414
vt 0.309193 0.756882
vt 0.317646 0.762587
vt 0.308920 0.759588
vt 0.308825 0.820827
vt 0.308920 0.823826
vt 0.309193 0.826532
vt 0.302839 0.793621
vt 0.309193 0.785342
vt 0.302031 0.791142
vt 0.301391 0.756882
vt 0.308825 0.762587
vt 0.300979 0.759588
vt 0.300838 0.820827
vt 0.300979 0.823826
vt 0.301391 0.826532
vt 0.296344 0.798360
vt 0.295284 0.796065
vt 0.294442 0.794245
vt 0.301391 0.789174
vt 0.293902 0.759588
vt 0.293716 0.762587
vt 0.300838 0.762587
vt 0.293716 0.820827
vt 0.293902 0.823826
vt 0.290671 0.804062
vt 0.289384 0.801995
vt 0.288363 0.800354
vt 0.287707 0.759588
vt 0.294442 0.756882
vt 0.287482 0.762587
vt 0.287482 0.820827
vt 0.294442 0.826532
vt 0.287707 0.823826
vt 0.285808 0.810545
vt 0.284329 0.808735
vt 0.283155 0.807299
vt 0.282401 0.759588
vt 0.288363 0.756882
vt 0.282141 0.762587
vt 0.282141 0.820827
vt 0.288363 0.826532
vt 0.282401 0.823826
vt 0.281743 0.817627
vt 0.280105 0.816092
vt 0.278805 0.814874
vt 0.545216 0.759588
vt 0.540238 0.756882
vt 0.539562 0.759588
vt 0.545018 0.762587
vt 0.539330 0.762587
vt 0.545018 0.820827
vt 0.539330 0.820827
vt 0.539562 0.823826
vt 0.540238 0.826532
vt 0.545216 0.823826
vt 0.278456 0.825130
vt 0.276693 0.823881
vt 0.275294 0.822890
vt 0.551195 0.759588
vt 0.545789 0.756882
vt 0.551035 0.762587
vt 0.551035 0.820827
vt 0.545789 0.826532
vt 0.551195 0.823826
vt 0.275929 0.832881
vt 0.274071 0.831926
vt 0.272596 0.831167
vt 0.557369 0.759588
vt 0.551662 0.756882
vt 0.557246 0.762587
vt 0.557246 0.820827
vt 0.551662 0.826532
vt 0.557369 0.823826
vt 0.274144 0.840712
vt 0.272216 0.840059
vt 0.270687 0.839541
vt 0.563617 0.759588
vt 0.557726 0.756882
vt 0.563533 0.762587
vt 0.563533 0.820827
vt 0.557726 0.826532
vt 0.563617 0.823826
vt 0.273082 0.848461
vt 0.271111 0.848125
vt 0.569954 0.756882
vt 0.563861 0.756882
vt 0.569829 0.759588
vt 0.569785 0.820827
vt 0.569829 0.823826
vt 0.569954 0.826532
vt 0.563861 0.826532
vt 0.272730 0.855964
vt 0.269547 0.847858
vt 0.270743 0.855963
vt 0.575892 0.756882
vt 0.569785 0.762587
vt 0.575891 0.759588
vt 0.575891 0.820827
vt 0.575891 0.823826
vt 0.575892 0.826532
vt 0.273205 0.866207
vt 0.269167 0.855962
vt 0.271234 0.866554
vt 0.583854 0.756882
vt 0.575891 0.762587
vt 0.583983 0.759588
vt 0.584028 0.820827
vt 0.583983 0.823826
vt 0.583854 0.826532
vt 0.274600 0.875935
vt 0.269671 0.866829
vt 0.272680 0.876632
vt 0.591442 0.756882
vt 0.584028 0.762587
vt 0.591702 0.759588
vt 0.591791 0.820827
vt 0.591702 0.823826
vt 0.591442 0.826532
vt 0.276870 0.885075
vt 0.271156 0.877186
vt 0.275035 0.886118
vt 0.598592 0.756882
vt 0.591791 0.762587
vt 0.598981 0.759588
vt 0.599115 0.820827
vt 0.598981 0.823826
vt 0.598592 0.826532
vt 0.279964 0.893552
vt 0.273579 0.886945
vt 0.278250 0.894924
vt 0.605236 0.756882
vt 0.599115 0.762587
vt 0.605748 0.759588
vt 0.605925 0.820827
vt 0.605748 0.823826
vt 0.605236 0.826532
vt 0.283834 0.901289
vt 0.276890 0.896013
vt 0.282273 0.902968
vt 0.611933 0.759588
vt 0.605925 0.762587
vt 0.612149 0.820827
vt 0.611933 0.823826
vt 0.288426 0.908215
vt 0.287046 0.910167
vt 0.285951 0.911716
vt 0.281034 0.904299
vt 0.617469 0.759588
vt 0.611306 0.756882
vt 0.617720 0.762587
vt 0.612149 0.762587
vt 0.617720 0.820827
vt 0.611306 0.826532
vt 0.617469 0.823826
vt 0.293687 0.914256
vt 0.292512 0.916444
vt 0.291580 0.918180
vt 0.290982 0.759588
vt 0.285951 0.756882
vt 0.285249 0.759588
vt 0.290775 0.762587
vt 0.285006 0.762587
vt 0.290775 0.820827
vt 0.285006 0.820827
vt 0.285249 0.823826
vt 0.285951 0.826532
vt 0.290982 0.823826
vt 0.299562 0.919345
vt 0.298611 0.921725
vt 0.297856 0.923614
vt 0.297371 0.759588
vt 0.291580 0.756882
vt 0.297203 0.762587
vt 0.297203 0.820827
vt 0.291580 0.826532
vt 0.297371 0.823826
vt 0.305999 0.923413
vt 0.305281 0.925942
vt 0.304712 0.927949
vt 0.304347 0.759588
vt 0.297856 0.756882
vt 0.304221 0.762587
vt 0.304221 0.820827
vt 0.297856 0.826532
vt 0.304347 0.823826
vt 0.312941 0.926397
vt 0.312464 0.929029
vt 0.312085 0.931118
vt 0.311842 0.759588
vt 0.304712 0.756882
vt 0.311758 0.762587
vt 0.311758 0.820827
vt 0.304712 0.826532
vt 0.311842 0.823826
vt 0.320334 0.928232
vt 0.320098 0.930923
vt 0.319910 0.933059
vt 0.319790 0.759588
vt 0.312085 0.756882
vt 0.319748 0.762587
vt 0.319748 0.820827
vt 0.312085 0.826532
vt 0.319790 0.823826
vt 0.328084 0.928853
vt 0.328046 0.931561
vt 0.328016 0.933710
vt 0.327997 0.759588
vt 0.319910 0.756882
vt 0.327990 0.762587
vt 0.327990 0.820827
vt 0.319910 0.826532
vt 0.327997 0.823826
vt 0.330710 0.928780
vt 0.330791 0.931485
vt 0.330855 0.933631
vt 0.330896 0.759588
vt 0.328016 0.756882
vt 0.330910 0.762587
vt 0.330910 0.820827
vt 0.328016 0.826532
vt 0.330896 0.823826
vt 0.333309 0.928563
vt 0.333471 0.931260
vt 0.333599 0.933401
vt 0.333682 0.759588
vt 0.330855 0.756882
vt 0.333710 0.762587
vt 0.333710 0.820827
vt 0.330855 0.826532
vt 0.333682 0.823826
vt 0.335934 0.928196
vt 0.336175 0.930882
vt 0.336367 0.933014
vt 0.336490 0.759588
vt 0.333599 0.756882
vt 0.336532 0.762587
vt 0.336532 0.820827
vt 0.333599 0.826532
vt 0.336490 0.823826
vt 0.338593 0.927677
vt 0.338912 0.930349
vt 0.339164 0.932468
vt 0.339327 0.759588
vt 0.336367 0.756882
vt 0.339382 0.762587
vt 0.339382 0.820827
vt 0.336367 0.826532
vt 0.339327 0.823826
vt 0.341296 0.927004
vt 0.341688 0.929657
vt 0.341999 0.931762
vt 0.342199 0.759588
vt 0.339164 0.756882
vt 0.342267 0.762587
vt 0.342267 0.820827
vt 0.339164 0.826532
vt 0.342199 0.823826
vt 0.344052 0.926173
vt 0.344512 0.928805
vt 0.344878 0.930894
vt 0.345113 0.759588
vt 0.341999 0.756882
vt 0.345194 0.762587
vt 0.345194 0.820827
vt 0.341999 0.826532
vt 0.345113 0.823826
vt 0.346870 0.925183
vt 0.347395 0.927793
vt 0.347812 0.929864
vt 0.348079 0.759588
vt 0.344878 0.756882
vt 0.348171 0.762587
vt 0.348171 0.820827
vt 0.344878 0.826532
vt 0.348079 0.823826
vt 0.349761 0.924031
vt 0.350345 0.926617
vt 0.350808 0.928669
vt 0.351105 0.759588
vt 0.347812 0.756882
vt 0.351208 0.762587
vt 0.351208 0.820827
vt 0.347812 0.826532
vt 0.351105 0.823826
vt 0.352734 0.922714
vt 0.353372 0.925277
vt 0.353877 0.927310
vt 0.354202 0.759588
vt 0.350808 0.756882
vt 0.354314 0.762587
vt 0.354314 0.820827
vt 0.350808 0.826532
vt 0.354202 0.823826
vt 0.355801 0.921230
vt 0.356487 0.923769
vt 0.357031 0.925784
vt 0.357380 0.759588
vt 0.353877 0.756882
vt 0.357500 0.762587
vt 0.357500 0.820827
vt 0.353877 0.826532
vt 0.357380 0.823826
vt 0.358972 0.919575
vt 0.359700 0.922092
vt 0.360278 0.924089
vt 0.360649 0.759588
vt 0.357031 0.756882
vt 0.360777 0.762587
vt 0.360777 0.820827
vt 0.357031 0.826532
vt 0.360649 0.823826
vt 0.363606 0.916997
vt 0.365589 0.918817
vt 0.367162 0.756882
vt 0.360278 0.756882
vt 0.368172 0.759588
vt 0.368520 0.820827
vt 0.368172 0.823826
vt 0.367162 0.826532
vt 0.360278 0.826532
vt 0.363606 0.889466
vt 0.623000 0.756882
vt 0.597047 0.754735
vt 0.621942 0.754735
vt 0.623679 0.759588
vt 0.594355 0.756882
vt 0.623913 0.762587
vt 0.592627 0.759588
vt 0.592032 0.820827
vt 0.623913 0.820827
vt 0.592627 0.823826
vt 0.623679 0.823826
vt 0.594355 0.826532
vt 0.623000 0.826532
vt 0.597047 0.828680
vt 0.621942 0.828680
vt 0.365589 0.884836
vt 0.367162 0.881163
vt 0.368520 0.762587
vt 0.525854 0.762587
vt 0.482901 0.466042
vt 0.401216 0.696401
vt 0.401216 0.770346
vt 0.555081 0.466042
vt 0.575015 0.754735
vt 0.575015 0.828680
vt 0.621764 0.466042
vt 0.543040 0.704254
vt 0.592562 0.762587
vt 0.523036 0.696401
vt 0.304311 0.756882
vt 0.304311 0.826532
vt 0.555785 0.762587
vt 0.368157 0.836487
vt 0.533497 0.754735
vt 0.533497 0.828680
vt 0.283155 0.756882
vt 0.283155 0.826532
vt 0.616740 0.756882
vt 0.616740 0.826532
vt 0.367162 0.920260
vt 0.592032 0.762587
vt 0.208225 0.558749
vt 0.222164 0.691147
vt 0.208225 0.691147
vt 0.222164 0.575833
vt 0.265971 0.575833
vt 0.265971 0.558749
vt 0.268169 0.555750
vt 0.268169 0.578832
vt 0.270151 0.553044
vt 0.270151 0.581538
vt 0.352384 0.756882
vt 0.374834 0.754735
vt 0.376407 0.756882
vt 0.351374 0.759588
vt 0.377417 0.759588
vt 0.351025 0.762587
vt 0.377765 0.762587
vt 0.351025 0.820827
vt 0.377765 0.820827
vt 0.351374 0.823826
vt 0.377417 0.823826
vt 0.352384 0.826532
vt 0.376407 0.826532
vt 0.353957 0.828680
vt 0.374834 0.828680
vt 0.204045 0.553044
vt 0.202472 0.756882
vt 0.270151 0.754735
vt 0.271724 0.756882
vt 0.201461 0.759588
vt 0.272735 0.759588
vt 0.273083 0.762587
vt 0.201113 0.820827
vt 0.273083 0.820827
vt 0.201461 0.823826
vt 0.272735 0.823826
vt 0.202472 0.826532
vt 0.271724 0.826532
vt 0.204045 0.828680
vt 0.270151 0.828680
vt 0.206027 0.694147
vt 0.206027 0.555750
vt 0.204045 0.696852
vt 0.202472 0.699000
vt 0.202472 0.550897
vt 0.354942 0.701255
vt 0.245423 0.698549
vt 0.244413 0.701255
vt 0.244065 0.704254
vt 0.355290 0.762494
vt 0.244065 0.762494
vt 0.354942 0.765493
vt 0.244413 0.765493
vt 0.353931 0.768199
vt 0.245423 0.768199
vt 0.224361 0.694147
vt 0.226344 0.696852
vt 0.228927 0.759588
vt 0.229275 0.762587
vt 0.201113 0.762587
vt 0.229275 0.820827
vt 0.228927 0.823826
vt 0.227917 0.826532
vt 0.224361 0.578832
vt 0.226344 0.581538
vt 0.227917 0.583686
vt 0.227917 0.699000
vt 0.270456 0.701255
vt 0.353931 0.698549
vt 0.270804 0.704254
vt 0.355290 0.704254
vt 0.270804 0.762494
vt 0.270456 0.765493
vt 0.227917 0.756882
vt 0.226344 0.754735
vt 0.226344 0.828680
vt 0.583058 0.692258
vt 0.598436 0.692262
vt 0.590686 0.692894
vt 0.605664 0.690423
vt 0.575915 0.690409
vt 0.612343 0.687465
vt 0.569291 0.687437
vt 0.618442 0.683475
vt 0.563219 0.683432
vt 0.623933 0.678542
vt 0.557734 0.678483
vt 0.628786 0.672753
vt 0.552870 0.672680
vt 0.590686 0.675422
vt 0.585403 0.674985
vt 0.596002 0.674985
vt 0.601044 0.673706
vt 0.580387 0.673706
vt 0.605778 0.671631
vt 0.575676 0.671631
vt 0.632973 0.666195
vt 0.548661 0.666113
vt 0.610166 0.668808
vt 0.571306 0.668807
vt 0.614173 0.665283
vt 0.567312 0.665283
vt 0.636463 0.658957
vt 0.545140 0.658871
vt 0.617763 0.661105
vt 0.563733 0.661105
vt 0.620900 0.656320
vt 0.560604 0.656320
vt 0.639229 0.651126
vt 0.542343 0.651044
vt 0.623547 0.650976
vt 0.557962 0.650976
vt 0.641241 0.642789
vt 0.540302 0.642721
vt 0.625668 0.645120
vt 0.555844 0.645120
vt 0.627228 0.638798
vt 0.554285 0.638798
vt 0.642469 0.634033
vt 0.539053 0.633993
vt 0.628191 0.632058
vt 0.553323 0.632058
vt 0.642885 0.624948
vt 0.538629 0.624948
vt 0.628519 0.624948
vt 0.552994 0.624948
vt 0.539042 0.616067
vt 0.553323 0.617879
vt 0.628191 0.617879
vt 0.642480 0.616108
vt 0.554285 0.611166
vt 0.627228 0.611166
vt 0.641279 0.607512
vt 0.540261 0.607445
vt 0.555844 0.604859
vt 0.625668 0.604859
vt 0.639305 0.599262
vt 0.542258 0.599180
vt 0.557962 0.599006
vt 0.623547 0.599006
vt 0.636579 0.591457
vt 0.545003 0.591371
vt 0.620900 0.593658
vt 0.560604 0.593658
vt 0.563733 0.588864
vt 0.617763 0.588864
vt 0.633125 0.584196
vt 0.548467 0.584114
vt 0.567312 0.584672
vt 0.614173 0.584672
vt 0.571306 0.581132
vt 0.610166 0.581132
vt 0.628964 0.577580
vt 0.552621 0.577507
vt 0.575676 0.578293
vt 0.605778 0.578293
vt 0.601044 0.576204
vt 0.580387 0.576204
vt 0.624118 0.571708
vt 0.557436 0.571649
vt 0.596002 0.574915
vt 0.585403 0.574915
vt 0.590686 0.574474
vt 0.618611 0.566680
vt 0.562882 0.566637
vt 0.612463 0.562596
vt 0.568931 0.562568
vt 0.605697 0.559555
vt 0.575553 0.559541
vt 0.598336 0.557657
vt 0.582720 0.557653
vt 0.590401 0.557002
vt 0.598704 0.695245
vt 0.598945 0.697936
vt 0.606207 0.693336
vt 0.599137 0.700071
vt 0.606697 0.695964
vt 0.492299 0.701255
vt 0.500124 0.698549
vt 0.492176 0.698549
vt 0.492342 0.704254
vt 0.500374 0.701255
vt 0.500460 0.762494
vt 0.492342 0.762494
vt 0.500374 0.765493
vt 0.492299 0.765493
vt 0.500124 0.768199
vt 0.492176 0.768199
vt 0.613160 0.690256
vt 0.607085 0.698049
vt 0.613898 0.692774
vt 0.507522 0.698549
vt 0.500460 0.704254
vt 0.507898 0.701255
vt 0.508027 0.762494
vt 0.507898 0.765493
vt 0.507522 0.768199
vt 0.619526 0.686092
vt 0.614483 0.694772
vt 0.620504 0.688453
vt 0.514319 0.698549
vt 0.508027 0.704254
vt 0.514817 0.701255
vt 0.514989 0.762494
vt 0.514817 0.765493
vt 0.514319 0.768199
vt 0.625266 0.680935
vt 0.621280 0.690327
vt 0.626469 0.683094
vt 0.520463 0.698549
vt 0.514989 0.704254
vt 0.521075 0.701255
vt 0.521287 0.762494
vt 0.521075 0.765493
vt 0.520463 0.768199
vt 0.630345 0.674877
vt 0.631751 0.676794
vt 0.632867 0.678315
vt 0.627424 0.684807
vt 0.526622 0.701255
vt 0.526869 0.704254
vt 0.521287 0.704254
vt 0.526869 0.762494
vt 0.526622 0.765493
vt 0.634727 0.668014
vt 0.636309 0.669654
vt 0.637565 0.670955
vt 0.333997 0.701255
vt 0.338776 0.698549
vt 0.339492 0.701255
vt 0.334208 0.704254
vt 0.339738 0.704254
vt 0.334208 0.762494
vt 0.339738 0.762494
vt 0.339492 0.765493
vt 0.338776 0.768199
vt 0.333997 0.765493
vt 0.638379 0.660439
vt 0.640108 0.661777
vt 0.641480 0.662838
vt 0.327937 0.701255
vt 0.333384 0.698549
vt 0.328109 0.704254
vt 0.328109 0.762494
vt 0.333384 0.768199
vt 0.327937 0.765493
vt 0.641271 0.652251
vt 0.643114 0.653266
vt 0.644576 0.654071
vt 0.321393 0.701255
vt 0.327437 0.698549
vt 0.321524 0.704254
vt 0.321524 0.762494
vt 0.327437 0.768199
vt 0.321393 0.765493
vt 0.643372 0.643543
vt 0.645295 0.644223
vt 0.646821 0.644763
vt 0.314449 0.701255
vt 0.321014 0.698549
vt 0.314536 0.704254
vt 0.314536 0.762494
vt 0.321014 0.768199
vt 0.314449 0.765493
vt 0.644654 0.634411
vt 0.646624 0.634751
vt 0.648188 0.635021
vt 0.307184 0.701255
vt 0.314195 0.698549
vt 0.307228 0.704254
vt 0.307228 0.762494
vt 0.314195 0.768199
vt 0.307184 0.765493
vt 0.645087 0.624948
vt 0.647073 0.624948
vt 0.648650 0.624948
vt 0.299677 0.701255
vt 0.307057 0.698549
vt 0.299677 0.704254
vt 0.299677 0.762494
vt 0.307057 0.768199
vt 0.299677 0.765493
vt 0.644664 0.615731
vt 0.646635 0.615392
vt 0.292479 0.698549
vt 0.299677 0.698549
vt 0.292352 0.701255
vt 0.292308 0.762494
vt 0.292352 0.765493
vt 0.292479 0.768199
vt 0.299677 0.768199
vt 0.643411 0.606763
vt 0.648199 0.615123
vt 0.645335 0.606086
vt 0.285465 0.698549
vt 0.292308 0.704254
vt 0.285212 0.701255
vt 0.285125 0.762494
vt 0.285212 0.765493
vt 0.285465 0.768199
vt 0.641349 0.598147
vt 0.646862 0.605550
vt 0.643194 0.597140
vt 0.278718 0.698549
vt 0.285125 0.704254
vt 0.278343 0.701255
vt 0.278213 0.762494
vt 0.278343 0.765493
vt 0.278718 0.768199
vt 0.638501 0.589989
vt 0.644658 0.596342
vt 0.640234 0.588664
vt 0.272323 0.698549
vt 0.278213 0.704254
vt 0.271829 0.701255
vt 0.271658 0.762494
vt 0.271829 0.765493
vt 0.272323 0.768199
vt 0.634888 0.582395
vt 0.641610 0.587613
vt 0.636479 0.580769
vt 0.266364 0.698549
vt 0.271658 0.704254
vt 0.265758 0.701255
vt 0.265548 0.762494
vt 0.265758 0.765493
vt 0.266364 0.768199
vt 0.630534 0.575472
vt 0.637741 0.579480
vt 0.631951 0.573570
vt 0.260929 0.698549
vt 0.265548 0.704254
vt 0.260219 0.701255
vt 0.259975 0.762494
vt 0.260219 0.765493
vt 0.260929 0.768199
vt 0.625465 0.569329
vt 0.633075 0.572061
vt 0.626680 0.567182
vt 0.526836 0.701255
vt 0.520683 0.698549
vt 0.526114 0.698549
vt 0.527085 0.704254
vt 0.521302 0.701255
vt 0.521515 0.762494
vt 0.527085 0.762494
vt 0.521302 0.765493
vt 0.526836 0.765493
vt 0.520683 0.768199
vt 0.526114 0.768199
vt 0.619707 0.564073
vt 0.620697 0.561721
vt 0.621482 0.559854
vt 0.627644 0.565479
vt 0.515026 0.701255
vt 0.515199 0.704254
vt 0.521515 0.704254
vt 0.515199 0.762494
vt 0.515026 0.765493
vt 0.613291 0.559810
vt 0.614038 0.557297
vt 0.614632 0.555303
vt 0.508051 0.701255
vt 0.514521 0.698549
vt 0.508182 0.704254
vt 0.508182 0.762494
vt 0.514521 0.768199
vt 0.508051 0.765493
vt 0.606247 0.556644
vt 0.606743 0.554018
vt 0.607137 0.551934
vt 0.500429 0.701255
vt 0.507671 0.698549
vt 0.500516 0.704254
vt 0.500516 0.762494
vt 0.507671 0.768199
vt 0.500429 0.765493
vt 0.598607 0.554674
vt 0.598852 0.551984
vt 0.599046 0.549848
vt 0.492210 0.701255
vt 0.500176 0.698549
vt 0.492253 0.704254
vt 0.492253 0.762494
vt 0.500176 0.768199
vt 0.492210 0.765493
vt 0.590400 0.553997
vt 0.590398 0.551286
vt 0.590397 0.549135
vt 0.483435 0.701255
vt 0.492085 0.698549
vt 0.483435 0.704254
vt 0.483435 0.762494
vt 0.492085 0.768199
vt 0.483435 0.765493
vt 0.582442 0.554671
vt 0.582192 0.551982
vt 0.475032 0.698549
vt 0.483436 0.698549
vt 0.474905 0.701255
vt 0.474861 0.762494
vt 0.474905 0.765493
vt 0.475032 0.768199
vt 0.483436 0.768199
vt 0.574994 0.556634
vt 0.581993 0.549847
vt 0.574489 0.554011
vt 0.467127 0.698549
vt 0.474861 0.704254
vt 0.466870 0.701255
vt 0.466781 0.762494
vt 0.466870 0.765493
vt 0.467127 0.768199
vt 0.568093 0.559788
vt 0.574088 0.551929
vt 0.567336 0.557280
vt 0.459775 0.698549
vt 0.466781 0.704254
vt 0.459390 0.701255
vt 0.459257 0.762494
vt 0.459390 0.765493
vt 0.459775 0.768199
vt 0.561777 0.564036
vt 0.566736 0.555290
vt 0.560780 0.561690
vt 0.453028 0.698549
vt 0.459257 0.704254
vt 0.452520 0.701255
vt 0.452345 0.762494
vt 0.452520 0.765493
vt 0.453028 0.768199
vt 0.556084 0.569275
vt 0.554865 0.567134
vt 0.553897 0.565434
vt 0.559989 0.559828
vt 0.446315 0.701255
vt 0.446101 0.704254
vt 0.452345 0.704254
vt 0.446101 0.762494
vt 0.446315 0.765493
vt 0.551049 0.575402
vt 0.549631 0.573502
vt 0.548506 0.571995
vt 0.440822 0.701255
vt 0.446936 0.698549
vt 0.440573 0.704254
vt 0.440573 0.762494
vt 0.446936 0.768199
vt 0.440822 0.765493
vt 0.546705 0.582310
vt 0.545115 0.580684
vt 0.543854 0.579393
vt 0.265693 0.701255
vt 0.260880 0.698549
vt 0.260171 0.701255
vt 0.265484 0.704254
vt 0.259927 0.704254
vt 0.265484 0.762494
vt 0.259927 0.762494
vt 0.260171 0.765493
vt 0.260880 0.768199
vt 0.265693 0.765493
vt 0.543084 0.589897
vt 0.541352 0.588568
vt 0.539978 0.587512
vt 0.271753 0.701255
vt 0.266301 0.698549
vt 0.271582 0.704254
vt 0.271582 0.762494
vt 0.266301 0.768199
vt 0.271753 0.765493
vt 0.540215 0.598057
vt 0.538373 0.597044
vt 0.536910 0.596240
vt 0.278266 0.701255
vt 0.272250 0.698549
vt 0.278136 0.704254
vt 0.278136 0.762494
vt 0.272250 0.768199
vt 0.278266 0.765493
vt 0.538130 0.606688
vt 0.536208 0.606005
vt 0.534682 0.605463
vt 0.285146 0.701255
vt 0.278644 0.698549
vt 0.285058 0.704254
vt 0.285058 0.762494
vt 0.278644 0.768199
vt 0.285146 0.765493
vt 0.536858 0.615686
vt 0.534887 0.615342
vt 0.533323 0.615070
vt 0.292311 0.701255
vt 0.285401 0.698549
vt 0.292267 0.704254
vt 0.292267 0.762494
vt 0.285401 0.768199
vt 0.292311 0.765493
vt 0.536427 0.624949
vt 0.534441 0.624950
vt 0.532864 0.624950
vt 0.299679 0.701255
vt 0.292440 0.698549
vt 0.299679 0.704254
vt 0.299679 0.762494
vt 0.299679 0.765493
vt 0.292440 0.768199
vt 0.536869 0.634378
vt 0.534899 0.634725
vt 0.307042 0.698549
vt 0.299679 0.698549
vt 0.307172 0.701255
vt 0.307216 0.762494
vt 0.307172 0.765493
vt 0.307042 0.768199
vt 0.299679 0.768199
vt 0.538173 0.643488
vt 0.533335 0.635000
vt 0.536252 0.644179
vt 0.314169 0.698549
vt 0.307216 0.704254
vt 0.314427 0.701255
vt 0.314516 0.762494
vt 0.314427 0.765493
vt 0.314169 0.768199
vt 0.540304 0.652182
vt 0.534727 0.644728
vt 0.538466 0.653209
vt 0.320980 0.698549
vt 0.314516 0.704254
vt 0.321363 0.701255
vt 0.321495 0.762494
vt 0.321363 0.765493
vt 0.320980 0.768199
vt 0.543229 0.660364
vt 0.537006 0.654024
vt 0.541504 0.661711
vt 0.327395 0.698549
vt 0.321495 0.704254
vt 0.327898 0.701255
vt 0.328071 0.762494
vt 0.327898 0.765493
vt 0.327395 0.768199
vt 0.546910 0.667938
vt 0.540136 0.662780
vt 0.545331 0.669584
vt 0.333337 0.698549
vt 0.328071 0.704254
vt 0.333951 0.701255
vt 0.334163 0.762494
vt 0.333951 0.765493
vt 0.333337 0.768199
vt 0.551313 0.674806
vt 0.544078 0.670890
vt 0.549908 0.676724
vt 0.338727 0.698549
vt 0.334163 0.704254
vt 0.339443 0.701255
vt 0.339689 0.762494
vt 0.339443 0.765493
vt 0.338727 0.768199
vt 0.556399 0.680874
vt 0.548794 0.678247
vt 0.555195 0.683031
vt 0.441117 0.701255
vt 0.447278 0.698549
vt 0.441833 0.698549
vt 0.440870 0.704254
vt 0.446664 0.701255
vt 0.446453 0.762494
vt 0.440870 0.762494
vt 0.446664 0.765493
vt 0.441117 0.765493
vt 0.447278 0.768199
vt 0.441833 0.768199
vt 0.562130 0.686045
vt 0.561148 0.688403
vt 0.560368 0.690273
vt 0.554239 0.684743
vt 0.452907 0.701255
vt 0.446453 0.704254
vt 0.452735 0.762494
vt 0.452907 0.765493
vt 0.568466 0.690225
vt 0.567722 0.692739
vt 0.567132 0.694735
vt 0.459791 0.701255
vt 0.453407 0.698549
vt 0.459661 0.704254
vt 0.452735 0.704254
vt 0.459661 0.762494
vt 0.453407 0.768199
vt 0.459791 0.765493
vt 0.575365 0.693320
vt 0.574869 0.695945
vt 0.574475 0.698029
vt 0.467261 0.701255
vt 0.460171 0.698549
vt 0.467174 0.704254
vt 0.467174 0.762494
vt 0.460171 0.768199
vt 0.467261 0.765493
vt 0.582786 0.695240
vt 0.582539 0.697931
vt 0.582344 0.700066
vt 0.475258 0.701255
vt 0.467514 0.698549
vt 0.475214 0.704254
vt 0.475214 0.762494
vt 0.467514 0.768199
vt 0.475258 0.765493
vt 0.590684 0.695899
vt 0.590683 0.698610
vt 0.590682 0.700761
vt 0.483720 0.701255
vt 0.475383 0.698549
vt 0.483720 0.704254
vt 0.483720 0.762494
vt 0.475383 0.768199
vt 0.483720 0.765493
vt 0.483721 0.698549
vt 0.483721 0.768199
vt 0.600502 0.579117
vt 0.595732 0.577897
vt 0.600012 0.581745
vt 0.595488 0.580588
vt 0.599624 0.583830
vt 0.595295 0.582723
vt 0.599375 0.759588
vt 0.595295 0.756882
vt 0.595171 0.759588
vt 0.599289 0.762587
vt 0.595128 0.762587
vt 0.599289 0.820827
vt 0.595128 0.820827
vt 0.595171 0.823826
vt 0.595295 0.826532
vt 0.599375 0.823826
vt 0.604966 0.581087
vt 0.604233 0.583607
vt 0.603652 0.585608
vt 0.603279 0.759588
vt 0.599624 0.756882
vt 0.603150 0.762587
vt 0.603150 0.820827
vt 0.599624 0.826532
vt 0.603279 0.823826
vt 0.609094 0.583758
vt 0.608127 0.586126
vt 0.607359 0.588006
vt 0.606866 0.759588
vt 0.603652 0.756882
vt 0.606696 0.762587
vt 0.606696 0.820827
vt 0.603652 0.826532
vt 0.606866 0.823826
vt 0.612856 0.587081
vt 0.611668 0.589255
vt 0.610725 0.590980
vt 0.610119 0.759588
vt 0.607359 0.756882
vt 0.609911 0.762587
vt 0.609911 0.820827
vt 0.607359 0.826532
vt 0.610119 0.823826
vt 0.616222 0.591012
vt 0.614832 0.592950
vt 0.613729 0.594488
vt 0.613021 0.759588
vt 0.610725 0.756882
vt 0.612777 0.762587
vt 0.612777 0.820827
vt 0.610725 0.826532
vt 0.613021 0.823826
vt 0.619162 0.595505
vt 0.617594 0.597171
vt 0.616349 0.598493
vt 0.280917 0.701255
vt 0.277360 0.698549
vt 0.278084 0.701255
vt 0.281131 0.704254
vt 0.278333 0.704254
vt 0.281131 0.762494
vt 0.278333 0.762494
vt 0.278084 0.765493
vt 0.277360 0.768199
vt 0.280917 0.765493
vt 0.621643 0.600518
vt 0.619925 0.601882
vt 0.283570 0.698549
vt 0.280295 0.698549
vt 0.284254 0.704254
vt 0.284254 0.762494
vt 0.283570 0.768199
vt 0.280295 0.768199
vt 0.623633 0.606009
vt 0.618562 0.602964
vt 0.621797 0.607046
vt 0.284079 0.701255
vt 0.287164 0.698549
vt 0.287551 0.701255
vt 0.287685 0.762494
vt 0.287551 0.765493
vt 0.284079 0.765493
vt 0.287164 0.768199
vt 0.625099 0.611937
vt 0.620340 0.607869
vt 0.623179 0.612632
vt 0.291058 0.698549
vt 0.287685 0.704254
vt 0.291318 0.701255
vt 0.291408 0.762494
vt 0.291318 0.765493
vt 0.291058 0.768199
vt 0.626007 0.618263
vt 0.621655 0.613185
vt 0.624036 0.618610
vt 0.295235 0.698549
vt 0.291408 0.704254
vt 0.295365 0.701255
vt 0.295410 0.762494
vt 0.295365 0.765493
vt 0.295235 0.768199
vt 0.626318 0.624949
vt 0.622472 0.618886
vt 0.624331 0.624949
vt 0.299678 0.698549
vt 0.295410 0.704254
vt 0.299678 0.701255
vt 0.299678 0.762494
vt 0.299678 0.765493
vt 0.299678 0.768199
vt 0.626006 0.631675
vt 0.624036 0.631330
vt 0.622472 0.631056
vt 0.622755 0.624950
vt 0.304023 0.701255
vt 0.303978 0.704254
vt 0.299678 0.704254
vt 0.303978 0.762494
vt 0.304023 0.765493
vt 0.625099 0.638029
vt 0.623178 0.637335
vt 0.621654 0.636785
vt 0.308090 0.701255
vt 0.304152 0.698549
vt 0.308001 0.704254
vt 0.308001 0.762494
vt 0.304152 0.768199
vt 0.308090 0.765493
vt 0.623633 0.643971
vt 0.621796 0.642935
vt 0.620339 0.642113
vt 0.311866 0.701255
vt 0.308349 0.698549
vt 0.311733 0.704254
vt 0.311733 0.762494
vt 0.308349 0.768199
vt 0.311866 0.765493
vt 0.621643 0.649465
vt 0.619925 0.648101
vt 0.618562 0.647019
vt 0.315338 0.701255
vt 0.312253 0.698549
vt 0.315163 0.704254
vt 0.315163 0.762494
vt 0.312253 0.768199
vt 0.315338 0.765493
vt 0.619162 0.654472
vt 0.617595 0.652804
vt 0.616352 0.651481
vt 0.318494 0.701255
vt 0.315847 0.698549
vt 0.318280 0.704254
vt 0.318280 0.762494
vt 0.315847 0.768199
vt 0.318494 0.765493
vt 0.616224 0.658954
vt 0.614836 0.657014
vt 0.322042 0.698549
vt 0.319117 0.698549
vt 0.321318 0.701255
vt 0.321068 0.762494
vt 0.321318 0.765493
vt 0.322042 0.768199
vt 0.319117 0.768199
vt 0.612859 0.662871
vt 0.613734 0.655474
vt 0.611674 0.660694
vt 0.613027 0.759588
vt 0.610733 0.756882
vt 0.613734 0.756882
vt 0.612783 0.762587
vt 0.610129 0.759588
vt 0.609921 0.820827
vt 0.612783 0.820827
vt 0.610129 0.823826
vt 0.613027 0.823826
vt 0.610733 0.826532
vt 0.613734 0.826532
vt 0.609098 0.666179
vt 0.610733 0.658967
vt 0.608134 0.663807
vt 0.607369 0.756882
vt 0.609921 0.762587
vt 0.606878 0.759588
vt 0.606709 0.820827
vt 0.606878 0.823826
vt 0.607369 0.826532
vt 0.604970 0.668834
vt 0.607369 0.661925
vt 0.604241 0.666312
vt 0.603663 0.756882
vt 0.606709 0.762587
vt 0.603292 0.759588
vt 0.603164 0.820827
vt 0.603292 0.823826
vt 0.603663 0.826532
vt 0.600505 0.670792
vt 0.603663 0.664310
vt 0.600019 0.668163
vt 0.599633 0.756882
vt 0.603164 0.762587
vt 0.599385 0.759588
vt 0.599300 0.820827
vt 0.599385 0.823826
vt 0.599633 0.826532
vt 0.595734 0.672002
vt 0.599633 0.666076
vt 0.595492 0.669312
vt 0.595300 0.756882
vt 0.599300 0.762587
vt 0.595177 0.759588
vt 0.595135 0.820827
vt 0.595177 0.823826
vt 0.595300 0.826532
vt 0.590686 0.672417
vt 0.595300 0.667176
vt 0.590687 0.669707
vt 0.590687 0.756882
vt 0.595135 0.762587
vt 0.590687 0.759588
vt 0.590687 0.820827
vt 0.590687 0.823826
vt 0.590687 0.826532
vt 0.585672 0.672003
vt 0.585915 0.669312
vt 0.586108 0.667177
vt 0.590687 0.667555
vt 0.586232 0.759588
vt 0.586275 0.762587
vt 0.590687 0.762587
vt 0.586275 0.820827
vt 0.586232 0.823826
vt 0.580929 0.670792
vt 0.581417 0.668164
vt 0.581805 0.666079
vt 0.582054 0.759588
vt 0.586108 0.756882
vt 0.582140 0.762587
vt 0.582140 0.820827
vt 0.586108 0.826532
vt 0.582054 0.823826
vt 0.576487 0.668836
vt 0.577218 0.666315
vt 0.577799 0.664314
vt 0.578172 0.759588
vt 0.581805 0.756882
vt 0.578300 0.762587
vt 0.578300 0.820827
vt 0.581805 0.826532
vt 0.578172 0.823826
vt 0.572377 0.666181
vt 0.573343 0.663812
vt 0.574110 0.661932
vt 0.574603 0.759588
vt 0.577799 0.756882
vt 0.574772 0.762587
vt 0.574772 0.820827
vt 0.577799 0.826532
vt 0.574603 0.823826
vt 0.568629 0.662873
vt 0.569817 0.660699
vt 0.570759 0.658974
vt 0.571365 0.759588
vt 0.574110 0.756882
vt 0.571573 0.762587
vt 0.571573 0.820827
vt 0.574110 0.826532
vt 0.571365 0.823826
vt 0.565274 0.658957
vt 0.566664 0.657019
vt 0.567767 0.655481
vt 0.568475 0.759588
vt 0.570759 0.756882
vt 0.568719 0.762587
vt 0.568719 0.820827
vt 0.570759 0.826532
vt 0.568475 0.823826
vt 0.562342 0.654474
vt 0.563911 0.652809
vt 0.565156 0.651488
vt 0.318500 0.701255
vt 0.322047 0.698549
vt 0.321324 0.701255
vt 0.318286 0.704254
vt 0.321075 0.704254
vt 0.318286 0.762494
vt 0.321075 0.762494
vt 0.321324 0.765493
vt 0.322047 0.768199
vt 0.318500 0.765493
vt 0.559867 0.649466
vt 0.561585 0.648105
vt 0.315851 0.698549
vt 0.319122 0.698549
vt 0.315343 0.701255
vt 0.315167 0.762494
vt 0.315343 0.765493
vt 0.315851 0.768199
vt 0.319122 0.768199
vt 0.557879 0.643972
vt 0.562949 0.647024
vt 0.559716 0.642937
vt 0.312255 0.698549
vt 0.315167 0.704254
vt 0.311869 0.701255
vt 0.311736 0.762494
vt 0.311869 0.765493
vt 0.312255 0.768199
vt 0.556414 0.638030
vt 0.561173 0.642116
vt 0.558335 0.637336
vt 0.308350 0.698549
vt 0.311736 0.704254
vt 0.308092 0.701255
vt 0.308003 0.762494
vt 0.308092 0.765493
vt 0.308350 0.768199
vt 0.555507 0.631676
vt 0.559859 0.636786
vt 0.557478 0.631330
vt 0.308003 0.704254
vt 0.303979 0.762494
vt 0.555196 0.624949
vt 0.559042 0.631056
vt 0.557183 0.624949
vt 0.303979 0.704254
vt 0.555507 0.618263
vt 0.557478 0.618610
vt 0.559041 0.618885
vt 0.558759 0.624950
vt 0.295409 0.704254
vt 0.295409 0.762494
vt 0.556414 0.611936
vt 0.558334 0.612631
vt 0.559858 0.613183
vt 0.291317 0.701255
vt 0.291406 0.704254
vt 0.291406 0.762494
vt 0.291317 0.765493
vt 0.557879 0.606007
vt 0.559715 0.607044
vt 0.561172 0.607866
vt 0.287549 0.701255
vt 0.291057 0.698549
vt 0.287682 0.704254
vt 0.287682 0.762494
vt 0.291057 0.768199
vt 0.287549 0.765493
vt 0.559867 0.600516
vt 0.561585 0.601878
vt 0.562949 0.602959
vt 0.284075 0.701255
vt 0.287162 0.698549
vt 0.284250 0.704254
vt 0.284250 0.762494
vt 0.287162 0.768199
vt 0.284075 0.765493
vt 0.562344 0.595503
vt 0.563912 0.597167
vt 0.565158 0.598487
vt 0.280911 0.701255
vt 0.283566 0.698549
vt 0.281125 0.762494
vt 0.280911 0.765493
vt 0.283566 0.768199
vt 0.565276 0.591009
vt 0.566668 0.592945
vt 0.277355 0.698549
vt 0.280290 0.698549
vt 0.281125 0.704254
vt 0.278077 0.701255
vt 0.278326 0.762494
vt 0.278077 0.765493
vt 0.277355 0.768199
vt 0.280290 0.768199
vt 0.568632 0.587079
vt 0.567772 0.594481
vt 0.569823 0.589250
vt 0.568482 0.759588
vt 0.570768 0.756882
vt 0.567772 0.756882
vt 0.568726 0.762587
vt 0.571374 0.759588
vt 0.571583 0.820827
vt 0.568726 0.820827
vt 0.571374 0.823826
vt 0.568482 0.823826
vt 0.570768 0.826532
vt 0.567772 0.826532
vt 0.572381 0.583755
vt 0.570768 0.590972
vt 0.573351 0.586122
vt 0.574121 0.756882
vt 0.571583 0.762587
vt 0.574615 0.759588
vt 0.574786 0.820827
vt 0.574615 0.823826
vt 0.574121 0.826532
vt 0.576491 0.581085
vt 0.574121 0.588000
vt 0.577226 0.583604
vt 0.577810 0.756882
vt 0.574786 0.762587
vt 0.578185 0.759588
vt 0.578314 0.820827
vt 0.578185 0.823826
vt 0.577810 0.826532
vt 0.580932 0.579116
vt 0.577810 0.585603
vt 0.581424 0.581743
vt 0.581814 0.756882
vt 0.578314 0.762587
vt 0.582065 0.759588
vt 0.582151 0.820827
vt 0.582065 0.823826
vt 0.581814 0.826532
vt 0.585674 0.577897
vt 0.581814 0.583828
vt 0.585919 0.580588
vt 0.586113 0.756882
vt 0.582151 0.762587
vt 0.586238 0.759588
vt 0.586281 0.820827
vt 0.586238 0.823826
vt 0.586113 0.826532
vt 0.590686 0.577479
vt 0.586113 0.582723
vt 0.590687 0.580190
vt 0.586281 0.762587
vt 0.590687 0.582341
vt 0.291999 0.558749
vt 0.305085 0.691147
vt 0.291999 0.691147
vt 0.305938 0.661833
vt 0.306222 0.661833
vt 0.337229 0.636790
vt 0.382459 0.691147
vt 0.369516 0.691147
vt 0.368236 0.661833
vt 0.368520 0.661833
vt 0.382459 0.558749
vt 0.305938 0.558749
vt 0.336091 0.610582
vt 0.338367 0.610582
vt 0.368520 0.558749
vt 0.366322 0.658834
vt 0.366322 0.555750
vt 0.364340 0.656128
vt 0.364340 0.553044
vt 0.320948 0.698549
vt 0.246996 0.696401
vt 0.319938 0.701255
vt 0.319590 0.704254
vt 0.319590 0.762494
vt 0.319938 0.765493
vt 0.246996 0.770346
vt 0.320948 0.768199
vt 0.370252 0.656128
vt 0.371011 0.653980
vt 0.362767 0.653980
vt 0.371498 0.759588
vt 0.362767 0.756882
vt 0.361756 0.759588
vt 0.371666 0.762587
vt 0.361408 0.762587
vt 0.371666 0.820827
vt 0.361408 0.820827
vt 0.361756 0.823826
vt 0.362767 0.826532
vt 0.371498 0.823826
vt 0.369295 0.658834
vt 0.339427 0.607583
vt 0.340383 0.604877
vt 0.283399 0.698549
vt 0.282388 0.701255
vt 0.282040 0.762494
vt 0.282388 0.765493
vt 0.283399 0.768199
vt 0.335031 0.607583
vt 0.334075 0.604877
vt 0.333316 0.602730
vt 0.341142 0.602730
vt 0.332829 0.759588
vt 0.341142 0.756882
vt 0.341629 0.759588
vt 0.341797 0.762587
vt 0.332661 0.820827
vt 0.341797 0.820827
vt 0.332829 0.823826
vt 0.341629 0.823826
vt 0.333316 0.826532
vt 0.341142 0.826532
vt 0.305163 0.658834
vt 0.304206 0.656128
vt 0.303447 0.653980
vt 0.282040 0.704254
vt 0.308136 0.658834
vt 0.310118 0.656128
vt 0.302960 0.759588
vt 0.311691 0.756882
vt 0.303447 0.756882
vt 0.302792 0.762587
vt 0.312702 0.759588
vt 0.313050 0.820827
vt 0.302792 0.820827
vt 0.312702 0.823826
vt 0.302960 0.823826
vt 0.311691 0.826532
vt 0.303447 0.826532
vt 0.308136 0.555750
vt 0.322521 0.696401
vt 0.322521 0.770346
vt 0.289802 0.555750
vt 0.287819 0.553044
vt 0.310118 0.553044
vt 0.286246 0.756882
vt 0.310118 0.754735
vt 0.284888 0.762587
vt 0.313050 0.762587
vt 0.284888 0.820827
vt 0.285236 0.823826
vt 0.286246 0.826532
vt 0.287819 0.828680
vt 0.310118 0.828680
vt 0.289802 0.694147
vt 0.287819 0.696852
vt 0.352358 0.770346
vt 0.306135 0.694147
vt 0.307083 0.696852
vt 0.307834 0.699000
vt 0.286246 0.699000
vt 0.308317 0.759588
vt 0.285236 0.759588
vt 0.308484 0.762587
vt 0.308484 0.820827
vt 0.308317 0.823826
vt 0.337233 0.641559
vt 0.337236 0.645862
vt 0.337239 0.649276
vt 0.319108 0.701255
vt 0.319661 0.704254
vt 0.319661 0.762494
vt 0.319108 0.765493
vt 0.368468 0.694147
vt 0.367523 0.696852
vt 0.317501 0.698549
vt 0.317501 0.768199
vt 0.384656 0.694147
vt 0.366773 0.699000
vt 0.386639 0.696852
vt 0.366292 0.759588
vt 0.388212 0.756882
vt 0.366773 0.756882
vt 0.366126 0.762587
vt 0.389222 0.759588
vt 0.389570 0.820827
vt 0.366126 0.820827
vt 0.389222 0.823826
vt 0.366292 0.823826
vt 0.388212 0.826532
vt 0.366773 0.826532
vt 0.384656 0.555750
vt 0.386639 0.553044
vt 0.388212 0.550897
vt 0.388212 0.699000
vt 0.386639 0.754735
vt 0.389570 0.762587
vt 0.364340 0.828680
vt 0.386639 0.828680
vt 0.514592 0.791707
vt 0.528531 0.907021
vt 0.514592 0.924105
vt 0.569636 0.924105
vt 0.569636 0.907021
vt 0.528531 0.867030
vt 0.528531 0.849947
vt 0.568213 0.867030
vt 0.568213 0.849947
vt 0.528531 0.808791
vt 0.570916 0.808791
vt 0.570916 0.791707
vt 0.530728 0.870030
vt 0.530728 0.904022
vt 0.532711 0.872736
vt 0.532711 0.901316
vt 0.534284 0.899169
vt 0.590764 0.759588
vt 0.607547 0.756882
vt 0.606537 0.759588
vt 0.606189 0.762587
vt 0.591112 0.820827
vt 0.606189 0.820827
vt 0.590764 0.823826
vt 0.606537 0.823826
vt 0.607547 0.826532
vt 0.570411 0.870030
vt 0.534284 0.874883
vt 0.572393 0.872736
vt 0.535294 0.759588
vt 0.573967 0.756882
vt 0.534284 0.756882
vt 0.535642 0.762587
vt 0.574977 0.759588
vt 0.575325 0.820827
vt 0.535642 0.820827
vt 0.574977 0.823826
vt 0.535294 0.823826
vt 0.573967 0.826532
vt 0.534284 0.826532
vt 0.570411 0.846947
vt 0.572393 0.844241
vt 0.573967 0.874883
vt 0.564721 0.759588
vt 0.589754 0.756882
vt 0.564373 0.762587
vt 0.591112 0.762587
vt 0.564373 0.820827
vt 0.564721 0.823826
vt 0.589754 0.826532
vt 0.530728 0.846947
vt 0.532711 0.844241
vt 0.534284 0.842094
vt 0.573967 0.842094
vt 0.575325 0.762587
vt 0.530728 0.811790
vt 0.534284 0.816644
vt 0.547085 0.756882
vt 0.565731 0.756882
vt 0.548095 0.759588
vt 0.548443 0.820827
vt 0.547085 0.826532
vt 0.565731 0.826532
vt 0.532711 0.814496
vt 0.573113 0.811790
vt 0.575096 0.814496
vt 0.576669 0.756882
vt 0.577679 0.759588
vt 0.578027 0.820827
vt 0.577679 0.823826
vt 0.576669 0.826532
vt 0.573113 0.788708
vt 0.576669 0.783854
vt 0.576669 0.816644
vt 0.440124 0.698549
vt 0.441134 0.701255
vt 0.441482 0.704254
vt 0.441482 0.762494
vt 0.441134 0.765493
vt 0.440124 0.768199
vt 0.575096 0.786002
vt 0.512394 0.788708
vt 0.510412 0.786002
vt 0.508839 0.783854
vt 0.400867 0.701255
vt 0.469708 0.698549
vt 0.470718 0.701255
vt 0.400519 0.704254
vt 0.471066 0.704254
vt 0.400519 0.762494
vt 0.471066 0.762494
vt 0.400867 0.765493
vt 0.470718 0.765493
vt 0.401878 0.768199
vt 0.469708 0.768199
vt 0.512394 0.927104
vt 0.510412 0.929810
vt 0.508839 0.931958
vt 0.573816 0.929810
vt 0.575389 0.931958
vt 0.469438 0.701255
vt 0.401878 0.698549
vt 0.469786 0.704254
vt 0.469786 0.762494
vt 0.469438 0.765493
vt 0.468428 0.768199
vt 0.571833 0.927104
vt 0.571833 0.904022
vt 0.573816 0.901316
vt 0.499576 0.701255
vt 0.499228 0.704254
vt 0.499228 0.762494
vt 0.499576 0.765493
vt 0.500586 0.768199
vt 0.575389 0.899169
vt 0.575389 0.756882
vt 0.576399 0.759588
vt 0.576747 0.762587
vt 0.576747 0.820827
vt 0.576399 0.823826
vt 0.575389 0.826532
vt 0.353957 0.754735
vt 0.204045 0.754735
vt 0.269446 0.698549
vt 0.269446 0.768199
vt 0.525906 0.698549
vt 0.525906 0.768199
vt 0.259975 0.704254
vt 0.441545 0.698549
vt 0.441545 0.768199
vt 0.339689 0.704254
vt 0.613729 0.756882
vt 0.613729 0.826532
vt 0.321068 0.704254
vt 0.567767 0.756882
vt 0.567767 0.826532
vt 0.278326 0.704254
vt 0.371011 0.756882
vt 0.371011 0.826532
vt 0.333316 0.756882
vt 0.332661 0.762587
vt 0.311691 0.653980
vt 0.287819 0.754735
vt 0.352358 0.696401
vt 0.307834 0.756882
vt 0.307834 0.826532
vt 0.364340 0.754735
vt 0.548443 0.762587
vt 0.548095 0.823826
vt 0.578027 0.762587
vt 0.468428 0.698549
vt 0.500586 0.698549
s 1
usemtl Chocolate
f 158/135/1 160/136/1 159/137/1
f 158/135/1 161/138/1 160/136/1
f 161/138/1 163/139/1 162/140/1
f 161/138/1 156/141/1 163/139/1
f 156/141/1 164/142/1 163/139/1
f 164/142/1 166/143/1 165/144/1
f 164/142/1 167/145/1 166/143/1
f 161/138/1 157/146/1 156/141/1
f 155/147/1 164/142/1 156/141/1
f 158/135/1 157/146/1 161/138/1
f 155/147/1 167/145/1 164/142/1
f 173/136/2 171/135/2 172/137/2
f 174/138/2 171/135/2 173/136/2
f 176/139/2 174/138/2 175/140/2
f 169/141/2 174/138/2 176/139/2
f 177/142/2 169/141/2 176/139/2
f 179/143/2 177/142/2 178/144/2
f 180/145/2 177/142/2 179/143/2
f 170/146/2 174/138/2 169/141/2
f 177/142/2 168/147/2 169/141/2
f 180/145/2 168/147/2 177/142/2
f 194/148/131 181/147/132 182/149/133
f 195/150/134 182/149/133 183/151/135
f 196/152/136 183/151/135 184/153/137
f 197/154/138 184/155/137 185/156/139
f 198/157/140 185/156/139 186/158/141
f 199/159/142 186/158/141 187/160/143
f 188/161/144 199/159/142 187/160/143
f 189/162/145 200/163/146 188/161/144
f 190/151/147 201/152/148 189/153/145
f 191/149/149 202/150/150 190/151/147
f 192/147/151 203/148/152 191/149/149
f 194/148/131 205/146/153 193/141/154
f 195/150/134 206/164/155 194/148/131
f 196/152/136 207/165/156 195/150/134
f 197/154/138 208/155/157 196/166/136
f 198/157/140 209/156/158 197/154/138
f 211/160/159 198/157/140 199/159/142
f 212/161/160 199/159/142 200/163/146
f 213/162/161 200/163/146 201/167/148
f 214/165/162 201/152/148 202/150/150
f 215/164/163 202/150/150 203/148/152
f 216/146/164 203/148/152 204/141/165
f 206/164/155 217/135/132 205/146/153
f 207/165/156 218/168/133 206/164/155
f 208/169/157 219/170/166 207/165/156
f 209/171/158 220/172/167 208/173/157
f 210/174/168 221/175/169 209/171/158
f 223/176/170 210/174/168 211/177/159
f 224/178/171 211/177/159 212/179/160
f 225/180/172 212/179/160 213/181/161
f 226/170/173 213/169/161 214/165/162
f 227/168/149 214/165/162 215/164/163
f 228/135/151 215/164/163 216/146/164
f 218/168/133 229/137/174 217/135/132
f 219/170/166 230/182/175 218/168/133
f 220/183/167 231/184/176 219/170/166
f 221/156/169 232/185/177 220/155/167
f 222/158/178 233/186/179 221/156/169
f 235/187/180 222/158/178 223/160/170
f 236/188/181 223/160/170 224/161/171
f 237/189/182 224/161/171 225/162/172
f 238/184/183 225/183/172 226/170/173
f 239/182/184 226/170/173 227/168/149
f 240/137/185 227/168/149 228/135/151
f 242/190/186 229/137/174 230/182/175
f 243/191/187 230/182/175 231/184/176
f 244/192/188 231/193/176 232/194/177
f 245/195/189 232/194/177 233/196/179
f 246/197/190 233/196/179 234/198/191
f 247/199/192 234/198/191 235/200/180
f 236/201/181 247/199/192 235/200/180
f 237/202/182 248/203/193 236/201/181
f 238/204/183 249/205/194 237/202/182
f 239/182/184 250/191/195 238/184/183
f 240/137/185 251/190/196 239/182/184
f 254/206/197 241/136/198 242/190/186
f 255/207/199 242/190/186 243/191/187
f 256/208/200 243/191/187 244/209/188
f 257/210/201 244/185/188 245/186/189
f 258/211/202 245/186/189 246/212/190
f 259/213/203 246/212/190 247/187/192
f 248/188/193 259/213/203 247/187/192
f 249/189/194 260/214/204 248/188/193
f 250/191/195 261/208/205 249/209/194
f 251/190/196 262/207/206 250/191/195
f 252/136/207 263/206/208 251/190/196
f 254/206/197 265/140/209 253/138/210
f 255/207/199 266/215/211 254/206/197
f 256/208/200 267/216/212 255/207/199
f 257/210/201 268/185/213 256/217/200
f 258/211/202 269/186/214 257/210/201
f 271/187/215 258/211/202 259/213/203
f 272/188/216 259/213/203 260/214/204
f 273/189/217 260/214/204 261/218/205
f 274/216/218 261/208/205 262/207/206
f 275/215/219 262/207/206 263/206/208
f 276/140/220 263/206/208 264/138/221
f 278/219/222 265/140/209 266/215/211
f 279/220/223 266/215/211 267/216/212
f 280/221/224 267/222/212 268/223/213
f 281/224/225 268/223/213 269/225/214
f 282/226/226 269/225/214 270/227/227
f 283/228/228 270/227/227 271/229/215
f 272/230/216 283/228/228 271/229/215
f 273/231/217 284/232/229 272/230/216
f 274/233/218 285/234/230 273/231/217
f 275/215/219 286/220/231 274/216/218
f 276/140/220 287/219/232 275/215/219
f 290/235/233 277/139/234 278/219/222
f 291/236/235 278/219/222 279/220/223
f 292/237/236 279/220/223 280/238/224
f 293/239/237 280/185/224 281/186/225
f 294/240/238 281/186/225 282/212/226
f 295/241/239 282/212/226 283/187/228
f 284/188/229 295/241/239 283/187/228
f 285/189/230 296/242/240 284/188/229
f 286/220/231 297/237/241 285/238/230
f 287/219/232 298/236/242 286/220/231
f 288/139/243 299/235/244 287/219/232
f 290/235/233 301/144/245 289/142/246
f 291/236/235 302/243/247 290/235/233
f 292/237/236 303/244/248 291/236/235
f 293/239/237 304/185/249 292/245/236
f 294/240/238 305/186/250 293/239/237
f 307/187/251 294/240/238 295/241/239
f 308/188/252 295/241/239 296/242/240
f 309/189/253 296/242/240 297/246/241
f 310/244/254 297/237/241 298/236/242
f 311/243/255 298/236/242 299/235/244
f 312/144/256 299/235/244 300/142/257
f 302/243/247 313/143/258 301/144/245
f 303/244/248 314/247/259 302/243/247
f 304/248/249 315/249/260 303/250/248
f 305/251/250 316/252/261 304/248/249
f 306/253/262 317/254/263 305/251/250
f 319/255/264 306/253/262 307/256/251
f 320/257/265 307/256/251 308/258/252
f 321/259/266 308/258/252 309/260/253
f 322/261/267 309/260/253 310/262/254
f 323/247/268 310/244/254 311/243/255
f 324/143/269 311/243/255 312/144/256
f 326/263/270 313/143/258 314/247/259
f 327/264/271 314/247/259 315/265/260
f 328/266/272 315/265/260 316/267/261
f 329/156/273 316/185/261 317/186/263
f 330/158/274 317/186/263 318/212/275
f 331/160/276 318/212/275 319/187/264
f 320/188/265 331/160/276 319/187/264
f 321/189/266 332/161/277 320/188/265
f 322/265/267 333/266/278 321/267/266
f 323/247/268 334/264/279 322/265/267
f 324/143/269 335/263/280 323/247/268
f 326/263/270 181/147/132 325/145/281
f 327/264/271 182/149/133 326/263/270
f 328/266/272 183/151/135 327/264/271
f 329/268/273 184/269/137 328/270/272
f 330/271/274 185/272/139 329/268/273
f 187/273/143 330/271/274 331/274/276
f 188/275/144 331/274/276 332/276/277
f 189/277/145 332/276/277 333/278/278
f 190/151/147 333/266/278 334/264/279
f 191/149/149 334/264/279 335/263/280
f 192/147/151 335/263/280 336/145/282
f 341/279/1 343/280/1 342/281/1
f 341/279/1 344/282/1 343/280/1
f 345/283/1 347/284/1 346/285/1
f 345/283/1 348/286/1 347/284/1
f 341/279/1 339/287/1 344/282/1
f 339/287/1 345/283/1 344/282/1
f 339/287/1 338/288/1 345/283/1
f 338/288/1 348/286/1 345/283/1
f 341/279/1 340/289/1 339/287/1
f 337/290/1 348/286/1 338/288/1
f 355/280/2 353/279/2 354/281/2
f 356/282/2 353/279/2 355/280/2
f 359/284/2 357/283/2 358/285/2
f 360/286/2 357/283/2 359/284/2
f 351/287/2 353/279/2 356/282/2
f 357/283/2 351/287/2 356/282/2
f 350/288/2 351/287/2 357/283/2
f 360/286/2 350/288/2 357/283/2
f 352/289/2 353/279/2 351/287/2
f 360/286/2 349/290/2 350/288/2
f 374/291/283 361/290/284 362/292/285
f 375/293/286 362/292/285 363/294/287
f 376/295/288 363/294/287 364/296/289
f 377/297/290 364/19/289 365/20/291
f 378/298/292 365/20/291 366/22/293
f 379/299/294 366/22/293 367/24/295
f 368/25/296 379/299/294 367/24/295
f 369/26/297 380/300/298 368/25/296
f 370/294/299 381/295/300 369/296/297
f 371/292/301 382/293/302 370/294/299
f 372/290/303 383/291/304 371/292/301
f 386/301/305 373/288/284 374/291/283
f 375/293/286 386/301/305 374/291/283
f 388/302/306 375/293/286 376/295/288
f 389/303/307 376/304/288 377/305/290
f 390/306/308 377/305/290 378/307/292
f 391/308/309 378/307/292 379/309/294
f 392/310/310 379/309/294 380/311/298
f 393/312/311 380/311/298 381/313/300
f 394/314/312 381/295/300 382/293/302
f 395/301/313 382/293/302 383/291/304
f 396/287/314 383/291/304 384/288/303
f 386/301/305 397/289/315 385/287/315
f 387/314/316 398/315/317 386/301/305
f 388/302/306 399/316/318 387/314/316
f 389/297/307 400/19/319 388/317/306
f 390/298/308 401/20/320 389/297/307
f 403/24/321 390/298/308 391/299/309
f 404/25/322 391/299/309 392/300/310
f 405/26/323 392/300/310 393/318/311
f 406/316/324 393/302/311 394/314/312
f 407/315/325 394/314/312 395/301/313
f 408/289/314 395/301/313 396/287/314
f 410/319/285 397/289/315 398/315/317
f 411/320/287 398/315/317 399/316/318
f 412/321/326 399/316/318 400/322/319
f 413/323/291 400/324/319 401/303/320
f 414/325/293 401/303/320 402/306/327
f 415/326/328 402/306/327 403/308/321
f 416/327/296 403/308/321 404/310/322
f 417/328/297 404/310/322 405/312/323
f 406/316/324 417/321/297 405/322/323
f 419/319/301 406/316/324 407/315/325
f 420/279/303 407/315/325 408/289/314
f 422/329/329 409/279/284 410/319/285
f 423/330/330 410/319/285 411/320/287
f 424/331/331 411/332/287 412/19/326
f 425/333/332 412/19/326 413/20/291
f 426/334/333 413/20/291 414/22/293
f 427/335/334 414/22/293 415/24/328
f 428/336/335 415/24/328 416/25/296
f 429/337/336 416/25/296 417/26/297
f 430/338/337 417/26/297 418/339/299
f 431/329/338 418/320/299 419/319/301
f 432/281/339 419/319/301 420/279/303
f 434/340/340 421/281/341 422/329/329
f 435/341/342 422/329/329 423/330/330
f 436/342/343 423/330/330 424/343/331
f 425/323/332 436/324/343 424/344/331
f 438/306/344 425/323/332 426/325/333
f 439/308/345 426/325/333 427/326/334
f 440/310/346 427/326/334 428/327/335
f 441/312/347 428/327/335 429/328/336
f 442/341/348 429/343/336 430/330/337
f 443/340/349 430/330/337 431/329/338
f 444/280/350 431/329/338 432/281/339
f 446/345/351 433/280/352 434/340/340
f 447/346/353 434/340/340 435/341/342
f 448/347/354 435/341/342 436/342/343
f 449/348/355 436/331/343 437/333/356
f 450/349/357 437/333/356 438/334/344
f 451/350/358 438/334/344 439/335/345
f 440/336/346 451/350/358 439/335/345
f 441/337/347 452/351/359 440/336/346
f 442/341/348 453/347/360 441/342/347
f 443/340/349 454/346/361 442/341/348
f 444/280/350 455/345/362 443/340/349
f 458/352/363 445/282/352 446/345/351
f 459/353/364 446/345/351 447/346/353
f 460/354/365 447/346/353 448/347/354
f 461/305/366 448/324/354 449/303/355
f 462/307/367 449/303/355 450/306/357
f 463/309/368 450/306/357 451/308/358
f 452/310/359 463/309/368 451/308/358
f 465/313/369 452/310/359 453/312/360
f 466/353/370 453/347/360 454/346/361
f 467/352/371 454/346/361 455/345/362
f 468/283/339 455/345/362 456/282/350
f 458/352/363 469/285/341 457/283/341
f 459/353/364 470/355/329 458/352/363
f 460/354/365 471/356/330 459/353/364
f 461/348/366 472/331/372 460/357/365
f 462/349/367 473/333/373 461/348/366
f 475/335/374 462/349/367 463/350/368
f 476/336/335 463/350/368 464/351/375
f 477/337/336 464/351/375 465/358/369
f 478/356/337 465/354/369 466/353/370
f 479/355/338 466/353/370 467/352/371
f 480/285/339 467/352/371 468/283/339
f 482/359/340 469/285/341 470/355/329
f 483/360/342 470/355/329 471/356/330
f 484/361/343 471/356/330 472/362/372
f 473/305/373 484/363/343 472/304/372
f 486/364/376 473/305/373 474/307/333
f 487/365/345 474/307/333 475/309/374
f 488/366/346 475/309/374 476/311/335
f 489/367/347 476/311/335 477/313/336
f 490/360/348 477/362/336 478/356/337
f 491/359/349 478/356/337 479/355/338
f 492/284/350 479/355/338 480/285/339
f 494/368/317 481/284/352 482/359/340
f 495/369/318 482/359/340 483/360/342
f 496/370/319 483/360/342 484/361/343
f 497/20/320 484/331/343 485/333/356
f 498/22/377 485/333/356 486/334/376
f 499/24/378 486/334/376 487/335/345
f 500/25/322 487/335/345 488/336/346
f 501/26/379 488/336/346 489/337/347
f 502/369/324 489/361/347 490/360/348
f 503/368/325 490/360/348 491/359/349
f 504/286/314 491/359/349 492/284/350
f 362/292/285 493/286/315 494/368/317
f 363/294/287 494/368/317 495/369/318
f 364/296/289 495/369/318 496/370/319
f 365/305/291 496/363/319 497/371/320
f 366/307/293 497/371/320 498/364/377
f 367/309/295 498/364/377 499/365/378
f 368/311/296 499/365/378 500/366/322
f 369/313/297 500/366/322 501/367/379
f 502/369/324 369/296/297 501/370/379
f 371/292/301 502/369/324 503/368/325
f 372/290/303 503/368/325 504/286/314
f 588/372/1 590/373/1 589/374/1
f 588/372/1 591/375/1 590/373/1
f 588/372/1 592/376/1 591/375/1
f 587/377/1 592/376/1 588/372/1
f 587/377/1 593/378/1 592/376/1
f 587/377/1 594/379/1 593/378/1
f 587/377/1 595/380/1 594/379/1
f 586/381/1 595/380/1 587/377/1
f 586/381/1 596/382/1 595/380/1
f 586/381/1 597/383/1 596/382/1
f 586/381/1 598/384/1 597/383/1
f 585/385/1 598/384/1 586/381/1
f 585/385/1 599/386/1 598/384/1
f 585/385/1 600/387/1 599/386/1
f 585/385/1 601/388/1 600/387/1
f 584/389/1 601/388/1 585/385/1
f 584/389/1 514/390/1 601/388/1
f 514/390/1 513/391/1 601/388/1
f 513/391/1 512/392/1 601/388/1
f 512/392/1 511/393/1 601/388/1
f 511/393/1 510/394/1 601/388/1
f 510/394/1 509/395/1 601/388/1
f 509/395/1 508/396/1 601/388/1
f 508/396/1 507/397/1 601/388/1
f 507/397/1 506/398/1 601/388/1
f 506/398/1 505/399/1 601/388/1
f 505/399/1 602/400/1 601/388/1
f 583/401/1 516/402/1 584/389/1
f 516/402/1 515/403/1 584/389/1
f 515/403/1 514/390/1 584/389/1
f 583/401/1 517/404/1 516/402/1
f 583/401/1 518/405/1 517/404/1
f 583/401/1 519/406/1 518/405/1
f 582/407/1 519/406/1 583/401/1
f 582/407/1 520/408/1 519/406/1
f 582/407/1 521/409/1 520/408/1
f 581/410/1 521/409/1 582/407/1
f 581/410/1 522/411/1 521/409/1
f 581/410/1 523/412/1 522/411/1
f 580/413/1 523/412/1 581/410/1
f 580/413/1 524/414/1 523/412/1
f 579/415/1 524/414/1 580/413/1
f 579/415/1 525/416/1 524/414/1
f 579/415/1 526/417/1 525/416/1
f 578/418/1 526/417/1 579/415/1
f 578/418/1 527/419/1 526/417/1
f 577/420/1 527/419/1 578/418/1
f 577/420/1 528/421/1 527/419/1
f 577/420/1 529/422/1 528/421/1
f 576/423/1 529/422/1 577/420/1
f 576/423/1 530/424/1 529/422/1
f 575/425/1 530/424/1 576/423/1
f 575/425/1 531/426/1 530/424/1
f 574/427/1 531/426/1 575/425/1
f 574/427/1 532/428/1 531/426/1
f 573/429/1 532/428/1 574/427/1
f 573/429/1 533/430/1 532/428/1
f 572/431/1 533/430/1 573/429/1
f 572/431/1 534/432/1 533/430/1
f 551/433/1 553/434/1 552/435/1
f 572/431/1 535/436/1 534/432/1
f 550/437/1 553/434/1 551/433/1
f 571/438/1 535/436/1 572/431/1
f 549/439/1 553/434/1 550/437/1
f 571/438/1 536/440/1 535/436/1
f 548/441/1 553/434/1 549/439/1
f 547/442/1 553/434/1 548/441/1
f 571/438/1 537/443/1 536/440/1
f 546/444/1 553/434/1 547/442/1
f 570/445/1 537/443/1 571/438/1
f 545/446/1 553/434/1 546/444/1
f 570/445/1 538/447/1 537/443/1
f 544/448/1 553/434/1 545/446/1
f 543/449/1 553/434/1 544/448/1
f 570/445/1 539/450/1 538/447/1
f 542/451/1 553/434/1 543/449/1
f 541/452/1 553/434/1 542/451/1
f 570/445/1 540/453/1 539/450/1
f 540/453/1 553/434/1 541/452/1
f 570/445/1 553/434/1 540/453/1
f 569/454/1 553/434/1 570/445/1
f 569/454/1 554/455/1 553/434/1
f 568/456/1 554/455/1 569/454/1
f 568/456/1 555/457/1 554/455/1
f 568/456/1 556/458/1 555/457/1
f 568/456/1 557/459/1 556/458/1
f 567/460/1 557/459/1 568/456/1
f 567/460/1 558/461/1 557/459/1
f 567/460/1 559/462/1 558/461/1
f 567/460/1 560/463/1 559/462/1
f 566/464/1 560/463/1 567/460/1
f 566/464/1 561/465/1 560/463/1
f 566/464/1 562/466/1 561/465/1
f 566/464/1 563/467/1 562/466/1
f 565/468/1 563/467/1 566/464/1
f 565/468/1 564/469/1 563/467/1
f 688/373/2 686/372/2 687/374/2
f 689/375/2 686/372/2 688/373/2
f 690/376/2 686/372/2 689/375/2
f 690/376/2 685/377/2 686/372/2
f 691/378/2 685/377/2 690/376/2
f 692/379/2 685/377/2 691/378/2
f 693/380/2 685/377/2 692/379/2
f 693/380/2 684/381/2 685/377/2
f 694/382/2 684/381/2 693/380/2
f 695/383/2 684/381/2 694/382/2
f 696/384/2 684/381/2 695/383/2
f 696/384/2 683/385/2 684/381/2
f 697/386/2 683/385/2 696/384/2
f 698/387/2 683/385/2 697/386/2
f 699/388/2 683/385/2 698/387/2
f 699/388/2 682/389/2 683/385/2
f 612/390/2 682/389/2 699/388/2
f 611/391/2 612/390/2 699/388/2
f 610/392/2 611/391/2 699/388/2
f 609/393/2 610/392/2 699/388/2
f 608/394/2 609/393/2 699/388/2
f 607/395/2 608/394/2 699/388/2
f 606/396/2 607/395/2 699/388/2
f 605/397/2 606/396/2 699/388/2
f 604/398/2 605/397/2 699/388/2
f 603/399/2 604/398/2 699/388/2
f 700/400/2 603/399/2 699/388/2
f 614/402/2 681/401/2 682/389/2
f 613/403/2 614/402/2 682/389/2
f 612/390/2 613/403/2 682/389/2
f 615/404/2 681/401/2 614/402/2
f 616/405/2 681/401/2 615/404/2
f 617/406/2 681/401/2 616/405/2
f 617/406/2 680/407/2 681/401/2
f 618/408/2 680/407/2 617/406/2
f 619/409/2 680/407/2 618/408/2
f 619/409/2 679/410/2 680/407/2
f 620/411/2 679/410/2 619/409/2
f 621/412/2 679/410/2 620/411/2
f 621/412/2 678/413/2 679/410/2
f 622/414/2 678/413/2 621/412/2
f 622/414/2 677/415/2 678/413/2
f 623/416/2 677/415/2 622/414/2
f 624/417/2 677/415/2 623/416/2
f 624/417/2 676/418/2 677/415/2
f 625/419/2 676/418/2 624/417/2
f 625/419/2 675/420/2 676/418/2
f 626/421/2 675/420/2 625/419/2
f 627/422/2 675/420/2 626/421/2
f 627/422/2 674/423/2 675/420/2
f 628/424/2 674/423/2 627/422/2
f 628/424/2 673/425/2 674/423/2
f 629/426/2 673/425/2 628/424/2
f 629/426/2 672/427/2 673/425/2
f 630/428/2 672/427/2 629/426/2
f 630/428/2 671/429/2 672/427/2
f 631/430/2 671/429/2 630/428/2
f 631/430/2 670/431/2 671/429/2
f 632/432/2 670/431/2 631/430/2
f 651/434/2 649/433/2 650/435/2
f 633/436/2 670/431/2 632/432/2
f 651/434/2 648/437/2 649/433/2
f 633/436/2 669/438/2 670/431/2
f 651/434/2 647/439/2 648/437/2
f 634/440/2 669/438/2 633/436/2
f 651/434/2 646/441/2 647/439/2
f 651/434/2 645/442/2 646/441/2
f 635/443/2 669/438/2 634/440/2
f 651/434/2 644/444/2 645/442/2
f 635/443/2 668/445/2 669/438/2
f 651/434/2 643/446/2 644/444/2
f 636/447/2 668/445/2 635/443/2
f 651/434/2 642/448/2 643/446/2
f 651/434/2 641/449/2 642/448/2
f 637/450/2 668/445/2 636/447/2
f 651/434/2 640/451/2 641/449/2
f 651/434/2 639/452/2 640/451/2
f 638/453/2 668/445/2 637/450/2
f 651/434/2 638/453/2 639/452/2
f 651/434/2 668/445/2 638/453/2
f 651/434/2 667/454/2 668/445/2
f 652/455/2 667/454/2 651/434/2
f 652/455/2 666/456/2 667/454/2
f 653/457/2 666/456/2 652/455/2
f 654/458/2 666/456/2 653/457/2
f 655/459/2 666/456/2 654/458/2
f 655/459/2 665/460/2 666/456/2
f 656/461/2 665/460/2 655/459/2
f 657/462/2 665/460/2 656/461/2
f 658/463/2 665/460/2 657/462/2
f 658/463/2 664/464/2 665/460/2
f 659/465/2 664/464/2 658/463/2
f 660/466/2 664/464/2 659/465/2
f 661/467/2 664/464/2 660/466/2
f 661/467/2 663/468/2 664/464/2
f 662/469/2 663/468/2 661/467/2
f 714/470/380 701/399/381 702/471/382
f 715/472/383 702/471/382 703/473/384
f 716/474/385 703/473/384 704/475/386
f 717/476/387 704/477/386 705/478/388
f 718/479/389 705/478/388 706/480/390
f 719/481/391 706/480/390 707/482/392
f 708/483/393 719/481/391 707/482/392
f 709/484/394 720/485/395 708/483/393
f 710/473/396 721/474/397 709/475/394
f 711/471/398 722/472/399 710/473/396
f 712/399/400 723/470/401 711/471/398
f 726/486/402 713/398/403 714/470/380
f 727/487/404 714/470/380 715/472/383
f 728/488/405 715/472/383 716/474/385
f 729/489/406 716/490/385 717/476/387
f 730/491/407 717/476/387 718/479/389
f 731/492/408 718/479/389 719/481/391
f 720/485/395 731/492/408 719/481/391
f 721/493/397 732/494/409 720/485/395
f 722/472/399 733/488/410 721/474/397
f 723/470/401 734/487/411 722/472/399
f 724/398/412 735/486/413 723/470/401
f 738/495/414 725/397/415 726/486/402
f 739/496/416 726/486/402 727/487/404
f 740/497/417 727/487/404 728/488/405
f 741/498/418 728/499/405 729/489/406
f 742/500/419 729/489/406 730/491/407
f 743/501/420 730/491/407 731/492/408
f 732/494/409 743/501/420 731/492/408
f 733/502/410 744/503/421 732/494/409
f 734/487/411 745/497/422 733/488/410
f 735/486/413 746/496/423 734/487/411
f 736/397/424 747/495/425 735/486/413
f 750/504/426 737/396/427 738/495/414
f 751/505/428 738/495/414 739/496/416
f 752/506/429 739/496/416 740/497/417
f 753/507/430 740/508/417 741/498/418
f 754/509/431 741/498/418 742/500/419
f 755/510/432 742/500/419 743/501/420
f 744/503/421 755/510/432 743/501/420
f 745/511/422 756/512/433 744/503/421
f 746/496/423 757/506/434 745/497/422
f 747/495/425 758/505/435 746/496/423
f 748/396/436 759/504/437 747/495/425
f 762/513/438 749/395/439 750/504/426
f 763/514/440 750/504/426 751/505/428
f 764/515/441 751/505/428 752/506/429
f 765/516/442 752/517/429 753/507/430
f 766/518/443 753/507/430 754/509/431
f 767/519/444 754/509/431 755/510/432
f 756/512/433 767/519/444 755/510/432
f 757/520/434 768/521/445 756/512/433
f 758/505/435 769/515/446 757/506/434
f 759/504/437 770/514/447 758/505/435
f 760/395/448 771/513/449 759/504/437
f 774/522/450 761/394/451 762/513/438
f 775/523/452 762/513/438 763/514/440
f 776/524/453 763/514/440 764/515/441
f 777/525/454 764/526/441 765/516/442
f 778/527/455 765/516/442 766/518/443
f 779/528/456 766/518/443 767/519/444
f 768/521/445 779/528/456 767/519/444
f 769/529/446 780/530/457 768/521/445
f 770/514/447 781/524/458 769/515/446
f 771/513/449 782/523/459 770/514/447
f 772/394/460 783/522/461 771/513/449
f 786/531/462 773/393/463 774/522/450
f 787/532/464 774/522/450 775/523/452
f 788/533/465 775/523/452 776/524/453
f 789/534/466 776/535/453 777/525/454
f 790/536/467 777/525/454 778/527/455
f 791/537/468 778/527/455 779/528/456
f 780/530/457 791/537/468 779/528/456
f 781/538/458 792/539/469 780/530/457
f 782/523/459 793/533/470 781/524/458
f 783/522/461 794/532/471 782/523/459
f 784/393/472 795/531/473 783/522/461
f 798/540/474 785/392/475 786/531/462
f 799/541/476 786/531/462 787/532/464
f 800/542/477 787/532/464 788/533/465
f 801/543/478 788/544/465 789/534/466
f 802/545/479 789/534/466 790/536/467
f 803/546/480 790/536/467 791/537/468
f 792/539/469 803/546/480 791/537/468
f 793/547/470 804/548/481 792/539/469
f 794/532/471 805/542/482 793/533/470
f 795/531/473 806/541/483 794/532/471
f 796/392/484 807/540/485 795/531/473
f 798/540/474 809/390/486 797/391/487
f 799/541/476 810/549/488 798/540/474
f 800/542/477 811/550/489 799/541/476
f 801/543/478 812/551/490 800/552/477
f 802/545/479 813/553/491 801/543/478
f 815/554/492 802/545/479 803/546/480
f 816/555/493 803/546/480 804/548/481
f 817/556/494 804/548/481 805/557/482
f 818/550/495 805/542/482 806/541/483
f 819/549/496 806/541/483 807/540/485
f 820/390/497 807/540/485 808/391/498
f 810/549/488 821/403/499 809/390/486
f 811/550/489 822/558/500 810/549/488
f 812/559/490 823/560/501 811/550/489
f 813/553/491 824/561/502 812/551/490
f 814/562/503 825/563/504 813/553/491
f 827/564/505 814/562/503 815/554/492
f 828/565/506 815/554/492 816/555/493
f 829/566/507 816/555/493 817/556/494
f 830/560/508 817/559/494 818/550/495
f 831/558/509 818/550/495 819/549/496
f 832/403/510 819/549/496 820/390/497
f 834/567/511 821/403/499 822/558/500
f 835/568/512 822/558/500 823/560/501
f 836/569/513 823/560/501 824/570/502
f 837/571/514 824/561/502 825/563/504
f 838/572/515 825/563/504 826/573/516
f 839/574/517 826/573/516 827/564/505
f 828/565/506 839/574/517 827/564/505
f 829/566/507 840/575/518 828/565/506
f 830/560/508 841/569/519 829/570/507
f 831/558/509 842/568/520 830/560/508
f 832/403/510 843/567/521 831/558/509
f 846/576/522 833/402/523 834/567/511
f 847/577/524 834/567/511 835/568/512
f 848/578/525 835/568/512 836/569/513
f 849/579/526 836/580/513 837/571/514
f 850/581/527 837/571/514 838/572/515
f 851/582/528 838/572/515 839/574/517
f 840/575/518 851/582/528 839/574/517
f 841/583/519 852/584/529 840/575/518
f 842/568/520 853/578/530 841/569/519
f 843/567/521 854/577/531 842/568/520
f 844/402/532 855/576/533 843/567/521
f 858/585/534 845/404/535 846/576/522
f 859/586/536 846/576/522 847/577/524
f 860/587/537 847/577/524 848/578/525
f 861/588/538 848/589/525 849/579/526
f 862/590/539 849/579/526 850/581/527
f 863/591/540 850/581/527 851/582/528
f 852/584/529 863/591/540 851/582/528
f 853/592/530 864/593/541 852/584/529
f 854/577/531 865/587/542 853/578/530
f 855/576/533 866/586/543 854/577/531
f 856/404/544 867/585/545 855/576/533
f 870/594/546 857/405/547 858/585/534
f 871/595/548 858/585/534 859/586/536
f 872/596/549 859/586/536 860/587/537
f 873/597/550 860/598/537 861/588/538
f 874/599/551 861/588/538 862/590/539
f 875/600/552 862/590/539 863/591/540
f 864/593/541 875/600/552 863/591/540
f 865/601/542 876/602/553 864/593/541
f 866/586/543 877/596/554 865/587/542
f 867/585/545 878/595/555 866/586/543
f 868/405/556 879/594/557 867/585/545
f 882/603/558 869/406/559 870/594/546
f 883/604/560 870/594/546 871/595/548
f 884/605/561 871/595/548 872/596/549
f 885/606/562 872/607/549 873/597/550
f 886/608/563 873/597/550 874/599/551
f 887/609/564 874/599/551 875/600/552
f 876/602/553 887/609/564 875/600/552
f 877/610/554 888/611/565 876/602/553
f 878/595/555 889/605/566 877/596/554
f 879/594/557 890/604/567 878/595/555
f 880/406/568 891/603/569 879/594/557
f 894/612/570 881/408/571 882/603/558
f 895/613/572 882/603/558 883/604/560
f 896/614/573 883/604/560 884/605/561
f 897/615/574 884/616/561 885/606/562
f 898/617/575 885/606/562 886/608/563
f 899/618/576 886/608/563 887/609/564
f 888/611/565 899/618/576 887/609/564
f 889/619/566 900/620/577 888/611/565
f 890/604/567 901/614/578 889/605/566
f 891/603/569 902/613/579 890/604/567
f 892/408/580 903/612/581 891/603/569
f 906/621/582 893/409/583 894/612/570
f 907/622/584 894/612/570 895/613/572
f 908/623/585 895/613/572 896/614/573
f 909/624/586 896/625/573 897/615/574
f 910/626/587 897/615/574 898/617/575
f 911/627/588 898/617/575 899/618/576
f 900/620/577 911/627/588 899/618/576
f 901/628/578 912/629/589 900/620/577
f 902/613/579 913/623/590 901/614/578
f 903/612/581 914/622/591 902/613/579
f 904/409/592 915/621/593 903/612/581
f 918/630/594 905/411/595 906/621/582
f 919/631/596 906/621/582 907/622/584
f 920/632/597 907/622/584 908/623/585
f 921/633/598 908/634/585 909/635/586
f 922/636/599 909/635/586 910/637/587
f 923/638/600 910/637/587 911/639/588
f 912/640/589 923/638/600 911/639/588
f 913/641/590 924/642/601 912/640/589
f 914/622/591 925/632/602 913/623/590
f 915/621/593 926/631/603 914/622/591
f 916/411/604 927/630/605 915/621/593
f 930/643/606 917/412/607 918/630/594
f 931/644/608 918/630/594 919/631/596
f 932/645/609 919/631/596 920/632/597
f 933/646/610 920/647/597 921/633/598
f 934/648/611 921/633/598 922/636/599
f 935/649/612 922/636/599 923/638/600
f 924/642/601 935/649/612 923/638/600
f 925/650/602 936/651/613 924/642/601
f 926/631/603 937/645/614 925/632/602
f 927/630/605 938/644/615 926/631/603
f 928/412/616 939/643/617 927/630/605
f 930/643/606 941/416/618 929/414/619
f 931/644/608 942/652/620 930/643/606
f 932/645/609 943/653/621 931/644/608
f 933/646/610 944/654/622 932/655/609
f 934/648/611 945/656/623 933/646/610
f 947/657/624 934/648/611 935/649/612
f 948/658/625 935/649/612 936/651/613
f 949/659/626 936/651/613 937/660/614
f 950/653/627 937/645/614 938/644/615
f 951/652/628 938/644/615 939/643/617
f 952/416/629 939/643/617 940/414/630
f 942/652/620 953/417/631 941/416/618
f 943/653/621 954/661/632 942/652/620
f 944/662/622 955/663/633 943/653/621
f 945/656/623 956/664/634 944/654/622
f 946/665/635 957/666/636 945/656/623
f 959/667/637 946/665/635 947/657/624
f 960/668/638 947/657/624 948/658/625
f 961/669/639 948/658/625 949/659/626
f 962/663/640 949/662/626 950/653/627
f 963/661/641 950/653/627 951/652/628
f 964/417/642 951/652/628 952/416/629
f 954/661/632 965/419/643 953/417/631
f 955/663/633 966/670/644 954/661/632
f 956/671/634 967/672/645 955/663/633
f 957/666/636 968/673/646 956/664/634
f 958/674/647 969/675/648 957/666/636
f 971/676/649 958/674/647 959/667/637
f 972/677/650 959/667/637 960/668/638
f 973/678/651 960/668/638 961/669/639
f 974/672/652 961/671/639 962/663/640
f 975/670/653 962/663/640 963/661/641
f 976/419/654 963/661/641 964/417/642
f 966/670/644 977/421/655 965/419/643
f 967/672/645 978/679/656 966/670/644
f 968/680/646 979/681/657 967/672/645
f 969/675/648 980/682/658 968/673/646
f 970/683/659 981/684/660 969/675/648
f 983/685/661 970/683/659 971/676/649
f 984/686/662 971/676/649 972/677/650
f 985/687/663 972/677/650 973/678/651
f 986/681/664 973/680/651 974/672/652
f 987/679/665 974/672/652 975/670/653
f 988/421/666 975/670/653 976/419/654
f 990/688/667 977/421/655 978/679/656
f 991/689/668 978/679/656 979/681/657
f 992/690/669 979/681/657 980/691/658
f 993/692/670 980/682/658 981/684/660
f 994/693/671 981/684/660 982/694/672
f 995/695/673 982/694/672 983/685/661
f 984/686/662 995/695/673 983/685/661
f 985/687/663 996/696/674 984/686/662
f 986/681/664 997/690/675 985/691/663
f 987/679/665 998/689/676 986/681/664
f 988/421/666 999/688/677 987/679/665
f 1002/697/678 989/422/679 990/688/667
f 1003/698/680 990/688/667 991/689/668
f 1004/699/681 991/689/668 992/690/669
f 1005/700/682 992/701/669 993/692/670
f 1006/702/683 993/692/670 994/693/671
f 1007/703/684 994/693/671 995/695/673
f 996/696/674 1007/703/684 995/695/673
f 997/704/675 1008/705/685 996/696/674
f 998/689/676 1009/699/686 997/690/675
f 999/688/677 1010/698/687 998/689/676
f 1000/422/688 1011/697/689 999/688/677
f 1014/706/690 1001/424/691 1002/697/678
f 1015/707/692 1002/697/678 1003/698/680
f 1016/708/693 1003/698/680 1004/699/681
f 1017/709/694 1004/710/681 1005/700/682
f 1018/711/695 1005/700/682 1006/702/683
f 1019/712/696 1006/702/683 1007/703/684
f 1008/705/685 1019/712/696 1007/703/684
f 1009/713/686 1020/714/697 1008/705/685
f 1010/698/687 1021/708/698 1009/699/686
f 1011/697/689 1022/707/699 1010/698/687
f 1012/424/700 1023/706/701 1011/697/689
f 1026/715/702 1013/426/703 1014/706/690
f 1027/716/704 1014/706/690 1015/707/692
f 1028/717/705 1015/707/692 1016/708/693
f 1029/718/706 1016/719/693 1017/709/694
f 1030/720/707 1017/709/694 1018/711/695
f 1031/721/708 1018/711/695 1019/712/696
f 1020/714/697 1031/721/708 1019/712/696
f 1021/722/698 1032/723/709 1020/714/697
f 1022/707/699 1033/717/710 1021/708/698
f 1023/706/701 1034/716/711 1022/707/699
f 1024/426/712 1035/715/713 1023/706/701
f 1038/724/714 1025/428/715 1026/715/702
f 1039/725/716 1026/715/702 1027/716/704
f 1040/726/717 1027/716/704 1028/717/705
f 1041/727/718 1028/728/705 1029/718/706
f 1042/729/719 1029/718/706 1030/720/707
f 1043/730/720 1030/720/707 1031/721/708
f 1032/723/709 1043/730/720 1031/721/708
f 1033/731/710 1044/732/721 1032/723/709
f 1034/716/711 1045/726/722 1033/717/710
f 1035/715/713 1046/725/723 1034/716/711
f 1036/428/724 1047/724/725 1035/715/713
f 1038/724/714 1049/432/726 1037/430/727
f 1039/725/716 1050/733/728 1038/724/714
f 1040/726/717 1051/734/729 1039/725/716
f 1041/727/718 1052/735/730 1040/736/717
f 1042/729/719 1053/737/731 1041/727/718
f 1055/738/732 1042/729/719 1043/730/720
f 1056/739/733 1043/730/720 1044/732/721
f 1057/740/734 1044/732/721 1045/741/722
f 1058/734/735 1045/726/722 1046/725/723
f 1059/733/736 1046/725/723 1047/724/725
f 1060/432/737 1047/724/725 1048/430/738
f 1050/733/728 1061/436/739 1049/432/726
f 1051/734/729 1062/742/740 1050/733/728
f 1052/743/730 1063/744/741 1051/734/729
f 1053/745/731 1064/746/742 1052/747/730
f 1054/748/743 1065/749/744 1053/745/731
f 1067/750/745 1054/748/743 1055/751/732
f 1068/752/746 1055/751/732 1056/753/733
f 1069/754/747 1056/753/733 1057/755/734
f 1070/744/748 1057/743/734 1058/734/735
f 1071/742/749 1058/734/735 1059/733/736
f 1072/436/750 1059/733/736 1060/432/737
f 1062/742/740 1073/440/751 1061/436/739
f 1063/744/741 1074/756/752 1062/742/740
f 1064/757/742 1075/758/753 1063/744/741
f 1065/749/744 1076/759/754 1064/746/742
f 1066/760/755 1077/761/756 1065/749/744
f 1079/762/757 1066/760/755 1067/750/745
f 1080/763/758 1067/750/745 1068/752/746
f 1081/764/759 1068/752/746 1069/754/747
f 1082/758/760 1069/757/747 1070/744/748
f 1083/756/761 1070/744/748 1071/742/749
f 1084/440/762 1071/742/749 1072/436/750
f 1074/756/752 1085/443/763 1073/440/751
f 1075/758/753 1086/765/764 1074/756/752
f 1076/766/754 1087/767/765 1075/758/753
f 1077/761/756 1088/768/766 1076/759/754
f 1078/769/767 1089/770/768 1077/761/756
f 1091/771/769 1078/769/767 1079/762/757
f 1092/772/770 1079/762/757 1080/763/758
f 1093/773/771 1080/763/758 1081/764/759
f 1094/767/772 1081/766/759 1082/758/760
f 1095/765/773 1082/758/760 1083/756/761
f 1096/443/774 1083/756/761 1084/440/762
f 1086/765/764 1097/447/775 1085/443/763
f 1087/767/765 1098/774/776 1086/765/764
f 1088/775/766 1099/776/777 1087/767/765
f 1089/770/768 1100/777/778 1088/768/766
f 1090/778/779 1101/779/780 1089/770/768
f 1103/780/781 1090/778/779 1091/771/769
f 1104/781/782 1091/771/769 1092/772/770
f 1105/782/783 1092/772/770 1093/773/771
f 1106/776/784 1093/775/771 1094/767/772
f 1107/774/785 1094/767/772 1095/765/773
f 1108/447/786 1095/765/773 1096/443/774
f 1098/774/776 1109/450/787 1097/447/775
f 1099/776/777 1110/783/788 1098/774/776
f 1100/784/778 1111/785/789 1099/776/777
f 1101/779/780 1112/786/790 1100/777/778
f 1102/787/791 1113/788/792 1101/779/780
f 1115/789/793 1102/787/791 1103/780/781
f 1116/790/794 1103/780/781 1104/781/782
f 1117/791/795 1104/781/782 1105/782/783
f 1118/785/796 1105/784/783 1106/776/784
f 1119/783/797 1106/776/784 1107/774/785
f 1120/450/798 1107/774/785 1108/447/786
f 1110/783/788 1121/453/799 1109/450/787
f 1111/785/789 1122/792/800 1110/783/788
f 1112/793/790 1123/794/801 1111/785/789
f 1113/788/792 1124/795/802 1112/786/790
f 1114/796/803 1125/797/804 1113/788/792
f 1127/798/805 1114/796/803 1115/789/793
f 1128/799/806 1115/789/793 1116/790/794
f 1129/800/807 1116/790/794 1117/791/795
f 1130/794/808 1117/793/795 1118/785/796
f 1131/792/809 1118/785/796 1119/783/797
f 1132/453/810 1119/783/797 1120/450/798
f 1122/792/800 1133/452/811 1121/453/799
f 1123/794/801 1134/801/812 1122/792/800
f 1124/802/802 1135/803/813 1123/794/801
f 1125/797/804 1136/804/814 1124/795/802
f 1126/805/815 1137/806/816 1125/797/804
f 1139/807/817 1126/805/815 1127/798/805
f 1140/808/818 1127/798/805 1128/799/806
f 1141/809/819 1128/799/806 1129/800/807
f 1142/803/820 1129/802/807 1130/794/808
f 1143/801/821 1130/794/808 1131/792/809
f 1144/452/822 1131/792/809 1132/453/810
f 1134/801/812 1145/451/823 1133/452/811
f 1135/803/813 1146/810/824 1134/801/812
f 1136/811/814 1147/812/825 1135/803/813
f 1137/806/816 1148/813/826 1136/804/814
f 1138/814/827 1149/815/828 1137/806/816
f 1151/816/829 1138/814/827 1139/807/817
f 1152/817/830 1139/807/817 1140/808/818
f 1153/818/831 1140/808/818 1141/809/819
f 1154/812/832 1141/811/819 1142/803/820
f 1155/810/833 1142/803/820 1143/801/821
f 1156/451/834 1143/801/821 1144/452/822
f 1146/810/824 1157/449/835 1145/451/823
f 1147/812/825 1158/819/836 1146/810/824
f 1148/820/826 1159/821/837 1147/812/825
f 1149/815/828 1160/822/838 1148/813/826
f 1150/823/839 1161/824/840 1149/815/828
f 1163/825/841 1150/823/839 1151/816/829
f 1164/826/842 1151/816/829 1152/817/830
f 1165/827/843 1152/817/830 1153/818/831
f 1166/821/844 1153/820/831 1154/812/832
f 1167/819/845 1154/812/832 1155/810/833
f 1168/449/846 1155/810/833 1156/451/834
f 1158/819/836 1169/448/847 1157/449/835
f 1159/821/837 1170/828/848 1158/819/836
f 1160/829/838 1171/830/849 1159/821/837
f 1161/824/840 1172/831/850 1160/822/838
f 1162/832/851 1173/833/852 1161/824/840
f 1175/834/853 1162/832/851 1163/825/841
f 1176/835/854 1163/825/841 1164/826/842
f 1177/836/855 1164/826/842 1165/827/843
f 1178/830/856 1165/829/843 1166/821/844
f 1179/828/857 1166/821/844 1167/819/845
f 1180/448/858 1167/819/845 1168/449/846
f 1170/828/848 1181/446/859 1169/448/847
f 1171/830/849 1182/837/860 1170/828/848
f 1172/838/850 1183/839/861 1171/830/849
f 1173/833/852 1184/840/862 1172/831/850
f 1174/841/863 1185/842/864 1173/833/852
f 1187/843/865 1174/841/863 1175/834/853
f 1188/844/866 1175/834/853 1176/835/854
f 1189/845/867 1176/835/854 1177/836/855
f 1190/839/868 1177/838/855 1178/830/856
f 1191/837/869 1178/830/856 1179/828/857
f 1192/446/870 1179/828/857 1180/448/858
f 1182/837/860 1193/444/871 1181/446/859
f 1183/839/861 1194/846/872 1182/837/860
f 1184/847/862 1195/848/873 1183/839/861
f 1185/842/864 1196/849/874 1184/840/862
f 1186/850/875 1197/851/876 1185/842/864
f 1199/852/877 1186/850/875 1187/843/865
f 1200/853/878 1187/843/865 1188/844/866
f 1201/854/879 1188/844/866 1189/845/867
f 1202/848/880 1189/847/867 1190/839/868
f 1203/846/881 1190/839/868 1191/837/869
f 1204/444/882 1191/837/869 1192/446/870
f 1194/846/872 1205/442/883 1193/444/871
f 1195/848/873 1206/855/884 1194/846/872
f 1196/856/874 1207/857/885 1195/848/873
f 1197/851/876 1208/858/886 1196/849/874
f 1198/859/887 1209/860/888 1197/851/876
f 1211/861/889 1198/859/887 1199/852/877
f 1212/862/890 1199/852/877 1200/853/878
f 1213/863/891 1200/853/878 1201/854/879
f 1214/857/892 1201/856/879 1202/848/880
f 1215/855/893 1202/848/880 1203/846/881
f 1216/442/894 1203/846/881 1204/444/882
f 1206/855/884 1217/441/895 1205/442/883
f 1207/857/885 1218/864/896 1206/855/884
f 1208/865/886 1219/866/897 1207/857/885
f 1209/860/888 1220/867/898 1208/858/886
f 1210/868/899 1221/869/900 1209/860/888
f 1223/870/901 1210/868/899 1211/861/889
f 1224/871/902 1211/861/889 1212/862/890
f 1225/872/903 1212/862/890 1213/863/891
f 1226/866/904 1213/865/891 1214/857/892
f 1227/864/905 1214/857/892 1215/855/893
f 1228/441/906 1215/855/893 1216/442/894
f 1218/864/896 1229/439/907 1217/441/895
f 1219/866/897 1230/873/908 1218/864/896
f 1220/874/898 1231/875/909 1219/866/897
f 1221/869/900 1232/876/910 1220/867/898
f 1222/877/911 1233/878/912 1221/869/900
f 1235/879/913 1222/877/911 1223/870/901
f 1236/880/914 1223/870/901 1224/871/902
f 1237/881/915 1224/871/902 1225/872/903
f 1238/875/916 1225/874/903 1226/866/904
f 1239/873/917 1226/866/904 1227/864/905
f 1240/439/918 1227/864/905 1228/441/906
f 1230/873/908 1241/437/919 1229/439/907
f 1231/875/909 1242/882/920 1230/873/908
f 1232/883/910 1243/884/921 1231/875/909
f 1233/878/912 1244/885/922 1232/876/910
f 1234/886/923 1245/887/924 1233/878/912
f 1247/888/925 1234/886/923 1235/879/913
f 1248/889/926 1235/879/913 1236/880/914
f 1249/890/927 1236/880/914 1237/881/915
f 1250/884/928 1237/883/915 1238/875/916
f 1251/882/929 1238/875/916 1239/873/917
f 1252/437/930 1239/873/917 1240/439/918
f 1242/882/920 1253/433/931 1241/437/919
f 1243/884/921 1254/891/932 1242/882/920
f 1244/892/922 1255/893/933 1243/884/921
f 1245/887/924 1256/894/934 1244/885/922
f 1246/895/935 1257/896/936 1245/887/924
f 1259/897/937 1246/895/935 1247/888/925
f 1260/898/938 1247/888/925 1248/889/926
f 1261/899/939 1248/889/926 1249/890/927
f 1262/893/940 1249/892/927 1250/884/928
f 1263/891/941 1250/884/928 1251/882/929
f 1264/433/942 1251/882/929 1252/437/930
f 1254/891/932 1265/435/943 1253/433/931
f 1255/893/933 1266/900/944 1254/891/932
f 1256/901/934 1267/902/945 1255/893/933
f 1257/896/936 1268/903/946 1256/894/934
f 1258/904/947 1269/905/948 1257/896/936
f 1271/906/949 1258/904/947 1259/897/937
f 1272/907/950 1259/897/937 1260/898/938
f 1273/908/951 1260/898/938 1261/899/939
f 1274/902/952 1261/901/939 1262/893/940
f 1275/900/953 1262/893/940 1263/891/941
f 1276/435/954 1263/891/941 1264/433/942
f 1278/909/955 1265/435/943 1266/900/944
f 1279/910/956 1266/900/944 1267/902/945
f 1280/911/957 1267/912/945 1268/913/946
f 1281/914/958 1268/913/946 1269/915/948
f 1282/916/959 1269/915/948 1270/917/960
f 1283/918/961 1270/917/960 1271/919/949
f 1272/920/950 1283/918/961 1271/919/949
f 1273/921/951 1284/922/962 1272/920/950
f 1274/923/952 1285/924/963 1273/921/951
f 1275/900/953 1286/910/964 1274/902/952
f 1276/435/954 1287/909/965 1275/900/953
f 1290/925/966 1277/434/967 1278/909/955
f 1291/926/968 1278/909/955 1279/910/956
f 1292/927/969 1279/910/956 1280/928/957
f 1293/929/970 1280/903/957 1281/905/958
f 1294/930/971 1281/905/958 1282/931/959
f 1295/932/972 1282/931/959 1283/906/961
f 1284/907/962 1295/932/972 1283/906/961
f 1285/908/963 1296/933/973 1284/907/962
f 1286/910/964 1297/927/974 1285/928/963
f 1287/909/965 1298/926/975 1286/910/964
f 1288/434/976 1299/925/977 1287/909/965
f 1290/925/966 1301/457/978 1289/455/979
f 1291/926/968 1302/934/980 1290/925/966
f 1292/927/969 1303/935/981 1291/926/968
f 1293/929/970 1304/936/982 1292/937/969
f 1294/930/971 1305/938/983 1293/929/970
f 1307/939/984 1294/930/971 1295/932/972
f 1308/940/985 1295/932/972 1296/933/973
f 1309/941/986 1296/933/973 1297/942/974
f 1310/935/987 1297/927/974 1298/926/975
f 1311/934/988 1298/926/975 1299/925/977
f 1312/457/989 1299/925/977 1300/455/990
f 1302/934/980 1313/458/991 1301/457/978
f 1303/935/981 1314/943/992 1302/934/980
f 1304/944/982 1315/945/993 1303/935/981
f 1305/938/983 1316/946/994 1304/936/982
f 1306/947/995 1317/948/996 1305/938/983
f 1319/949/997 1306/947/995 1307/939/984
f 1320/950/998 1307/939/984 1308/940/985
f 1321/951/999 1308/940/985 1309/941/986
f 1322/945/1000 1309/944/986 1310/935/987
f 1323/943/1001 1310/935/987 1311/934/988
f 1324/458/1002 1311/934/988 1312/457/989
f 1314/943/992 1325/459/1003 1313/458/991
f 1315/945/993 1326/952/1004 1314/943/992
f 1316/953/994 1327/954/1005 1315/945/993
f 1317/948/996 1328/955/1006 1316/946/994
f 1318/956/1007 1329/957/1008 1317/948/996
f 1331/958/1009 1318/956/1007 1319/949/997
f 1332/959/1010 1319/949/997 1320/950/998
f 1333/960/1011 1320/950/998 1321/951/999
f 1334/954/1012 1321/953/999 1322/945/1000
f 1335/952/1013 1322/945/1000 1323/943/1001
f 1336/459/1014 1323/943/1001 1324/458/1002
f 1326/952/1004 1337/461/1015 1325/459/1003
f 1327/954/1005 1338/961/1016 1326/952/1004
f 1328/962/1006 1339/963/1017 1327/954/1005
f 1329/957/1008 1340/964/1018 1328/955/1006
f 1330/965/1019 1341/966/1020 1329/957/1008
f 1343/967/1021 1330/965/1019 1331/958/1009
f 1344/968/1022 1331/958/1009 1332/959/1010
f 1345/969/1023 1332/959/1010 1333/960/1011
f 1346/963/1024 1333/962/1011 1334/954/1012
f 1347/961/1025 1334/954/1012 1335/952/1013
f 1348/461/1026 1335/952/1013 1336/459/1014
f 1338/961/1016 1349/462/1027 1337/461/1015
f 1339/963/1017 1350/970/1028 1338/961/1016
f 1340/971/1018 1351/972/1029 1339/963/1017
f 1341/966/1020 1352/973/1030 1340/964/1018
f 1342/974/1031 1353/975/1032 1341/966/1020
f 1355/976/1033 1342/974/1031 1343/967/1021
f 1356/977/1034 1343/967/1021 1344/968/1022
f 1357/978/1035 1344/968/1022 1345/969/1023
f 1358/972/1036 1345/971/1023 1346/963/1024
f 1359/970/1037 1346/963/1024 1347/961/1025
f 1360/462/1038 1347/961/1025 1348/461/1026
f 1350/970/1028 1361/463/1039 1349/462/1027
f 1351/972/1029 1362/979/1040 1350/970/1028
f 1352/980/1030 1363/981/1041 1351/972/1029
f 1353/975/1032 1364/982/1042 1352/973/1030
f 1354/983/1043 1365/984/1044 1353/975/1032
f 1367/985/1045 1354/983/1043 1355/976/1033
f 1368/986/1046 1355/976/1033 1356/977/1034
f 1369/987/1047 1356/977/1034 1357/978/1035
f 1370/981/1048 1357/980/1035 1358/972/1036
f 1371/979/1049 1358/972/1036 1359/970/1037
f 1372/463/1050 1359/970/1037 1360/462/1038
f 1374/988/1051 1361/463/1039 1362/979/1040
f 1375/989/1052 1362/979/1040 1363/981/1041
f 1376/990/1053 1363/981/1041 1364/991/1042
f 1365/984/1044 1376/992/1053 1364/982/1042
f 1378/993/1054 1365/984/1044 1366/994/1055
f 1379/995/1056 1366/994/1055 1367/985/1045
f 1368/986/1046 1379/995/1056 1367/985/1045
f 1381/996/1057 1368/986/1046 1369/987/1047
f 1370/981/1048 1381/990/1057 1369/991/1047
f 1371/979/1049 1382/989/1058 1370/981/1048
f 1372/463/1050 1383/988/1059 1371/979/1049
f 1386/997/1060 1373/465/1061 1374/988/1051
f 1387/998/1062 1374/988/1051 1375/989/1052
f 1388/999/1063 1375/989/1052 1376/990/1053
f 1389/1000/1064 1376/992/1053 1377/1001/1065
f 1390/1002/1066 1377/1001/1065 1378/993/1054
f 1391/1003/1067 1378/993/1054 1379/995/1056
f 1380/1004/1068 1391/1003/1067 1379/995/1056
f 1381/996/1057 1392/1005/1069 1380/1004/1068
f 1382/989/1058 1393/999/1070 1381/990/1057
f 1383/988/1059 1394/998/1071 1382/989/1058
f 1384/465/1072 1395/997/1073 1383/988/1059
f 1398/1006/1074 1385/466/1075 1386/997/1060
f 1399/1007/1076 1386/997/1060 1387/998/1062
f 1400/1008/1077 1387/998/1062 1388/999/1063
f 1401/1009/1078 1388/1010/1063 1389/1000/1064
f 1402/1011/1079 1389/1000/1064 1390/1002/1066
f 1403/1012/1080 1390/1002/1066 1391/1003/1067
f 1392/1005/1069 1403/1012/1080 1391/1003/1067
f 1393/1013/1070 1404/1014/1081 1392/1005/1069
f 1394/998/1071 1405/1008/1082 1393/999/1070
f 1395/997/1073 1406/1007/1083 1394/998/1071
f 1396/466/1084 1407/1006/1085 1395/997/1073
f 1410/1015/1086 1397/467/1087 1398/1006/1074
f 1411/1016/1088 1398/1006/1074 1399/1007/1076
f 1412/1017/1089 1399/1007/1076 1400/1008/1077
f 1413/1018/1090 1400/1019/1077 1401/1009/1078
f 1414/1020/1091 1401/1009/1078 1402/1011/1079
f 1415/1021/1092 1402/1011/1079 1403/1012/1080
f 1404/1014/1081 1415/1021/1092 1403/1012/1080
f 1405/1022/1082 1416/1023/1093 1404/1014/1081
f 1406/1007/1083 1417/1017/1094 1405/1008/1082
f 1407/1006/1085 1418/1016/1095 1406/1007/1083
f 1408/467/1096 1419/1015/1097 1407/1006/1085
f 1410/1015/1086 1421/468/1098 1409/469/1099
f 1411/1016/1088 1422/1024/1100 1410/1015/1086
f 1412/1017/1089 1423/1025/1101 1411/1016/1088
f 1413/1018/1090 1424/1026/1102 1412/1027/1089
f 1414/1020/1091 1425/1028/1103 1413/1018/1090
f 1427/1029/1104 1414/1020/1091 1415/1021/1092
f 1428/1030/1105 1415/1021/1092 1416/1023/1093
f 1429/1031/1106 1416/1023/1093 1417/1032/1094
f 1430/1025/1107 1417/1017/1094 1418/1016/1095
f 1431/1024/1108 1418/1016/1095 1419/1015/1097
f 1432/468/1109 1419/1015/1097 1420/469/1110
f 1422/1024/1100 1433/464/1111 1421/468/1098
f 1423/1025/1101 1434/1033/1112 1422/1024/1100
f 1424/1034/1102 1435/1035/1113 1423/1025/1101
f 1425/1028/1103 1436/1036/1114 1424/1026/1102
f 1426/1037/1115 1437/1038/1116 1425/1028/1103
f 1439/1039/1117 1426/1037/1115 1427/1029/1104
f 1440/1040/1118 1427/1029/1104 1428/1030/1105
f 1441/1041/1119 1428/1030/1105 1429/1031/1106
f 1442/1035/1120 1429/1034/1106 1430/1025/1107
f 1443/1033/1121 1430/1025/1107 1431/1024/1108
f 1444/464/1122 1431/1024/1108 1432/468/1109
f 1434/1033/1112 1445/460/1123 1433/464/1111
f 1435/1035/1113 1446/1042/1124 1434/1033/1112
f 1436/1043/1114 1447/1044/1125 1435/1035/1113
f 1437/1038/1116 1448/1045/1126 1436/1036/1114
f 1438/1046/1127 1449/1047/1128 1437/1038/1116
f 1451/1048/1129 1438/1046/1127 1439/1039/1117
f 1452/1049/1130 1439/1039/1117 1440/1040/1118
f 1453/1050/1131 1440/1040/1118 1441/1041/1119
f 1454/1044/1132 1441/1043/1119 1442/1035/1120
f 1455/1042/1133 1442/1035/1120 1443/1033/1121
f 1456/460/1134 1443/1033/1121 1444/464/1122
f 1446/1042/1124 1457/456/1135 1445/460/1123
f 1447/1044/1125 1458/1051/1136 1446/1042/1124
f 1448/1052/1126 1459/1053/1137 1447/1044/1125
f 1449/1047/1128 1460/1054/1138 1448/1045/1126
f 1450/1055/1139 1461/1056/1140 1449/1047/1128
f 1463/1057/1141 1450/1055/1139 1451/1048/1129
f 1464/1058/1142 1451/1048/1129 1452/1049/1130
f 1465/1059/1143 1452/1049/1130 1453/1050/1131
f 1466/1053/1144 1453/1052/1131 1454/1044/1132
f 1467/1051/1145 1454/1044/1132 1455/1042/1133
f 1468/456/1146 1455/1042/1133 1456/460/1134
f 1470/1060/1147 1457/456/1135 1458/1051/1136
f 1471/1061/1148 1458/1051/1136 1459/1053/1137
f 1472/1062/1149 1459/1053/1137 1460/1063/1138
f 1473/1064/1150 1460/1054/1138 1461/1056/1140
f 1474/1065/1151 1461/1056/1140 1462/1066/1152
f 1475/1067/1153 1462/1066/1152 1463/1057/1141
f 1464/1058/1142 1475/1067/1153 1463/1057/1141
f 1465/1059/1143 1476/1068/1154 1464/1058/1142
f 1466/1053/1144 1477/1062/1155 1465/1063/1143
f 1467/1051/1145 1478/1061/1156 1466/1053/1144
f 1468/456/1146 1479/1060/1157 1467/1051/1145
f 1482/1069/1158 1469/454/1159 1470/1060/1147
f 1483/1070/1160 1470/1060/1147 1471/1061/1148
f 1484/1071/1161 1471/1061/1148 1472/1062/1149
f 1485/1072/1162 1472/1073/1149 1473/1064/1150
f 1486/1074/1163 1473/1064/1150 1474/1065/1151
f 1487/1075/1164 1474/1065/1151 1475/1067/1153
f 1476/1068/1154 1487/1075/1164 1475/1067/1153
f 1477/1076/1155 1488/1077/1165 1476/1068/1154
f 1478/1061/1156 1489/1071/1166 1477/1062/1155
f 1479/1060/1157 1490/1070/1167 1478/1061/1156
f 1480/454/1168 1491/1069/1169 1479/1060/1157
f 1494/1078/1170 1481/445/1171 1482/1069/1158
f 1495/1079/1172 1482/1069/1158 1483/1070/1160
f 1496/1080/1173 1483/1070/1160 1484/1071/1161
f 1497/1081/1174 1484/1082/1161 1485/1072/1162
f 1498/1083/1175 1485/1072/1162 1486/1074/1163
f 1499/1084/1176 1486/1074/1163 1487/1075/1164
f 1488/1077/1165 1499/1084/1176 1487/1075/1164
f 1489/1085/1166 1500/1086/1177 1488/1077/1165
f 1490/1070/1167 1501/1080/1178 1489/1071/1166
f 1491/1069/1169 1502/1079/1179 1490/1070/1167
f 1492/445/1180 1503/1078/1181 1491/1069/1169
f 1506/1087/1182 1493/438/1183 1494/1078/1170
f 1507/1088/1184 1494/1078/1170 1495/1079/1172
f 1508/1089/1185 1495/1079/1172 1496/1080/1173
f 1509/1090/1186 1496/1091/1173 1497/1092/1174
f 1510/1093/1187 1497/1092/1174 1498/1094/1175
f 1511/1095/1188 1498/1094/1175 1499/1096/1176
f 1500/1097/1177 1511/1095/1188 1499/1096/1176
f 1501/1098/1178 1512/1099/1189 1500/1097/1177
f 1502/1079/1179 1513/1089/1190 1501/1080/1178
f 1503/1078/1181 1514/1088/1191 1502/1079/1179
f 1504/438/1192 1515/1087/1193 1503/1078/1181
f 1518/1100/1194 1505/431/1195 1506/1087/1182
f 1519/1101/1196 1506/1087/1182 1507/1088/1184
f 1520/1102/1197 1507/1088/1184 1508/1089/1185
f 1521/1103/1198 1508/1104/1185 1509/1090/1186
f 1522/1105/1199 1509/1090/1186 1510/1093/1187
f 1523/1106/1200 1510/1093/1187 1511/1095/1188
f 1512/1099/1189 1523/1106/1200 1511/1095/1188
f 1513/1107/1190 1524/1108/1201 1512/1099/1189
f 1514/1088/1191 1525/1102/1202 1513/1089/1190
f 1515/1087/1193 1526/1101/1203 1514/1088/1191
f 1516/431/1204 1527/1100/1205 1515/1087/1193
f 1530/1109/1206 1517/429/1207 1518/1100/1194
f 1531/1110/1208 1518/1100/1194 1519/1101/1196
f 1532/1111/1209 1519/1101/1196 1520/1102/1197
f 1533/1112/1210 1520/1113/1197 1521/1103/1198
f 1534/1114/1211 1521/1103/1198 1522/1105/1199
f 1535/1115/1212 1522/1105/1199 1523/1106/1200
f 1524/1108/1201 1535/1115/1212 1523/1106/1200
f 1525/1116/1202 1536/1117/1213 1524/1108/1201
f 1526/1101/1203 1537/1111/1214 1525/1102/1202
f 1527/1100/1205 1538/1110/1215 1526/1101/1203
f 1528/429/1216 1539/1109/1217 1527/1100/1205
f 1542/1118/1218 1529/427/1219 1530/1109/1206
f 1543/1119/1220 1530/1109/1206 1531/1110/1208
f 1544/1120/1221 1531/1110/1208 1532/1111/1209
f 1545/1121/1222 1532/1122/1209 1533/1112/1210
f 1546/1123/1223 1533/1112/1210 1534/1114/1211
f 1547/1124/1224 1534/1114/1211 1535/1115/1212
f 1536/1117/1213 1547/1124/1224 1535/1115/1212
f 1537/1125/1214 1548/1126/1225 1536/1117/1213
f 1538/1110/1215 1549/1120/1226 1537/1111/1214
f 1539/1109/1217 1550/1119/1227 1538/1110/1215
f 1540/427/1228 1551/1118/1229 1539/1109/1217
f 1542/1118/1218 1553/423/1230 1541/425/1231
f 1543/1119/1220 1554/1127/1232 1542/1118/1218
f 1544/1120/1221 1555/1128/1233 1543/1119/1220
f 1545/1121/1222 1556/1129/1234 1544/1130/1221
f 1546/1123/1223 1557/1131/1235 1545/1121/1222
f 1559/1132/1236 1546/1123/1223 1547/1124/1224
f 1560/1133/1237 1547/1124/1224 1548/1126/1225
f 1561/1134/1238 1548/1126/1225 1549/1135/1226
f 1562/1128/1239 1549/1120/1226 1550/1119/1227
f 1563/1127/1240 1550/1119/1227 1551/1118/1229
f 1564/423/1241 1551/1118/1229 1552/425/1242
f 1554/1127/1232 1565/420/1243 1553/423/1230
f 1555/1128/1233 1566/1136/1244 1554/1127/1232
f 1556/1137/1234 1567/1138/1245 1555/1128/1233
f 1557/1131/1235 1568/1139/1246 1556/1129/1234
f 1558/1140/1247 1569/1141/1248 1557/1131/1235
f 1571/1142/1249 1558/1140/1247 1559/1132/1236
f 1572/1143/1250 1559/1132/1236 1560/1133/1237
f 1573/1144/1251 1560/1133/1237 1561/1134/1238
f 1574/1138/1252 1561/1137/1238 1562/1128/1239
f 1575/1136/1253 1562/1128/1239 1563/1127/1240
f 1576/420/1254 1563/1127/1240 1564/423/1241
f 1566/1136/1244 1577/418/1255 1565/420/1243
f 1567/1138/1245 1578/1145/1256 1566/1136/1244
f 1568/1146/1246 1579/1147/1257 1567/1138/1245
f 1569/1141/1248 1580/1148/1258 1568/1139/1246
f 1570/1149/1259 1581/1150/1260 1569/1141/1248
f 1583/1151/1261 1570/1149/1259 1571/1142/1249
f 1584/1152/1262 1571/1142/1249 1572/1143/1250
f 1585/1153/1263 1572/1143/1250 1573/1144/1251
f 1586/1147/1264 1573/1146/1251 1574/1138/1252
f 1587/1145/1265 1574/1138/1252 1575/1136/1253
f 1588/418/1266 1575/1136/1253 1576/420/1254
f 1578/1145/1256 1589/415/1267 1577/418/1255
f 1579/1147/1257 1590/1154/1268 1578/1145/1256
f 1580/1155/1258 1591/1156/1269 1579/1147/1257
f 1581/1150/1260 1592/1157/1270 1580/1148/1258
f 1582/1158/1271 1593/1159/1272 1581/1150/1260
f 1595/1160/1273 1582/1158/1271 1583/1151/1261
f 1596/1161/1274 1583/1151/1261 1584/1152/1262
f 1597/1162/1275 1584/1152/1262 1585/1153/1263
f 1598/1156/1276 1585/1155/1263 1586/1147/1264
f 1599/1154/1277 1586/1147/1264 1587/1145/1265
f 1600/415/1278 1587/1145/1265 1588/418/1266
f 1590/1154/1268 1601/413/1279 1589/415/1267
f 1591/1156/1269 1602/1163/1280 1590/1154/1268
f 1592/1164/1270 1603/1165/1281 1591/1156/1269
f 1593/1159/1272 1604/1166/1282 1592/1157/1270
f 1594/1167/1283 1605/1168/1284 1593/1159/1272
f 1607/1169/1285 1594/1167/1283 1595/1160/1273
f 1608/1170/1286 1595/1160/1273 1596/1161/1274
f 1609/1171/1287 1596/1161/1274 1597/1162/1275
f 1610/1165/1288 1597/1164/1275 1598/1156/1276
f 1611/1163/1289 1598/1156/1276 1599/1154/1277
f 1612/413/1290 1599/1154/1277 1600/415/1278
f 1602/1163/1280 1613/410/1291 1601/413/1279
f 1603/1165/1281 1614/1172/1292 1602/1163/1280
f 1604/1173/1282 1615/1174/1293 1603/1165/1281
f 1605/1168/1284 1616/1175/1294 1604/1166/1282
f 1606/1176/1295 1617/1177/1296 1605/1168/1284
f 1619/1178/1297 1606/1176/1295 1607/1169/1285
f 1620/1179/1298 1607/1169/1285 1608/1170/1286
f 1621/1180/1299 1608/1170/1286 1609/1171/1287
f 1622/1174/1300 1609/1173/1287 1610/1165/1288
f 1623/1172/1301 1610/1165/1288 1611/1163/1289
f 1624/410/1302 1611/1163/1289 1612/413/1290
f 1614/1172/1292 1625/407/1303 1613/410/1291
f 1615/1174/1293 1626/1181/1304 1614/1172/1292
f 1616/1182/1294 1627/1183/1305 1615/1174/1293
f 1629/1184/1306 1616/1175/1294 1617/1177/1296
f 1618/1185/1307 1629/1184/1306 1617/1177/1296
f 1631/1186/1308 1618/1185/1307 1619/1178/1297
f 1632/1187/1309 1619/1178/1297 1620/1179/1298
f 1621/1180/1299 1632/1187/1309 1620/1179/1298
f 1634/1183/1310 1621/1182/1299 1622/1174/1300
f 1635/1181/1311 1622/1174/1300 1623/1172/1301
f 1636/407/1312 1623/1172/1301 1624/410/1302
f 1638/1188/1313 1625/407/1303 1626/1181/1304
f 1639/1189/1314 1626/1181/1304 1627/1183/1305
f 1640/1190/1315 1627/1183/1305 1628/1191/1316
f 1641/1192/1317 1628/1193/1316 1629/1184/1306
f 1642/1194/1318 1629/1184/1306 1630/1195/1319
f 1643/1196/1320 1630/1195/1319 1631/1186/1308
f 1632/1187/1309 1643/1196/1320 1631/1186/1308
f 1633/1197/1321 1644/1198/1322 1632/1187/1309
f 1634/1183/1310 1645/1190/1323 1633/1191/1321
f 1635/1181/1311 1646/1189/1324 1634/1183/1310
f 1636/407/1312 1647/1188/1325 1635/1181/1311
f 1650/1199/1326 1637/401/1327 1638/1188/1313
f 1651/1200/1328 1638/1188/1313 1639/1189/1314
f 1652/1201/1329 1639/1189/1314 1640/1190/1315
f 1653/1202/1330 1640/1203/1315 1641/1204/1317
f 1654/1205/1331 1641/1204/1317 1642/1206/1318
f 1655/1207/1332 1642/1206/1318 1643/1208/1320
f 1644/1209/1322 1655/1207/1332 1643/1208/1320
f 1645/1210/1323 1656/1211/1333 1644/1209/1322
f 1646/1189/1324 1657/1201/1334 1645/1190/1323
f 1647/1188/1325 1658/1200/1335 1646/1189/1324
f 1648/401/1336 1659/1199/1337 1647/1188/1325
f 1662/1212/1338 1649/389/1339 1650/1199/1326
f 1663/1213/1340 1650/1199/1326 1651/1200/1328
f 1664/1214/1341 1651/1200/1328 1652/1201/1329
f 1665/1215/1342 1652/1216/1329 1653/1202/1330
f 1666/1217/1343 1653/1202/1330 1654/1205/1331
f 1667/1218/1344 1654/1205/1331 1655/1207/1332
f 1656/1211/1333 1667/1218/1344 1655/1207/1332
f 1657/1219/1334 1668/1220/1345 1656/1211/1333
f 1658/1200/1335 1669/1214/1346 1657/1201/1334
f 1659/1199/1337 1670/1213/1347 1658/1200/1335
f 1660/389/1348 1671/1212/1349 1659/1199/1337
f 1674/1221/1350 1661/385/1351 1662/1212/1338
f 1675/1222/1352 1662/1212/1338 1663/1213/1340
f 1676/1223/1353 1663/1213/1340 1664/1214/1341
f 1677/1224/1354 1664/1225/1341 1665/1215/1342
f 1678/1226/1355 1665/1215/1342 1666/1217/1343
f 1679/1227/1356 1666/1217/1343 1667/1218/1344
f 1668/1220/1345 1679/1227/1356 1667/1218/1344
f 1669/1228/1346 1680/1229/1357 1668/1220/1345
f 1670/1213/1347 1681/1223/1358 1669/1214/1346
f 1671/1212/1349 1682/1222/1359 1670/1213/1347
f 1672/385/1360 1683/1221/1361 1671/1212/1349
f 1686/1230/1362 1673/381/1363 1674/1221/1350
f 1687/1231/1364 1674/1221/1350 1675/1222/1352
f 1688/1232/1365 1675/1222/1352 1676/1223/1353
f 1689/1233/1366 1676/1234/1353 1677/1224/1354
f 1690/1235/1367 1677/1224/1354 1678/1226/1355
f 1691/1236/1368 1678/1226/1355 1679/1227/1356
f 1680/1229/1357 1691/1236/1368 1679/1227/1356
f 1681/1237/1358 1692/1238/1369 1680/1229/1357
f 1682/1222/1359 1693/1232/1370 1681/1223/1358
f 1683/1221/1361 1694/1231/1371 1682/1222/1359
f 1684/381/1372 1695/1230/1373 1683/1221/1361
f 1698/1239/1374 1685/377/1375 1686/1230/1362
f 1699/1240/1376 1686/1230/1362 1687/1231/1364
f 1700/1241/1377 1687/1231/1364 1688/1232/1365
f 1701/1242/1378 1688/1243/1365 1689/1233/1366
f 1702/1244/1379 1689/1233/1366 1690/1235/1367
f 1703/1245/1380 1690/1235/1367 1691/1236/1368
f 1692/1238/1369 1703/1245/1380 1691/1236/1368
f 1693/1246/1370 1704/1247/1381 1692/1238/1369
f 1694/1231/1371 1705/1241/1382 1693/1232/1370
f 1695/1230/1373 1706/1240/1383 1694/1231/1371
f 1696/377/1384 1707/1239/1385 1695/1230/1373
f 1710/1248/1386 1697/372/1387 1698/1239/1374
f 1711/1249/1388 1698/1239/1374 1699/1240/1376
f 1712/1250/1389 1699/1240/1376 1700/1241/1377
f 1713/1251/1390 1700/1252/1377 1701/1242/1378
f 1714/1253/1391 1701/1242/1378 1702/1244/1379
f 1715/1254/1392 1702/1244/1379 1703/1245/1380
f 1704/1247/1381 1715/1254/1392 1703/1245/1380
f 1705/1255/1382 1716/1256/1393 1704/1247/1381
f 1706/1240/1383 1717/1250/1394 1705/1241/1382
f 1707/1239/1385 1718/1249/1395 1706/1240/1383
f 1708/372/1396 1719/1248/1397 1707/1239/1385
f 1722/1257/1398 1709/374/1399 1710/1248/1386
f 1723/1258/1400 1710/1248/1386 1711/1249/1388
f 1724/1259/1401 1711/1249/1388 1712/1250/1389
f 1725/1260/1402 1712/1261/1389 1713/1251/1390
f 1726/1262/1403 1713/1251/1390 1714/1253/1391
f 1727/1263/1404 1714/1253/1391 1715/1254/1392
f 1716/1256/1393 1727/1263/1404 1715/1254/1392
f 1717/1264/1394 1728/1265/1405 1716/1256/1393
f 1718/1249/1395 1729/1259/1406 1717/1250/1394
f 1719/1248/1397 1730/1258/1407 1718/1249/1395
f 1720/374/1408 1731/1257/1409 1719/1248/1397
f 1734/1266/1410 1721/373/1411 1722/1257/1398
f 1735/1267/1412 1722/1257/1398 1723/1258/1400
f 1736/1268/1413 1723/1258/1400 1724/1259/1401
f 1737/1269/1414 1724/1270/1401 1725/1260/1402
f 1738/1271/1415 1725/1260/1402 1726/1262/1403
f 1739/1272/1416 1726/1262/1403 1727/1263/1404
f 1728/1265/1405 1739/1272/1416 1727/1263/1404
f 1729/1273/1406 1740/1274/1417 1728/1265/1405
f 1730/1258/1407 1741/1268/1418 1729/1259/1406
f 1731/1257/1409 1742/1267/1419 1730/1258/1407
f 1732/373/1420 1743/1266/1421 1731/1257/1409
f 1746/1275/1422 1733/375/1423 1734/1266/1410
f 1747/1276/1424 1734/1266/1410 1735/1267/1412
f 1748/1277/1425 1735/1267/1412 1736/1268/1413
f 1749/1278/1426 1736/1279/1413 1737/1269/1414
f 1750/1280/1427 1737/1269/1414 1738/1271/1415
f 1751/1281/1428 1738/1271/1415 1739/1272/1416
f 1740/1274/1417 1751/1281/1428 1739/1272/1416
f 1741/1282/1418 1752/1283/1429 1740/1274/1417
f 1742/1267/1419 1753/1277/1430 1741/1268/1418
f 1743/1266/1421 1754/1276/1431 1742/1267/1419
f 1744/375/1432 1755/1275/1433 1743/1266/1421
f 1758/1284/1434 1745/376/1435 1746/1275/1422
f 1759/1285/1436 1746/1275/1422 1747/1276/1424
f 1760/1286/1437 1747/1276/1424 1748/1277/1425
f 1761/1287/1438 1748/1288/1425 1749/1278/1426
f 1762/1289/1439 1749/1278/1426 1750/1280/1427
f 1763/1290/1440 1750/1280/1427 1751/1281/1428
f 1752/1283/1429 1763/1290/1440 1751/1281/1428
f 1753/1291/1430 1764/1292/1441 1752/1283/1429
f 1754/1276/1431 1765/1286/1442 1753/1277/1430
f 1755/1275/1433 1766/1285/1443 1754/1276/1431
f 1756/376/1444 1767/1284/1445 1755/1275/1433
f 1770/1293/1446 1757/378/1447 1758/1284/1434
f 1771/1294/1448 1758/1284/1434 1759/1285/1436
f 1772/1295/1449 1759/1285/1436 1760/1286/1437
f 1773/1296/1450 1760/1297/1437 1761/1287/1438
f 1774/1298/1451 1761/1287/1438 1762/1289/1439
f 1775/1299/1452 1762/1289/1439 1763/1290/1440
f 1764/1292/1441 1775/1299/1452 1763/1290/1440
f 1765/1300/1442 1776/1301/1453 1764/1292/1441
f 1766/1285/1443 1777/1295/1454 1765/1286/1442
f 1767/1284/1445 1778/1294/1455 1766/1285/1443
f 1768/378/1456 1779/1293/1457 1767/1284/1445
f 1782/1302/1458 1769/379/1459 1770/1293/1446
f 1783/1303/1460 1770/1293/1446 1771/1294/1448
f 1784/1304/1461 1771/1294/1448 1772/1295/1449
f 1785/1305/1462 1772/1306/1449 1773/1296/1450
f 1786/1307/1463 1773/1296/1450 1774/1298/1451
f 1787/1308/1464 1774/1298/1451 1775/1299/1452
f 1776/1301/1453 1787/1308/1464 1775/1299/1452
f 1777/1309/1454 1788/1310/1465 1776/1301/1453
f 1778/1294/1455 1789/1304/1466 1777/1295/1454
f 1779/1293/1457 1790/1303/1467 1778/1294/1455
f 1780/379/1468 1791/1302/1469 1779/1293/1457
f 1794/1311/1470 1781/380/1471 1782/1302/1458
f 1795/1312/1472 1782/1302/1458 1783/1303/1460
f 1796/1313/1473 1783/1303/1460 1784/1304/1461
f 1797/1314/1474 1784/1315/1461 1785/1305/1462
f 1798/1316/1475 1785/1305/1462 1786/1307/1463
f 1799/1317/1476 1786/1307/1463 1787/1308/1464
f 1788/1310/1465 1799/1317/1476 1787/1308/1464
f 1789/1318/1466 1800/1319/1477 1788/1310/1465
f 1790/1303/1467 1801/1313/1478 1789/1304/1466
f 1791/1302/1469 1802/1312/1479 1790/1303/1467
f 1792/380/1480 1803/1311/1481 1791/1302/1469
f 1806/1320/1482 1793/382/1483 1794/1311/1470
f 1807/1321/1484 1794/1311/1470 1795/1312/1472
f 1808/1322/1485 1795/1312/1472 1796/1313/1473
f 1809/1323/1486 1796/1324/1473 1797/1314/1474
f 1810/1325/1487 1797/1314/1474 1798/1316/1475
f 1811/1326/1488 1798/1316/1475 1799/1317/1476
f 1800/1319/1477 1811/1326/1488 1799/1317/1476
f 1801/1327/1478 1812/1328/1489 1800/1319/1477
f 1802/1312/1479 1813/1322/1490 1801/1313/1478
f 1803/1311/1481 1814/1321/1491 1802/1312/1479
f 1804/382/1492 1815/1320/1493 1803/1311/1481
f 1818/1329/1494 1805/383/1495 1806/1320/1482
f 1819/1330/1496 1806/1320/1482 1807/1321/1484
f 1820/1331/1497 1807/1321/1484 1808/1322/1485
f 1821/1332/1498 1808/1333/1485 1809/1323/1486
f 1822/1334/1499 1809/1323/1486 1810/1325/1487
f 1823/1335/1500 1810/1325/1487 1811/1326/1488
f 1812/1328/1489 1823/1335/1500 1811/1326/1488
f 1813/1336/1490 1824/1337/1501 1812/1328/1489
f 1814/1321/1491 1825/1331/1502 1813/1322/1490
f 1815/1320/1493 1826/1330/1503 1814/1321/1491
f 1816/383/1504 1827/1329/1505 1815/1320/1493
f 1830/1338/1506 1817/384/1507 1818/1329/1494
f 1831/1339/1508 1818/1329/1494 1819/1330/1496
f 1832/1340/1509 1819/1330/1496 1820/1331/1497
f 1833/1341/1510 1820/1342/1497 1821/1332/1498
f 1834/1343/1511 1821/1332/1498 1822/1334/1499
f 1835/1344/1512 1822/1334/1499 1823/1335/1500
f 1824/1337/1501 1835/1344/1512 1823/1335/1500
f 1825/1345/1502 1836/1346/1513 1824/1337/1501
f 1826/1330/1503 1837/1340/1514 1825/1331/1502
f 1827/1329/1505 1838/1339/1515 1826/1330/1503
f 1828/384/1516 1839/1338/1517 1827/1329/1505
f 1842/1347/1518 1829/386/1519 1830/1338/1506
f 1843/1348/1520 1830/1338/1506 1831/1339/1508
f 1844/1349/1521 1831/1339/1508 1832/1340/1509
f 1845/1350/1522 1832/1351/1509 1833/1341/1510
f 1846/1352/1523 1833/1341/1510 1834/1343/1511
f 1847/1353/1524 1834/1343/1511 1835/1344/1512
f 1836/1346/1513 1847/1353/1524 1835/1344/1512
f 1837/1354/1514 1848/1355/1525 1836/1346/1513
f 1838/1339/1515 1849/1349/1526 1837/1340/1514
f 1839/1338/1517 1850/1348/1527 1838/1339/1515
f 1840/386/1528 1851/1347/1529 1839/1338/1517
f 1842/1347/1518 1853/388/1530 1841/387/1531
f 1843/1348/1520 1854/1356/1532 1842/1347/1518
f 1844/1349/1521 1855/1357/1533 1843/1348/1520
f 1845/1350/1522 1856/1358/1534 1844/1359/1521
f 1846/1352/1523 1857/1360/1535 1845/1350/1522
f 1859/1361/1536 1846/1352/1523 1847/1353/1524
f 1860/1362/1537 1847/1353/1524 1848/1355/1525
f 1861/1363/1538 1848/1355/1525 1849/1364/1526
f 1862/1357/1539 1849/1349/1526 1850/1348/1527
f 1863/1356/1540 1850/1348/1527 1851/1347/1529
f 1864/388/1541 1851/1347/1529 1852/387/1542
f 1854/1356/1532 1865/400/1543 1853/388/1530
f 1855/1357/1533 1866/1365/1544 1854/1356/1532
f 1856/1366/1534 1867/1367/1545 1855/1368/1533
f 1857/1369/1535 1868/1370/1546 1856/1366/1534
f 1858/1371/1547 1869/1372/1548 1857/1369/1535
f 1871/1373/1549 1858/1371/1547 1859/1374/1536
f 1872/1375/1550 1859/1374/1536 1860/1376/1537
f 1873/1377/1551 1860/1376/1537 1861/1378/1538
f 1874/1379/1552 1861/1378/1538 1862/1380/1539
f 1875/1365/1553 1862/1357/1539 1863/1356/1540
f 1876/400/1554 1863/1356/1540 1864/388/1541
f 702/471/382 1865/400/1543 1866/1365/1544
f 703/473/384 1866/1365/1544 1867/1381/1545
f 704/475/386 1867/1381/1545 1868/1382/1546
f 705/478/388 1868/1358/1546 1869/1360/1548
f 706/480/390 1869/1360/1548 1870/1383/1555
f 707/482/392 1870/1383/1555 1871/1361/1549
f 1872/1362/1550 707/482/392 1871/1361/1549
f 1873/1363/1551 708/483/393 1872/1362/1550
f 1874/1381/1552 709/475/394 1873/1382/1551
f 1875/1365/1553 710/473/396 1874/1381/1552
f 1876/400/1554 711/471/398 1875/1365/1553
f 1881/1/1 1883/2/1 1882/3/1
f 1881/1/1 1886/4/1 1883/2/1
f 1886/4/1 1884/5/1 1883/2/1
f 1881/1/1 1887/6/1 1886/4/1
f 1885/7/1 1884/5/1 1886/4/1
f 1881/1/1 1879/8/1 1887/6/1
f 1879/8/1 1885/7/1 1887/6/1
f 1879/8/1 1878/9/1 1885/7/1
f 1878/9/1 1884/5/1 1885/7/1
f 1881/1/1 1880/10/1 1879/8/1
f 1877/11/1 1884/5/1 1878/9/1
f 1894/2/2 1892/1/2 1893/3/2
f 1897/4/2 1892/1/2 1894/2/2
f 1895/5/2 1897/4/2 1894/2/2
f 1898/6/2 1892/1/2 1897/4/2
f 1895/5/2 1896/7/2 1897/4/2
f 1890/8/2 1892/1/2 1898/6/2
f 1896/7/2 1890/8/2 1898/6/2
f 1889/9/2 1890/8/2 1896/7/2
f 1895/5/2 1889/9/2 1896/7/2
f 1891/10/2 1892/1/2 1890/8/2
f 1895/5/2 1888/11/2 1889/9/2
f 1912/12/3 1899/11/4 1900/13/1556
f 1913/14/6 1900/13/1556 1901/15/7
f 1914/16/8 1901/15/7 1902/17/9
f 1915/18/1557 1902/19/9 1903/20/11
f 1916/21/12 1903/20/11 1904/22/1558
f 1917/23/14 1904/22/1558 1905/24/1559
f 1906/25/16 1917/23/14 1905/24/1559
f 1907/26/17 1918/27/1560 1906/25/16
f 1908/15/19 1919/16/20 1907/17/17
f 1909/13/21 1920/14/22 1908/15/19
f 1910/11/23 1921/12/24 1909/13/21
f 1924/28/25 1911/9/4 1912/12/3
f 1925/29/26 1912/12/3 1913/14/6
f 1926/30/27 1913/14/6 1914/16/8
f 1927/31/28 1914/32/8 1915/33/1557
f 1928/34/1561 1915/33/1557 1916/35/12
f 1929/36/1562 1916/35/12 1917/37/14
f 1918/38/1560 1929/36/1562 1917/37/14
f 1919/39/20 1930/40/1563 1918/38/1560
f 1920/14/22 1931/30/32 1919/16/20
f 1921/12/24 1932/29/33 1920/14/22
f 1922/9/23 1933/28/34 1921/12/24
f 1924/28/25 1935/10/35 1923/8/35
f 1925/29/26 1936/41/36 1924/28/25
f 1926/30/27 1937/42/37 1925/29/26
f 1927/18/28 1938/19/38 1926/43/27
f 1928/21/1561 1939/20/1564 1927/18/28
f 1941/24/40 1928/21/1561 1929/23/1562
f 1942/25/1565 1929/23/1562 1930/27/1563
f 1943/26/42 1930/27/1563 1931/44/32
f 1944/42/43 1931/30/32 1932/29/33
f 1945/41/1566 1932/29/33 1933/28/34
f 1946/10/45 1933/28/34 1934/8/45
f 1936/41/36 1947/1/46 1935/10/35
f 1937/42/37 1948/45/47 1936/41/36
f 1938/46/38 1949/47/48 1937/42/37
f 1939/48/1564 1950/49/1567 1938/50/38
f 1940/51/1568 1951/52/1569 1939/48/1564
f 1953/53/52 1940/51/1568 1941/54/40
f 1954/55/1570 1941/54/40 1942/56/1565
f 1955/57/1571 1942/56/1565 1943/58/42
f 1956/47/55 1943/46/42 1944/42/43
f 1957/45/56 1944/42/43 1945/41/1566
f 1958/1/57 1945/41/1566 1946/10/45
f 1960/59/58 1947/1/46 1948/45/47
f 1961/60/59 1948/45/47 1949/47/48
f 1962/61/60 1949/47/48 1950/62/1567
f 1963/63/61 1950/19/1567 1951/20/1569
f 1964/64/62 1951/20/1569 1952/22/63
f 1965/65/1572 1952/22/63 1953/24/52
f 1954/25/1570 1965/65/1572 1953/24/52
f 1955/26/1571 1966/66/65 1954/25/1570
f 1956/47/55 1967/61/66 1955/62/1571
f 1957/45/56 1968/60/67 1956/47/55
f 1958/1/57 1969/59/68 1957/45/56
f 1972/67/69 1959/3/70 1960/59/58
f 1973/68/71 1960/59/58 1961/60/59
f 1974/69/72 1961/60/59 1962/61/60
f 1975/70/1573 1962/71/60 1963/72/61
f 1976/73/1574 1963/72/61 1964/74/62
f 1977/75/75 1964/74/62 1965/76/1572
f 1966/77/65 1977/75/75 1965/76/1572
f 1967/78/66 1978/79/1575 1966/77/65
f 1968/60/67 1979/69/77 1967/61/66
f 1969/59/68 1980/68/78 1968/60/67
f 1970/3/79 1981/67/80 1969/59/68
f 1972/67/69 1983/5/81 1971/2/82
f 1973/68/71 1984/80/83 1972/67/69
f 1974/69/72 1985/81/1576 1973/68/71
f 1975/63/1573 1986/19/85 1974/82/72
f 1976/64/1574 1987/20/86 1975/63/1573
f 1989/24/1577 1976/64/1574 1977/65/75
f 1990/25/88 1977/65/75 1978/66/1575
f 1991/26/89 1978/66/1575 1979/83/77
f 1992/81/1578 1979/69/77 1980/68/78
f 1993/80/1579 1980/68/78 1981/67/80
f 1994/5/92 1981/67/80 1982/2/93
f 1900/13/1556 1983/5/81 1984/80/83
f 1901/15/7 1984/80/83 1985/81/1576
f 1902/17/9 1985/81/1576 1986/84/85
f 1903/85/11 1986/86/85 1987/87/86
f 1904/88/1558 1987/87/86 1988/89/1580
f 1905/90/1559 1988/89/1580 1989/91/1577
f 1990/92/88 1905/90/1559 1989/91/1577
f 1991/93/89 1906/94/16 1990/92/88
f 1992/81/1578 1907/17/17 1991/84/89
f 1993/80/1579 1908/15/19 1992/81/1578
f 1994/5/92 1909/13/21 1993/80/1579
f 2008/95/95 1995/7/96 1996/96/1581
f 2009/97/98 1996/96/1581 1997/98/1582
f 2010/99/100 1997/98/1582 1998/100/101
f 2011/101/1583 1998/102/101 1999/103/103
f 2012/104/1584 1999/103/103 2000/105/105
f 2013/106/1585 2000/105/105 2001/107/1586
f 2002/108/108 2013/106/1585 2001/107/1586
f 2003/109/109 2014/110/1587 2002/108/108
f 2004/98/111 2015/99/112 2003/100/109
f 2005/96/113 2016/97/114 2004/98/111
f 2006/7/115 2017/95/116 2005/96/113
f 2008/95/95 2019/6/117 2007/4/118
f 2009/97/98 2020/111/1588 2008/95/95
f 2010/99/100 2021/112/120 2009/97/98
f 2011/101/1583 2022/102/121 2010/113/100
f 2012/104/1584 2023/103/1589 2011/101/1583
f 2025/107/1590 2012/104/1584 2013/106/1585
f 2026/108/1591 2013/106/1585 2014/110/1587
f 2027/109/125 2014/110/1587 2015/114/112
f 2028/112/1592 2015/99/112 2016/97/114
f 2029/111/127 2016/97/114 2017/95/116
f 2030/6/128 2017/95/116 2018/4/129
f 1996/96/1581 2019/6/117 2020/111/1588
f 1997/98/1582 2020/111/1588 2021/112/120
f 1998/100/101 2021/112/120 2022/115/121
f 1999/116/103 2022/117/121 2023/118/1589
f 2000/119/105 2023/118/1589 2024/120/1593
f 2001/121/1586 2024/120/1593 2025/122/1590
f 2026/123/1591 2001/121/1586 2025/122/1590
f 2027/124/125 2002/125/108 2026/123/1591
f 2028/112/1592 2003/100/109 2027/115/125
f 2029/111/127 2004/98/111 2028/112/1592
f 2030/6/128 2005/96/113 2029/111/127
f 194/148/131 193/141/154 181/147/132
f 195/150/134 194/148/131 182/149/133
f 196/152/136 195/150/134 183/151/135
f 197/154/138 196/166/136 184/155/137
f 198/157/140 197/154/138 185/156/139
f 199/159/142 198/157/140 186/158/141
f 188/161/144 200/163/146 199/159/142
f 189/162/145 201/167/148 200/163/146
f 190/151/147 202/150/150 201/152/148
f 191/149/149 203/148/152 202/150/150
f 192/147/151 204/141/165 203/148/152
f 194/148/131 206/164/155 205/146/153
f 195/150/134 207/165/156 206/164/155
f 196/152/136 208/169/157 207/165/156
f 197/154/138 209/156/158 208/155/157
f 198/157/140 210/158/168 209/156/158
f 211/160/159 210/158/168 198/157/140
f 212/161/160 211/160/159 199/159/142
f 213/162/161 212/161/160 200/163/146
f 214/165/162 213/169/161 201/152/148
f 215/164/163 214/165/162 202/150/150
f 216/146/164 215/164/163 203/148/152
f 206/164/155 218/168/133 217/135/132
f 207/165/156 219/170/166 218/168/133
f 208/169/157 220/183/167 219/170/166
f 209/171/158 221/175/169 220/172/167
f 210/174/168 222/1384/178 221/175/169
f 223/176/170 222/1384/178 210/174/168
f 224/178/171 223/176/170 211/177/159
f 225/180/172 224/178/171 212/179/160
f 226/170/173 225/183/172 213/169/161
f 227/168/149 226/170/173 214/165/162
f 228/135/151 227/168/149 215/164/163
f 218/168/133 230/182/175 229/137/174
f 219/170/166 231/184/176 230/182/175
f 220/183/167 232/1385/177 231/184/176
f 221/156/169 233/186/179 232/185/177
f 222/158/178 234/212/191 233/186/179
f 235/187/180 234/212/191 222/158/178
f 236/188/181 235/187/180 223/160/170
f 237/189/182 236/188/181 224/161/171
f 238/184/183 237/1385/182 225/183/172
f 239/182/184 238/184/183 226/170/173
f 240/137/185 239/182/184 227/168/149
f 242/190/186 241/136/198 229/137/174
f 243/191/187 242/190/186 230/182/175
f 244/192/188 243/1386/187 231/193/176
f 245/195/189 244/192/188 232/194/177
f 246/197/190 245/195/189 233/196/179
f 247/199/192 246/197/190 234/198/191
f 236/201/181 248/203/193 247/199/192
f 237/202/182 249/205/194 248/203/193
f 238/204/183 250/1387/195 249/205/194
f 239/182/184 251/190/196 250/191/195
f 240/137/185 252/136/207 251/190/196
f 254/206/197 253/138/210 241/136/198
f 255/207/199 254/206/197 242/190/186
f 256/208/200 255/207/199 243/191/187
f 257/210/201 256/217/200 244/185/188
f 258/211/202 257/210/201 245/186/189
f 259/213/203 258/211/202 246/212/190
f 248/188/193 260/214/204 259/213/203
f 249/189/194 261/218/205 260/214/204
f 250/191/195 262/207/206 261/208/205
f 251/190/196 263/206/208 262/207/206
f 252/136/207 264/138/221 263/206/208
f 254/206/197 266/215/211 265/140/209
f 255/207/199 267/216/212 266/215/211
f 256/208/200 268/1388/213 267/216/212
f 257/210/201 269/186/214 268/185/213
f 258/211/202 270/212/227 269/186/214
f 271/187/215 270/212/227 258/211/202
f 272/188/216 271/187/215 259/213/203
f 273/189/217 272/188/216 260/214/204
f 274/216/218 273/1388/217 261/208/205
f 275/215/219 274/216/218 262/207/206
f 276/140/220 275/215/219 263/206/208
f 278/219/222 277/139/234 265/140/209
f 279/220/223 278/219/222 266/215/211
f 280/221/224 279/1389/223 267/222/212
f 281/224/225 280/221/224 268/223/213
f 282/226/226 281/224/225 269/225/214
f 283/228/228 282/226/226 270/227/227
f 272/230/216 284/232/229 283/228/228
f 273/231/217 285/234/230 284/232/229
f 274/233/218 286/1390/231 285/234/230
f 275/215/219 287/219/232 286/220/231
f 276/140/220 288/139/243 287/219/232
f 290/235/233 289/142/246 277/139/234
f 291/236/235 290/235/233 278/219/222
f 292/237/236 291/236/235 279/220/223
f 293/239/237 292/245/236 280/185/224
f 294/240/238 293/239/237 281/186/225
f 295/241/239 294/240/238 282/212/226
f 284/188/229 296/242/240 295/241/239
f 285/189/230 297/246/241 296/242/240
f 286/220/231 298/236/242 297/237/241
f 287/219/232 299/235/244 298/236/242
f 288/139/243 300/142/257 299/235/244
f 290/235/233 302/243/247 301/144/245
f 291/236/235 303/244/248 302/243/247
f 292/237/236 304/1391/249 303/244/248
f 293/239/237 305/186/250 304/185/249
f 294/240/238 306/212/262 305/186/250
f 307/187/251 306/212/262 294/240/238
f 308/188/252 307/187/251 295/241/239
f 309/189/253 308/188/252 296/242/240
f 310/244/254 309/1391/253 297/237/241
f 311/243/255 310/244/254 298/236/242
f 312/144/256 311/243/255 299/235/244
f 302/243/247 314/247/259 313/143/258
f 303/244/248 315/265/260 314/247/259
f 304/248/249 316/252/261 315/249/260
f 305/251/250 317/254/263 316/252/261
f 306/253/262 318/1392/275 317/254/263
f 319/255/264 318/1392/275 306/253/262
f 320/257/265 319/255/264 307/256/251
f 321/259/266 320/257/265 308/258/252
f 322/261/267 321/259/266 309/260/253
f 323/247/268 322/265/267 310/244/254
f 324/143/269 323/247/268 311/243/255
f 326/263/270 325/145/281 313/143/258
f 327/264/271 326/263/270 314/247/259
f 328/266/272 327/264/271 315/265/260
f 329/156/273 328/155/272 316/185/261
f 330/158/274 329/156/273 317/186/263
f 331/160/276 330/158/274 318/212/275
f 320/188/265 332/161/277 331/160/276
f 321/189/266 333/162/278 332/161/277
f 322/265/267 334/264/279 333/266/278
f 323/247/268 335/263/280 334/264/279
f 324/143/269 336/145/282 335/263/280
f 326/263/270 182/149/133 181/147/132
f 327/264/271 183/151/135 182/149/133
f 328/266/272 184/153/137 183/151/135
f 329/268/273 185/272/139 184/269/137
f 330/271/274 186/1393/141 185/272/139
f 187/273/143 186/1393/141 330/271/274
f 188/275/144 187/273/143 331/274/276
f 189/277/145 188/275/144 332/276/277
f 190/151/147 189/153/145 333/266/278
f 191/149/149 190/151/147 334/264/279
f 192/147/151 191/149/149 335/263/280
f 374/291/283 373/288/284 361/290/284
f 375/293/286 374/291/283 362/292/285
f 376/295/288 375/293/286 363/294/287
f 377/297/290 376/317/288 364/19/289
f 378/298/292 377/297/290 365/20/291
f 379/299/294 378/298/292 366/22/293
f 368/25/296 380/300/298 379/299/294
f 369/26/297 381/318/300 380/300/298
f 370/294/299 382/293/302 381/295/300
f 371/292/301 383/291/304 382/293/302
f 372/290/303 384/288/303 383/291/304
f 386/301/305 385/287/315 373/288/284
f 375/293/286 387/314/316 386/301/305
f 388/302/306 387/314/316 375/293/286
f 389/303/307 388/324/306 376/304/288
f 390/306/308 389/303/307 377/305/290
f 391/308/309 390/306/308 378/307/292
f 392/310/310 391/308/309 379/309/294
f 393/312/311 392/310/310 380/311/298
f 394/314/312 393/302/311 381/295/300
f 395/301/313 394/314/312 382/293/302
f 396/287/314 395/301/313 383/291/304
f 386/301/305 398/315/317 397/289/315
f 387/314/316 399/316/318 398/315/317
f 388/302/306 400/322/319 399/316/318
f 389/297/307 401/20/320 400/19/319
f 390/298/308 402/22/327 401/20/320
f 403/24/321 402/22/327 390/298/308
f 404/25/322 403/24/321 391/299/309
f 405/26/323 404/25/322 392/300/310
f 406/316/324 405/322/323 393/302/311
f 407/315/325 406/316/324 394/314/312
f 408/289/314 407/315/325 395/301/313
f 410/319/285 409/279/284 397/289/315
f 411/320/287 410/319/285 398/315/317
f 412/321/326 411/320/287 399/316/318
f 413/323/291 412/344/326 400/324/319
f 414/325/293 413/323/291 401/303/320
f 415/326/328 414/325/293 402/306/327
f 416/327/296 415/326/328 403/308/321
f 417/328/297 416/327/296 404/310/322
f 406/316/324 418/320/299 417/321/297
f 419/319/301 418/320/299 406/316/324
f 420/279/303 419/319/301 407/315/325
f 422/329/329 421/281/341 409/279/284
f 423/330/330 422/329/329 410/319/285
f 424/331/331 423/1394/330 411/332/287
f 425/333/332 424/331/331 412/19/326
f 426/334/333 425/333/332 413/20/291
f 427/335/334 426/334/333 414/22/293
f 428/336/335 427/335/334 415/24/328
f 429/337/336 428/336/335 416/25/296
f 430/338/337 429/337/336 417/26/297
f 431/329/338 430/330/337 418/320/299
f 432/281/339 431/329/338 419/319/301
f 434/340/340 433/280/352 421/281/341
f 435/341/342 434/340/340 422/329/329
f 436/342/343 435/341/342 423/330/330
f 425/323/332 437/303/356 436/324/343
f 438/306/344 437/303/356 425/323/332
f 439/308/345 438/306/344 426/325/333
f 440/310/346 439/308/345 427/326/334
f 441/312/347 440/310/346 428/327/335
f 442/341/348 441/342/347 429/343/336
f 443/340/349 442/341/348 430/330/337
f 444/280/350 443/340/349 431/329/338
f 446/345/351 445/282/352 433/280/352
f 447/346/353 446/345/351 434/340/340
f 448/347/354 447/346/353 435/341/342
f 449/348/355 448/357/354 436/331/343
f 450/349/357 449/348/355 437/333/356
f 451/350/358 450/349/357 438/334/344
f 440/336/346 452/351/359 451/350/358
f 441/337/347 453/358/360 452/351/359
f 442/341/348 454/346/361 453/347/360
f 443/340/349 455/345/362 454/346/361
f 444/280/350 456/282/350 455/345/362
f 458/352/363 457/283/341 445/282/352
f 459/353/364 458/352/363 446/345/351
f 460/354/365 459/353/364 447/346/353
f 461/305/366 460/304/365 448/324/354
f 462/307/367 461/305/366 449/303/355
f 463/309/368 462/307/367 450/306/357
f 452/310/359 464/311/375 463/309/368
f 465/313/369 464/311/375 452/310/359
f 466/353/370 465/354/369 453/347/360
f 467/352/371 466/353/370 454/346/361
f 468/283/339 467/352/371 455/345/362
f 458/352/363 470/355/329 469/285/341
f 459/353/364 471/356/330 470/355/329
f 460/354/365 472/362/372 471/356/330
f 461/348/366 473/333/373 472/331/372
f 462/349/367 474/334/333 473/333/373
f 475/335/374 474/334/333 462/349/367
f 476/336/335 475/335/374 463/350/368
f 477/337/336 476/336/335 464/351/375
f 478/356/337 477/362/336 465/354/369
f 479/355/338 478/356/337 466/353/370
f 480/285/339 479/355/338 467/352/371
f 482/359/340 481/284/352 469/285/341
f 483/360/342 482/359/340 470/355/329
f 484/361/343 483/360/342 471/356/330
f 473/305/373 485/371/356 484/363/343
f 486/364/376 485/371/356 473/305/373
f 487/365/345 486/364/376 474/307/333
f 488/366/346 487/365/345 475/309/374
f 489/367/347 488/366/346 476/311/335
f 490/360/348 489/361/347 477/362/336
f 491/359/349 490/360/348 478/356/337
f 492/284/350 491/359/349 479/355/338
f 494/368/317 493/286/315 481/284/352
f 495/369/318 494/368/317 482/359/340
f 496/370/319 495/369/318 483/360/342
f 497/20/320 496/19/319 484/331/343
f 498/22/377 497/20/320 485/333/356
f 499/24/378 498/22/377 486/334/376
f 500/25/322 499/24/378 487/335/345
f 501/26/379 500/25/322 488/336/346
f 502/369/324 501/370/379 489/361/347
f 503/368/325 502/369/324 490/360/348
f 504/286/314 503/368/325 491/359/349
f 362/292/285 361/290/284 493/286/315
f 363/294/287 362/292/285 494/368/317
f 364/296/289 363/294/287 495/369/318
f 365/305/291 364/304/289 496/363/319
f 366/307/293 365/305/291 497/371/320
f 367/309/295 366/307/293 498/364/377
f 368/311/296 367/309/295 499/365/378
f 369/313/297 368/311/296 500/366/322
f 502/369/324 370/294/299 369/296/297
f 371/292/301 370/294/299 502/369/324
f 372/290/303 371/292/301 503/368/325
f 714/470/380 713/398/403 701/399/381
f 715/472/383 714/470/380 702/471/382
f 716/474/385 715/472/383 703/473/384
f 717/476/387 716/490/385 704/477/386
f 718/479/389 717/476/387 705/478/388
f 719/481/391 718/479/389 706/480/390
f 708/483/393 720/485/395 719/481/391
f 709/484/394 721/493/397 720/485/395
f 710/473/396 722/472/399 721/474/397
f 711/471/398 723/470/401 722/472/399
f 712/399/400 724/398/412 723/470/401
f 726/486/402 725/397/415 713/398/403
f 727/487/404 726/486/402 714/470/380
f 728/488/405 727/487/404 715/472/383
f 729/489/406 728/499/405 716/490/385
f 730/491/407 729/489/406 717/476/387
f 731/492/408 730/491/407 718/479/389
f 720/485/395 732/494/409 731/492/408
f 721/493/397 733/502/410 732/494/409
f 722/472/399 734/487/411 733/488/410
f 723/470/401 735/486/413 734/487/411
f 724/398/412 736/397/424 735/486/413
f 738/495/414 737/396/427 725/397/415
f 739/496/416 738/495/414 726/486/402
f 740/497/417 739/496/416 727/487/404
f 741/498/418 740/508/417 728/499/405
f 742/500/419 741/498/418 729/489/406
f 743/501/420 742/500/419 730/491/407
f 732/494/409 744/503/421 743/501/420
f 733/502/410 745/511/422 744/503/421
f 734/487/411 746/496/423 745/497/422
f 735/486/413 747/495/425 746/496/423
f 736/397/424 748/396/436 747/495/425
f 750/504/426 749/395/439 737/396/427
f 751/505/428 750/504/426 738/495/414
f 752/506/429 751/505/428 739/496/416
f 753/507/430 752/517/429 740/508/417
f 754/509/431 753/507/430 741/498/418
f 755/510/432 754/509/431 742/500/419
f 744/503/421 756/512/433 755/510/432
f 745/511/422 757/520/434 756/512/433
f 746/496/423 758/505/435 757/506/434
f 747/495/425 759/504/437 758/505/435
f 748/396/436 760/395/448 759/504/437
f 762/513/438 761/394/451 749/395/439
f 763/514/440 762/513/438 750/504/426
f 764/515/441 763/514/440 751/505/428
f 765/516/442 764/526/441 752/517/429
f 766/518/443 765/516/442 753/507/430
f 767/519/444 766/518/443 754/509/431
f 756/512/433 768/521/445 767/519/444
f 757/520/434 769/529/446 768/521/445
f 758/505/435 770/514/447 769/515/446
f 759/504/437 771/513/449 770/514/447
f 760/395/448 772/394/460 771/513/449
f 774/522/450 773/393/463 761/394/451
f 775/523/452 774/522/450 762/513/438
f 776/524/453 775/523/452 763/514/440
f 777/525/454 776/535/453 764/526/441
f 778/527/455 777/525/454 765/516/442
f 779/528/456 778/527/455 766/518/443
f 768/521/445 780/530/457 779/528/456
f 769/529/446 781/538/458 780/530/457
f 770/514/447 782/523/459 781/524/458
f 771/513/449 783/522/461 782/523/459
f 772/394/460 784/393/472 783/522/461
f 786/531/462 785/392/475 773/393/463
f 787/532/464 786/531/462 774/522/450
f 788/533/465 787/532/464 775/523/452
f 789/534/466 788/544/465 776/535/453
f 790/536/467 789/534/466 777/525/454
f 791/537/468 790/536/467 778/527/455
f 780/530/457 792/539/469 791/537/468
f 781/538/458 793/547/470 792/539/469
f 782/523/459 794/532/471 793/533/470
f 783/522/461 795/531/473 794/532/471
f 784/393/472 796/392/484 795/531/473
f 798/540/474 797/391/487 785/392/475
f 799/541/476 798/540/474 786/531/462
f 800/542/477 799/541/476 787/532/464
f 801/543/478 800/552/477 788/544/465
f 802/545/479 801/543/478 789/534/466
f 803/546/480 802/545/479 790/536/467
f 792/539/469 804/548/481 803/546/480
f 793/547/470 805/557/482 804/548/481
f 794/532/471 806/541/483 805/542/482
f 795/531/473 807/540/485 806/541/483
f 796/392/484 808/391/498 807/540/485
f 798/540/474 810/549/488 809/390/486
f 799/541/476 811/550/489 810/549/488
f 800/542/477 812/559/490 811/550/489
f 801/543/478 813/553/491 812/551/490
f 802/545/479 814/562/503 813/553/491
f 815/554/492 814/562/503 802/545/479
f 816/555/493 815/554/492 803/546/480
f 817/556/494 816/555/493 804/548/481
f 818/550/495 817/559/494 805/542/482
f 819/549/496 818/550/495 806/541/483
f 820/390/497 819/549/496 807/540/485
f 810/549/488 822/558/500 821/403/499
f 811/550/489 823/560/501 822/558/500
f 812/559/490 824/570/502 823/560/501
f 813/553/491 825/563/504 824/561/502
f 814/562/503 826/573/516 825/563/504
f 827/564/505 826/573/516 814/562/503
f 828/565/506 827/564/505 815/554/492
f 829/566/507 828/565/506 816/555/493
f 830/560/508 829/570/507 817/559/494
f 831/558/509 830/560/508 818/550/495
f 832/403/510 831/558/509 819/549/496
f 834/567/511 833/402/523 821/403/499
f 835/568/512 834/567/511 822/558/500
f 836/569/513 835/568/512 823/560/501
f 837/571/514 836/580/513 824/561/502
f 838/572/515 837/571/514 825/563/504
f 839/574/517 838/572/515 826/573/516
f 828/565/506 840/575/518 839/574/517
f 829/566/507 841/583/519 840/575/518
f 830/560/508 842/568/520 841/569/519
f 831/558/509 843/567/521 842/568/520
f 832/403/510 844/402/532 843/567/521
f 846/576/522 845/404/535 833/402/523
f 847/577/524 846/576/522 834/567/511
f 848/578/525 847/577/524 835/568/512
f 849/579/526 848/589/525 836/580/513
f 850/581/527 849/579/526 837/571/514
f 851/582/528 850/581/527 838/572/515
f 840/575/518 852/584/529 851/582/528
f 841/583/519 853/592/530 852/584/529
f 842/568/520 854/577/531 853/578/530
f 843/567/521 855/576/533 854/577/531
f 844/402/532 856/404/544 855/576/533
f 858/585/534 857/405/547 845/404/535
f 859/586/536 858/585/534 846/576/522
f 860/587/537 859/586/536 847/577/524
f 861/588/538 860/598/537 848/589/525
f 862/590/539 861/588/538 849/579/526
f 863/591/540 862/590/539 850/581/527
f 852/584/529 864/593/541 863/591/540
f 853/592/530 865/601/542 864/593/541
f 854/577/531 866/586/543 865/587/542
f 855/576/533 867/585/545 866/586/543
f 856/404/544 868/405/556 867/585/545
f 870/594/546 869/406/559 857/405/547
f 871/595/548 870/594/546 858/585/534
f 872/596/549 871/595/548 859/586/536
f 873/597/550 872/607/549 860/598/537
f 874/599/551 873/597/550 861/588/538
f 875/600/552 874/599/551 862/590/539
f 864/593/541 876/602/553 875/600/552
f 865/601/542 877/610/554 876/602/553
f 866/586/543 878/595/555 877/596/554
f 867/585/545 879/594/557 878/595/555
f 868/405/556 880/406/568 879/594/557
f 882/603/558 881/408/571 869/406/559
f 883/604/560 882/603/558 870/594/546
f 884/605/561 883/604/560 871/595/548
f 885/606/562 884/616/561 872/607/549
f 886/608/563 885/606/562 873/597/550
f 887/609/564 886/608/563 874/599/551
f 876/602/553 888/611/565 887/609/564
f 877/610/554 889/619/566 888/611/565
f 878/595/555 890/604/567 889/605/566
f 879/594/557 891/603/569 890/604/567
f 880/406/568 892/408/580 891/603/569
f 894/612/570 893/409/583 881/408/571
f 895/613/572 894/612/570 882/603/558
f 896/614/573 895/613/572 883/604/560
f 897/615/574 896/625/573 884/616/561
f 898/617/575 897/615/574 885/606/562
f 899/618/576 898/617/575 886/608/563
f 888/611/565 900/620/577 899/618/576
f 889/619/566 901/628/578 900/620/577
f 890/604/567 902/613/579 901/614/578
f 891/603/569 903/612/581 902/613/579
f 892/408/580 904/409/592 903/612/581
f 906/621/582 905/411/595 893/409/583
f 907/622/584 906/621/582 894/612/570
f 908/623/585 907/622/584 895/613/572
f 909/624/586 908/1395/585 896/625/573
f 910/626/587 909/624/586 897/615/574
f 911/627/588 910/626/587 898/617/575
f 900/620/577 912/629/589 911/627/588
f 901/628/578 913/1396/590 912/629/589
f 902/613/579 914/622/591 913/623/590
f 903/612/581 915/621/593 914/622/591
f 904/409/592 916/411/604 915/621/593
f 918/630/594 917/412/607 905/411/595
f 919/631/596 918/630/594 906/621/582
f 920/632/597 919/631/596 907/622/584
f 921/633/598 920/647/597 908/634/585
f 922/636/599 921/633/598 909/635/586
f 923/638/600 922/636/599 910/637/587
f 912/640/589 924/642/601 923/638/600
f 913/641/590 925/650/602 924/642/601
f 914/622/591 926/631/603 925/632/602
f 915/621/593 927/630/605 926/631/603
f 916/411/604 928/412/616 927/630/605
f 930/643/606 929/414/619 917/412/607
f 931/644/608 930/643/606 918/630/594
f 932/645/609 931/644/608 919/631/596
f 933/646/610 932/655/609 920/647/597
f 934/648/611 933/646/610 921/633/598
f 935/649/612 934/648/611 922/636/599
f 924/642/601 936/651/613 935/649/612
f 925/650/602 937/660/614 936/651/613
f 926/631/603 938/644/615 937/645/614
f 927/630/605 939/643/617 938/644/615
f 928/412/616 940/414/630 939/643/617
f 930/643/606 942/652/620 941/416/618
f 931/644/608 943/653/621 942/652/620
f 932/645/609 944/662/622 943/653/621
f 933/646/610 945/656/623 944/654/622
f 934/648/611 946/665/635 945/656/623
f 947/657/624 946/665/635 934/648/611
f 948/658/625 947/657/624 935/649/612
f 949/659/626 948/658/625 936/651/613
f 950/653/627 949/662/626 937/645/614
f 951/652/628 950/653/627 938/644/615
f 952/416/629 951/652/628 939/643/617
f 942/652/620 954/661/632 953/417/631
f 943/653/621 955/663/633 954/661/632
f 944/662/622 956/671/634 955/663/633
f 945/656/623 957/666/636 956/664/634
f 946/665/635 958/674/647 957/666/636
f 959/667/637 958/674/647 946/665/635
f 960/668/638 959/667/637 947/657/624
f 961/669/639 960/668/638 948/658/625
f 962/663/640 961/671/639 949/662/626
f 963/661/641 962/663/640 950/653/627
f 964/417/642 963/661/641 951/652/628
f 954/661/632 966/670/644 965/419/643
f 955/663/633 967/672/645 966/670/644
f 956/671/634 968/680/646 967/672/645
f 957/666/636 969/675/648 968/673/646
f 958/674/647 970/683/659 969/675/648
f 971/676/649 970/683/659 958/674/647
f 972/677/650 971/676/649 959/667/637
f 973/678/651 972/677/650 960/668/638
f 974/672/652 973/680/651 961/671/639
f 975/670/653 974/672/652 962/663/640
f 976/419/654 975/670/653 963/661/641
f 966/670/644 978/679/656 977/421/655
f 967/672/645 979/681/657 978/679/656
f 968/680/646 980/691/658 979/681/657
f 969/675/648 981/684/660 980/682/658
f 970/683/659 982/694/672 981/684/660
f 983/685/661 982/694/672 970/683/659
f 984/686/662 983/685/661 971/676/649
f 985/687/663 984/686/662 972/677/650
f 986/681/664 985/691/663 973/680/651
f 987/679/665 986/681/664 974/672/652
f 988/421/666 987/679/665 975/670/653
f 990/688/667 989/422/679 977/421/655
f 991/689/668 990/688/667 978/679/656
f 992/690/669 991/689/668 979/681/657
f 993/692/670 992/701/669 980/682/658
f 994/693/671 993/692/670 981/684/660
f 995/695/673 994/693/671 982/694/672
f 984/686/662 996/696/674 995/695/673
f 985/687/663 997/704/675 996/696/674
f 986/681/664 998/689/676 997/690/675
f 987/679/665 999/688/677 998/689/676
f 988/421/666 1000/422/688 999/688/677
f 1002/697/678 1001/424/691 989/422/679
f 1003/698/680 1002/697/678 990/688/667
f 1004/699/681 1003/698/680 991/689/668
f 1005/700/682 1004/710/681 992/701/669
f 1006/702/683 1005/700/682 993/692/670
f 1007/703/684 1006/702/683 994/693/671
f 996/696/674 1008/705/685 1007/703/684
f 997/704/675 1009/713/686 1008/705/685
f 998/689/676 1010/698/687 1009/699/686
f 999/688/677 1011/697/689 1010/698/687
f 1000/422/688 1012/424/700 1011/697/689
f 1014/706/690 1013/426/703 1001/424/691
f 1015/707/692 1014/706/690 1002/697/678
f 1016/708/693 1015/707/692 1003/698/680
f 1017/709/694 1016/719/693 1004/710/681
f 1018/711/695 1017/709/694 1005/700/682
f 1019/712/696 1018/711/695 1006/702/683
f 1008/705/685 1020/714/697 1019/712/696
f 1009/713/686 1021/722/698 1020/714/697
f 1010/698/687 1022/707/699 1021/708/698
f 1011/697/689 1023/706/701 1022/707/699
f 1012/424/700 1024/426/712 1023/706/701
f 1026/715/702 1025/428/715 1013/426/703
f 1027/716/704 1026/715/702 1014/706/690
f 1028/717/705 1027/716/704 1015/707/692
f 1029/718/706 1028/728/705 1016/719/693
f 1030/720/707 1029/718/706 1017/709/694
f 1031/721/708 1030/720/707 1018/711/695
f 1020/714/697 1032/723/709 1031/721/708
f 1021/722/698 1033/731/710 1032/723/709
f 1022/707/699 1034/716/711 1033/717/710
f 1023/706/701 1035/715/713 1034/716/711
f 1024/426/712 1036/428/724 1035/715/713
f 1038/724/714 1037/430/727 1025/428/715
f 1039/725/716 1038/724/714 1026/715/702
f 1040/726/717 1039/725/716 1027/716/704
f 1041/727/718 1040/736/717 1028/728/705
f 1042/729/719 1041/727/718 1029/718/706
f 1043/730/720 1042/729/719 1030/720/707
f 1032/723/709 1044/732/721 1043/730/720
f 1033/731/710 1045/741/722 1044/732/721
f 1034/716/711 1046/725/723 1045/726/722
f 1035/715/713 1047/724/725 1046/725/723
f 1036/428/724 1048/430/738 1047/724/725
f 1038/724/714 1050/733/728 1049/432/726
f 1039/725/716 1051/734/729 1050/733/728
f 1040/726/717 1052/743/730 1051/734/729
f 1041/727/718 1053/737/731 1052/735/730
f 1042/729/719 1054/1397/743 1053/737/731
f 1055/738/732 1054/1397/743 1042/729/719
f 1056/739/733 1055/738/732 1043/730/720
f 1057/740/734 1056/739/733 1044/732/721
f 1058/734/735 1057/743/734 1045/726/722
f 1059/733/736 1058/734/735 1046/725/723
f 1060/432/737 1059/733/736 1047/724/725
f 1050/733/728 1062/742/740 1061/436/739
f 1051/734/729 1063/744/741 1062/742/740
f 1052/743/730 1064/757/742 1063/744/741
f 1053/745/731 1065/749/744 1064/746/742
f 1054/748/743 1066/760/755 1065/749/744
f 1067/750/745 1066/760/755 1054/748/743
f 1068/752/746 1067/750/745 1055/751/732
f 1069/754/747 1068/752/746 1056/753/733
f 1070/744/748 1069/757/747 1057/743/734
f 1071/742/749 1070/744/748 1058/734/735
f 1072/436/750 1071/742/749 1059/733/736
f 1062/742/740 1074/756/752 1073/440/751
f 1063/744/741 1075/758/753 1074/756/752
f 1064/757/742 1076/766/754 1075/758/753
f 1065/749/744 1077/761/756 1076/759/754
f 1066/760/755 1078/769/767 1077/761/756
f 1079/762/757 1078/769/767 1066/760/755
f 1080/763/758 1079/762/757 1067/750/745
f 1081/764/759 1080/763/758 1068/752/746
f 1082/758/760 1081/766/759 1069/757/747
f 1083/756/761 1082/758/760 1070/744/748
f 1084/440/762 1083/756/761 1071/742/749
f 1074/756/752 1086/765/764 1085/443/763
f 1075/758/753 1087/767/765 1086/765/764
f 1076/766/754 1088/775/766 1087/767/765
f 1077/761/756 1089/770/768 1088/768/766
f 1078/769/767 1090/778/779 1089/770/768
f 1091/771/769 1090/778/779 1078/769/767
f 1092/772/770 1091/771/769 1079/762/757
f 1093/773/771 1092/772/770 1080/763/758
f 1094/767/772 1093/775/771 1081/766/759
f 1095/765/773 1094/767/772 1082/758/760
f 1096/443/774 1095/765/773 1083/756/761
f 1086/765/764 1098/774/776 1097/447/775
f 1087/767/765 1099/776/777 1098/774/776
f 1088/775/766 1100/784/778 1099/776/777
f 1089/770/768 1101/779/780 1100/777/778
f 1090/778/779 1102/787/791 1101/779/780
f 1103/780/781 1102/787/791 1090/778/779
f 1104/781/782 1103/780/781 1091/771/769
f 1105/782/783 1104/781/782 1092/772/770
f 1106/776/784 1105/784/783 1093/775/771
f 1107/774/785 1106/776/784 1094/767/772
f 1108/447/786 1107/774/785 1095/765/773
f 1098/774/776 1110/783/788 1109/450/787
f 1099/776/777 1111/785/789 1110/783/788
f 1100/784/778 1112/793/790 1111/785/789
f 1101/779/780 1113/788/792 1112/786/790
f 1102/787/791 1114/796/803 1113/788/792
f 1115/789/793 1114/796/803 1102/787/791
f 1116/790/794 1115/789/793 1103/780/781
f 1117/791/795 1116/790/794 1104/781/782
f 1118/785/796 1117/793/795 1105/784/783
f 1119/783/797 1118/785/796 1106/776/784
f 1120/450/798 1119/783/797 1107/774/785
f 1110/783/788 1122/792/800 1121/453/799
f 1111/785/789 1123/794/801 1122/792/800
f 1112/793/790 1124/802/802 1123/794/801
f 1113/788/792 1125/797/804 1124/795/802
f 1114/796/803 1126/805/815 1125/797/804
f 1127/798/805 1126/805/815 1114/796/803
f 1128/799/806 1127/798/805 1115/789/793
f 1129/800/807 1128/799/806 1116/790/794
f 1130/794/808 1129/802/807 1117/793/795
f 1131/792/809 1130/794/808 1118/785/796
f 1132/453/810 1131/792/809 1119/783/797
f 1122/792/800 1134/801/812 1133/452/811
f 1123/794/801 1135/803/813 1134/801/812
f 1124/802/802 1136/811/814 1135/803/813
f 1125/797/804 1137/806/816 1136/804/814
f 1126/805/815 1138/814/827 1137/806/816
f 1139/807/817 1138/814/827 1126/805/815
f 1140/808/818 1139/807/817 1127/798/805
f 1141/809/819 1140/808/818 1128/799/806
f 1142/803/820 1141/811/819 1129/802/807
f 1143/801/821 1142/803/820 1130/794/808
f 1144/452/822 1143/801/821 1131/792/809
f 1134/801/812 1146/810/824 1145/451/823
f 1135/803/813 1147/812/825 1146/810/824
f 1136/811/814 1148/820/826 1147/812/825
f 1137/806/816 1149/815/828 1148/813/826
f 1138/814/827 1150/823/839 1149/815/828
f 1151/816/829 1150/823/839 1138/814/827
f 1152/817/830 1151/816/829 1139/807/817
f 1153/818/831 1152/817/830 1140/808/818
f 1154/812/832 1153/820/831 1141/811/819
f 1155/810/833 1154/812/832 1142/803/820
f 1156/451/834 1155/810/833 1143/801/821
f 1146/810/824 1158/819/836 1157/449/835
f 1147/812/825 1159/821/837 1158/819/836
f 1148/820/826 1160/829/838 1159/821/837
f 1149/815/828 1161/824/840 1160/822/838
f 1150/823/839 1162/832/851 1161/824/840
f 1163/825/841 1162/832/851 1150/823/839
f 1164/826/842 1163/825/841 1151/816/829
f 1165/827/843 1164/826/842 1152/817/830
f 1166/821/844 1165/829/843 1153/820/831
f 1167/819/845 1166/821/844 1154/812/832
f 1168/449/846 1167/819/845 1155/810/833
f 1158/819/836 1170/828/848 1169/448/847
f 1159/821/837 1171/830/849 1170/828/848
f 1160/829/838 1172/838/850 1171/830/849
f 1161/824/840 1173/833/852 1172/831/850
f 1162/832/851 1174/841/863 1173/833/852
f 1175/834/853 1174/841/863 1162/832/851
f 1176/835/854 1175/834/853 1163/825/841
f 1177/836/855 1176/835/854 1164/826/842
f 1178/830/856 1177/838/855 1165/829/843
f 1179/828/857 1178/830/856 1166/821/844
f 1180/448/858 1179/828/857 1167/819/845
f 1170/828/848 1182/837/860 1181/446/859
f 1171/830/849 1183/839/861 1182/837/860
f 1172/838/850 1184/847/862 1183/839/861
f 1173/833/852 1185/842/864 1184/840/862
f 1174/841/863 1186/850/875 1185/842/864
f 1187/843/865 1186/850/875 1174/841/863
f 1188/844/866 1187/843/865 1175/834/853
f 1189/845/867 1188/844/866 1176/835/854
f 1190/839/868 1189/847/867 1177/838/855
f 1191/837/869 1190/839/868 1178/830/856
f 1192/446/870 1191/837/869 1179/828/857
f 1182/837/860 1194/846/872 1193/444/871
f 1183/839/861 1195/848/873 1194/846/872
f 1184/847/862 1196/856/874 1195/848/873
f 1185/842/864 1197/851/876 1196/849/874
f 1186/850/875 1198/859/887 1197/851/876
f 1199/852/877 1198/859/887 1186/850/875
f 1200/853/878 1199/852/877 1187/843/865
f 1201/854/879 1200/853/878 1188/844/866
f 1202/848/880 1201/856/879 1189/847/867
f 1203/846/881 1202/848/880 1190/839/868
f 1204/444/882 1203/846/881 1191/837/869
f 1194/846/872 1206/855/884 1205/442/883
f 1195/848/873 1207/857/885 1206/855/884
f 1196/856/874 1208/865/886 1207/857/885
f 1197/851/876 1209/860/888 1208/858/886
f 1198/859/887 1210/868/899 1209/860/888
f 1211/861/889 1210/868/899 1198/859/887
f 1212/862/890 1211/861/889 1199/852/877
f 1213/863/891 1212/862/890 1200/853/878
f 1214/857/892 1213/865/891 1201/856/879
f 1215/855/893 1214/857/892 1202/848/880
f 1216/442/894 1215/855/893 1203/846/881
f 1206/855/884 1218/864/896 1217/441/895
f 1207/857/885 1219/866/897 1218/864/896
f 1208/865/886 1220/874/898 1219/866/897
f 1209/860/888 1221/869/900 1220/867/898
f 1210/868/899 1222/877/911 1221/869/900
f 1223/870/901 1222/877/911 1210/868/899
f 1224/871/902 1223/870/901 1211/861/889
f 1225/872/903 1224/871/902 1212/862/890
f 1226/866/904 1225/874/903 1213/865/891
f 1227/864/905 1226/866/904 1214/857/892
f 1228/441/906 1227/864/905 1215/855/893
f 1218/864/896 1230/873/908 1229/439/907
f 1219/866/897 1231/875/909 1230/873/908
f 1220/874/898 1232/883/910 1231/875/909
f 1221/869/900 1233/878/912 1232/876/910
f 1222/877/911 1234/886/923 1233/878/912
f 1235/879/913 1234/886/923 1222/877/911
f 1236/880/914 1235/879/913 1223/870/901
f 1237/881/915 1236/880/914 1224/871/902
f 1238/875/916 1237/883/915 1225/874/903
f 1239/873/917 1238/875/916 1226/866/904
f 1240/439/918 1239/873/917 1227/864/905
f 1230/873/908 1242/882/920 1241/437/919
f 1231/875/909 1243/884/921 1242/882/920
f 1232/883/910 1244/892/922 1243/884/921
f 1233/878/912 1245/887/924 1244/885/922
f 1234/886/923 1246/895/935 1245/887/924
f 1247/888/925 1246/895/935 1234/886/923
f 1248/889/926 1247/888/925 1235/879/913
f 1249/890/927 1248/889/926 1236/880/914
f 1250/884/928 1249/892/927 1237/883/915
f 1251/882/929 1250/884/928 1238/875/916
f 1252/437/930 1251/882/929 1239/873/917
f 1242/882/920 1254/891/932 1253/433/931
f 1243/884/921 1255/893/933 1254/891/932
f 1244/892/922 1256/901/934 1255/893/933
f 1245/887/924 1257/896/936 1256/894/934
f 1246/895/935 1258/904/947 1257/896/936
f 1259/897/937 1258/904/947 1246/895/935
f 1260/898/938 1259/897/937 1247/888/925
f 1261/899/939 1260/898/938 1248/889/926
f 1262/893/940 1261/901/939 1249/892/927
f 1263/891/941 1262/893/940 1250/884/928
f 1264/433/942 1263/891/941 1251/882/929
f 1254/891/932 1266/900/944 1265/435/943
f 1255/893/933 1267/902/945 1266/900/944
f 1256/901/934 1268/1398/946 1267/902/945
f 1257/896/936 1269/905/948 1268/903/946
f 1258/904/947 1270/931/960 1269/905/948
f 1271/906/949 1270/931/960 1258/904/947
f 1272/907/950 1271/906/949 1259/897/937
f 1273/908/951 1272/907/950 1260/898/938
f 1274/902/952 1273/1398/951 1261/901/939
f 1275/900/953 1274/902/952 1262/893/940
f 1276/435/954 1275/900/953 1263/891/941
f 1278/909/955 1277/434/967 1265/435/943
f 1279/910/956 1278/909/955 1266/900/944
f 1280/911/957 1279/1399/956 1267/912/945
f 1281/914/958 1280/911/957 1268/913/946
f 1282/916/959 1281/914/958 1269/915/948
f 1283/918/961 1282/916/959 1270/917/960
f 1272/920/950 1284/922/962 1283/918/961
f 1273/921/951 1285/924/963 1284/922/962
f 1274/923/952 1286/1400/964 1285/924/963
f 1275/900/953 1287/909/965 1286/910/964
f 1276/435/954 1288/434/976 1287/909/965
f 1290/925/966 1289/455/979 1277/434/967
f 1291/926/968 1290/925/966 1278/909/955
f 1292/927/969 1291/926/968 1279/910/956
f 1293/929/970 1292/937/969 1280/903/957
f 1294/930/971 1293/929/970 1281/905/958
f 1295/932/972 1294/930/971 1282/931/959
f 1284/907/962 1296/933/973 1295/932/972
f 1285/908/963 1297/942/974 1296/933/973
f 1286/910/964 1298/926/975 1297/927/974
f 1287/909/965 1299/925/977 1298/926/975
f 1288/434/976 1300/455/990 1299/925/977
f 1290/925/966 1302/934/980 1301/457/978
f 1291/926/968 1303/935/981 1302/934/980
f 1292/927/969 1304/944/982 1303/935/981
f 1293/929/970 1305/938/983 1304/936/982
f 1294/930/971 1306/947/995 1305/938/983
f 1307/939/984 1306/947/995 1294/930/971
f 1308/940/985 1307/939/984 1295/932/972
f 1309/941/986 1308/940/985 1296/933/973
f 1310/935/987 1309/944/986 1297/927/974
f 1311/934/988 1310/935/987 1298/926/975
f 1312/457/989 1311/934/988 1299/925/977
f 1302/934/980 1314/943/992 1313/458/991
f 1303/935/981 1315/945/993 1314/943/992
f 1304/944/982 1316/953/994 1315/945/993
f 1305/938/983 1317/948/996 1316/946/994
f 1306/947/995 1318/956/1007 1317/948/996
f 1319/949/997 1318/956/1007 1306/947/995
f 1320/950/998 1319/949/997 1307/939/984
f 1321/951/999 1320/950/998 1308/940/985
f 1322/945/1000 1321/953/999 1309/944/986
f 1323/943/1001 1322/945/1000 1310/935/987
f 1324/458/1002 1323/943/1001 1311/934/988
f 1314/943/992 1326/952/1004 1325/459/1003
f 1315/945/993 1327/954/1005 1326/952/1004
f 1316/953/994 1328/962/1006 1327/954/1005
f 1317/948/996 1329/957/1008 1328/955/1006
f 1318/956/1007 1330/965/1019 1329/957/1008
f 1331/958/1009 1330/965/1019 1318/956/1007
f 1332/959/1010 1331/958/1009 1319/949/997
f 1333/960/1011 1332/959/1010 1320/950/998
f 1334/954/1012 1333/962/1011 1321/953/999
f 1335/952/1013 1334/954/1012 1322/945/1000
f 1336/459/1014 1335/952/1013 1323/943/1001
f 1326/952/1004 1338/961/1016 1337/461/1015
f 1327/954/1005 1339/963/1017 1338/961/1016
f 1328/962/1006 1340/971/1018 1339/963/1017
f 1329/957/1008 1341/966/1020 1340/964/1018
f 1330/965/1019 1342/974/1031 1341/966/1020
f 1343/967/1021 1342/974/1031 1330/965/1019
f 1344/968/1022 1343/967/1021 1331/958/1009
f 1345/969/1023 1344/968/1022 1332/959/1010
f 1346/963/1024 1345/971/1023 1333/962/1011
f 1347/961/1025 1346/963/1024 1334/954/1012
f 1348/461/1026 1347/961/1025 1335/952/1013
f 1338/961/1016 1350/970/1028 1349/462/1027
f 1339/963/1017 1351/972/1029 1350/970/1028
f 1340/971/1018 1352/980/1030 1351/972/1029
f 1341/966/1020 1353/975/1032 1352/973/1030
f 1342/974/1031 1354/983/1043 1353/975/1032
f 1355/976/1033 1354/983/1043 1342/974/1031
f 1356/977/1034 1355/976/1033 1343/967/1021
f 1357/978/1035 1356/977/1034 1344/968/1022
f 1358/972/1036 1357/980/1035 1345/971/1023
f 1359/970/1037 1358/972/1036 1346/963/1024
f 1360/462/1038 1359/970/1037 1347/961/1025
f 1350/970/1028 1362/979/1040 1361/463/1039
f 1351/972/1029 1363/981/1041 1362/979/1040
f 1352/980/1030 1364/991/1042 1363/981/1041
f 1353/975/1032 1365/984/1044 1364/982/1042
f 1354/983/1043 1366/994/1055 1365/984/1044
f 1367/985/1045 1366/994/1055 1354/983/1043
f 1368/986/1046 1367/985/1045 1355/976/1033
f 1369/987/1047 1368/986/1046 1356/977/1034
f 1370/981/1048 1369/991/1047 1357/980/1035
f 1371/979/1049 1370/981/1048 1358/972/1036
f 1372/463/1050 1371/979/1049 1359/970/1037
f 1374/988/1051 1373/465/1061 1361/463/1039
f 1375/989/1052 1374/988/1051 1362/979/1040
f 1376/990/1053 1375/989/1052 1363/981/1041
f 1365/984/1044 1377/1001/1065 1376/992/1053
f 1378/993/1054 1377/1001/1065 1365/984/1044
f 1379/995/1056 1378/993/1054 1366/994/1055
f 1368/986/1046 1380/1004/1068 1379/995/1056
f 1381/996/1057 1380/1004/1068 1368/986/1046
f 1370/981/1048 1382/989/1058 1381/990/1057
f 1371/979/1049 1383/988/1059 1382/989/1058
f 1372/463/1050 1384/465/1072 1383/988/1059
f 1386/997/1060 1385/466/1075 1373/465/1061
f 1387/998/1062 1386/997/1060 1374/988/1051
f 1388/999/1063 1387/998/1062 1375/989/1052
f 1389/1000/1064 1388/1010/1063 1376/992/1053
f 1390/1002/1066 1389/1000/1064 1377/1001/1065
f 1391/1003/1067 1390/1002/1066 1378/993/1054
f 1380/1004/1068 1392/1005/1069 1391/1003/1067
f 1381/996/1057 1393/1013/1070 1392/1005/1069
f 1382/989/1058 1394/998/1071 1393/999/1070
f 1383/988/1059 1395/997/1073 1394/998/1071
f 1384/465/1072 1396/466/1084 1395/997/1073
f 1398/1006/1074 1397/467/1087 1385/466/1075
f 1399/1007/1076 1398/1006/1074 1386/997/1060
f 1400/1008/1077 1399/1007/1076 1387/998/1062
f 1401/1009/1078 1400/1019/1077 1388/1010/1063
f 1402/1011/1079 1401/1009/1078 1389/1000/1064
f 1403/1012/1080 1402/1011/1079 1390/1002/1066
f 1392/1005/1069 1404/1014/1081 1403/1012/1080
f 1393/1013/1070 1405/1022/1082 1404/1014/1081
f 1394/998/1071 1406/1007/1083 1405/1008/1082
f 1395/997/1073 1407/1006/1085 1406/1007/1083
f 1396/466/1084 1408/467/1096 1407/1006/1085
f 1410/1015/1086 1409/469/1099 1397/467/1087
f 1411/1016/1088 1410/1015/1086 1398/1006/1074
f 1412/1017/1089 1411/1016/1088 1399/1007/1076
f 1413/1018/1090 1412/1027/1089 1400/1019/1077
f 1414/1020/1091 1413/1018/1090 1401/1009/1078
f 1415/1021/1092 1414/1020/1091 1402/1011/1079
f 1404/1014/1081 1416/1023/1093 1415/1021/1092
f 1405/1022/1082 1417/1032/1094 1416/1023/1093
f 1406/1007/1083 1418/1016/1095 1417/1017/1094
f 1407/1006/1085 1419/1015/1097 1418/1016/1095
f 1408/467/1096 1420/469/1110 1419/1015/1097
f 1410/1015/1086 1422/1024/1100 1421/468/1098
f 1411/1016/1088 1423/1025/1101 1422/1024/1100
f 1412/1017/1089 1424/1034/1102 1423/1025/1101
f 1413/1018/1090 1425/1028/1103 1424/1026/1102
f 1414/1020/1091 1426/1037/1115 1425/1028/1103
f 1427/1029/1104 1426/1037/1115 1414/1020/1091
f 1428/1030/1105 1427/1029/1104 1415/1021/1092
f 1429/1031/1106 1428/1030/1105 1416/1023/1093
f 1430/1025/1107 1429/1034/1106 1417/1017/1094
f 1431/1024/1108 1430/1025/1107 1418/1016/1095
f 1432/468/1109 1431/1024/1108 1419/1015/1097
f 1422/1024/1100 1434/1033/1112 1433/464/1111
f 1423/1025/1101 1435/1035/1113 1434/1033/1112
f 1424/1034/1102 1436/1043/1114 1435/1035/1113
f 1425/1028/1103 1437/1038/1116 1436/1036/1114
f 1426/1037/1115 1438/1046/1127 1437/1038/1116
f 1439/1039/1117 1438/1046/1127 1426/1037/1115
f 1440/1040/1118 1439/1039/1117 1427/1029/1104
f 1441/1041/1119 1440/1040/1118 1428/1030/1105
f 1442/1035/1120 1441/1043/1119 1429/1034/1106
f 1443/1033/1121 1442/1035/1120 1430/1025/1107
f 1444/464/1122 1443/1033/1121 1431/1024/1108
f 1434/1033/1112 1446/1042/1124 1445/460/1123
f 1435/1035/1113 1447/1044/1125 1446/1042/1124
f 1436/1043/1114 1448/1052/1126 1447/1044/1125
f 1437/1038/1116 1449/1047/1128 1448/1045/1126
f 1438/1046/1127 1450/1055/1139 1449/1047/1128
f 1451/1048/1129 1450/1055/1139 1438/1046/1127
f 1452/1049/1130 1451/1048/1129 1439/1039/1117
f 1453/1050/1131 1452/1049/1130 1440/1040/1118
f 1454/1044/1132 1453/1052/1131 1441/1043/1119
f 1455/1042/1133 1454/1044/1132 1442/1035/1120
f 1456/460/1134 1455/1042/1133 1443/1033/1121
f 1446/1042/1124 1458/1051/1136 1457/456/1135
f 1447/1044/1125 1459/1053/1137 1458/1051/1136
f 1448/1052/1126 1460/1063/1138 1459/1053/1137
f 1449/1047/1128 1461/1056/1140 1460/1054/1138
f 1450/1055/1139 1462/1066/1152 1461/1056/1140
f 1463/1057/1141 1462/1066/1152 1450/1055/1139
f 1464/1058/1142 1463/1057/1141 1451/1048/1129
f 1465/1059/1143 1464/1058/1142 1452/1049/1130
f 1466/1053/1144 1465/1063/1143 1453/1052/1131
f 1467/1051/1145 1466/1053/1144 1454/1044/1132
f 1468/456/1146 1467/1051/1145 1455/1042/1133
f 1470/1060/1147 1469/454/1159 1457/456/1135
f 1471/1061/1148 1470/1060/1147 1458/1051/1136
f 1472/1062/1149 1471/1061/1148 1459/1053/1137
f 1473/1064/1150 1472/1073/1149 1460/1054/1138
f 1474/1065/1151 1473/1064/1150 1461/1056/1140
f 1475/1067/1153 1474/1065/1151 1462/1066/1152
f 1464/1058/1142 1476/1068/1154 1475/1067/1153
f 1465/1059/1143 1477/1076/1155 1476/1068/1154
f 1466/1053/1144 1478/1061/1156 1477/1062/1155
f 1467/1051/1145 1479/1060/1157 1478/1061/1156
f 1468/456/1146 1480/454/1168 1479/1060/1157
f 1482/1069/1158 1481/445/1171 1469/454/1159
f 1483/1070/1160 1482/1069/1158 1470/1060/1147
f 1484/1071/1161 1483/1070/1160 1471/1061/1148
f 1485/1072/1162 1484/1082/1161 1472/1073/1149
f 1486/1074/1163 1485/1072/1162 1473/1064/1150
f 1487/1075/1164 1486/1074/1163 1474/1065/1151
f 1476/1068/1154 1488/1077/1165 1487/1075/1164
f 1477/1076/1155 1489/1085/1166 1488/1077/1165
f 1478/1061/1156 1490/1070/1167 1489/1071/1166
f 1479/1060/1157 1491/1069/1169 1490/1070/1167
f 1480/454/1168 1492/445/1180 1491/1069/1169
f 1494/1078/1170 1493/438/1183 1481/445/1171
f 1495/1079/1172 1494/1078/1170 1482/1069/1158
f 1496/1080/1173 1495/1079/1172 1483/1070/1160
f 1497/1081/1174 1496/1401/1173 1484/1082/1161
f 1498/1083/1175 1497/1081/1174 1485/1072/1162
f 1499/1084/1176 1498/1083/1175 1486/1074/1163
f 1488/1077/1165 1500/1086/1177 1499/1084/1176
f 1489/1085/1166 1501/1402/1178 1500/1086/1177
f 1490/1070/1167 1502/1079/1179 1501/1080/1178
f 1491/1069/1169 1503/1078/1181 1502/1079/1179
f 1492/445/1180 1504/438/1192 1503/1078/1181
f 1506/1087/1182 1505/431/1195 1493/438/1183
f 1507/1088/1184 1506/1087/1182 1494/1078/1170
f 1508/1089/1185 1507/1088/1184 1495/1079/1172
f 1509/1090/1186 1508/1104/1185 1496/1091/1173
f 1510/1093/1187 1509/1090/1186 1497/1092/1174
f 1511/1095/1188 1510/1093/1187 1498/1094/1175
f 1500/1097/1177 1512/1099/1189 1511/1095/1188
f 1501/1098/1178 1513/1107/1190 1512/1099/1189
f 1502/1079/1179 1514/1088/1191 1513/1089/1190
f 1503/1078/1181 1515/1087/1193 1514/1088/1191
f 1504/438/1192 1516/431/1204 1515/1087/1193
f 1518/1100/1194 1517/429/1207 1505/431/1195
f 1519/1101/1196 1518/1100/1194 1506/1087/1182
f 1520/1102/1197 1519/1101/1196 1507/1088/1184
f 1521/1103/1198 1520/1113/1197 1508/1104/1185
f 1522/1105/1199 1521/1103/1198 1509/1090/1186
f 1523/1106/1200 1522/1105/1199 1510/1093/1187
f 1512/1099/1189 1524/1108/1201 1523/1106/1200
f 1513/1107/1190 1525/1116/1202 1524/1108/1201
f 1514/1088/1191 1526/1101/1203 1525/1102/1202
f 1515/1087/1193 1527/1100/1205 1526/1101/1203
f 1516/431/1204 1528/429/1216 1527/1100/1205
f 1530/1109/1206 1529/427/1219 1517/429/1207
f 1531/1110/1208 1530/1109/1206 1518/1100/1194
f 1532/1111/1209 1531/1110/1208 1519/1101/1196
f 1533/1112/1210 1532/1122/1209 1520/1113/1197
f 1534/1114/1211 1533/1112/1210 1521/1103/1198
f 1535/1115/1212 1534/1114/1211 1522/1105/1199
f 1524/1108/1201 1536/1117/1213 1535/1115/1212
f 1525/1116/1202 1537/1125/1214 1536/1117/1213
f 1526/1101/1203 1538/1110/1215 1537/1111/1214
f 1527/1100/1205 1539/1109/1217 1538/1110/1215
f 1528/429/1216 1540/427/1228 1539/1109/1217
f 1542/1118/1218 1541/425/1231 1529/427/1219
f 1543/1119/1220 1542/1118/1218 1530/1109/1206
f 1544/1120/1221 1543/1119/1220 1531/1110/1208
f 1545/1121/1222 1544/1130/1221 1532/1122/1209
f 1546/1123/1223 1545/1121/1222 1533/1112/1210
f 1547/1124/1224 1546/1123/1223 1534/1114/1211
f 1536/1117/1213 1548/1126/1225 1547/1124/1224
f 1537/1125/1214 1549/1135/1226 1548/1126/1225
f 1538/1110/1215 1550/1119/1227 1549/1120/1226
f 1539/1109/1217 1551/1118/1229 1550/1119/1227
f 1540/427/1228 1552/425/1242 1551/1118/1229
f 1542/1118/1218 1554/1127/1232 1553/423/1230
f 1543/1119/1220 1555/1128/1233 1554/1127/1232
f 1544/1120/1221 1556/1137/1234 1555/1128/1233
f 1545/1121/1222 1557/1131/1235 1556/1129/1234
f 1546/1123/1223 1558/1140/1247 1557/1131/1235
f 1559/1132/1236 1558/1140/1247 1546/1123/1223
f 1560/1133/1237 1559/1132/1236 1547/1124/1224
f 1561/1134/1238 1560/1133/1237 1548/1126/1225
f 1562/1128/1239 1561/1137/1238 1549/1120/1226
f 1563/1127/1240 1562/1128/1239 1550/1119/1227
f 1564/423/1241 1563/1127/1240 1551/1118/1229
f 1554/1127/1232 1566/1136/1244 1565/420/1243
f 1555/1128/1233 1567/1138/1245 1566/1136/1244
f 1556/1137/1234 1568/1146/1246 1567/1138/1245
f 1557/1131/1235 1569/1141/1248 1568/1139/1246
f 1558/1140/1247 1570/1149/1259 1569/1141/1248
f 1571/1142/1249 1570/1149/1259 1558/1140/1247
f 1572/1143/1250 1571/1142/1249 1559/1132/1236
f 1573/1144/1251 1572/1143/1250 1560/1133/1237
f 1574/1138/1252 1573/1146/1251 1561/1137/1238
f 1575/1136/1253 1574/1138/1252 1562/1128/1239
f 1576/420/1254 1575/1136/1253 1563/1127/1240
f 1566/1136/1244 1578/1145/1256 1577/418/1255
f 1567/1138/1245 1579/1147/1257 1578/1145/1256
f 1568/1146/1246 1580/1155/1258 1579/1147/1257
f 1569/1141/1248 1581/1150/1260 1580/1148/1258
f 1570/1149/1259 1582/1158/1271 1581/1150/1260
f 1583/1151/1261 1582/1158/1271 1570/1149/1259
f 1584/1152/1262 1583/1151/1261 1571/1142/1249
f 1585/1153/1263 1584/1152/1262 1572/1143/1250
f 1586/1147/1264 1585/1155/1263 1573/1146/1251
f 1587/1145/1265 1586/1147/1264 1574/1138/1252
f 1588/418/1266 1587/1145/1265 1575/1136/1253
f 1578/1145/1256 1590/1154/1268 1589/415/1267
f 1579/1147/1257 1591/1156/1269 1590/1154/1268
f 1580/1155/1258 1592/1164/1270 1591/1156/1269
f 1581/1150/1260 1593/1159/1272 1592/1157/1270
f 1582/1158/1271 1594/1167/1283 1593/1159/1272
f 1595/1160/1273 1594/1167/1283 1582/1158/1271
f 1596/1161/1274 1595/1160/1273 1583/1151/1261
f 1597/1162/1275 1596/1161/1274 1584/1152/1262
f 1598/1156/1276 1597/1164/1275 1585/1155/1263
f 1599/1154/1277 1598/1156/1276 1586/1147/1264
f 1600/415/1278 1599/1154/1277 1587/1145/1265
f 1590/1154/1268 1602/1163/1280 1601/413/1279
f 1591/1156/1269 1603/1165/1281 1602/1163/1280
f 1592/1164/1270 1604/1173/1282 1603/1165/1281
f 1593/1159/1272 1605/1168/1284 1604/1166/1282
f 1594/1167/1283 1606/1176/1295 1605/1168/1284
f 1607/1169/1285 1606/1176/1295 1594/1167/1283
f 1608/1170/1286 1607/1169/1285 1595/1160/1273
f 1609/1171/1287 1608/1170/1286 1596/1161/1274
f 1610/1165/1288 1609/1173/1287 1597/1164/1275
f 1611/1163/1289 1610/1165/1288 1598/1156/1276
f 1612/413/1290 1611/1163/1289 1599/1154/1277
f 1602/1163/1280 1614/1172/1292 1613/410/1291
f 1603/1165/1281 1615/1174/1293 1614/1172/1292
f 1604/1173/1282 1616/1182/1294 1615/1174/1293
f 1605/1168/1284 1617/1177/1296 1616/1175/1294
f 1606/1176/1295 1618/1185/1307 1617/1177/1296
f 1619/1178/1297 1618/1185/1307 1606/1176/1295
f 1620/1179/1298 1619/1178/1297 1607/1169/1285
f 1621/1180/1299 1620/1179/1298 1608/1170/1286
f 1622/1174/1300 1621/1182/1299 1609/1173/1287
f 1623/1172/1301 1622/1174/1300 1610/1165/1288
f 1624/410/1302 1623/1172/1301 1611/1163/1289
f 1614/1172/1292 1626/1181/1304 1625/407/1303
f 1615/1174/1293 1627/1183/1305 1626/1181/1304
f 1616/1182/1294 1628/1191/1316 1627/1183/1305
f 1629/1184/1306 1628/1193/1316 1616/1175/1294
f 1618/1185/1307 1630/1195/1319 1629/1184/1306
f 1631/1186/1308 1630/1195/1319 1618/1185/1307
f 1632/1187/1309 1631/1186/1308 1619/1178/1297
f 1621/1180/1299 1633/1197/1321 1632/1187/1309
f 1634/1183/1310 1633/1191/1321 1621/1182/1299
f 1635/1181/1311 1634/1183/1310 1622/1174/1300
f 1636/407/1312 1635/1181/1311 1623/1172/1301
f 1638/1188/1313 1637/401/1327 1625/407/1303
f 1639/1189/1314 1638/1188/1313 1626/1181/1304
f 1640/1190/1315 1639/1189/1314 1627/1183/1305
f 1641/1192/1317 1640/1403/1315 1628/1193/1316
f 1642/1194/1318 1641/1192/1317 1629/1184/1306
f 1643/1196/1320 1642/1194/1318 1630/1195/1319
f 1632/1187/1309 1644/1198/1322 1643/1196/1320
f 1633/1197/1321 1645/1404/1323 1644/1198/1322
f 1634/1183/1310 1646/1189/1324 1645/1190/1323
f 1635/1181/1311 1647/1188/1325 1646/1189/1324
f 1636/407/1312 1648/401/1336 1647/1188/1325
f 1650/1199/1326 1649/389/1339 1637/401/1327
f 1651/1200/1328 1650/1199/1326 1638/1188/1313
f 1652/1201/1329 1651/1200/1328 1639/1189/1314
f 1653/1202/1330 1652/1216/1329 1640/1203/1315
f 1654/1205/1331 1653/1202/1330 1641/1204/1317
f 1655/1207/1332 1654/1205/1331 1642/1206/1318
f 1644/1209/1322 1656/1211/1333 1655/1207/1332
f 1645/1210/1323 1657/1219/1334 1656/1211/1333
f 1646/1189/1324 1658/1200/1335 1657/1201/1334
f 1647/1188/1325 1659/1199/1337 1658/1200/1335
f 1648/401/1336 1660/389/1348 1659/1199/1337
f 1662/1212/1338 1661/385/1351 1649/389/1339
f 1663/1213/1340 1662/1212/1338 1650/1199/1326
f 1664/1214/1341 1663/1213/1340 1651/1200/1328
f 1665/1215/1342 1664/1225/1341 1652/1216/1329
f 1666/1217/1343 1665/1215/1342 1653/1202/1330
f 1667/1218/1344 1666/1217/1343 1654/1205/1331
f 1656/1211/1333 1668/1220/1345 1667/1218/1344
f 1657/1219/1334 1669/1228/1346 1668/1220/1345
f 1658/1200/1335 1670/1213/1347 1669/1214/1346
f 1659/1199/1337 1671/1212/1349 1670/1213/1347
f 1660/389/1348 1672/385/1360 1671/1212/1349
f 1674/1221/1350 1673/381/1363 1661/385/1351
f 1675/1222/1352 1674/1221/1350 1662/1212/1338
f 1676/1223/1353 1675/1222/1352 1663/1213/1340
f 1677/1224/1354 1676/1234/1353 1664/1225/1341
f 1678/1226/1355 1677/1224/1354 1665/1215/1342
f 1679/1227/1356 1678/1226/1355 1666/1217/1343
f 1668/1220/1345 1680/1229/1357 1679/1227/1356
f 1669/1228/1346 1681/1237/1358 1680/1229/1357
f 1670/1213/1347 1682/1222/1359 1681/1223/1358
f 1671/1212/1349 1683/1221/1361 1682/1222/1359
f 1672/385/1360 1684/381/1372 1683/1221/1361
f 1686/1230/1362 1685/377/1375 1673/381/1363
f 1687/1231/1364 1686/1230/1362 1674/1221/1350
f 1688/1232/1365 1687/1231/1364 1675/1222/1352
f 1689/1233/1366 1688/1243/1365 1676/1234/1353
f 1690/1235/1367 1689/1233/1366 1677/1224/1354
f 1691/1236/1368 1690/1235/1367 1678/1226/1355
f 1680/1229/1357 1692/1238/1369 1691/1236/1368
f 1681/1237/1358 1693/1246/1370 1692/1238/1369
f 1682/1222/1359 1694/1231/1371 1693/1232/1370
f 1683/1221/1361 1695/1230/1373 1694/1231/1371
f 1684/381/1372 1696/377/1384 1695/1230/1373
f 1698/1239/1374 1697/372/1387 1685/377/1375
f 1699/1240/1376 1698/1239/1374 1686/1230/1362
f 1700/1241/1377 1699/1240/1376 1687/1231/1364
f 1701/1242/1378 1700/1252/1377 1688/1243/1365
f 1702/1244/1379 1701/1242/1378 1689/1233/1366
f 1703/1245/1380 1702/1244/1379 1690/1235/1367
f 1692/1238/1369 1704/1247/1381 1703/1245/1380
f 1693/1246/1370 1705/1255/1382 1704/1247/1381
f 1694/1231/1371 1706/1240/1383 1705/1241/1382
f 1695/1230/1373 1707/1239/1385 1706/1240/1383
f 1696/377/1384 1708/372/1396 1707/1239/1385
f 1710/1248/1386 1709/374/1399 1697/372/1387
f 1711/1249/1388 1710/1248/1386 1698/1239/1374
f 1712/1250/1389 1711/1249/1388 1699/1240/1376
f 1713/1251/1390 1712/1261/1389 1700/1252/1377
f 1714/1253/1391 1713/1251/1390 1701/1242/1378
f 1715/1254/1392 1714/1253/1391 1702/1244/1379
f 1704/1247/1381 1716/1256/1393 1715/1254/1392
f 1705/1255/1382 1717/1264/1394 1716/1256/1393
f 1706/1240/1383 1718/1249/1395 1717/1250/1394
f 1707/1239/1385 1719/1248/1397 1718/1249/1395
f 1708/372/1396 1720/374/1408 1719/1248/1397
f 1722/1257/1398 1721/373/1411 1709/374/1399
f 1723/1258/1400 1722/1257/1398 1710/1248/1386
f 1724/1259/1401 1723/1258/1400 1711/1249/1388
f 1725/1260/1402 1724/1270/1401 1712/1261/1389
f 1726/1262/1403 1725/1260/1402 1713/1251/1390
f 1727/1263/1404 1726/1262/1403 1714/1253/1391
f 1716/1256/1393 1728/1265/1405 1727/1263/1404
f 1717/1264/1394 1729/1273/1406 1728/1265/1405
f 1718/1249/1395 1730/1258/1407 1729/1259/1406
f 1719/1248/1397 1731/1257/1409 1730/1258/1407
f 1720/374/1408 1732/373/1420 1731/1257/1409
f 1734/1266/1410 1733/375/1423 1721/373/1411
f 1735/1267/1412 1734/1266/1410 1722/1257/1398
f 1736/1268/1413 1735/1267/1412 1723/1258/1400
f 1737/1269/1414 1736/1279/1413 1724/1270/1401
f 1738/1271/1415 1737/1269/1414 1725/1260/1402
f 1739/1272/1416 1738/1271/1415 1726/1262/1403
f 1728/1265/1405 1740/1274/1417 1739/1272/1416
f 1729/1273/1406 1741/1282/1418 1740/1274/1417
f 1730/1258/1407 1742/1267/1419 1741/1268/1418
f 1731/1257/1409 1743/1266/1421 1742/1267/1419
f 1732/373/1420 1744/375/1432 1743/1266/1421
f 1746/1275/1422 1745/376/1435 1733/375/1423
f 1747/1276/1424 1746/1275/1422 1734/1266/1410
f 1748/1277/1425 1747/1276/1424 1735/1267/1412
f 1749/1278/1426 1748/1288/1425 1736/1279/1413
f 1750/1280/1427 1749/1278/1426 1737/1269/1414
f 1751/1281/1428 1750/1280/1427 1738/1271/1415
f 1740/1274/1417 1752/1283/1429 1751/1281/1428
f 1741/1282/1418 1753/1291/1430 1752/1283/1429
f 1742/1267/1419 1754/1276/1431 1753/1277/1430
f 1743/1266/1421 1755/1275/1433 1754/1276/1431
f 1744/375/1432 1756/376/1444 1755/1275/1433
f 1758/1284/1434 1757/378/1447 1745/376/1435
f 1759/1285/1436 1758/1284/1434 1746/1275/1422
f 1760/1286/1437 1759/1285/1436 1747/1276/1424
f 1761/1287/1438 1760/1297/1437 1748/1288/1425
f 1762/1289/1439 1761/1287/1438 1749/1278/1426
f 1763/1290/1440 1762/1289/1439 1750/1280/1427
f 1752/1283/1429 1764/1292/1441 1763/1290/1440
f 1753/1291/1430 1765/1300/1442 1764/1292/1441
f 1754/1276/1431 1766/1285/1443 1765/1286/1442
f 1755/1275/1433 1767/1284/1445 1766/1285/1443
f 1756/376/1444 1768/378/1456 1767/1284/1445
f 1770/1293/1446 1769/379/1459 1757/378/1447
f 1771/1294/1448 1770/1293/1446 1758/1284/1434
f 1772/1295/1449 1771/1294/1448 1759/1285/1436
f 1773/1296/1450 1772/1306/1449 1760/1297/1437
f 1774/1298/1451 1773/1296/1450 1761/1287/1438
f 1775/1299/1452 1774/1298/1451 1762/1289/1439
f 1764/1292/1441 1776/1301/1453 1775/1299/1452
f 1765/1300/1442 1777/1309/1454 1776/1301/1453
f 1766/1285/1443 1778/1294/1455 1777/1295/1454
f 1767/1284/1445 1779/1293/1457 1778/1294/1455
f 1768/378/1456 1780/379/1468 1779/1293/1457
f 1782/1302/1458 1781/380/1471 1769/379/1459
f 1783/1303/1460 1782/1302/1458 1770/1293/1446
f 1784/1304/1461 1783/1303/1460 1771/1294/1448
f 1785/1305/1462 1784/1315/1461 1772/1306/1449
f 1786/1307/1463 1785/1305/1462 1773/1296/1450
f 1787/1308/1464 1786/1307/1463 1774/1298/1451
f 1776/1301/1453 1788/1310/1465 1787/1308/1464
f 1777/1309/1454 1789/1318/1466 1788/1310/1465
f 1778/1294/1455 1790/1303/1467 1789/1304/1466
f 1779/1293/1457 1791/1302/1469 1790/1303/1467
f 1780/379/1468 1792/380/1480 1791/1302/1469
f 1794/1311/1470 1793/382/1483 1781/380/1471
f 1795/1312/1472 1794/1311/1470 1782/1302/1458
f 1796/1313/1473 1795/1312/1472 1783/1303/1460
f 1797/1314/1474 1796/1324/1473 1784/1315/1461
f 1798/1316/1475 1797/1314/1474 1785/1305/1462
f 1799/1317/1476 1798/1316/1475 1786/1307/1463
f 1788/1310/1465 1800/1319/1477 1799/1317/1476
f 1789/1318/1466 1801/1327/1478 1800/1319/1477
f 1790/1303/1467 1802/1312/1479 1801/1313/1478
f 1791/1302/1469 1803/1311/1481 1802/1312/1479
f 1792/380/1480 1804/382/1492 1803/1311/1481
f 1806/1320/1482 1805/383/1495 1793/382/1483
f 1807/1321/1484 1806/1320/1482 1794/1311/1470
f 1808/1322/1485 1807/1321/1484 1795/1312/1472
f 1809/1323/1486 1808/1333/1485 1796/1324/1473
f 1810/1325/1487 1809/1323/1486 1797/1314/1474
f 1811/1326/1488 1810/1325/1487 1798/1316/1475
f 1800/1319/1477 1812/1328/1489 1811/1326/1488
f 1801/1327/1478 1813/1336/1490 1812/1328/1489
f 1802/1312/1479 1814/1321/1491 1813/1322/1490
f 1803/1311/1481 1815/1320/1493 1814/1321/1491
f 1804/382/1492 1816/383/1504 1815/1320/1493
f 1818/1329/1494 1817/384/1507 1805/383/1495
f 1819/1330/1496 1818/1329/1494 1806/1320/1482
f 1820/1331/1497 1819/1330/1496 1807/1321/1484
f 1821/1332/1498 1820/1342/1497 1808/1333/1485
f 1822/1334/1499 1821/1332/1498 1809/1323/1486
f 1823/1335/1500 1822/1334/1499 1810/1325/1487
f 1812/1328/1489 1824/1337/1501 1823/1335/1500
f 1813/1336/1490 1825/1345/1502 1824/1337/1501
f 1814/1321/1491 1826/1330/1503 1825/1331/1502
f 1815/1320/1493 1827/1329/1505 1826/1330/1503
f 1816/383/1504 1828/384/1516 1827/1329/1505
f 1830/1338/1506 1829/386/1519 1817/384/1507
f 1831/1339/1508 1830/1338/1506 1818/1329/1494
f 1832/1340/1509 1831/1339/1508 1819/1330/1496
f 1833/1341/1510 1832/1351/1509 1820/1342/1497
f 1834/1343/1511 1833/1341/1510 1821/1332/1498
f 1835/1344/1512 1834/1343/1511 1822/1334/1499
f 1824/1337/1501 1836/1346/1513 1835/1344/1512
f 1825/1345/1502 1837/1354/1514 1836/1346/1513
f 1826/1330/1503 1838/1339/1515 1837/1340/1514
f 1827/1329/1505 1839/1338/1517 1838/1339/1515
f 1828/384/1516 1840/386/1528 1839/1338/1517
f 1842/1347/1518 1841/387/1531 1829/386/1519
f 1843/1348/1520 1842/1347/1518 1830/1338/1506
f 1844/1349/1521 1843/1348/1520 1831/1339/1508
f 1845/1350/1522 1844/1359/1521 1832/1351/1509
f 1846/1352/1523 1845/1350/1522 1833/1341/1510
f 1847/1353/1524 1846/1352/1523 1834/1343/1511
f 1836/1346/1513 1848/1355/1525 1847/1353/1524
f 1837/1354/1514 1849/1364/1526 1848/1355/1525
f 1838/1339/1515 1850/1348/1527 1849/1349/1526
f 1839/1338/1517 1851/1347/1529 1850/1348/1527
f 1840/386/1528 1852/387/1542 1851/1347/1529
f 1842/1347/1518 1854/1356/1532 1853/388/1530
f 1843/1348/1520 1855/1357/1533 1854/1356/1532
f 1844/1349/1521 1856/1405/1534 1855/1357/1533
f 1845/1350/1522 1857/1360/1535 1856/1358/1534
f 1846/1352/1523 1858/1383/1547 1857/1360/1535
f 1859/1361/1536 1858/1383/1547 1846/1352/1523
f 1860/1362/1537 1859/1361/1536 1847/1353/1524
f 1861/1363/1538 1860/1362/1537 1848/1355/1525
f 1862/1357/1539 1861/1405/1538 1849/1349/1526
f 1863/1356/1540 1862/1357/1539 1850/1348/1527
f 1864/388/1541 1863/1356/1540 1851/1347/1529
f 1854/1356/1532 1866/1365/1544 1865/400/1543
f 1855/1357/1533 1867/1381/1545 1866/1365/1544
f 1856/1366/1534 1868/1370/1546 1867/1367/1545
f 1857/1369/1535 1869/1372/1548 1868/1370/1546
f 1858/1371/1547 1870/1406/1555 1869/1372/1548
f 1871/1373/1549 1870/1406/1555 1858/1371/1547
f 1872/1375/1550 1871/1373/1549 1859/1374/1536
f 1873/1377/1551 1872/1375/1550 1860/1376/1537
f 1874/1379/1552 1873/1377/1551 1861/1378/1538
f 1875/1365/1553 1874/1381/1552 1862/1357/1539
f 1876/400/1554 1875/1365/1553 1863/1356/1540
f 702/471/382 701/399/381 1865/400/1543
f 703/473/384 702/471/382 1866/1365/1544
f 704/475/386 703/473/384 1867/1381/1545
f 705/478/388 704/477/386 1868/1358/1546
f 706/480/390 705/478/388 1869/1360/1548
f 707/482/392 706/480/390 1870/1383/1555
f 1872/1362/1550 708/483/393 707/482/392
f 1873/1363/1551 709/484/394 708/483/393
f 1874/1381/1552 710/473/396 709/475/394
f 1875/1365/1553 711/471/398 710/473/396
f 1876/400/1554 712/399/400 711/471/398
f 1912/12/3 1911/9/4 1899/11/4
f 1913/14/6 1912/12/3 1900/13/1556
f 1914/16/8 1913/14/6 1901/15/7
f 1915/18/1557 1914/43/8 1902/19/9
f 1916/21/12 1915/18/1557 1903/20/11
f 1917/23/14 1916/21/12 1904/22/1558
f 1906/25/16 1918/27/1560 1917/23/14
f 1907/26/17 1919/44/20 1918/27/1560
f 1908/15/19 1920/14/22 1919/16/20
f 1909/13/21 1921/12/24 1920/14/22
f 1910/11/23 1922/9/23 1921/12/24
f 1924/28/25 1923/8/35 1911/9/4
f 1925/29/26 1924/28/25 1912/12/3
f 1926/30/27 1925/29/26 1913/14/6
f 1927/31/28 1926/126/27 1914/32/8
f 1928/34/1561 1927/31/28 1915/33/1557
f 1929/36/1562 1928/34/1561 1916/35/12
f 1918/38/1560 1930/40/1563 1929/36/1562
f 1919/39/20 1931/127/32 1930/40/1563
f 1920/14/22 1932/29/33 1931/30/32
f 1921/12/24 1933/28/34 1932/29/33
f 1922/9/23 1934/8/45 1933/28/34
f 1924/28/25 1936/41/36 1935/10/35
f 1925/29/26 1937/42/37 1936/41/36
f 1926/30/27 1938/46/38 1937/42/37
f 1927/18/28 1939/20/1564 1938/19/38
f 1928/21/1561 1940/22/1568 1939/20/1564
f 1941/24/40 1940/22/1568 1928/21/1561
f 1942/25/1565 1941/24/40 1929/23/1562
f 1943/26/42 1942/25/1565 1930/27/1563
f 1944/42/43 1943/46/42 1931/30/32
f 1945/41/1566 1944/42/43 1932/29/33
f 1946/10/45 1945/41/1566 1933/28/34
f 1936/41/36 1948/45/47 1947/1/46
f 1937/42/37 1949/47/48 1948/45/47
f 1938/46/38 1950/62/1567 1949/47/48
f 1939/48/1564 1951/52/1569 1950/49/1567
f 1940/51/1568 1952/128/63 1951/52/1569
f 1953/53/52 1952/128/63 1940/51/1568
f 1954/55/1570 1953/53/52 1941/54/40
f 1955/57/1571 1954/55/1570 1942/56/1565
f 1956/47/55 1955/62/1571 1943/46/42
f 1957/45/56 1956/47/55 1944/42/43
f 1958/1/57 1957/45/56 1945/41/1566
f 1960/59/58 1959/3/70 1947/1/46
f 1961/60/59 1960/59/58 1948/45/47
f 1962/61/60 1961/60/59 1949/47/48
f 1963/63/61 1962/82/60 1950/19/1567
f 1964/64/62 1963/63/61 1951/20/1569
f 1965/65/1572 1964/64/62 1952/22/63
f 1954/25/1570 1966/66/65 1965/65/1572
f 1955/26/1571 1967/83/66 1966/66/65
f 1956/47/55 1968/60/67 1967/61/66
f 1957/45/56 1969/59/68 1968/60/67
f 1958/1/57 1970/3/79 1969/59/68
f 1972/67/69 1971/2/82 1959/3/70
f 1973/68/71 1972/67/69 1960/59/58
f 1974/69/72 1973/68/71 1961/60/59
f 1975/70/1573 1974/129/72 1962/71/60
f 1976/73/1574 1975/70/1573 1963/72/61
f 1977/75/75 1976/73/1574 1964/74/62
f 1966/77/65 1978/79/1575 1977/75/75
f 1967/78/66 1979/130/77 1978/79/1575
f 1968/60/67 1980/68/78 1979/69/77
f 1969/59/68 1981/67/80 1980/68/78
f 1970/3/79 1982/2/93 1981/67/80
f 1972/67/69 1984/80/83 1983/5/81
f 1973/68/71 1985/81/1576 1984/80/83
f 1974/69/72 1986/84/85 1985/81/1576
f 1975/63/1573 1987/20/86 1986/19/85
f 1976/64/1574 1988/22/1580 1987/20/86
f 1989/24/1577 1988/22/1580 1976/64/1574
f 1990/25/88 1989/24/1577 1977/65/75
f 1991/26/89 1990/25/88 1978/66/1575
f 1992/81/1578 1991/84/89 1979/69/77
f 1993/80/1579 1992/81/1578 1980/68/78
f 1994/5/92 1993/80/1579 1981/67/80
f 1900/13/1556 1899/11/4 1983/5/81
f 1901/15/7 1900/13/1556 1984/80/83
f 1902/17/9 1901/15/7 1985/81/1576
f 1903/85/11 1902/131/9 1986/86/85
f 1904/88/1558 1903/85/11 1987/87/86
f 1905/90/1559 1904/88/1558 1988/89/1580
f 1990/92/88 1906/94/16 1905/90/1559
f 1991/93/89 1907/132/17 1906/94/16
f 1992/81/1578 1908/15/19 1907/17/17
f 1993/80/1579 1909/13/21 1908/15/19
f 1994/5/92 1910/11/23 1909/13/21
f 2008/95/95 2007/4/118 1995/7/96
f 2009/97/98 2008/95/95 1996/96/1581
f 2010/99/100 2009/97/98 1997/98/1582
f 2011/101/1583 2010/113/100 1998/102/101
f 2012/104/1584 2011/101/1583 1999/103/103
f 2013/106/1585 2012/104/1584 2000/105/105
f 2002/108/108 2014/110/1587 2013/106/1585
f 2003/109/109 2015/114/112 2014/110/1587
f 2004/98/111 2016/97/114 2015/99/112
f 2005/96/113 2017/95/116 2016/97/114
f 2006/7/115 2018/4/129 2017/95/116
f 2008/95/95 2020/111/1588 2019/6/117
f 2009/97/98 2021/112/120 2020/111/1588
f 2010/99/100 2022/115/121 2021/112/120
f 2011/101/1583 2023/103/1589 2022/102/121
f 2012/104/1584 2024/105/1593 2023/103/1589
f 2025/107/1590 2024/105/1593 2012/104/1584
f 2026/108/1591 2025/107/1590 2013/106/1585
f 2027/109/125 2026/108/1591 2014/110/1587
f 2028/112/1592 2027/115/125 2015/99/112
f 2029/111/127 2028/112/1592 2016/97/114
f 2030/6/128 2029/111/127 2017/95/116
f 1996/96/1581 1995/7/96 2019/6/117
f 1997/98/1582 1996/96/1581 2020/111/1588
f 1998/100/101 1997/98/1582 2021/112/120
f 1999/116/103 1998/133/101 2022/117/121
f 2000/119/105 1999/116/103 2023/118/1589
f 2001/121/1586 2000/119/105 2024/120/1593
f 2026/123/1591 2002/125/108 2001/121/1586
f 2027/124/125 2003/134/109 2002/125/108
f 2028/112/1592 2004/98/111 2003/100/109
f 2029/111/127 2005/96/113 2004/98/111
f 2030/6/128 2006/7/115 2005/96/113
f 2033/1407/1 2035/1408/1 2034/1409/1
f 2033/1407/1 2036/1410/1 2035/1408/1
f 2033/1407/1 2031/1411/1 2036/1410/1
f 2033/1407/1 2032/1412/1 2031/1411/1
f 2041/1408/2 2039/1407/2 2040/1409/2
f 2042/1410/2 2039/1407/2 2041/1408/2
f 2037/1411/2 2039/1407/2 2042/1410/2
f 2038/1412/2 2039/1407/2 2037/1411/2
f 2056/1413/1594 2043/1411/1595 2044/1414/1596
f 2057/1415/1597 2044/1414/1596 2045/1416/1598
f 2058/1417/1599 2045/1418/1598 2046/1419/1600
f 2059/1420/1601 2046/1419/1600 2047/1421/1602
f 2060/1422/1603 2047/1421/1602 2048/1423/1604
f 2061/1424/1605 2048/1423/1604 2049/1425/1606
f 2062/1426/1607 2049/1425/1606 2050/1427/1608
f 2063/1428/1609 2050/1427/1608 2051/1429/1610
f 2064/1430/1611 2051/1429/1610 2052/1431/1612
f 2065/1413/1613 2052/1416/1612 2053/1414/1614
f 2066/1412/1615 2053/1414/1614 2054/1411/1616
f 2056/1413/1594 2067/1407/1617 2055/1412/1618
f 2069/1432/1619 2056/1413/1594 2057/1415/1597
f 2070/1433/1620 2057/1434/1597 2058/1435/1599
f 2071/1436/1621 2058/1435/1599 2059/1437/1601
f 2060/1438/1603 2071/1436/1621 2059/1437/1601
f 2073/1439/1622 2060/1438/1603 2061/1440/1605
f 2074/1441/1623 2061/1440/1605 2062/1442/1607
f 2075/1443/1624 2062/1442/1607 2063/1444/1609
f 2076/1445/1625 2063/1444/1609 2064/1446/1611
f 2065/1413/1613 2076/1432/1625 2064/1415/1611
f 2078/1407/1626 2065/1413/1613 2066/1412/1615
f 2080/1447/1627 2067/1407/1617 2068/1448/1628
f 2081/1449/1629 2068/1448/1628 2069/1432/1619
f 2082/1450/1630 2069/1432/1619 2070/1451/1620
f 2083/1452/1631 2070/1453/1620 2071/1454/1621
f 2072/1455/1632 2083/1452/1631 2071/1454/1621
f 2085/1456/1633 2072/1455/1632 2073/1457/1622
f 2086/1458/1634 2073/1457/1622 2074/1459/1623
f 2087/1460/1635 2074/1459/1623 2075/1461/1624
f 2088/1449/1636 2075/1451/1624 2076/1432/1625
f 2089/1447/1637 2076/1432/1625 2077/1448/1638
f 2090/1409/1639 2077/1448/1638 2078/1407/1626
f 2092/1462/1596 2079/1409/1640 2080/1447/1627
f 2093/1463/1641 2080/1447/1627 2081/1449/1629
f 2082/1450/1630 2093/1463/1641 2081/1449/1629
f 2095/1464/1602 2082/1433/1630 2083/1436/1631
f 2096/1465/1642 2083/1436/1631 2084/1466/1643
f 2097/1467/1606 2084/1466/1643 2085/1439/1633
f 2098/1468/1644 2085/1439/1633 2086/1441/1634
f 2099/1469/1645 2086/1441/1634 2087/1443/1635
f 2100/1463/1612 2087/1450/1635 2088/1449/1636
f 2101/1462/1614 2088/1449/1636 2089/1447/1637
f 2102/1408/1616 2089/1447/1637 2090/1409/1639
f 2104/1470/1646 2091/1408/1595 2092/1462/1596
f 2105/1471/1647 2092/1462/1596 2093/1463/1641
f 2106/1472/1648 2093/1463/1641 2094/1473/1649
f 2107/1474/1650 2094/1475/1649 2095/1452/1602
f 2108/1476/1651 2095/1452/1602 2096/1477/1642
f 2109/1478/1652 2096/1477/1642 2097/1456/1606
f 2098/1458/1644 2109/1478/1652 2097/1456/1606
f 2099/1460/1645 2110/1479/1653 2098/1458/1644
f 2100/1463/1612 2111/1472/1654 2099/1473/1645
f 2101/1462/1614 2112/1471/1655 2100/1463/1612
f 2102/1408/1616 2113/1470/1656 2101/1462/1614
f 2104/1470/1646 2043/1411/1595 2103/1410/1595
f 2105/1471/1647 2044/1414/1596 2104/1470/1646
f 2106/1480/1648 2045/1434/1598 2105/1481/1647
f 2107/1464/1650 2046/1435/1600 2106/1480/1648
f 2108/1465/1651 2047/1437/1602 2107/1464/1650
f 2049/1440/1606 2108/1465/1651 2109/1467/1652
f 2050/1442/1608 2109/1467/1652 2110/1468/1653
f 2051/1444/1610 2110/1468/1653 2111/1469/1654
f 2052/1446/1612 2111/1469/1654 2112/1482/1655
f 2053/1414/1614 2112/1471/1655 2113/1470/1656
f 2054/1411/1616 2113/1470/1656 2114/1410/1616
f 2161/1483/1 2115/1484/1 2162/1485/1
f 2161/1483/1 2116/1486/1 2115/1484/1
f 2160/1487/1 2116/1486/1 2161/1483/1
f 2160/1487/1 2117/1488/1 2116/1486/1
f 2159/1489/1 2117/1488/1 2160/1487/1
f 2159/1489/1 2118/1490/1 2117/1488/1
f 2158/1491/1 2118/1490/1 2159/1489/1
f 2158/1491/1 2119/1492/1 2118/1490/1
f 2157/1493/1 2119/1492/1 2158/1491/1
f 2157/1493/1 2120/1494/1 2119/1492/1
f 2156/1495/1 2186/1496/1 2157/1493/1
f 2186/1496/1 2120/1494/1 2157/1493/1
f 2156/1495/1 2187/1497/1 2186/1496/1
f 2185/1498/1 2120/1494/1 2186/1496/1
f 2184/1499/1 2120/1494/1 2185/1498/1
f 2156/1495/1 2188/1500/1 2187/1497/1
f 2183/1501/1 2120/1494/1 2184/1499/1
f 2156/1495/1 2189/1502/1 2188/1500/1
f 2183/1501/1 2121/1503/1 2120/1494/1
f 2155/1504/1 2189/1502/1 2156/1495/1
f 2182/1505/1 2121/1503/1 2183/1501/1
f 2155/1504/1 2190/1506/1 2189/1502/1
f 2181/1507/1 2121/1503/1 2182/1505/1
f 2155/1504/1 2191/1508/1 2190/1506/1
f 2181/1507/1 2122/1509/1 2121/1503/1
f 2154/1510/1 2191/1508/1 2155/1504/1
f 2180/1511/1 2122/1509/1 2181/1507/1
f 2154/1510/1 2192/1512/1 2191/1508/1
f 2179/1513/1 2122/1509/1 2180/1511/1
f 2154/1510/1 2193/1514/1 2192/1512/1
f 2179/1513/1 2123/1515/1 2122/1509/1
f 2153/1516/1 2193/1514/1 2154/1510/1
f 2178/1517/1 2123/1515/1 2179/1513/1
f 2153/1516/1 2194/1518/1 2193/1514/1
f 2178/1517/1 2124/1519/1 2123/1515/1
f 2152/1520/1 2194/1518/1 2153/1516/1
f 2177/1521/1 2124/1519/1 2178/1517/1
f 2152/1520/1 2195/1522/1 2194/1518/1
f 2176/1523/1 2124/1519/1 2177/1521/1
f 2152/1520/1 2196/1524/1 2195/1522/1
f 2176/1523/1 2125/1525/1 2124/1519/1
f 2151/1526/1 2196/1524/1 2152/1520/1
f 2175/1527/1 2125/1525/1 2176/1523/1
f 2151/1526/1 2197/1528/1 2196/1524/1
f 2175/1527/1 2126/1529/1 2125/1525/1
f 2150/1530/1 2197/1528/1 2151/1526/1
f 2174/1531/1 2126/1529/1 2175/1527/1
f 2150/1530/1 2198/1532/1 2197/1528/1
f 2149/1533/1 2198/1532/1 2150/1530/1
f 2149/1533/1 2199/1534/1 2198/1532/1
f 2173/1535/1 2126/1529/1 2174/1531/1
f 2173/1535/1 2127/1536/1 2126/1529/1
f 2149/1533/1 2200/1537/1 2199/1534/1
f 2172/1538/1 2127/1536/1 2173/1535/1
f 2172/1538/1 2128/1539/1 2127/1536/1
f 2148/1540/1 2200/1537/1 2149/1533/1
f 2148/1540/1 2201/1541/1 2200/1537/1
f 2171/1542/1 2128/1539/1 2172/1538/1
f 2171/1542/1 2129/1543/1 2128/1539/1
f 2147/1544/1 2201/1541/1 2148/1540/1
f 2147/1544/1 2202/1545/1 2201/1541/1
f 2170/1546/1 2129/1543/1 2171/1542/1
f 2170/1546/1 2130/1547/1 2129/1543/1
f 2146/1548/1 2202/1545/1 2147/1544/1
f 2169/1549/1 2130/1547/1 2170/1546/1
f 2146/1548/1 2203/1550/1 2202/1545/1
f 2146/1548/1 2204/1551/1 2203/1550/1
f 2168/1552/1 2130/1547/1 2169/1549/1
f 2168/1552/1 2131/1553/1 2130/1547/1
f 2145/1554/1 2204/1551/1 2146/1548/1
f 2145/1554/1 2205/1555/1 2204/1551/1
f 2167/1556/1 2131/1553/1 2168/1552/1
f 2145/1554/1 2206/1557/1 2205/1555/1
f 2166/1558/1 2131/1553/1 2167/1556/1
f 2166/1558/1 2132/1559/1 2131/1553/1
f 2144/1560/1 2206/1557/1 2145/1554/1
f 2144/1560/1 2207/1561/1 2206/1557/1
f 2165/1562/1 2132/1559/1 2166/1558/1
f 2164/1563/1 2132/1559/1 2165/1562/1
f 2144/1560/1 2208/1564/1 2207/1561/1
f 2164/1563/1 2133/1565/1 2132/1559/1
f 2143/1566/1 2208/1564/1 2144/1560/1
f 2163/1567/1 2133/1565/1 2164/1563/1
f 2143/1566/1 2209/1568/1 2208/1564/1
f 2210/1569/1 2133/1565/1 2163/1567/1
f 2143/1566/1 2210/1569/1 2209/1568/1
f 2143/1566/1 2133/1565/1 2210/1569/1
f 2143/1566/1 2134/1570/1 2133/1565/1
f 2142/1571/1 2134/1570/1 2143/1566/1
f 2142/1571/1 2135/1572/1 2134/1570/1
f 2141/1573/1 2135/1572/1 2142/1571/1
f 2141/1573/1 2136/1574/1 2135/1572/1
f 2140/1575/1 2136/1574/1 2141/1573/1
f 2140/1575/1 2137/1576/1 2136/1574/1
f 2139/1577/1 2137/1576/1 2140/1575/1
f 2139/1577/1 2138/1578/1 2137/1576/1
f 2211/1484/2 2257/1483/2 2258/1485/2
f 2212/1486/2 2257/1483/2 2211/1484/2
f 2212/1486/2 2256/1487/2 2257/1483/2
f 2213/1488/2 2256/1487/2 2212/1486/2
f 2213/1488/2 2255/1489/2 2256/1487/2
f 2214/1490/2 2255/1489/2 2213/1488/2
f 2214/1490/2 2254/1491/2 2255/1489/2
f 2215/1492/2 2254/1491/2 2214/1490/2
f 2215/1492/2 2253/1493/2 2254/1491/2
f 2216/1494/2 2253/1493/2 2215/1492/2
f 2282/1496/2 2252/1495/2 2253/1493/2
f 2216/1494/2 2282/1496/2 2253/1493/2
f 2283/1497/2 2252/1495/2 2282/1496/2
f 2216/1494/2 2281/1498/2 2282/1496/2
f 2216/1494/2 2280/1499/2 2281/1498/2
f 2284/1500/2 2252/1495/2 2283/1497/2
f 2216/1494/2 2279/1501/2 2280/1499/2
f 2285/1502/2 2252/1495/2 2284/1500/2
f 2217/1503/2 2279/1501/2 2216/1494/2
f 2285/1502/2 2251/1504/2 2252/1495/2
f 2217/1503/2 2278/1505/2 2279/1501/2
f 2286/1506/2 2251/1504/2 2285/1502/2
f 2217/1503/2 2277/1507/2 2278/1505/2
f 2287/1508/2 2251/1504/2 2286/1506/2
f 2218/1509/2 2277/1507/2 2217/1503/2
f 2287/1508/2 2250/1510/2 2251/1504/2
f 2218/1509/2 2276/1511/2 2277/1507/2
f 2288/1512/2 2250/1510/2 2287/1508/2
f 2218/1509/2 2275/1513/2 2276/1511/2
f 2289/1514/2 2250/1510/2 2288/1512/2
f 2219/1515/2 2275/1513/2 2218/1509/2
f 2289/1514/2 2249/1516/2 2250/1510/2
f 2219/1515/2 2274/1517/2 2275/1513/2
f 2290/1518/2 2249/1516/2 2289/1514/2
f 2220/1519/2 2274/1517/2 2219/1515/2
f 2290/1518/2 2248/1520/2 2249/1516/2
f 2220/1519/2 2273/1521/2 2274/1517/2
f 2291/1522/2 2248/1520/2 2290/1518/2
f 2220/1519/2 2272/1523/2 2273/1521/2
f 2292/1524/2 2248/1520/2 2291/1522/2
f 2221/1525/2 2272/1523/2 2220/1519/2
f 2292/1524/2 2247/1526/2 2248/1520/2
f 2221/1525/2 2271/1527/2 2272/1523/2
f 2293/1528/2 2247/1526/2 2292/1524/2
f 2222/1529/2 2271/1527/2 2221/1525/2
f 2293/1528/2 2246/1530/2 2247/1526/2
f 2222/1529/2 2270/1531/2 2271/1527/2
f 2294/1532/2 2246/1530/2 2293/1528/2
f 2294/1532/2 2245/1533/2 2246/1530/2
f 2295/1534/2 2245/1533/2 2294/1532/2
f 2222/1529/2 2269/1535/2 2270/1531/2
f 2223/1536/2 2269/1535/2 2222/1529/2
f 2296/1537/2 2245/1533/2 2295/1534/2
f 2223/1536/2 2268/1538/2 2269/1535/2
f 2224/1539/2 2268/1538/2 2223/1536/2
f 2296/1537/2 2244/1540/2 2245/1533/2
f 2297/1541/2 2244/1540/2 2296/1537/2
f 2224/1539/2 2267/1542/2 2268/1538/2
f 2225/1543/2 2267/1542/2 2224/1539/2
f 2297/1541/2 2243/1544/2 2244/1540/2
f 2298/1545/2 2243/1544/2 2297/1541/2
f 2225/1543/2 2266/1546/2 2267/1542/2
f 2226/1547/2 2266/1546/2 2225/1543/2
f 2298/1545/2 2242/1548/2 2243/1544/2
f 2226/1547/2 2265/1549/2 2266/1546/2
f 2299/1550/2 2242/1548/2 2298/1545/2
f 2300/1551/2 2242/1548/2 2299/1550/2
f 2226/1547/2 2264/1552/2 2265/1549/2
f 2227/1553/2 2264/1552/2 2226/1547/2
f 2300/1551/2 2241/1554/2 2242/1548/2
f 2301/1555/2 2241/1554/2 2300/1551/2
f 2227/1553/2 2263/1556/2 2264/1552/2
f 2302/1557/2 2241/1554/2 2301/1555/2
f 2227/1553/2 2262/1558/2 2263/1556/2
f 2228/1559/2 2262/1558/2 2227/1553/2
f 2302/1557/2 2240/1560/2 2241/1554/2
f 2303/1561/2 2240/1560/2 2302/1557/2
f 2228/1559/2 2261/1562/2 2262/1558/2
f 2228/1559/2 2260/1563/2 2261/1562/2
f 2304/1564/2 2240/1560/2 2303/1561/2
f 2229/1565/2 2260/1563/2 2228/1559/2
f 2304/1564/2 2239/1566/2 2240/1560/2
f 2229/1565/2 2259/1567/2 2260/1563/2
f 2305/1568/2 2239/1566/2 2304/1564/2
f 2229/1565/2 2306/1569/2 2259/1567/2
f 2306/1569/2 2239/1566/2 2305/1568/2
f 2229/1565/2 2239/1566/2 2306/1569/2
f 2230/1570/2 2239/1566/2 2229/1565/2
f 2230/1570/2 2238/1571/2 2239/1566/2
f 2231/1572/2 2238/1571/2 2230/1570/2
f 2231/1572/2 2237/1573/2 2238/1571/2
f 2232/1574/2 2237/1573/2 2231/1572/2
f 2232/1574/2 2236/1575/2 2237/1573/2
f 2233/1576/2 2236/1575/2 2232/1574/2
f 2233/1576/2 2235/1577/2 2236/1575/2
f 2234/1578/2 2235/1577/2 2233/1576/2
f 2308/1579/1657 2319/1486/1658 2307/1484/1659
f 2309/1580/1660 2320/1581/1661 2308/1579/1657
f 2310/1582/1662 2321/1583/1663 2309/1580/1660
f 2311/1584/1664 2322/1585/1665 2310/1586/1662
f 2312/1587/1666 2323/1588/1667 2311/1584/1664
f 2325/1589/1668 2312/1587/1666 2313/1590/1669
f 2326/1591/1670 2313/1590/1669 2314/1592/1671
f 2327/1593/1672 2314/1592/1671 2315/1594/1673
f 2328/1583/1674 2315/1582/1673 2316/1580/1675
f 2329/1581/1676 2316/1580/1675 2317/1579/1677
f 2330/1486/1678 2317/1579/1677 2318/1484/1679
f 2320/1581/1661 2331/1488/1680 2319/1486/1658
f 2321/1583/1663 2332/1595/1681 2320/1581/1661
f 2322/1596/1665 2333/1597/1682 2321/1583/1663
f 2323/1588/1667 2334/1598/1683 2322/1585/1665
f 2324/1599/1684 2335/1600/1685 2323/1588/1667
f 2337/1601/1686 2324/1599/1684 2325/1589/1668
f 2338/1602/1687 2325/1589/1668 2326/1591/1670
f 2339/1603/1688 2326/1591/1670 2327/1593/1672
f 2340/1597/1689 2327/1596/1672 2328/1583/1674
f 2341/1595/1690 2328/1583/1674 2329/1581/1676
f 2342/1488/1691 2329/1581/1676 2330/1486/1678
f 2332/1595/1681 2343/1490/1692 2331/1488/1680
f 2333/1597/1682 2344/1604/1693 2332/1595/1681
f 2334/1605/1683 2345/1606/1694 2333/1597/1682
f 2335/1600/1685 2346/1607/1695 2334/1598/1683
f 2336/1608/1696 2347/1609/1697 2335/1600/1685
f 2349/1610/1698 2336/1608/1696 2337/1601/1686
f 2350/1611/1699 2337/1601/1686 2338/1602/1687
f 2351/1612/1700 2338/1602/1687 2339/1603/1688
f 2352/1606/1701 2339/1605/1688 2340/1597/1689
f 2353/1604/1702 2340/1597/1689 2341/1595/1690
f 2354/1490/1703 2341/1595/1690 2342/1488/1691
f 2344/1604/1693 2355/1492/1704 2343/1490/1692
f 2345/1606/1694 2356/1613/1705 2344/1604/1693
f 2346/1614/1695 2357/1615/1706 2345/1606/1694
f 2347/1609/1697 2358/1616/1707 2346/1607/1695
f 2348/1617/1708 2359/1618/1709 2347/1609/1697
f 2361/1619/1710 2348/1617/1708 2349/1610/1698
f 2362/1620/1711 2349/1610/1698 2350/1611/1699
f 2363/1621/1712 2350/1611/1699 2351/1612/1700
f 2364/1615/1713 2351/1614/1700 2352/1606/1701
f 2365/1613/1714 2352/1606/1701 2353/1604/1702
f 2366/1492/1715 2353/1604/1702 2354/1490/1703
f 2368/1622/1716 2355/1492/1704 2356/1613/1705
f 2369/1623/1717 2356/1613/1705 2357/1615/1706
f 2370/1624/1718 2357/1615/1706 2358/1625/1707
f 2371/1626/1719 2358/1616/1707 2359/1618/1709
f 2372/1627/1720 2359/1618/1709 2360/1628/1721
f 2373/1629/1722 2360/1628/1721 2361/1619/1710
f 2362/1620/1711 2373/1629/1722 2361/1619/1710
f 2363/1621/1712 2374/1630/1723 2362/1620/1711
f 2364/1615/1713 2375/1624/1724 2363/1625/1712
f 2365/1613/1714 2376/1623/1725 2364/1615/1713
f 2366/1492/1715 2377/1622/1726 2365/1613/1714
f 2380/1631/1727 2367/1494/1728 2368/1622/1716
f 2381/1632/1729 2368/1622/1716 2369/1623/1717
f 2382/1633/1730 2369/1623/1717 2370/1624/1718
f 2383/1634/1731 2370/1635/1718 2371/1636/1719
f 2384/1637/1732 2371/1636/1719 2372/1638/1720
f 2385/1639/1733 2372/1638/1720 2373/1640/1722
f 2374/1641/1723 2385/1639/1733 2373/1640/1722
f 2375/1642/1724 2386/1643/1734 2374/1641/1723
f 2376/1623/1725 2387/1633/1735 2375/1624/1724
f 2377/1622/1726 2388/1632/1736 2376/1623/1725
f 2378/1494/1737 2389/1631/1738 2377/1622/1726
f 2392/1644/1739 2379/1503/1740 2380/1631/1727
f 2393/1645/1741 2380/1631/1727 2381/1632/1729
f 2394/1646/1742 2381/1632/1729 2382/1633/1730
f 2395/1647/1743 2382/1648/1730 2383/1634/1731
f 2396/1649/1744 2383/1634/1731 2384/1637/1732
f 2397/1650/1745 2384/1637/1732 2385/1639/1733
f 2386/1643/1734 2397/1650/1745 2385/1639/1733
f 2387/1651/1735 2398/1652/1746 2386/1643/1734
f 2388/1632/1736 2399/1646/1747 2387/1633/1735
f 2389/1631/1738 2400/1645/1748 2388/1632/1736
f 2390/1503/1749 2401/1644/1750 2389/1631/1738
f 2404/1653/1751 2391/1509/1752 2392/1644/1739
f 2405/1654/1753 2392/1644/1739 2393/1645/1741
f 2406/1655/1754 2393/1645/1741 2394/1646/1742
f 2407/1656/1755 2394/1657/1742 2395/1647/1743
f 2408/1658/1756 2395/1647/1743 2396/1649/1744
f 2409/1659/1757 2396/1649/1744 2397/1650/1745
f 2398/1652/1746 2409/1659/1757 2397/1650/1745
f 2399/1660/1747 2410/1661/1758 2398/1652/1746
f 2400/1645/1748 2411/1655/1759 2399/1646/1747
f 2401/1644/1750 2412/1654/1760 2400/1645/1748
f 2402/1509/1761 2413/1653/1762 2401/1644/1750
f 2416/1662/1763 2403/1515/1764 2404/1653/1751
f 2417/1663/1765 2404/1653/1751 2405/1654/1753
f 2418/1664/1766 2405/1654/1753 2406/1655/1754
f 2419/1665/1767 2406/1666/1754 2407/1656/1755
f 2420/1667/1768 2407/1656/1755 2408/1658/1756
f 2421/1668/1769 2408/1658/1756 2409/1659/1757
f 2410/1661/1758 2421/1668/1769 2409/1659/1757
f 2411/1669/1759 2422/1670/1770 2410/1661/1758
f 2412/1654/1760 2423/1664/1771 2411/1655/1759
f 2413/1653/1762 2424/1663/1772 2412/1654/1760
f 2414/1515/1773 2425/1662/1774 2413/1653/1762
f 2428/1671/1775 2415/1519/1776 2416/1662/1763
f 2429/1672/1777 2416/1662/1763 2417/1663/1765
f 2430/1673/1778 2417/1663/1765 2418/1664/1766
f 2431/1674/1779 2418/1675/1766 2419/1665/1767
f 2432/1676/1780 2419/1665/1767 2420/1667/1768
f 2433/1677/1781 2420/1667/1768 2421/1668/1769
f 2422/1670/1770 2433/1677/1781 2421/1668/1769
f 2423/1678/1771 2434/1679/1782 2422/1670/1770
f 2424/1663/1772 2435/1673/1783 2423/1664/1771
f 2425/1662/1774 2436/1672/1784 2424/1663/1772
f 2426/1519/1785 2437/1671/1786 2425/1662/1774
f 2440/1680/1787 2427/1525/1788 2428/1671/1775
f 2441/1681/1789 2428/1671/1775 2429/1672/1777
f 2442/1682/1790 2429/1672/1777 2430/1673/1778
f 2443/1683/1791 2430/1684/1778 2431/1674/1779
f 2444/1685/1792 2431/1674/1779 2432/1676/1780
f 2445/1686/1793 2432/1676/1780 2433/1677/1781
f 2434/1679/1782 2445/1686/1793 2433/1677/1781
f 2435/1687/1783 2446/1688/1794 2434/1679/1782
f 2436/1672/1784 2447/1682/1795 2435/1673/1783
f 2437/1671/1786 2448/1681/1796 2436/1672/1784
f 2438/1525/1797 2449/1680/1798 2437/1671/1786
f 2440/1680/1787 2451/1536/1799 2439/1529/1800
f 2441/1681/1789 2452/1689/1801 2440/1680/1787
f 2442/1682/1790 2453/1690/1802 2441/1681/1789
f 2443/1683/1791 2454/1691/1803 2442/1692/1790
f 2444/1685/1792 2455/1693/1804 2443/1683/1791
f 2457/1694/1805 2444/1685/1792 2445/1686/1793
f 2458/1695/1806 2445/1686/1793 2446/1688/1794
f 2459/1696/1807 2446/1688/1794 2447/1697/1795
f 2460/1690/1808 2447/1682/1795 2448/1681/1796
f 2461/1689/1809 2448/1681/1796 2449/1680/1798
f 2462/1536/1810 2449/1680/1798 2450/1529/1811
f 2452/1689/1801 2463/1539/1812 2451/1536/1799
f 2453/1690/1802 2464/1698/1813 2452/1689/1801
f 2454/1699/1803 2465/1700/1814 2453/1690/1802
f 2455/1693/1804 2466/1701/1815 2454/1691/1803
f 2456/1702/1816 2467/1703/1817 2455/1693/1804
f 2469/1704/1818 2456/1702/1816 2457/1694/1805
f 2470/1705/1819 2457/1694/1805 2458/1695/1806
f 2471/1706/1820 2458/1695/1806 2459/1696/1807
f 2472/1700/1821 2459/1699/1807 2460/1690/1808
f 2473/1698/1822 2460/1690/1808 2461/1689/1809
f 2474/1539/1823 2461/1689/1809 2462/1536/1810
f 2464/1698/1813 2475/1543/1824 2463/1539/1812
f 2465/1700/1814 2476/1707/1825 2464/1698/1813
f 2466/1708/1815 2477/1709/1826 2465/1700/1814
f 2467/1703/1817 2478/1710/1827 2466/1701/1815
f 2468/1711/1828 2479/1712/1829 2467/1703/1817
f 2481/1713/1830 2468/1711/1828 2469/1704/1818
f 2482/1714/1831 2469/1704/1818 2470/1705/1819
f 2483/1715/1832 2470/1705/1819 2471/1706/1820
f 2484/1709/1833 2471/1708/1820 2472/1700/1821
f 2485/1707/1834 2472/1700/1821 2473/1698/1822
f 2486/1543/1835 2473/1698/1822 2474/1539/1823
f 2476/1707/1825 2487/1547/1836 2475/1543/1824
f 2477/1709/1826 2488/1716/1837 2476/1707/1825
f 2478/1717/1827 2489/1718/1838 2477/1709/1826
f 2479/1712/1829 2490/1719/1839 2478/1710/1827
f 2480/1720/1840 2491/1721/1841 2479/1712/1829
f 2493/1722/1842 2480/1720/1840 2481/1713/1830
f 2494/1723/1843 2481/1713/1830 2482/1714/1831
f 2495/1724/1844 2482/1714/1831 2483/1715/1832
f 2496/1718/1845 2483/1717/1832 2484/1709/1833
f 2497/1716/1846 2484/1709/1833 2485/1707/1834
f 2498/1547/1847 2485/1707/1834 2486/1543/1835
f 2488/1716/1837 2499/1553/1848 2487/1547/1836
f 2489/1718/1838 2500/1725/1849 2488/1716/1837
f 2490/1726/1839 2501/1727/1850 2489/1718/1838
f 2491/1721/1841 2502/1728/1851 2490/1719/1839
f 2492/1729/1852 2503/1730/1853 2491/1721/1841
f 2505/1731/1854 2492/1729/1852 2493/1722/1842
f 2506/1732/1855 2493/1722/1842 2494/1723/1843
f 2507/1733/1856 2494/1723/1843 2495/1724/1844
f 2508/1727/1857 2495/1726/1844 2496/1718/1845
f 2509/1725/1858 2496/1718/1845 2497/1716/1846
f 2510/1553/1859 2497/1716/1846 2498/1547/1847
f 2500/1725/1849 2511/1559/1860 2499/1553/1848
f 2501/1727/1850 2512/1734/1861 2500/1725/1849
f 2502/1735/1851 2513/1736/1862 2501/1727/1850
f 2503/1730/1853 2514/1737/1863 2502/1728/1851
f 2504/1738/1864 2515/1739/1865 2503/1730/1853
f 2517/1740/1866 2504/1738/1864 2505/1731/1854
f 2518/1741/1867 2505/1731/1854 2506/1732/1855
f 2519/1742/1868 2506/1732/1855 2507/1733/1856
f 2520/1736/1869 2507/1735/1856 2508/1727/1857
f 2521/1734/1870 2508/1727/1857 2509/1725/1858
f 2522/1559/1871 2509/1725/1858 2510/1553/1859
f 2512/1734/1861 2523/1565/1872 2511/1559/1860
f 2513/1736/1862 2524/1743/1873 2512/1734/1861
f 2514/1744/1863 2525/1745/1874 2513/1736/1862
f 2515/1746/1865 2526/1747/1875 2514/1748/1863
f 2516/1749/1876 2527/1750/1877 2515/1746/1865
f 2529/1751/1878 2516/1749/1876 2517/1752/1866
f 2530/1753/1879 2517/1752/1866 2518/1754/1867
f 2531/1755/1880 2518/1754/1867 2519/1756/1868
f 2532/1745/1881 2519/1744/1868 2520/1736/1869
f 2533/1743/1882 2520/1736/1869 2521/1734/1870
f 2534/1565/1883 2521/1734/1870 2522/1559/1871
f 2536/1757/1884 2523/1565/1872 2524/1743/1873
f 2537/1758/1885 2524/1743/1873 2525/1745/1874
f 2538/1759/1886 2525/1745/1874 2526/1760/1875
f 2539/1761/1887 2526/1747/1875 2527/1750/1877
f 2540/1762/1888 2527/1750/1877 2528/1763/1889
f 2541/1764/1890 2528/1763/1889 2529/1751/1878
f 2530/1753/1879 2541/1764/1890 2529/1751/1878
f 2531/1755/1880 2542/1765/1891 2530/1753/1879
f 2532/1745/1881 2543/1759/1892 2531/1760/1880
f 2533/1743/1882 2544/1758/1893 2532/1745/1881
f 2534/1565/1883 2545/1757/1894 2533/1743/1882
f 2548/1766/1895 2535/1570/1896 2536/1757/1884
f 2549/1767/1897 2536/1757/1884 2537/1758/1885
f 2550/1768/1898 2537/1758/1885 2538/1759/1886
f 2551/1769/1899 2538/1770/1886 2539/1761/1887
f 2552/1771/1900 2539/1761/1887 2540/1762/1888
f 2553/1772/1901 2540/1762/1888 2541/1764/1890
f 2542/1765/1891 2553/1772/1901 2541/1764/1890
f 2543/1773/1892 2554/1774/1902 2542/1765/1891
f 2544/1758/1893 2555/1768/1903 2543/1759/1892
f 2545/1757/1894 2556/1767/1904 2544/1758/1893
f 2546/1570/1905 2557/1766/1906 2545/1757/1894
f 2560/1775/1907 2547/1572/1908 2548/1766/1895
f 2561/1776/1909 2548/1766/1895 2549/1767/1897
f 2562/1777/1910 2549/1767/1897 2550/1768/1898
f 2563/1778/1911 2550/1779/1898 2551/1769/1899
f 2564/1780/1912 2551/1769/1899 2552/1771/1900
f 2565/1781/1913 2552/1771/1900 2553/1772/1901
f 2554/1774/1902 2565/1781/1913 2553/1772/1901
f 2555/1782/1903 2566/1783/1914 2554/1774/1902
f 2556/1767/1904 2567/1777/1915 2555/1768/1903
f 2557/1766/1906 2568/1776/1916 2556/1767/1904
f 2558/1572/1917 2569/1775/1918 2557/1766/1906
f 2572/1784/1919 2559/1574/1920 2560/1775/1907
f 2573/1785/1921 2560/1775/1907 2561/1776/1909
f 2574/1786/1922 2561/1776/1909 2562/1777/1910
f 2575/1787/1923 2562/1788/1910 2563/1778/1911
f 2576/1789/1924 2563/1778/1911 2564/1780/1912
f 2577/1790/1925 2564/1780/1912 2565/1781/1913
f 2566/1783/1914 2577/1790/1925 2565/1781/1913
f 2567/1791/1915 2578/1792/1926 2566/1783/1914
f 2568/1776/1916 2579/1786/1927 2567/1777/1915
f 2569/1775/1918 2580/1785/1928 2568/1776/1916
f 2570/1574/1929 2581/1784/1930 2569/1775/1918
f 2584/1793/1931 2571/1576/1932 2572/1784/1919
f 2585/1794/1933 2572/1784/1919 2573/1785/1921
f 2586/1795/1934 2573/1785/1921 2574/1786/1922
f 2587/1796/1935 2574/1797/1922 2575/1787/1923
f 2588/1798/1936 2575/1787/1923 2576/1789/1924
f 2589/1799/1937 2576/1789/1924 2577/1790/1925
f 2578/1792/1926 2589/1799/1937 2577/1790/1925
f 2579/1800/1927 2590/1801/1938 2578/1792/1926
f 2580/1785/1928 2591/1795/1939 2579/1786/1927
f 2581/1784/1930 2592/1794/1940 2580/1785/1928
f 2582/1576/1941 2593/1793/1942 2581/1784/1930
f 2584/1793/1931 2595/1577/1943 2583/1578/1944
f 2585/1794/1933 2596/1802/1945 2584/1793/1931
f 2586/1795/1934 2597/1803/1946 2585/1794/1933
f 2587/1796/1935 2598/1804/1947 2586/1805/1934
f 2588/1798/1936 2599/1806/1948 2587/1796/1935
f 2601/1807/1949 2588/1798/1936 2589/1799/1937
f 2602/1808/1950 2589/1799/1937 2590/1801/1938
f 2603/1809/1951 2590/1801/1938 2591/1810/1939
f 2604/1803/1952 2591/1795/1939 2592/1794/1940
f 2605/1802/1953 2592/1794/1940 2593/1793/1942
f 2606/1577/1954 2593/1793/1942 2594/1578/1955
f 2596/1802/1945 2607/1575/1956 2595/1577/1943
f 2597/1803/1946 2608/1811/1957 2596/1802/1945
f 2598/1812/1947 2609/1813/1958 2597/1803/1946
f 2599/1806/1948 2610/1814/1959 2598/1804/1947
f 2600/1815/1960 2611/1816/1961 2599/1806/1948
f 2613/1817/1962 2600/1815/1960 2601/1807/1949
f 2614/1818/1963 2601/1807/1949 2602/1808/1950
f 2615/1819/1964 2602/1808/1950 2603/1809/1951
f 2616/1813/1965 2603/1812/1951 2604/1803/1952
f 2617/1811/1966 2604/1803/1952 2605/1802/1953
f 2618/1575/1967 2605/1802/1953 2606/1577/1954
f 2608/1811/1957 2619/1573/1968 2607/1575/1956
f 2609/1813/1958 2620/1820/1969 2608/1811/1957
f 2610/1821/1959 2621/1822/1970 2609/1813/1958
f 2611/1816/1961 2622/1823/1971 2610/1814/1959
f 2612/1824/1972 2623/1825/1973 2611/1816/1961
f 2625/1826/1974 2612/1824/1972 2613/1817/1962
f 2626/1827/1975 2613/1817/1962 2614/1818/1963
f 2627/1828/1976 2614/1818/1963 2615/1819/1964
f 2628/1822/1977 2615/1821/1964 2616/1813/1965
f 2629/1820/1978 2616/1813/1965 2617/1811/1966
f 2630/1573/1979 2617/1811/1966 2618/1575/1967
f 2620/1820/1969 2631/1571/1980 2619/1573/1968
f 2621/1822/1970 2632/1829/1981 2620/1820/1969
f 2622/1830/1971 2633/1831/1982 2621/1822/1970
f 2623/1825/1973 2634/1832/1983 2622/1823/1971
f 2624/1833/1984 2635/1834/1985 2623/1825/1973
f 2637/1835/1986 2624/1833/1984 2625/1826/1974
f 2638/1836/1987 2625/1826/1974 2626/1827/1975
f 2639/1837/1988 2626/1827/1975 2627/1828/1976
f 2640/1831/1989 2627/1830/1976 2628/1822/1977
f 2641/1829/1990 2628/1822/1977 2629/1820/1978
f 2642/1571/1991 2629/1820/1978 2630/1573/1979
f 2644/1838/1992 2631/1571/1980 2632/1829/1981
f 2645/1839/1993 2632/1829/1981 2633/1831/1982
f 2646/1840/1994 2633/1831/1982 2634/1841/1983
f 2647/1842/1995 2634/1832/1983 2635/1834/1985
f 2648/1843/1996 2635/1834/1985 2636/1844/1997
f 2649/1845/1998 2636/1844/1997 2637/1835/1986
f 2638/1836/1987 2649/1845/1998 2637/1835/1986
f 2639/1837/1988 2650/1846/1999 2638/1836/1987
f 2640/1831/1989 2651/1840/2000 2639/1841/1988
f 2641/1829/1990 2652/1839/2001 2640/1831/1989
f 2642/1571/1991 2653/1838/2002 2641/1829/1990
f 2656/1847/2003 2643/1566/2004 2644/1838/1992
f 2657/1848/2005 2644/1838/1992 2645/1839/1993
f 2658/1849/2006 2645/1839/1993 2646/1840/1994
f 2659/1850/2007 2646/1851/1994 2647/1842/1995
f 2660/1852/2008 2647/1842/1995 2648/1843/1996
f 2661/1853/2009 2648/1843/1996 2649/1845/1998
f 2650/1846/1999 2661/1853/2009 2649/1845/1998
f 2651/1854/2000 2662/1855/2010 2650/1846/1999
f 2652/1839/2001 2663/1849/2011 2651/1840/2000
f 2653/1838/2002 2664/1848/2012 2652/1839/2001
f 2654/1566/2013 2665/1847/2014 2653/1838/2002
f 2668/1856/2015 2655/1560/2016 2656/1847/2003
f 2669/1857/2017 2656/1847/2003 2657/1848/2005
f 2670/1858/2018 2657/1848/2005 2658/1849/2006
f 2671/1859/2019 2658/1860/2006 2659/1861/2007
f 2672/1862/2020 2659/1861/2007 2660/1863/2008
f 2673/1864/2021 2660/1863/2008 2661/1865/2009
f 2662/1866/2010 2673/1864/2021 2661/1865/2009
f 2663/1867/2011 2674/1868/2022 2662/1866/2010
f 2664/1848/2012 2675/1858/2023 2663/1849/2011
f 2665/1847/2014 2676/1857/2024 2664/1848/2012
f 2666/1560/2025 2677/1856/2026 2665/1847/2014
f 2680/1869/2027 2667/1554/2028 2668/1856/2015
f 2681/1870/2029 2668/1856/2015 2669/1857/2017
f 2682/1871/2030 2669/1857/2017 2670/1858/2018
f 2683/1872/2031 2670/1873/2018 2671/1859/2019
f 2684/1874/2032 2671/1859/2019 2672/1862/2020
f 2685/1875/2033 2672/1862/2020 2673/1864/2021
f 2674/1868/2022 2685/1875/2033 2673/1864/2021
f 2675/1876/2023 2686/1877/2034 2674/1868/2022
f 2676/1857/2024 2687/1871/2035 2675/1858/2023
f 2677/1856/2026 2688/1870/2036 2676/1857/2024
f 2678/1554/2037 2689/1869/2038 2677/1856/2026
f 2692/1878/2039 2679/1548/2040 2680/1869/2027
f 2693/1879/2041 2680/1869/2027 2681/1870/2029
f 2694/1880/2042 2681/1870/2029 2682/1871/2030
f 2695/1881/2043 2682/1882/2030 2683/1872/2031
f 2696/1883/2044 2683/1872/2031 2684/1874/2032
f 2697/1884/2045 2684/1874/2032 2685/1875/2033
f 2686/1877/2034 2697/1884/2045 2685/1875/2033
f 2687/1885/2035 2698/1886/2046 2686/1877/2034
f 2688/1870/2036 2699/1880/2047 2687/1871/2035
f 2689/1869/2038 2700/1879/2048 2688/1870/2036
f 2690/1548/2049 2701/1878/2050 2689/1869/2038
f 2704/1887/2051 2691/1544/2052 2692/1878/2039
f 2705/1888/2053 2692/1878/2039 2693/1879/2041
f 2706/1889/2054 2693/1879/2041 2694/1880/2042
f 2707/1890/2055 2694/1891/2042 2695/1881/2043
f 2708/1892/2056 2695/1881/2043 2696/1883/2044
f 2709/1893/2057 2696/1883/2044 2697/1884/2045
f 2698/1886/2046 2709/1893/2057 2697/1884/2045
f 2699/1894/2047 2710/1895/2058 2698/1886/2046
f 2700/1879/2048 2711/1889/2059 2699/1880/2047
f 2701/1878/2050 2712/1888/2060 2700/1879/2048
f 2702/1544/2061 2713/1887/2062 2701/1878/2050
f 2716/1896/2063 2703/1540/2064 2704/1887/2051
f 2717/1897/2065 2704/1887/2051 2705/1888/2053
f 2718/1898/2066 2705/1888/2053 2706/1889/2054
f 2719/1899/2067 2706/1900/2054 2707/1890/2055
f 2720/1901/2068 2707/1890/2055 2708/1892/2056
f 2721/1902/2069 2708/1892/2056 2709/1893/2057
f 2710/1895/2058 2721/1902/2069 2709/1893/2057
f 2711/1903/2059 2722/1904/2070 2710/1895/2058
f 2712/1888/2060 2723/1898/2071 2711/1889/2059
f 2713/1887/2062 2724/1897/2072 2712/1888/2060
f 2714/1540/2073 2725/1896/2074 2713/1887/2062
f 2728/1905/2075 2715/1533/2076 2716/1896/2063
f 2729/1906/2077 2716/1896/2063 2717/1897/2065
f 2730/1907/2078 2717/1897/2065 2718/1898/2066
f 2731/1908/2079 2718/1909/2066 2719/1899/2067
f 2732/1910/2080 2719/1899/2067 2720/1901/2068
f 2733/1911/2081 2720/1901/2068 2721/1902/2069
f 2734/1912/2082 2721/1902/2069 2722/1904/2070
f 2723/1913/2071 2734/1912/2082 2722/1904/2070
f 2724/1897/2072 2735/1907/2083 2723/1898/2071
f 2725/1896/2074 2736/1906/2084 2724/1897/2072
f 2726/1533/2085 2737/1905/2086 2725/1896/2074
f 2728/1905/2075 2739/1526/2087 2727/1530/2088
f 2729/1906/2077 2740/1914/2089 2728/1905/2075
f 2730/1907/2078 2741/1915/2090 2729/1906/2077
f 2731/1908/2079 2742/1916/2091 2730/1917/2078
f 2732/1910/2080 2743/1918/2092 2731/1908/2079
f 2745/1919/2093 2732/1910/2080 2733/1911/2081
f 2746/1920/2094 2733/1911/2081 2734/1912/2082
f 2747/1921/2095 2734/1912/2082 2735/1922/2083
f 2748/1915/2096 2735/1907/2083 2736/1906/2084
f 2749/1914/2097 2736/1906/2084 2737/1905/2086
f 2750/1526/2098 2737/1905/2086 2738/1530/2099
f 2740/1914/2089 2751/1520/2100 2739/1526/2087
f 2741/1915/2090 2752/1923/2101 2740/1914/2089
f 2742/1924/2091 2753/1925/2102 2741/1915/2090
f 2743/1918/2092 2754/1926/2103 2742/1916/2091
f 2744/1927/2104 2755/1928/2105 2743/1918/2092
f 2757/1929/2106 2744/1927/2104 2745/1919/2093
f 2758/1930/2107 2745/1919/2093 2746/1920/2094
f 2759/1931/2108 2746/1920/2094 2747/1921/2095
f 2760/1925/2109 2747/1924/2095 2748/1915/2096
f 2761/1923/2110 2748/1915/2096 2749/1914/2097
f 2762/1520/2111 2749/1914/2097 2750/1526/2098
f 2752/1923/2101 2763/1516/2112 2751/1520/2100
f 2753/1925/2102 2764/1932/2113 2752/1923/2101
f 2754/1933/2103 2765/1934/2114 2753/1925/2102
f 2755/1928/2105 2766/1935/2115 2754/1926/2103
f 2756/1936/2116 2767/1937/2117 2755/1928/2105
f 2769/1938/2118 2756/1936/2116 2757/1929/2106
f 2770/1939/2119 2757/1929/2106 2758/1930/2107
f 2771/1940/2120 2758/1930/2107 2759/1931/2108
f 2772/1934/2121 2759/1933/2108 2760/1925/2109
f 2773/1932/2122 2760/1925/2109 2761/1923/2110
f 2774/1516/2123 2761/1923/2110 2762/1520/2111
f 2764/1932/2113 2775/1510/2124 2763/1516/2112
f 2765/1934/2114 2776/1941/2125 2764/1932/2113
f 2766/1942/2115 2777/1943/2126 2765/1934/2114
f 2767/1937/2117 2778/1944/2127 2766/1935/2115
f 2768/1945/2128 2779/1946/2129 2767/1937/2117
f 2781/1947/2130 2768/1945/2128 2769/1938/2118
f 2782/1948/2131 2769/1938/2118 2770/1939/2119
f 2783/1949/2132 2770/1939/2119 2771/1940/2120
f 2784/1943/2133 2771/1942/2120 2772/1934/2121
f 2785/1941/2134 2772/1934/2121 2773/1932/2122
f 2786/1510/2135 2773/1932/2122 2774/1516/2123
f 2776/1941/2125 2787/1504/2136 2775/1510/2124
f 2777/1943/2126 2788/1950/2137 2776/1941/2125
f 2778/1951/2127 2789/1952/2138 2777/1943/2126
f 2779/1946/2129 2790/1953/2139 2778/1944/2127
f 2780/1954/2140 2791/1955/2141 2779/1946/2129
f 2793/1956/2142 2780/1954/2140 2781/1947/2130
f 2794/1957/2143 2781/1947/2130 2782/1948/2131
f 2795/1958/2144 2782/1948/2131 2783/1949/2132
f 2796/1952/2145 2783/1951/2132 2784/1943/2133
f 2797/1950/2146 2784/1943/2133 2785/1941/2134
f 2798/1504/2147 2785/1941/2134 2786/1510/2135
f 2788/1950/2137 2799/1495/2148 2787/1504/2136
f 2789/1952/2138 2800/1959/2149 2788/1950/2137
f 2790/1960/2139 2801/1961/2150 2789/1952/2138
f 2791/1955/2141 2802/1962/2151 2790/1953/2139
f 2792/1963/2152 2803/1964/2153 2791/1955/2141
f 2805/1965/2154 2792/1963/2152 2793/1956/2142
f 2806/1966/2155 2793/1956/2142 2794/1957/2143
f 2807/1967/2156 2794/1957/2143 2795/1958/2144
f 2808/1961/2157 2795/1960/2144 2796/1952/2145
f 2809/1959/2158 2796/1952/2145 2797/1950/2146
f 2810/1495/2159 2797/1950/2146 2798/1504/2147
f 2800/1959/2149 2811/1493/2160 2799/1495/2148
f 2801/1961/2150 2812/1968/2161 2800/1959/2149
f 2802/1969/2151 2813/1970/2162 2801/1961/2150
f 2803/1971/2153 2814/1972/2163 2802/1973/2151
f 2804/1974/2164 2815/1975/2165 2803/1971/2153
f 2817/1976/2166 2804/1974/2164 2805/1977/2154
f 2818/1978/2167 2805/1977/2154 2806/1979/2155
f 2819/1980/2168 2806/1979/2155 2807/1981/2156
f 2820/1970/2169 2807/1969/2156 2808/1961/2157
f 2821/1968/2170 2808/1961/2157 2809/1959/2158
f 2822/1493/2171 2809/1959/2158 2810/1495/2159
f 2824/1982/2172 2811/1493/2160 2812/1968/2161
f 2825/1983/2173 2812/1968/2161 2813/1970/2162
f 2826/1984/2174 2813/1970/2162 2814/1985/2163
f 2827/1986/2175 2814/1972/2163 2815/1975/2165
f 2816/1987/2176 2827/1986/2175 2815/1975/2165
f 2829/1988/2177 2816/1987/2176 2817/1976/2166
f 2818/1978/2167 2829/1988/2177 2817/1976/2166
f 2819/1980/2168 2830/1989/2178 2818/1978/2167
f 2820/1970/2169 2831/1984/2179 2819/1985/2168
f 2821/1968/2170 2832/1983/2180 2820/1970/2169
f 2822/1493/2171 2833/1982/2181 2821/1968/2170
f 2836/1990/2182 2823/1491/2183 2824/1982/2172
f 2837/1991/2184 2824/1982/2172 2825/1983/2173
f 2838/1992/2185 2825/1983/2173 2826/1984/2174
f 2839/1993/2186 2826/1994/2174 2827/1986/2175
f 2840/1995/2187 2827/1986/2175 2828/1996/2188
f 2841/1997/2189 2828/1996/2188 2829/1988/2177
f 2830/1989/2178 2841/1997/2189 2829/1988/2177
f 2831/1998/2179 2842/1999/2190 2830/1989/2178
f 2832/1983/2180 2843/1992/2191 2831/1984/2179
f 2833/1982/2181 2844/1991/2192 2832/1983/2180
f 2834/1491/2193 2845/1990/2194 2833/1982/2181
f 2848/2000/2195 2835/1489/2196 2836/1990/2182
f 2849/2001/2197 2836/1990/2182 2837/1991/2184
f 2850/2002/2198 2837/1991/2184 2838/1992/2185
f 2851/2003/2199 2838/2004/2185 2839/1993/2186
f 2852/2005/2200 2839/1993/2186 2840/1995/2187
f 2853/2006/2201 2840/1995/2187 2841/1997/2189
f 2842/1999/2190 2853/2006/2201 2841/1997/2189
f 2843/2007/2191 2854/2008/2202 2842/1999/2190
f 2844/1991/2192 2855/2002/2203 2843/1992/2191
f 2845/1990/2194 2856/2001/2204 2844/1991/2192
f 2846/1489/2205 2857/2000/2206 2845/1990/2194
f 2860/2009/2207 2847/1487/2208 2848/2000/2195
f 2861/2010/2209 2848/2000/2195 2849/2001/2197
f 2862/2011/2210 2849/2001/2197 2850/2002/2198
f 2863/2012/2211 2850/2013/2198 2851/2003/2199
f 2864/2014/2212 2851/2003/2199 2852/2005/2200
f 2865/2015/2213 2852/2005/2200 2853/2006/2201
f 2854/2008/2202 2865/2015/2213 2853/2006/2201
f 2855/2016/2203 2866/2017/2214 2854/2008/2202
f 2856/2001/2204 2867/2011/2215 2855/2002/2203
f 2857/2000/2206 2868/2010/2216 2856/2001/2204
f 2858/1487/2217 2869/2009/2218 2857/2000/2206
f 2872/2018/2219 2859/1483/2220 2860/2009/2207
f 2873/2019/2221 2860/2009/2207 2861/2010/2209
f 2874/2020/2222 2861/2010/2209 2862/2011/2210
f 2875/2021/2223 2862/2022/2210 2863/2012/2211
f 2876/2023/2224 2863/2012/2211 2864/2014/2212
f 2877/2024/2225 2864/2014/2212 2865/2015/2213
f 2866/2017/2214 2877/2024/2225 2865/2015/2213
f 2867/2025/2215 2878/2026/2226 2866/2017/2214
f 2868/2010/2216 2879/2020/2227 2867/2011/2215
f 2869/2009/2218 2880/2019/2228 2868/2010/2216
f 2870/1483/2229 2881/2018/2230 2869/2009/2218
f 2872/2018/2219 2307/1484/1659 2871/1485/2231
f 2873/2019/2221 2308/1579/1657 2872/2018/2219
f 2874/2020/2222 2309/1580/1660 2873/2019/2221
f 2875/2021/2223 2310/1586/1662 2874/2027/2222
f 2876/2023/2224 2311/1584/1664 2875/2021/2223
f 2313/1590/1669 2876/2023/2224 2877/2024/2225
f 2314/1592/1671 2877/2024/2225 2878/2026/2226
f 2315/1594/1673 2878/2026/2226 2879/2028/2227
f 2316/1580/1675 2879/2020/2227 2880/2019/2228
f 2317/1579/1677 2880/2019/2228 2881/2018/2230
f 2318/1484/1679 2881/2018/2230 2882/1485/2232
f 2896/2029/2233 2883/1567/2234 2884/2030/2235
f 2897/2031/2236 2884/2030/2235 2885/2032/2237
f 2898/2033/2238 2885/2032/2237 2886/2034/2239
f 2899/2035/2240 2886/2036/2239 2887/2037/2241
f 2900/2038/2242 2887/2037/2241 2888/2039/2243
f 2901/2040/2244 2888/2039/2243 2889/2041/2245
f 2890/2042/2246 2901/2040/2244 2889/2041/2245
f 2891/2043/2247 2902/2044/2248 2890/2042/2246
f 2892/2032/2249 2903/2033/2250 2891/2034/2247
f 2893/2030/2251 2904/2031/2252 2892/2032/2249
f 2894/1567/2253 2905/2029/2254 2893/2030/2251
f 2908/2045/2255 2895/1563/2256 2896/2029/2233
f 2909/2046/2257 2896/2029/2233 2897/2031/2236
f 2910/2047/2258 2897/2031/2236 2898/2033/2238
f 2911/2048/2259 2898/2049/2238 2899/2035/2240
f 2912/2050/2260 2899/2035/2240 2900/2038/2242
f 2913/2051/2261 2900/2038/2242 2901/2040/2244
f 2902/2044/2248 2913/2051/2261 2901/2040/2244
f 2903/2052/2250 2914/2053/2262 2902/2044/2248
f 2904/2031/2252 2915/2047/2263 2903/2033/2250
f 2905/2029/2254 2916/2046/2264 2904/2031/2252
f 2906/1563/2265 2917/2045/2266 2905/2029/2254
f 2920/2054/2267 2907/1562/2268 2908/2045/2255
f 2921/2055/2269 2908/2045/2255 2909/2046/2257
f 2922/2056/2270 2909/2046/2257 2910/2047/2258
f 2923/2057/2271 2910/2058/2258 2911/2048/2259
f 2924/2059/2272 2911/2048/2259 2912/2050/2260
f 2925/2060/2273 2912/2050/2260 2913/2051/2261
f 2914/2053/2262 2925/2060/2273 2913/2051/2261
f 2915/2061/2263 2926/2062/2274 2914/2053/2262
f 2916/2046/2264 2927/2056/2275 2915/2047/2263
f 2917/2045/2266 2928/2055/2276 2916/2046/2264
f 2918/1562/2277 2929/2054/2278 2917/2045/2266
f 2932/2063/2279 2919/1558/2280 2920/2054/2267
f 2933/2064/2281 2920/2054/2267 2921/2055/2269
f 2934/2065/2282 2921/2055/2269 2922/2056/2270
f 2935/2066/2283 2922/2067/2270 2923/2057/2271
f 2936/2068/2284 2923/2057/2271 2924/2059/2272
f 2937/2069/2285 2924/2059/2272 2925/2060/2273
f 2926/2062/2274 2937/2069/2285 2925/2060/2273
f 2927/2070/2275 2938/2071/2286 2926/2062/2274
f 2928/2055/2276 2939/2065/2287 2927/2056/2275
f 2929/2054/2278 2940/2064/2288 2928/2055/2276
f 2930/1558/2289 2941/2063/2290 2929/2054/2278
f 2944/2072/2291 2931/1556/2292 2932/2063/2279
f 2945/2073/2293 2932/2063/2279 2933/2064/2281
f 2946/2074/2294 2933/2064/2281 2934/2065/2282
f 2947/2075/2295 2934/2076/2282 2935/2066/2283
f 2948/2077/2296 2935/2066/2283 2936/2068/2284
f 2949/2078/2297 2936/2068/2284 2937/2069/2285
f 2938/2071/2286 2949/2078/2297 2937/2069/2285
f 2939/2079/2287 2950/2080/2298 2938/2071/2286
f 2940/2064/2288 2951/2074/2299 2939/2065/2287
f 2941/2063/2290 2952/2073/2300 2940/2064/2288
f 2942/1556/2301 2953/2072/2302 2941/2063/2290
f 2956/2081/2303 2943/1552/2304 2944/2072/2291
f 2957/2082/2305 2944/2072/2291 2945/2073/2293
f 2958/2083/2306 2945/2073/2293 2946/2074/2294
f 2959/2084/2307 2946/2085/2294 2947/2086/2295
f 2960/2087/2308 2947/2086/2295 2948/2088/2296
f 2961/2089/2309 2948/2088/2296 2949/2090/2297
f 2950/2091/2298 2961/2089/2309 2949/2090/2297
f 2951/2092/2299 2962/2093/2310 2950/2091/2298
f 2952/2073/2300 2963/2083/2311 2951/2074/2299
f 2953/2072/2302 2964/2082/2312 2952/2073/2300
f 2954/1552/2313 2965/2081/2314 2953/2072/2302
f 2956/2081/2303 2967/1546/2315 2955/1549/2316
f 2957/2082/2305 2968/2094/2317 2956/2081/2303
f 2958/2083/2306 2969/2095/2318 2957/2082/2305
f 2959/2084/2307 2970/2096/2319 2958/2097/2306
f 2972/2098/2320 2959/2084/2307 2960/2087/2308
f 2973/2099/2321 2960/2087/2308 2961/2089/2309
f 2962/2093/2310 2973/2099/2321 2961/2089/2309
f 2975/2100/2322 2962/2093/2310 2963/2101/2311
f 2976/2095/2323 2963/2083/2311 2964/2082/2312
f 2977/2094/2324 2964/2082/2312 2965/2081/2314
f 2978/1546/2325 2965/2081/2314 2966/1549/2326
f 2968/2094/2317 2979/1542/2327 2967/1546/2315
f 2969/2095/2318 2980/2102/2328 2968/2094/2317
f 2970/2103/2319 2981/2104/2329 2969/2095/2318
f 2971/2105/2330 2982/2106/2331 2970/2096/2319
f 2972/2098/2320 2983/2107/2332 2971/2105/2330
f 2985/2108/2333 2972/2098/2320 2973/2099/2321
f 2986/2109/2334 2973/2099/2321 2974/2110/2335
f 2987/2111/2336 2974/2110/2335 2975/2100/2322
f 2988/2104/2337 2975/2103/2322 2976/2095/2323
f 2989/2102/2338 2976/2095/2323 2977/2094/2324
f 2990/1542/2339 2977/2094/2324 2978/1546/2325
f 2980/2102/2328 2991/1538/2340 2979/1542/2327
f 2981/2104/2329 2992/2112/2341 2980/2102/2328
f 2982/2113/2331 2993/2114/2342 2981/2104/2329
f 2983/2107/2332 2994/2115/2343 2982/2106/2331
f 2984/2116/2344 2995/2117/2345 2983/2107/2332
f 2997/2118/2346 2984/2116/2344 2985/2108/2333
f 2998/2119/2347 2985/2108/2333 2986/2109/2334
f 2999/2120/2348 2986/2109/2334 2987/2111/2336
f 3000/2114/2349 2987/2113/2336 2988/2104/2337
f 3001/2112/2350 2988/2104/2337 2989/2102/2338
f 3002/1538/2351 2989/2102/2338 2990/1542/2339
f 2992/2112/2341 3003/1535/2087 2991/1538/2340
f 2993/2114/2342 3004/2121/2352 2992/2112/2341
f 2994/2122/2343 3005/2123/2353 2993/2114/2342
f 2995/2117/2345 3006/2124/2354 2994/2115/2343
f 2996/2125/2355 3007/2126/2356 2995/2117/2345
f 3009/2127/2357 2996/2125/2355 2997/2118/2346
f 3010/2128/2358 2997/2118/2346 2998/2119/2347
f 3011/2129/2359 2998/2119/2347 2999/2120/2348
f 3012/2123/2360 2999/2122/2348 3000/2114/2349
f 3013/2121/2361 3000/2114/2349 3001/2112/2350
f 3014/1535/2098 3001/2112/2350 3002/1538/2351
f 3004/2121/2352 3015/1531/2088 3003/1535/2087
f 3005/2123/2353 3016/2130/2362 3004/2121/2352
f 3006/2131/2354 3017/2132/2363 3005/2123/2353
f 3007/2126/2356 3018/2133/2364 3006/2124/2354
f 3008/2134/2365 3019/2135/2366 3007/2126/2356
f 3021/2136/2367 3008/2134/2365 3009/2127/2357
f 3022/2137/2368 3009/2127/2357 3010/2128/2358
f 3023/2138/2369 3010/2128/2358 3011/2129/2359
f 3024/2132/2370 3011/2131/2359 3012/2123/2360
f 3025/2130/2371 3012/2123/2360 3013/2121/2361
f 3026/1531/2099 3013/2121/2361 3014/1535/2098
f 3028/2139/2372 3015/1531/2088 3016/2130/2362
f 3029/2140/2373 3016/2130/2362 3017/2132/2363
f 3030/2141/2374 3017/2132/2363 3018/2142/2364
f 3031/2143/2375 3018/2133/2364 3019/2135/2366
f 3032/2144/2376 3019/2135/2366 3020/2145/2377
f 3033/2146/2378 3020/2145/2377 3021/2136/2367
f 3022/2137/2368 3033/2146/2378 3021/2136/2367
f 3023/2138/2369 3034/2147/2379 3022/2137/2368
f 3024/2132/2370 3035/2141/2380 3023/2142/2369
f 3025/2130/2371 3036/2140/2381 3024/2132/2370
f 3026/1531/2099 3037/2139/2382 3025/2130/2371
f 3040/2148/2383 3027/1527/2384 3028/2139/2372
f 3041/2149/2385 3028/2139/2372 3029/2140/2373
f 3042/2150/2386 3029/2140/2373 3030/2141/2374
f 3043/2151/2387 3030/2152/2374 3031/2143/2375
f 3044/2153/2388 3031/2143/2375 3032/2144/2376
f 3045/2154/2389 3032/2144/2376 3033/2146/2378
f 3034/2147/2379 3045/2154/2389 3033/2146/2378
f 3035/2155/2380 3046/2156/2390 3034/2147/2379
f 3036/2140/2381 3047/2150/2391 3035/2141/2380
f 3037/2139/2382 3048/2149/2392 3036/2140/2381
f 3038/1527/2393 3049/2148/2394 3037/2139/2382
f 3052/2157/2395 3039/1523/2396 3040/2148/2383
f 3053/2158/2397 3040/2148/2383 3041/2149/2385
f 3054/2159/2398 3041/2149/2385 3042/2150/2386
f 3055/2160/2399 3042/2161/2386 3043/2151/2387
f 3056/2162/2400 3043/2151/2387 3044/2153/2388
f 3057/2163/2401 3044/2153/2388 3045/2154/2389
f 3046/2156/2390 3057/2163/2401 3045/2154/2389
f 3047/2164/2391 3058/2165/2402 3046/2156/2390
f 3048/2149/2392 3059/2159/2403 3047/2150/2391
f 3049/2148/2394 3060/2158/2404 3048/2149/2392
f 3050/1523/2405 3061/2157/2406 3049/2148/2394
f 3064/2166/2407 3051/1521/2408 3052/2157/2395
f 3065/2167/2409 3052/2157/2395 3053/2158/2397
f 3066/2168/2410 3053/2158/2397 3054/2159/2398
f 3067/2169/2411 3054/2170/2398 3055/2160/2399
f 3068/2171/2412 3055/2160/2399 3056/2162/2400
f 3069/2172/2413 3056/2162/2400 3057/2163/2401
f 3058/2165/2402 3069/2172/2413 3057/2163/2401
f 3059/2173/2403 3070/2174/2414 3058/2165/2402
f 3060/2158/2404 3071/2168/2415 3059/2159/2403
f 3061/2157/2406 3072/2167/2416 3060/2158/2404
f 3062/1521/2417 3073/2166/2418 3061/2157/2406
f 3076/2175/2419 3063/1517/2420 3064/2166/2407
f 3077/2176/2421 3064/2166/2407 3065/2167/2409
f 3078/2177/2422 3065/2167/2409 3066/2168/2410
f 3079/2178/2423 3066/2179/2410 3067/2169/2411
f 3080/2180/2424 3067/2169/2411 3068/2171/2412
f 3081/2181/2425 3068/2171/2412 3069/2172/2413
f 3070/2174/2414 3081/2181/2425 3069/2172/2413
f 3071/2182/2415 3082/2183/2426 3070/2174/2414
f 3072/2167/2416 3083/2177/2427 3071/2168/2415
f 3073/2166/2418 3084/2176/2428 3072/2167/2416
f 3074/1517/2429 3085/2175/2430 3073/2166/2418
f 3076/2175/2419 3087/1511/2431 3075/1513/2432
f 3077/2176/2421 3088/2184/2433 3076/2175/2419
f 3078/2177/2422 3089/2185/2434 3077/2176/2421
f 3079/2178/2423 3090/2186/2435 3078/2187/2422
f 3080/2180/2424 3091/2188/2436 3079/2178/2423
f 3093/2189/2437 3080/2180/2424 3081/2181/2425
f 3094/2190/2438 3081/2181/2425 3082/2183/2426
f 3095/2191/2439 3082/2183/2426 3083/2192/2427
f 3096/2185/2440 3083/2177/2427 3084/2176/2428
f 3097/2184/2441 3084/2176/2428 3085/2175/2430
f 3098/1511/2442 3085/2175/2430 3086/1513/2443
f 3088/2184/2433 3099/1507/2444 3087/1511/2431
f 3089/2185/2434 3100/2193/2445 3088/2184/2433
f 3090/2194/2435 3101/2195/2446 3089/2185/2434
f 3091/2196/2436 3102/2197/2447 3090/2198/2435
f 3092/2199/2448 3103/2200/2449 3091/2196/2436
f 3105/2201/2450 3092/2199/2448 3093/2202/2437
f 3106/2203/2451 3093/2202/2437 3094/2204/2438
f 3107/2205/2452 3094/2204/2438 3095/2206/2439
f 3108/2195/2453 3095/2194/2439 3096/2185/2440
f 3109/2193/2454 3096/2185/2440 3097/2184/2441
f 3110/1507/2455 3097/2184/2441 3098/1511/2442
f 3100/2193/2445 3111/1505/2456 3099/1507/2444
f 3101/2195/2446 3112/2207/2457 3100/2193/2445
f 3102/2208/2447 3113/2209/2458 3101/2195/2446
f 3103/2200/2449 3114/2210/2459 3102/2197/2447
f 3104/2211/2460 3115/2212/2461 3103/2200/2449
f 3117/2213/2462 3104/2211/2460 3105/2201/2450
f 3118/2214/2463 3105/2201/2450 3106/2203/2451
f 3119/2215/2464 3106/2203/2451 3107/2205/2452
f 3120/2209/2465 3107/2208/2452 3108/2195/2453
f 3121/2207/2466 3108/2195/2453 3109/2193/2454
f 3122/1505/2467 3109/2193/2454 3110/1507/2455
f 3112/2207/2457 3123/1501/2468 3111/1505/2456
f 3113/2209/2458 3124/2216/2469 3112/2207/2457
f 3114/2217/2459 3125/2218/2470 3113/2209/2458
f 3115/2212/2461 3126/2219/2471 3114/2210/2459
f 3116/2220/2472 3127/2221/2473 3115/2212/2461
f 3129/2222/2474 3116/2220/2472 3117/2213/2462
f 3130/2223/2475 3117/2213/2462 3118/2214/2463
f 3131/2224/2476 3118/2214/2463 3119/2215/2464
f 3132/2218/2477 3119/2217/2464 3120/2209/2465
f 3133/2216/2478 3120/2209/2465 3121/2207/2466
f 3134/1501/2479 3121/2207/2466 3122/1505/2467
f 3124/2216/2469 3135/1499/2480 3123/1501/2468
f 3125/2218/2470 3136/2225/2481 3124/2216/2469
f 3126/2226/2471 3137/2227/2482 3125/2218/2470
f 3127/2221/2473 3138/2228/2483 3126/2219/2471
f 3128/2229/2484 3139/2230/2485 3127/2221/2473
f 3141/2231/2486 3128/2229/2484 3129/2222/2474
f 3142/2232/2487 3129/2222/2474 3130/2223/2475
f 3143/2233/2488 3130/2223/2475 3131/2224/2476
f 3144/2227/2489 3131/2226/2476 3132/2218/2477
f 3145/2225/2490 3132/2218/2477 3133/2216/2478
f 3146/1499/2491 3133/2216/2478 3134/1501/2479
f 3136/2225/2481 3147/1498/2492 3135/1499/2480
f 3137/2227/2482 3148/2234/2493 3136/2225/2481
f 3138/2235/2483 3149/2236/2494 3137/2227/2482
f 3139/2230/2485 3150/2237/2495 3138/2228/2483
f 3140/2238/2496 3151/2239/2497 3139/2230/2485
f 3153/2240/2498 3140/2238/2496 3141/2231/2486
f 3154/2241/2499 3141/2231/2486 3142/2232/2487
f 3155/2242/2500 3142/2232/2487 3143/2233/2488
f 3156/2236/2501 3143/2235/2488 3144/2227/2489
f 3157/2234/2502 3144/2227/2489 3145/2225/2490
f 3158/1498/2503 3145/2225/2490 3146/1499/2491
f 3148/2234/2493 3159/1496/2504 3147/1498/2492
f 3149/2236/2494 3160/2243/2505 3148/2234/2493
f 3150/2244/2495 3161/2245/2506 3149/2236/2494
f 3151/2239/2497 3162/2246/2507 3150/2237/2495
f 3152/2247/2508 3163/2248/2509 3151/2239/2497
f 3165/2249/2510 3152/2247/2508 3153/2240/2498
f 3166/2250/2511 3153/2240/2498 3154/2241/2499
f 3167/2251/2512 3154/2241/2499 3155/2242/2500
f 3168/2245/2513 3155/2244/2500 3156/2236/2501
f 3169/2243/2514 3156/2236/2501 3157/2234/2502
f 3170/1496/2515 3157/2234/2502 3158/1498/2503
f 3172/2252/2516 3159/1496/2504 3160/2243/2505
f 3173/2253/2517 3160/2243/2505 3161/2245/2506
f 3174/2254/2518 3161/2245/2506 3162/2255/2507
f 3175/2256/2519 3162/2246/2507 3163/2248/2509
f 3176/2257/2520 3163/2248/2509 3164/2258/2521
f 3177/2259/2522 3164/2258/2521 3165/2249/2510
f 3166/2250/2511 3177/2259/2522 3165/2249/2510
f 3167/2251/2512 3178/2260/2523 3166/2250/2511
f 3168/2245/2513 3179/2254/2524 3167/2255/2512
f 3169/2243/2514 3180/2253/2525 3168/2245/2513
f 3170/1496/2515 3181/2252/2526 3169/2243/2514
f 3184/2261/2527 3171/1497/1932 3172/2252/2516
f 3185/2262/2528 3172/2252/2516 3173/2253/2517
f 3186/2263/2529 3173/2253/2517 3174/2254/2518
f 3187/2264/2530 3174/2265/2518 3175/2256/2519
f 3188/2266/2531 3175/2256/2519 3176/2257/2520
f 3189/2267/2532 3176/2257/2520 3177/2259/2522
f 3178/2260/2523 3189/2267/2532 3177/2259/2522
f 3179/2268/2524 3190/2269/2533 3178/2260/2523
f 3180/2253/2525 3191/2263/2534 3179/2254/2524
f 3181/2252/2526 3192/2262/2535 3180/2253/2525
f 3182/1497/1941 3193/2261/2536 3181/2252/2526
f 3196/2270/2537 3183/1500/2538 3184/2261/2527
f 3197/2271/2539 3184/2261/2527 3185/2262/2528
f 3198/2272/2540 3185/2262/2528 3186/2263/2529
f 3199/2273/2541 3186/2274/2529 3187/2264/2530
f 3200/2275/2542 3187/2264/2530 3188/2266/2531
f 3201/2276/2543 3188/2266/2531 3189/2267/2532
f 3190/2269/2533 3201/2276/2543 3189/2267/2532
f 3191/2277/2534 3202/2278/2544 3190/2269/2533
f 3192/2262/2535 3203/2272/2545 3191/2263/2534
f 3193/2261/2536 3204/2271/2546 3192/2262/2535
f 3194/1500/2547 3205/2270/2548 3193/2261/2536
f 3208/2279/2549 3195/1502/2550 3196/2270/2537
f 3209/2280/2551 3196/2270/2537 3197/2271/2539
f 3210/2281/2552 3197/2271/2539 3198/2272/2540
f 3211/2282/2553 3198/2283/2540 3199/2273/2541
f 3212/2284/2554 3199/2273/2541 3200/2275/2542
f 3213/2285/2555 3200/2275/2542 3201/2276/2543
f 3202/2278/2544 3213/2285/2555 3201/2276/2543
f 3203/2286/2545 3214/2287/2556 3202/2278/2544
f 3204/2271/2546 3215/2281/2557 3203/2272/2545
f 3205/2270/2548 3216/2280/2558 3204/2271/2546
f 3206/1502/2559 3217/2279/2560 3205/2270/2548
f 3220/2288/2561 3207/1506/2562 3208/2279/2549
f 3221/2289/2563 3208/2279/2549 3209/2280/2551
f 3222/2290/2564 3209/2280/2551 3210/2281/2552
f 3223/2291/2565 3210/2292/2552 3211/2282/2553
f 3224/2293/2566 3211/2282/2553 3212/2284/2554
f 3225/2294/2567 3212/2284/2554 3213/2285/2555
f 3214/2287/2556 3225/2294/2567 3213/2285/2555
f 3215/2295/2557 3226/2296/2568 3214/2287/2556
f 3216/2280/2558 3227/2290/2569 3215/2281/2557
f 3217/2279/2560 3228/2289/2570 3216/2280/2558
f 3218/1506/2571 3229/2288/2572 3217/2279/2560
f 3232/2297/2573 3219/1508/2574 3220/2288/2561
f 3233/2298/2575 3220/2288/2561 3221/2289/2563
f 3234/2299/2576 3221/2289/2563 3222/2290/2564
f 3235/2300/2577 3222/2301/2564 3223/2291/2565
f 3236/2302/2578 3223/2291/2565 3224/2293/2566
f 3237/2303/2579 3224/2293/2566 3225/2294/2567
f 3226/2296/2568 3237/2303/2579 3225/2294/2567
f 3227/2304/2569 3238/2305/2580 3226/2296/2568
f 3228/2289/2570 3239/2299/2581 3227/2290/2569
f 3229/2288/2572 3240/2298/2582 3228/2289/2570
f 3230/1508/2583 3241/2297/2584 3229/2288/2572
f 3244/2306/2585 3231/1512/2586 3232/2297/2573
f 3245/2307/2587 3232/2297/2573 3233/2298/2575
f 3246/2308/2588 3233/2298/2575 3234/2299/2576
f 3247/2309/2589 3234/2310/2576 3235/2311/2577
f 3248/2312/2590 3235/2311/2577 3236/2313/2578
f 3249/2314/2591 3236/2313/2578 3237/2315/2579
f 3238/2316/2580 3249/2314/2591 3237/2315/2579
f 3239/2317/2581 3250/2318/2592 3238/2316/2580
f 3240/2298/2582 3251/2308/2593 3239/2299/2581
f 3241/2297/2584 3252/2307/2594 3240/2298/2582
f 3242/1512/2595 3253/2306/2596 3241/2297/2584
f 3244/2306/2585 3255/1518/2597 3243/1514/2598
f 3245/2307/2587 3256/2319/2599 3244/2306/2585
f 3246/2308/2588 3257/2320/2600 3245/2307/2587
f 3247/2309/2589 3258/2321/2601 3246/2322/2588
f 3248/2312/2590 3259/2323/2602 3247/2309/2589
f 3261/2324/2603 3248/2312/2590 3249/2314/2591
f 3262/2325/2604 3249/2314/2591 3250/2318/2592
f 3263/2326/2605 3250/2318/2592 3251/2327/2593
f 3264/2320/2606 3251/2308/2593 3252/2307/2594
f 3265/2319/2607 3252/2307/2594 3253/2306/2596
f 3266/1518/2608 3253/2306/2596 3254/1514/2609
f 3256/2319/2599 3267/1522/2610 3255/1518/2597
f 3257/2320/2600 3268/2328/2611 3256/2319/2599
f 3258/2329/2601 3269/2330/2612 3257/2320/2600
f 3259/2323/2602 3270/2331/2613 3258/2321/2601
f 3260/2332/2614 3271/2333/2615 3259/2323/2602
f 3273/2334/2616 3260/2332/2614 3261/2324/2603
f 3274/2335/2617 3261/2324/2603 3262/2325/2604
f 3275/2336/2618 3262/2325/2604 3263/2326/2605
f 3276/2330/2619 3263/2329/2605 3264/2320/2606
f 3277/2328/2620 3264/2320/2606 3265/2319/2607
f 3278/1522/2621 3265/2319/2607 3266/1518/2608
f 3268/2328/2611 3279/1524/2622 3267/1522/2610
f 3269/2330/2612 3280/2337/2623 3268/2328/2611
f 3270/2338/2613 3281/2339/2624 3269/2330/2612
f 3271/2333/2615 3282/2340/2625 3270/2331/2613
f 3272/2341/2626 3283/2342/2627 3271/2333/2615
f 3285/2343/2628 3272/2341/2626 3273/2334/2616
f 3286/2344/2629 3273/2334/2616 3274/2335/2617
f 3287/2345/2630 3274/2335/2617 3275/2336/2618
f 3288/2339/2631 3275/2338/2618 3276/2330/2619
f 3289/2337/2632 3276/2330/2619 3277/2328/2620
f 3290/1524/2633 3277/2328/2620 3278/1522/2621
f 3280/2337/2623 3291/1528/2634 3279/1524/2622
f 3281/2339/2624 3292/2346/2635 3280/2337/2623
f 3282/2347/2625 3293/2348/2636 3281/2339/2624
f 3283/2342/2627 3294/2152/2637 3282/2340/2625
f 3284/2349/2638 3295/2143/2639 3283/2342/2627
f 3297/2350/2640 3284/2349/2638 3285/2343/2628
f 3298/2147/2641 3285/2343/2628 3286/2344/2629
f 3299/2155/2642 3286/2344/2629 3287/2345/2630
f 3300/2348/2643 3287/2347/2630 3288/2339/2631
f 3301/2346/2644 3288/2339/2631 3289/2337/2632
f 3302/1528/2645 3289/2337/2632 3290/1524/2633
f 3292/2346/2635 3303/1532/1800 3291/1528/2634
f 3293/2348/2636 3304/2351/2646 3292/2346/2635
f 3294/2352/2637 3305/2353/2647 3293/2348/2636
f 3295/2143/2639 3306/2133/2648 3294/2152/2637
f 3296/2354/2649 3307/2135/2650 3295/2143/2639
f 3309/1911/2651 3296/2354/2649 3297/2350/2640
f 3310/2137/2652 3297/2350/2640 3298/2147/2641
f 3311/2138/2653 3298/2147/2641 3299/2155/2642
f 3312/2353/2654 3299/2352/2642 3300/2348/2643
f 3313/2351/2655 3300/2348/2643 3301/2346/2644
f 3314/1532/1811 3301/2346/2644 3302/1528/2645
f 3316/2355/2656 3303/1532/1800 3304/2351/2646
f 3317/2356/2657 3304/2351/2646 3305/2353/2647
f 3318/2357/2658 3305/2353/2647 3306/2358/2648
f 3319/2126/2659 3306/2133/2648 3307/2135/2650
f 3320/2359/2660 3307/2135/2650 3308/1910/2661
f 3321/2360/2662 3308/1910/2661 3309/1911/2651
f 3310/2137/2652 3321/2360/2662 3309/1911/2651
f 3311/2138/2653 3322/2128/2663 3310/2137/2652
f 3312/2353/2654 3323/2357/2664 3311/2358/2653
f 3313/2351/2655 3324/2356/2665 3312/2353/2654
f 3314/1532/1811 3325/2355/2666 3313/2351/2655
f 3328/2361/2667 3315/1534/2668 3316/2355/2656
f 3329/2362/2669 3316/2355/2656 3317/2356/2657
f 3330/2363/2670 3317/2356/2657 3318/2357/2658
f 3331/2364/2671 3318/2124/2658 3319/2126/2659
f 3332/2365/2672 3319/2126/2659 3320/2359/2660
f 3333/2366/2673 3320/2359/2660 3321/2360/2662
f 3322/2128/2663 3333/2366/2673 3321/2360/2662
f 3323/2129/2664 3334/2367/2674 3322/2128/2663
f 3324/2356/2665 3335/2363/2675 3323/2357/2664
f 3325/2355/2666 3336/2362/2676 3324/2356/2665
f 3326/1534/2677 3337/2361/2678 3325/2355/2666
f 3340/2368/2679 3327/1537/2680 3328/2361/2667
f 3341/2369/2681 3328/2361/2667 3329/2362/2669
f 3342/2370/2682 3329/2362/2669 3330/2363/2670
f 3343/2371/2683 3330/2372/2670 3331/2364/2671
f 3344/2373/2684 3331/2364/2671 3332/2365/2672
f 3345/2374/2685 3332/2365/2672 3333/2366/2673
f 3334/2367/2674 3345/2374/2685 3333/2366/2673
f 3335/2375/2675 3346/2376/2686 3334/2367/2674
f 3336/2362/2676 3347/2370/2687 3335/2363/2675
f 3337/2361/2678 3348/2369/2688 3336/2362/2676
f 3338/1537/2689 3349/2368/2690 3337/2361/2678
f 3352/2377/2691 3339/1541/2692 3340/2368/2679
f 3353/2378/2693 3340/2368/2679 3341/2369/2681
f 3354/2379/2694 3341/2369/2681 3342/2370/2682
f 3355/2380/2695 3342/2381/2682 3343/2371/2683
f 3356/2382/2696 3343/2371/2683 3344/2373/2684
f 3357/2383/2697 3344/2373/2684 3345/2374/2685
f 3346/2376/2686 3357/2383/2697 3345/2374/2685
f 3347/2384/2687 3358/2385/2698 3346/2376/2686
f 3348/2369/2688 3359/2379/2699 3347/2370/2687
f 3349/2368/2690 3360/2378/2700 3348/2369/2688
f 3350/1541/2701 3361/2377/2702 3349/2368/2690
f 3364/2386/2703 3351/1545/2704 3352/2377/2691
f 3365/2387/2705 3352/2377/2691 3353/2378/2693
f 3366/2388/2706 3353/2378/2693 3354/2379/2694
f 3367/2389/2707 3354/2390/2694 3355/2380/2695
f 3356/2382/2696 3367/2389/2707 3355/2380/2695
f 3369/2391/2708 3356/2382/2696 3357/2383/2697
f 3370/2392/2709 3357/2383/2697 3358/2385/2698
f 3359/2393/2699 3370/2392/2709 3358/2385/2698
f 3360/2378/2700 3371/2388/2710 3359/2379/2699
f 3361/2377/2702 3372/2387/2711 3360/2378/2700
f 3362/1545/2712 3373/2386/2713 3361/2377/2702
f 3364/2386/2703 3375/1551/2714 3363/1550/2715
f 3365/2387/2705 3376/2394/2716 3364/2386/2703
f 3366/2388/2706 3377/2395/2717 3365/2387/2705
f 3367/2389/2707 3378/2396/2718 3366/2397/2706
f 3368/2398/2719 3379/2399/2720 3367/2389/2707
f 3381/2400/2721 3368/2398/2719 3369/2391/2708
f 3382/2401/2722 3369/2391/2708 3370/2392/2709
f 3383/2402/2723 3370/2392/2709 3371/2403/2710
f 3384/2395/2724 3371/2388/2710 3372/2387/2711
f 3385/2394/2725 3372/2387/2711 3373/2386/2713
f 3386/1551/2726 3373/2386/2713 3374/1550/2727
f 3376/2394/2716 3387/1555/2728 3375/1551/2714
f 3377/2395/2717 3388/2404/2729 3376/2394/2716
f 3378/2405/2718 3389/2406/2730 3377/2395/2717
f 3379/2407/2720 3390/2408/2731 3378/2409/2718
f 3380/2410/2732 3391/2411/2733 3379/2407/2720
f 3393/2412/2734 3380/2410/2732 3381/2413/2721
f 3394/2414/2735 3381/2413/2721 3382/2415/2722
f 3395/2416/2736 3382/2415/2722 3383/2417/2723
f 3396/2406/2737 3383/2405/2723 3384/2395/2724
f 3397/2404/2738 3384/2395/2724 3385/2394/2725
f 3398/1555/2739 3385/2394/2725 3386/1551/2726
f 3388/2404/2729 3399/1557/2740 3387/1555/2728
f 3389/2406/2730 3400/2418/2741 3388/2404/2729
f 3390/2419/2731 3401/2420/2742 3389/2406/2730
f 3391/2411/2733 3402/2421/2743 3390/2408/2731
f 3392/2422/2744 3403/2423/2745 3391/2411/2733
f 3405/2424/2746 3392/2422/2744 3393/2412/2734
f 3406/2425/2747 3393/2412/2734 3394/2414/2735
f 3407/2426/2748 3394/2414/2735 3395/2416/2736
f 3408/2420/2749 3395/2419/2736 3396/2406/2737
f 3409/2418/2750 3396/2406/2737 3397/2404/2738
f 3410/1557/2751 3397/2404/2738 3398/1555/2739
f 3400/2418/2741 3411/1561/2752 3399/1557/2740
f 3401/2420/2742 3412/2427/2753 3400/2418/2741
f 3402/2428/2743 3413/2429/2754 3401/2420/2742
f 3403/2423/2745 3414/2430/2755 3402/2421/2743
f 3404/2431/2756 3415/2432/2757 3403/2423/2745
f 3417/2433/2758 3404/2431/2756 3405/2424/2746
f 3418/2434/2759 3405/2424/2746 3406/2425/2747
f 3419/2435/2760 3406/2425/2747 3407/2426/2748
f 3420/2429/2761 3407/2428/2748 3408/2420/2749
f 3421/2427/2762 3408/2420/2749 3409/2418/2750
f 3422/1561/2763 3409/2418/2750 3410/1557/2751
f 3412/2427/2753 3423/1564/2764 3411/1561/2752
f 3413/2429/2754 3424/2436/2765 3412/2427/2753
f 3414/2437/2755 3425/2438/2766 3413/2429/2754
f 3415/2432/2757 3426/2439/2767 3414/2430/2755
f 3416/2440/2768 3427/2441/2769 3415/2432/2757
f 3429/2442/2770 3416/2440/2768 3417/2433/2758
f 3430/2443/2771 3417/2433/2758 3418/2434/2759
f 3431/2444/2772 3418/2434/2759 3419/2435/2760
f 3432/2438/2773 3419/2437/2760 3420/2429/2761
f 3433/2436/2774 3420/2429/2761 3421/2427/2762
f 3434/1564/2775 3421/2427/2762 3422/1561/2763
f 3424/2436/2765 3435/1568/2776 3423/1564/2764
f 3425/2438/2766 3436/2445/2777 3424/2436/2765
f 3426/2446/2767 3437/2447/2778 3425/2438/2766
f 3427/2441/2769 3438/2448/2779 3426/2439/2767
f 3428/2449/2780 3439/2450/2781 3427/2441/2769
f 3441/2451/2782 3428/2449/2780 3429/2442/2770
f 3442/2452/2783 3429/2442/2770 3430/2443/2771
f 3443/2453/2784 3430/2443/2771 3431/2444/2772
f 3444/2447/2785 3431/2446/2772 3432/2438/2773
f 3445/2445/2786 3432/2438/2773 3433/2436/2774
f 3446/1568/2787 3433/2436/2774 3434/1564/2775
f 3436/2445/2777 3447/1569/2788 3435/1568/2776
f 3437/2447/2778 3448/2454/2789 3436/2445/2777
f 3438/2455/2779 3449/2456/2790 3437/2447/2778
f 3439/2450/2781 3450/2246/2791 3438/2448/2779
f 3440/2457/2792 3451/2248/2793 3439/2450/2781
f 3453/2249/2794 3440/2457/2792 3441/2451/2782
f 3454/2250/2795 3441/2451/2782 3442/2452/2783
f 3455/2251/2796 3442/2452/2783 3443/2453/2784
f 3456/2456/2797 3443/2455/2784 3444/2447/2785
f 3457/2454/2798 3444/2447/2785 3445/2445/2786
f 3458/1569/2799 3445/2445/2786 3446/1568/2787
f 2884/2030/2235 3447/1569/2788 3448/2454/2789
f 2885/2032/2237 3448/2454/2789 3449/2456/2790
f 2886/2034/2239 3449/2456/2790 3450/2458/2791
f 2887/2037/2241 3450/2246/2791 3451/2248/2793
f 2888/2039/2243 3451/2248/2793 3452/2258/2800
f 2889/2041/2245 3452/2258/2800 3453/2249/2794
f 3454/2250/2795 2889/2041/2245 3453/2249/2794
f 3455/2251/2796 2890/2042/2246 3454/2250/2795
f 3456/2456/2797 2891/2034/2247 3455/2458/2796
f 3457/2454/2798 2892/2032/2249 3456/2456/2797
f 3458/1569/2799 2893/2030/2251 3457/2454/2798
f 3467/2459/1 3469/2460/1 3468/2461/1
f 3467/2459/1 3465/2462/1 3469/2460/1
f 3465/2462/1 3464/2463/1 3469/2460/1
f 3464/2463/1 3470/2464/1 3469/2460/1
f 3470/2464/1 3472/2465/1 3471/2466/1
f 3470/2464/1 3461/2467/1 3472/2465/1
f 3461/2467/1 3460/2468/1 3472/2465/1
f 3460/2468/1 3473/2469/1 3472/2465/1
f 3467/2459/1 3466/2470/1 3465/2462/1
f 3463/2471/1 3470/2464/1 3464/2463/1
f 3470/2464/1 3462/2472/1 3461/2467/1
f 3459/2473/1 3473/2469/1 3460/2468/1
f 3463/2471/1 3462/2472/1 3470/2464/1
f 3484/2460/2 3482/2459/2 3483/2461/2
f 3480/2462/2 3482/2459/2 3484/2460/2
f 3479/2463/2 3480/2462/2 3484/2460/2
f 3485/2464/2 3479/2463/2 3484/2460/2
f 3487/2465/2 3485/2464/2 3486/2466/2
f 3476/2467/2 3485/2464/2 3487/2465/2
f 3475/2468/2 3476/2467/2 3487/2465/2
f 3488/2469/2 3475/2468/2 3487/2465/2
f 3481/2470/2 3482/2459/2 3480/2462/2
f 3485/2464/2 3478/2471/2 3479/2463/2
f 3477/2472/2 3485/2464/2 3476/2467/2
f 3488/2469/2 3474/2473/2 3475/2468/2
f 3477/2472/2 3478/2471/2 3485/2464/2
f 3502/2474/2801 3489/2473/1617 3490/2475/1628
f 3503/2476/2802 3490/2475/1628 3491/2477/1619
f 3504/2478/2803 3491/2479/1619 3492/1453/2804
f 3505/2480/2805 3492/1453/2804 3493/1454/2806
f 3506/2481/2807 3493/1454/2806 3494/1455/1632
f 3507/2482/2808 3494/1455/1632 3495/1457/2809
f 3496/1459/2810 3507/2482/2808 3495/1457/2809
f 3497/1461/1624 3508/2483/2811 3496/1459/2810
f 3498/2484/1625 3509/2485/2812 3497/1461/1624
f 3499/2475/1638 3510/2476/2813 3498/2477/1625
f 3500/2473/1626 3511/2474/2814 3499/2475/1638
f 3502/2474/2801 3513/2467/2815 3501/2468/1617
f 3515/2486/2816 3502/2474/2801 3503/2476/2802
f 3516/2487/2817 3503/2476/2802 3504/2488/2803
f 3517/2489/2818 3504/2490/2803 3505/2491/2805
f 3518/2492/2819 3505/2491/2805 3506/2493/2807
f 3519/2494/2820 3506/2493/2807 3507/2495/2808
f 3508/2496/2811 3519/2494/2820 3507/2495/2808
f 3509/2497/2812 3520/2498/2821 3508/2496/2811
f 3510/2476/2813 3521/2487/2822 3509/2488/2812
f 3511/2474/2814 3522/2486/2823 3510/2476/2813
f 3512/2468/1626 3523/2499/2824 3511/2474/2814
f 3514/2499/2825 3525/2472/2815 3513/2467/2815
f 3515/2486/2816 3526/2500/2826 3514/2499/2825
f 3516/2487/2817 3527/2501/2827 3515/2486/2816
f 3517/2480/2818 3528/2502/2828 3516/2478/2817
f 3518/2481/2819 3529/2503/2829 3517/2480/2818
f 3531/2504/2830 3518/2481/2819 3519/2482/2820
f 3532/2505/2831 3519/2482/2820 3520/2483/2821
f 3533/2506/2832 3520/2483/2821 3521/2485/2822
f 3534/2501/2833 3521/2487/2822 3522/2486/2823
f 3535/2500/2834 3522/2486/2823 3523/2499/2824
f 3536/2472/2835 3523/2499/2824 3524/2467/2835
f 3538/2507/2836 3525/2472/2815 3526/2500/2826
f 3539/2508/2837 3526/2500/2826 3527/2501/2827
f 3540/2509/2838 3527/2501/2827 3528/2510/2828
f 3541/2511/2839 3528/2512/2828 3529/2513/2829
f 3530/2514/2840 3541/2511/2839 3529/2513/2829
f 3543/2515/2841 3530/2514/2840 3531/2516/2830
f 3544/2517/2842 3531/2516/2830 3532/2518/2831
f 3545/2519/2843 3532/2518/2831 3533/2520/2832
f 3546/2508/2844 3533/2510/2832 3534/2501/2833
f 3535/2500/2834 3546/2508/2844 3534/2501/2833
f 3548/2471/2845 3535/2500/2834 3536/2472/2835
f 3550/2521/2846 3537/2471/2847 3538/2507/2836
f 3551/2522/2848 3538/2507/2836 3539/2508/2837
f 3552/2523/2849 3539/2508/2837 3540/2509/2838
f 3553/2480/2850 3540/2502/2838 3541/2503/2839
f 3554/2481/2851 3541/2503/2839 3542/2524/2852
f 3555/2482/2853 3542/2524/2852 3543/2504/2841
f 3544/2505/2842 3555/2482/2853 3543/2504/2841
f 3545/2506/2843 3556/2483/2854 3544/2505/2842
f 3546/2508/2844 3557/2523/2855 3545/2509/2843
f 3547/2507/2856 3558/2522/2857 3546/2508/2844
f 3548/2471/2845 3559/2521/2858 3547/2507/2856
f 3550/2521/2846 3561/2462/1618 3549/2463/2847
f 3551/2522/2848 3562/2525/2859 3550/2521/2846
f 3552/2523/2849 3563/2526/2860 3551/2522/2848
f 3553/2527/2850 3564/2528/2861 3552/2529/2849
f 3554/2530/2851 3565/2531/2862 3553/2527/2850
f 3567/2532/2863 3554/2530/2851 3555/2533/2853
f 3568/2534/2864 3555/2533/2853 3556/2535/2854
f 3569/2536/2865 3556/2535/2854 3557/2537/2855
f 3570/2526/2866 3557/2523/2855 3558/2522/2857
f 3571/2525/2867 3558/2522/2857 3559/2521/2858
f 3560/2463/2845 3571/2525/2867 3559/2521/2858
f 3562/2525/2859 3573/2470/1618 3561/2462/1618
f 3563/2526/2860 3574/2538/1594 3562/2525/2859
f 3564/2478/2861 3575/2479/1597 3563/2539/2860
f 3565/2480/2862 3576/1453/2868 3564/2478/2861
f 3566/2481/2869 3577/1454/2870 3565/2480/2862
f 3579/1457/2871 3566/2481/2869 3567/2482/2863
f 3580/1459/2872 3567/2482/2863 3568/2483/2864
f 3581/1461/2873 3568/2483/2864 3569/2485/2865
f 3582/2484/1611 3569/2485/2865 3570/2540/2866
f 3583/2538/1613 3570/2526/2866 3571/2525/2867
f 3584/2470/1615 3571/2525/2867 3572/2462/1615
f 3586/2541/1628 3573/2470/1618 3574/2538/1594
f 3587/2542/1619 3574/2538/1594 3575/2543/1597
f 3588/2544/2804 3575/2545/1597 3576/2528/2868
f 3577/2531/2870 3588/2544/2804 3576/2528/2868
f 3590/2546/2874 3577/2531/2870 3578/2547/2875
f 3591/2548/2876 3578/2547/2875 3579/2532/2871
f 3592/2549/1623 3579/2532/2871 3580/2534/2872
f 3593/2550/2877 3580/2534/2872 3581/2536/2873
f 3594/2551/1625 3581/2536/2873 3582/2552/1611
f 3595/2541/1638 3582/2543/1611 3583/2538/1613
f 3596/2459/1626 3583/2538/1613 3584/2470/1615
f 3598/2553/1627 3585/2459/1617 3586/2541/1628
f 3599/2554/1629 3586/2541/1628 3587/2542/1619
f 3600/1475/2878 3587/2479/1619 3588/1453/2804
f 3601/1452/2879 3588/1453/2804 3589/1454/2806
f 3590/1455/2874 3601/1452/2879 3589/1454/2806
f 3603/1456/2880 3590/1455/2874 3591/1457/2876
f 3604/1458/2881 3591/1457/2876 3592/1459/1623
f 3605/1460/2882 3592/1459/1623 3593/1461/2877
f 3606/2555/1636 3593/1461/2877 3594/2484/1625
f 3607/2553/1637 3594/2542/1625 3595/2541/1638
f 3596/2459/1626 3607/2553/1637 3595/2541/1638
f 3610/2556/2883 3597/2461/1640 3598/2553/1627
f 3611/2557/2884 3598/2553/1627 3599/2554/1629
f 3612/2558/2885 3599/2554/1629 3600/2559/2878
f 3613/2560/2886 3600/2544/2878 3601/2561/2879
f 3614/2562/2887 3601/2561/2879 3602/2546/2888
f 3615/2563/2889 3602/2546/2888 3603/2548/2880
f 3604/2549/2881 3615/2563/2889 3603/2548/2880
f 3605/2550/2882 3616/2564/2890 3604/2549/2881
f 3606/2554/1636 3617/2558/2891 3605/2559/2882
f 3607/2553/1637 3618/2557/2892 3606/2554/1636
f 3608/2461/1639 3619/2556/2893 3607/2553/1637
f 3622/2565/2894 3609/2460/2895 3610/2556/2883
f 3623/2566/2896 3610/2556/2883 3611/2557/2884
f 3624/2567/2897 3611/2557/2884 3612/2558/2885
f 3625/2568/2898 3612/1475/2885 3613/1452/2886
f 3626/2569/2899 3613/1452/2886 3614/1477/2887
f 3627/2570/2900 3614/1477/2887 3615/1456/2889
f 3616/1458/2890 3627/2570/2900 3615/1456/2889
f 3617/1460/2891 3628/2571/2901 3616/1458/2890
f 3618/2557/2892 3629/2567/2902 3617/2558/2891
f 3619/2556/2893 3630/2566/2903 3618/2557/2892
f 3620/2460/2904 3631/2565/2905 3619/2556/2893
f 3622/2565/2894 3633/2466/2906 3621/2464/2907
f 3623/2566/2896 3634/2572/2908 3622/2565/2894
f 3624/2567/2897 3635/2573/2909 3623/2566/2896
f 3625/2568/2898 3636/1475/2910 3624/2574/2897
f 3626/2569/2899 3637/1452/2911 3625/2568/2898
f 3639/1456/2912 3626/2569/2899 3627/2570/2900
f 3640/1458/2913 3627/2570/2900 3628/2571/2901
f 3641/1460/2914 3628/2571/2901 3629/2575/2902
f 3642/2573/2915 3629/2567/2902 3630/2566/2903
f 3643/2572/2916 3630/2566/2903 3631/2565/2905
f 3644/2466/2917 3631/2565/2905 3632/2464/2918
f 3634/2572/2908 3645/2465/1595 3633/2466/2906
f 3635/2573/2909 3646/2576/1596 3634/2572/2908
f 3636/2577/2910 3647/2578/1641 3635/2573/2909
f 3637/2579/2911 3648/2580/1600 3636/2581/2910
f 3638/2582/2919 3649/2583/2920 3637/2579/2911
f 3651/2584/1606 3638/2582/2919 3639/2585/2912
f 3652/2586/1608 3639/2585/2912 3640/2587/2913
f 3653/2588/1610 3640/2587/2913 3641/2589/2914
f 3654/2578/1612 3641/2577/2914 3642/2573/2915
f 3655/2576/1614 3642/2573/2915 3643/2572/2916
f 3656/2465/1616 3643/2572/2916 3644/2466/2917
f 3658/2590/1594 3645/2465/1595 3646/2576/1596
f 3659/2591/2921 3646/2576/1596 3647/2578/1641
f 3660/2592/1599 3647/2578/1641 3648/2593/1600
f 3661/1454/2870 3648/1475/1600 3649/1452/2920
f 3662/1455/2922 3649/1452/2920 3650/1477/2923
f 3663/1457/2924 3650/1477/2923 3651/1456/1606
f 3652/1458/1608 3663/1457/2924 3651/1456/1606
f 3665/1461/1609 3652/1458/1608 3653/1460/1610
f 3666/2591/1611 3653/2593/1610 3654/2578/1612
f 3667/2590/1613 3654/2578/1612 3655/2576/1614
f 3656/2465/1616 3667/2590/1613 3655/2576/1614
f 3490/2475/1628 3657/2469/1618 3658/2590/1594
f 3491/2477/1619 3658/2590/1594 3659/2591/2921
f 3492/2490/2804 3659/2594/2921 3660/2580/1599
f 3661/2583/2870 3492/2490/2804 3660/2580/1599
f 3494/2493/1632 3661/2583/2870 3662/2595/2922
f 3495/2495/2809 3662/2595/2922 3663/2584/2924
f 3496/2496/2810 3663/2584/2924 3664/2586/2872
f 3497/2497/1624 3664/2586/2872 3665/2588/1609
f 3498/2596/1625 3665/2588/1609 3666/2597/1611
f 3667/2590/1613 3498/2477/1625 3666/2591/1611
f 3500/2473/1626 3667/2590/1613 3668/2469/1615
f 3677/2598/1 3669/2599/1 3678/2600/1
f 3669/2599/1 3679/2601/1 3678/2600/1
f 3669/2599/1 3680/2602/1 3679/2601/1
f 3677/2598/1 3670/2603/1 3669/2599/1
f 3677/2598/1 3673/2604/1 3670/2603/1
f 3673/2604/1 3671/2605/1 3670/2603/1
f 3673/2604/1 3672/2606/1 3671/2605/1
f 3677/2598/1 3674/2607/1 3673/2604/1
f 3677/2598/1 3675/2608/1 3674/2607/1
f 3677/2598/1 3676/2609/1 3675/2608/1
f 3681/2599/2 3689/2598/2 3690/2600/2
f 3691/2601/2 3681/2599/2 3690/2600/2
f 3692/2602/2 3681/2599/2 3691/2601/2
f 3682/2603/2 3689/2598/2 3681/2599/2
f 3685/2604/2 3689/2598/2 3682/2603/2
f 3683/2605/2 3685/2604/2 3682/2603/2
f 3684/2606/2 3685/2604/2 3683/2605/2
f 3686/2607/2 3689/2598/2 3685/2604/2
f 3687/2608/2 3689/2598/2 3686/2607/2
f 3688/2609/2 3689/2598/2 3687/2608/2
f 3706/2610/1646 3693/2599/1618 3694/2611/2925
f 3707/2612/1647 3694/2611/2925 3695/2613/2926
f 3696/2614/2927 3707/2612/1647 3695/2613/2926
f 3709/2615/1650 3696/2616/2927 3697/2617/2928
f 3698/2618/2929 3709/2615/1650 3697/2617/2928
f 3711/2619/2930 3698/2618/2929 3699/2620/2931
f 3712/2621/1653 3699/2620/2931 3700/2622/2932
f 3701/2623/2933 3712/2621/1653 3700/2622/2932
f 3714/2612/1655 3701/2614/2933 3702/2613/2934
f 3715/2610/1656 3702/2613/2934 3703/2611/2935
f 3716/2603/1616 3703/2611/2935 3704/2599/1615
f 3706/2610/1646 3717/2605/1595 3705/2603/1595
f 3707/2612/1647 3718/2624/1596 3706/2610/1646
f 3708/2625/1648 3719/2626/1641 3707/2612/1647
f 3709/2627/1650 3720/2628/2936 3708/2629/1648
f 3710/2630/2937 3721/2631/1602 3709/2627/1650
f 3723/2632/1606 3710/2630/2937 3711/2633/2930
f 3724/2634/1608 3711/2633/2930 3712/2635/1653
f 3725/2636/1610 3712/2635/1653 3713/2637/1654
f 3726/2626/1612 3713/2625/1654 3714/2612/1655
f 3727/2624/1614 3714/2612/1655 3715/2610/1656
f 3728/2605/1616 3715/2610/1656 3716/2603/1616
f 3730/2638/1594 3717/2605/1595 3718/2624/1596
f 3731/2639/1597 3718/2624/1596 3719/2626/1641
f 3720/2640/2936 3731/2639/1597 3719/2626/1641
f 3733/2641/1601 3720/2642/2936 3721/2615/1602
f 3734/2643/2938 3721/2615/1602 3722/2644/1642
f 3735/2645/2924 3722/2644/1642 3723/2619/1606
f 3736/2646/2872 3723/2619/1606 3724/2621/1608
f 3725/2647/1610 3736/2646/2872 3724/2621/1608
f 3738/2639/1611 3725/2640/1610 3726/2626/1612
f 3739/2638/1613 3726/2626/1612 3727/2624/1614
f 3740/2606/1615 3727/2624/1614 3728/2605/1616
f 3742/2648/2939 3729/2606/1618 3730/2638/1594
f 3743/2649/2926 3730/2638/1594 3731/2639/1597
f 3744/2650/2927 3731/2639/1597 3732/2651/2868
f 3745/2627/2928 3732/2628/2868 3733/2631/1601
f 3746/2630/2940 3733/2631/1601 3734/2652/2938
f 3747/2633/2941 3734/2652/2938 3735/2632/2924
f 3736/2634/2872 3747/2633/2941 3735/2632/2924
f 3737/2636/2873 3748/2635/2932 3736/2634/2872
f 3738/2639/1611 3749/2650/2933 3737/2651/2873
f 3739/2638/1613 3750/2649/2934 3738/2639/1611
f 3740/2606/1615 3751/2648/2935 3739/2638/1613
f 3754/2653/1646 3741/2604/1618 3742/2648/2939
f 3743/2649/2926 3754/2653/1646 3742/2648/2939
f 3756/2654/1648 3743/2649/2926 3744/2650/2927
f 3745/2641/2928 3756/2655/1648 3744/2656/2927
f 3746/2643/2940 3757/2657/2942 3745/2641/2928
f 3759/2658/2943 3746/2643/2940 3747/2645/2941
f 3748/2646/2932 3759/2658/2943 3747/2645/2941
f 3761/2659/1654 3748/2646/2932 3749/2660/2933
f 3762/2661/1655 3749/2650/2933 3750/2649/2934
f 3763/2653/1656 3750/2649/2934 3751/2648/2935
f 3764/2607/1616 3751/2648/2935 3752/2604/1615
f 3754/2653/1646 3765/2608/1595 3753/2607/1595
f 3755/2661/1647 3766/2662/1596 3754/2653/1646
f 3756/2654/1648 3767/2663/1641 3755/2661/1647
f 3757/2627/2942 3768/2664/1600 3756/2629/1648
f 3758/2630/2944 3769/2665/1602 3757/2627/2942
f 3771/2666/2945 3758/2630/2944 3759/2633/2943
f 3772/2667/1644 3759/2633/2943 3760/2635/1653
f 3773/2668/1645 3760/2635/1653 3761/2637/1654
f 3774/2663/1612 3761/2654/1654 3762/2661/1655
f 3775/2662/1614 3762/2661/1655 3763/2653/1656
f 3776/2608/1616 3763/2653/1656 3764/2607/1616
f 3778/2669/1594 3765/2608/1595 3766/2662/1596
f 3767/2663/1641 3778/2669/1594 3766/2662/1596
f 3780/2670/2946 3767/2663/1641 3768/2671/1600
f 3781/20/2870 3768/2672/1600 3769/2673/1602
f 3782/22/1603 3769/2673/1602 3770/2674/1604
f 3783/24/2871 3770/2674/1604 3771/2675/2945
f 3772/2676/1644 3783/24/2871 3771/2675/2945
f 3785/26/1609 3772/2676/1644 3773/2677/1645
f 3786/2678/1611 3773/2671/1645 3774/2663/1612
f 3787/2669/1613 3774/2663/1612 3775/2662/1614
f 3776/2608/1616 3787/2669/1613 3775/2662/1614
f 3790/2679/1628 3777/2609/1618 3778/2669/1594
f 3791/2680/1619 3778/2669/1594 3779/2678/1597
f 3792/2681/1620 3779/2678/1597 3780/2670/2946
f 3793/2682/2806 3780/2683/2946 3781/2684/2870
f 3794/2685/1632 3781/2684/2870 3782/2686/1603
f 3795/2687/2876 3782/2686/1603 3783/2688/2871
f 3796/2689/1623 3783/2688/2871 3784/2690/1607
f 3797/2691/1624 3784/2690/1607 3785/2692/1609
f 3798/2680/1625 3785/2670/1609 3786/2678/1611
f 3799/2679/1638 3786/2678/1611 3787/2669/1613
f 3800/2598/1626 3787/2669/1613 3788/2609/1615
f 3802/2693/1627 3789/2598/1617 3790/2679/1628
f 3803/2694/1629 3790/2679/1628 3791/2680/1619
f 3804/2695/1630 3791/2680/1619 3792/2681/1620
f 3805/333/1631 3792/19/1620 3793/20/2806
f 3794/22/1632 3805/333/1631 3793/20/2806
f 3807/335/2947 3794/22/1632 3795/24/2876
f 3808/336/1634 3795/24/2876 3796/25/1623
f 3809/337/2948 3796/25/1623 3797/26/1624
f 3810/2694/1636 3797/2681/1624 3798/2680/1625
f 3811/2693/1637 3798/2680/1625 3799/2679/1638
f 3812/2600/1639 3799/2679/1638 3800/2598/1626
f 3802/2693/1627 3813/2601/1595 3801/2600/1640
f 3815/2696/1641 3802/2693/1627 3803/2694/1629
f 3816/2697/1600 3803/2694/1629 3804/2695/1630
f 3817/2698/1602 3804/2699/1630 3805/2682/1631
f 3818/2700/1642 3805/2682/1631 3806/2685/2888
f 3819/2701/2945 3806/2685/2888 3807/2687/2947
f 3820/2702/1608 3807/2687/2947 3808/2689/1634
f 3821/2703/1645 3808/2689/1634 3809/2691/2948
f 3822/2696/2949 3809/2695/2948 3810/2694/1636
f 3823/2704/1614 3810/2694/1636 3811/2693/1637
f 3824/2601/1616 3811/2693/1637 3812/2600/1639
f 3826/2705/1594 3813/2601/1595 3814/2704/1596
f 3827/2706/2950 3814/2704/1596 3815/2696/1641
f 3816/2697/1600 3827/2706/2950 3815/2696/1641
f 3829/2707/1601 3816/331/1600 3817/333/1602
f 3830/2708/1603 3817/333/1602 3818/334/1642
f 3831/2709/2924 3818/334/1642 3819/335/2945
f 3832/2710/1607 3819/335/2945 3820/336/1608
f 3833/2711/1609 3820/336/1608 3821/337/1645
f 3834/2706/1611 3821/2697/1645 3822/2696/2949
f 3835/2705/1613 3822/2696/2949 3823/2704/1614
f 3836/2602/1615 3823/2704/1614 3824/2601/1616
f 3694/2611/2925 3825/2602/1618 3826/2705/1594
f 3695/2613/2926 3826/2705/1594 3827/2706/2950
f 3696/2614/2927 3827/2706/2950 3828/2712/1599
f 3697/2627/2928 3828/2713/1599 3829/2714/1601
f 3698/2630/2929 3829/2714/1601 3830/2715/1603
f 3699/2633/2931 3830/2715/1603 3831/2716/2924
f 3832/2717/1607 3699/2633/2931 3831/2716/2924
f 3833/2718/1609 3700/2635/2932 3832/2717/1607
f 3834/2706/1611 3701/2614/2933 3833/2712/1609
f 3835/2705/1613 3702/2613/2934 3834/2706/1611
f 3836/2602/1615 3703/2611/2935 3835/2705/1613
f 2056/1413/1594 2055/1412/1618 2043/1411/1595
f 2057/1415/1597 2056/1413/1594 2044/1414/1596
f 2058/1417/1599 2057/2719/1597 2045/1418/1598
f 2059/1420/1601 2058/1417/1599 2046/1419/1600
f 2060/1422/1603 2059/1420/1601 2047/1421/1602
f 2061/1424/1605 2060/1422/1603 2048/1423/1604
f 2062/1426/1607 2061/1424/1605 2049/1425/1606
f 2063/1428/1609 2062/1426/1607 2050/1427/1608
f 2064/1430/1611 2063/1428/1609 2051/1429/1610
f 2065/1413/1613 2064/1415/1611 2052/1416/1612
f 2066/1412/1615 2065/1413/1613 2053/1414/1614
f 2056/1413/1594 2068/1448/1628 2067/1407/1617
f 2069/1432/1619 2068/1448/1628 2056/1413/1594
f 2070/1433/1620 2069/2720/1619 2057/1434/1597
f 2071/1436/1621 2070/1433/1620 2058/1435/1599
f 2060/1438/1603 2072/1466/1632 2071/1436/1621
f 2073/1439/1622 2072/1466/1632 2060/1438/1603
f 2074/1441/1623 2073/1439/1622 2061/1440/1605
f 2075/1443/1624 2074/1441/1623 2062/1442/1607
f 2076/1445/1625 2075/1443/1624 2063/1444/1609
f 2065/1413/1613 2077/1448/1638 2076/1432/1625
f 2078/1407/1626 2077/1448/1638 2065/1413/1613
f 2080/1447/1627 2079/1409/1640 2067/1407/1617
f 2081/1449/1629 2080/1447/1627 2068/1448/1628
f 2082/1450/1630 2081/1449/1629 2069/1432/1619
f 2083/1452/1631 2082/1475/1630 2070/1453/1620
f 2072/1455/1632 2084/1477/1643 2083/1452/1631
f 2085/1456/1633 2084/1477/1643 2072/1455/1632
f 2086/1458/1634 2085/1456/1633 2073/1457/1622
f 2087/1460/1635 2086/1458/1634 2074/1459/1623
f 2088/1449/1636 2087/1450/1635 2075/1451/1624
f 2089/1447/1637 2088/1449/1636 2076/1432/1625
f 2090/1409/1639 2089/1447/1637 2077/1448/1638
f 2092/1462/1596 2091/1408/1595 2079/1409/1640
f 2093/1463/1641 2092/1462/1596 2080/1447/1627
f 2082/1450/1630 2094/1473/1649 2093/1463/1641
f 2095/1464/1602 2094/1480/1649 2082/1433/1630
f 2096/1465/1642 2095/1464/1602 2083/1436/1631
f 2097/1467/1606 2096/1465/1642 2084/1466/1643
f 2098/1468/1644 2097/1467/1606 2085/1439/1633
f 2099/1469/1645 2098/1468/1644 2086/1441/1634
f 2100/1463/1612 2099/1473/1645 2087/1450/1635
f 2101/1462/1614 2100/1463/1612 2088/1449/1636
f 2102/1408/1616 2101/1462/1614 2089/1447/1637
f 2104/1470/1646 2103/1410/1595 2091/1408/1595
f 2105/1471/1647 2104/1470/1646 2092/1462/1596
f 2106/1472/1648 2105/1471/1647 2093/1463/1641
f 2107/1474/1650 2106/2721/1648 2094/1475/1649
f 2108/1476/1651 2107/1474/1650 2095/1452/1602
f 2109/1478/1652 2108/1476/1651 2096/1477/1642
f 2098/1458/1644 2110/1479/1653 2109/1478/1652
f 2099/1460/1645 2111/2722/1654 2110/1479/1653
f 2100/1463/1612 2112/1471/1655 2111/1472/1654
f 2101/1462/1614 2113/1470/1656 2112/1471/1655
f 2102/1408/1616 2114/1410/1616 2113/1470/1656
f 2104/1470/1646 2044/1414/1596 2043/1411/1595
f 2105/1471/1647 2045/1416/1598 2044/1414/1596
f 2106/1480/1648 2046/1435/1600 2045/1434/1598
f 2107/1464/1650 2047/1437/1602 2046/1435/1600
f 2108/1465/1651 2048/1438/1604 2047/1437/1602
f 2049/1440/1606 2048/1438/1604 2108/1465/1651
f 2050/1442/1608 2049/1440/1606 2109/1467/1652
f 2051/1444/1610 2050/1442/1608 2110/1468/1653
f 2052/1446/1612 2051/1444/1610 2111/1469/1654
f 2053/1414/1614 2052/1416/1612 2112/1471/1655
f 2054/1411/1616 2053/1414/1614 2113/1470/1656
f 2308/1579/1657 2320/1581/1661 2319/1486/1658
f 2309/1580/1660 2321/1583/1663 2320/1581/1661
f 2310/1582/1662 2322/1596/1665 2321/1583/1663
f 2311/1584/1664 2323/1588/1667 2322/1585/1665
f 2312/1587/1666 2324/1599/1684 2323/1588/1667
f 2325/1589/1668 2324/1599/1684 2312/1587/1666
f 2326/1591/1670 2325/1589/1668 2313/1590/1669
f 2327/1593/1672 2326/1591/1670 2314/1592/1671
f 2328/1583/1674 2327/1596/1672 2315/1582/1673
f 2329/1581/1676 2328/1583/1674 2316/1580/1675
f 2330/1486/1678 2329/1581/1676 2317/1579/1677
f 2320/1581/1661 2332/1595/1681 2331/1488/1680
f 2321/1583/1663 2333/1597/1682 2332/1595/1681
f 2322/1596/1665 2334/1605/1683 2333/1597/1682
f 2323/1588/1667 2335/1600/1685 2334/1598/1683
f 2324/1599/1684 2336/1608/1696 2335/1600/1685
f 2337/1601/1686 2336/1608/1696 2324/1599/1684
f 2338/1602/1687 2337/1601/1686 2325/1589/1668
f 2339/1603/1688 2338/1602/1687 2326/1591/1670
f 2340/1597/1689 2339/1605/1688 2327/1596/1672
f 2341/1595/1690 2340/1597/1689 2328/1583/1674
f 2342/1488/1691 2341/1595/1690 2329/1581/1676
f 2332/1595/1681 2344/1604/1693 2343/1490/1692
f 2333/1597/1682 2345/1606/1694 2344/1604/1693
f 2334/1605/1683 2346/1614/1695 2345/1606/1694
f 2335/1600/1685 2347/1609/1697 2346/1607/1695
f 2336/1608/1696 2348/1617/1708 2347/1609/1697
f 2349/1610/1698 2348/1617/1708 2336/1608/1696
f 2350/1611/1699 2349/1610/1698 2337/1601/1686
f 2351/1612/1700 2350/1611/1699 2338/1602/1687
f 2352/1606/1701 2351/1614/1700 2339/1605/1688
f 2353/1604/1702 2352/1606/1701 2340/1597/1689
f 2354/1490/1703 2353/1604/1702 2341/1595/1690
f 2344/1604/1693 2356/1613/1705 2355/1492/1704
f 2345/1606/1694 2357/1615/1706 2356/1613/1705
f 2346/1614/1695 2358/1625/1707 2357/1615/1706
f 2347/1609/1697 2359/1618/1709 2358/1616/1707
f 2348/1617/1708 2360/1628/1721 2359/1618/1709
f 2361/1619/1710 2360/1628/1721 2348/1617/1708
f 2362/1620/1711 2361/1619/1710 2349/1610/1698
f 2363/1621/1712 2362/1620/1711 2350/1611/1699
f 2364/1615/1713 2363/1625/1712 2351/1614/1700
f 2365/1613/1714 2364/1615/1713 2352/1606/1701
f 2366/1492/1715 2365/1613/1714 2353/1604/1702
f 2368/1622/1716 2367/1494/1728 2355/1492/1704
f 2369/1623/1717 2368/1622/1716 2356/1613/1705
f 2370/1624/1718 2369/1623/1717 2357/1615/1706
f 2371/1626/1719 2370/2723/1718 2358/1616/1707
f 2372/1627/1720 2371/1626/1719 2359/1618/1709
f 2373/1629/1722 2372/1627/1720 2360/1628/1721
f 2362/1620/1711 2374/1630/1723 2373/1629/1722
f 2363/1621/1712 2375/2724/1724 2374/1630/1723
f 2364/1615/1713 2376/1623/1725 2375/1624/1724
f 2365/1613/1714 2377/1622/1726 2376/1623/1725
f 2366/1492/1715 2378/1494/1737 2377/1622/1726
f 2380/1631/1727 2379/1503/1740 2367/1494/1728
f 2381/1632/1729 2380/1631/1727 2368/1622/1716
f 2382/1633/1730 2381/1632/1729 2369/1623/1717
f 2383/1634/1731 2382/1648/1730 2370/1635/1718
f 2384/1637/1732 2383/1634/1731 2371/1636/1719
f 2385/1639/1733 2384/1637/1732 2372/1638/1720
f 2374/1641/1723 2386/1643/1734 2385/1639/1733
f 2375/1642/1724 2387/1651/1735 2386/1643/1734
f 2376/1623/1725 2388/1632/1736 2387/1633/1735
f 2377/1622/1726 2389/1631/1738 2388/1632/1736
f 2378/1494/1737 2390/1503/1749 2389/1631/1738
f 2392/1644/1739 2391/1509/1752 2379/1503/1740
f 2393/1645/1741 2392/1644/1739 2380/1631/1727
f 2394/1646/1742 2393/1645/1741 2381/1632/1729
f 2395/1647/1743 2394/1657/1742 2382/1648/1730
f 2396/1649/1744 2395/1647/1743 2383/1634/1731
f 2397/1650/1745 2396/1649/1744 2384/1637/1732
f 2386/1643/1734 2398/1652/1746 2397/1650/1745
f 2387/1651/1735 2399/1660/1747 2398/1652/1746
f 2388/1632/1736 2400/1645/1748 2399/1646/1747
f 2389/1631/1738 2401/1644/1750 2400/1645/1748
f 2390/1503/1749 2402/1509/1761 2401/1644/1750
f 2404/1653/1751 2403/1515/1764 2391/1509/1752
f 2405/1654/1753 2404/1653/1751 2392/1644/1739
f 2406/1655/1754 2405/1654/1753 2393/1645/1741
f 2407/1656/1755 2406/1666/1754 2394/1657/1742
f 2408/1658/1756 2407/1656/1755 2395/1647/1743
f 2409/1659/1757 2408/1658/1756 2396/1649/1744
f 2398/1652/1746 2410/1661/1758 2409/1659/1757
f 2399/1660/1747 2411/1669/1759 2410/1661/1758
f 2400/1645/1748 2412/1654/1760 2411/1655/1759
f 2401/1644/1750 2413/1653/1762 2412/1654/1760
f 2402/1509/1761 2414/1515/1773 2413/1653/1762
f 2416/1662/1763 2415/1519/1776 2403/1515/1764
f 2417/1663/1765 2416/1662/1763 2404/1653/1751
f 2418/1664/1766 2417/1663/1765 2405/1654/1753
f 2419/1665/1767 2418/1675/1766 2406/1666/1754
f 2420/1667/1768 2419/1665/1767 2407/1656/1755
f 2421/1668/1769 2420/1667/1768 2408/1658/1756
f 2410/1661/1758 2422/1670/1770 2421/1668/1769
f 2411/1669/1759 2423/1678/1771 2422/1670/1770
f 2412/1654/1760 2424/1663/1772 2423/1664/1771
f 2413/1653/1762 2425/1662/1774 2424/1663/1772
f 2414/1515/1773 2426/1519/1785 2425/1662/1774
f 2428/1671/1775 2427/1525/1788 2415/1519/1776
f 2429/1672/1777 2428/1671/1775 2416/1662/1763
f 2430/1673/1778 2429/1672/1777 2417/1663/1765
f 2431/1674/1779 2430/1684/1778 2418/1675/1766
f 2432/1676/1780 2431/1674/1779 2419/1665/1767
f 2433/1677/1781 2432/1676/1780 2420/1667/1768
f 2422/1670/1770 2434/1679/1782 2433/1677/1781
f 2423/1678/1771 2435/1687/1783 2434/1679/1782
f 2424/1663/1772 2436/1672/1784 2435/1673/1783
f 2425/1662/1774 2437/1671/1786 2436/1672/1784
f 2426/1519/1785 2438/1525/1797 2437/1671/1786
f 2440/1680/1787 2439/1529/1800 2427/1525/1788
f 2441/1681/1789 2440/1680/1787 2428/1671/1775
f 2442/1682/1790 2441/1681/1789 2429/1672/1777
f 2443/1683/1791 2442/1692/1790 2430/1684/1778
f 2444/1685/1792 2443/1683/1791 2431/1674/1779
f 2445/1686/1793 2444/1685/1792 2432/1676/1780
f 2434/1679/1782 2446/1688/1794 2445/1686/1793
f 2435/1687/1783 2447/1697/1795 2446/1688/1794
f 2436/1672/1784 2448/1681/1796 2447/1682/1795
f 2437/1671/1786 2449/1680/1798 2448/1681/1796
f 2438/1525/1797 2450/1529/1811 2449/1680/1798
f 2440/1680/1787 2452/1689/1801 2451/1536/1799
f 2441/1681/1789 2453/1690/1802 2452/1689/1801
f 2442/1682/1790 2454/1699/1803 2453/1690/1802
f 2443/1683/1791 2455/1693/1804 2454/1691/1803
f 2444/1685/1792 2456/1702/1816 2455/1693/1804
f 2457/1694/1805 2456/1702/1816 2444/1685/1792
f 2458/1695/1806 2457/1694/1805 2445/1686/1793
f 2459/1696/1807 2458/1695/1806 2446/1688/1794
f 2460/1690/1808 2459/1699/1807 2447/1682/1795
f 2461/1689/1809 2460/1690/1808 2448/1681/1796
f 2462/1536/1810 2461/1689/1809 2449/1680/1798
f 2452/1689/1801 2464/1698/1813 2463/1539/1812
f 2453/1690/1802 2465/1700/1814 2464/1698/1813
f 2454/1699/1803 2466/1708/1815 2465/1700/1814
f 2455/1693/1804 2467/1703/1817 2466/1701/1815
f 2456/1702/1816 2468/1711/1828 2467/1703/1817
f 2469/1704/1818 2468/1711/1828 2456/1702/1816
f 2470/1705/1819 2469/1704/1818 2457/1694/1805
f 2471/1706/1820 2470/1705/1819 2458/1695/1806
f 2472/1700/1821 2471/1708/1820 2459/1699/1807
f 2473/1698/1822 2472/1700/1821 2460/1690/1808
f 2474/1539/1823 2473/1698/1822 2461/1689/1809
f 2464/1698/1813 2476/1707/1825 2475/1543/1824
f 2465/1700/1814 2477/1709/1826 2476/1707/1825
f 2466/1708/1815 2478/1717/1827 2477/1709/1826
f 2467/1703/1817 2479/1712/1829 2478/1710/1827
f 2468/1711/1828 2480/1720/1840 2479/1712/1829
f 2481/1713/1830 2480/1720/1840 2468/1711/1828
f 2482/1714/1831 2481/1713/1830 2469/1704/1818
f 2483/1715/1832 2482/1714/1831 2470/1705/1819
f 2484/1709/1833 2483/1717/1832 2471/1708/1820
f 2485/1707/1834 2484/1709/1833 2472/1700/1821
f 2486/1543/1835 2485/1707/1834 2473/1698/1822
f 2476/1707/1825 2488/1716/1837 2487/1547/1836
f 2477/1709/1826 2489/1718/1838 2488/1716/1837
f 2478/1717/1827 2490/1726/1839 2489/1718/1838
f 2479/1712/1829 2491/1721/1841 2490/1719/1839
f 2480/1720/1840 2492/1729/1852 2491/1721/1841
f 2493/1722/1842 2492/1729/1852 2480/1720/1840
f 2494/1723/1843 2493/1722/1842 2481/1713/1830
f 2495/1724/1844 2494/1723/1843 2482/1714/1831
f 2496/1718/1845 2495/1726/1844 2483/1717/1832
f 2497/1716/1846 2496/1718/1845 2484/1709/1833
f 2498/1547/1847 2497/1716/1846 2485/1707/1834
f 2488/1716/1837 2500/1725/1849 2499/1553/1848
f 2489/1718/1838 2501/1727/1850 2500/1725/1849
f 2490/1726/1839 2502/1735/1851 2501/1727/1850
f 2491/1721/1841 2503/1730/1853 2502/1728/1851
f 2492/1729/1852 2504/1738/1864 2503/1730/1853
f 2505/1731/1854 2504/1738/1864 2492/1729/1852
f 2506/1732/1855 2505/1731/1854 2493/1722/1842
f 2507/1733/1856 2506/1732/1855 2494/1723/1843
f 2508/1727/1857 2507/1735/1856 2495/1726/1844
f 2509/1725/1858 2508/1727/1857 2496/1718/1845
f 2510/1553/1859 2509/1725/1858 2497/1716/1846
f 2500/1725/1849 2512/1734/1861 2511/1559/1860
f 2501/1727/1850 2513/1736/1862 2512/1734/1861
f 2502/1735/1851 2514/1744/1863 2513/1736/1862
f 2503/1730/1853 2515/1739/1865 2514/1737/1863
f 2504/1738/1864 2516/2725/1876 2515/1739/1865
f 2517/1740/1866 2516/2725/1876 2504/1738/1864
f 2518/1741/1867 2517/1740/1866 2505/1731/1854
f 2519/1742/1868 2518/1741/1867 2506/1732/1855
f 2520/1736/1869 2519/1744/1868 2507/1735/1856
f 2521/1734/1870 2520/1736/1869 2508/1727/1857
f 2522/1559/1871 2521/1734/1870 2509/1725/1858
f 2512/1734/1861 2524/1743/1873 2523/1565/1872
f 2513/1736/1862 2525/1745/1874 2524/1743/1873
f 2514/1744/1863 2526/1760/1875 2525/1745/1874
f 2515/1746/1865 2527/1750/1877 2526/1747/1875
f 2516/1749/1876 2528/1763/1889 2527/1750/1877
f 2529/1751/1878 2528/1763/1889 2516/1749/1876
f 2530/1753/1879 2529/1751/1878 2517/1752/1866
f 2531/1755/1880 2530/1753/1879 2518/1754/1867
f 2532/1745/1881 2531/1760/1880 2519/1744/1868
f 2533/1743/1882 2532/1745/1881 2520/1736/1869
f 2534/1565/1883 2533/1743/1882 2521/1734/1870
f 2536/1757/1884 2535/1570/1896 2523/1565/1872
f 2537/1758/1885 2536/1757/1884 2524/1743/1873
f 2538/1759/1886 2537/1758/1885 2525/1745/1874
f 2539/1761/1887 2538/1770/1886 2526/1747/1875
f 2540/1762/1888 2539/1761/1887 2527/1750/1877
f 2541/1764/1890 2540/1762/1888 2528/1763/1889
f 2530/1753/1879 2542/1765/1891 2541/1764/1890
f 2531/1755/1880 2543/1773/1892 2542/1765/1891
f 2532/1745/1881 2544/1758/1893 2543/1759/1892
f 2533/1743/1882 2545/1757/1894 2544/1758/1893
f 2534/1565/1883 2546/1570/1905 2545/1757/1894
f 2548/1766/1895 2547/1572/1908 2535/1570/1896
f 2549/1767/1897 2548/1766/1895 2536/1757/1884
f 2550/1768/1898 2549/1767/1897 2537/1758/1885
f 2551/1769/1899 2550/1779/1898 2538/1770/1886
f 2552/1771/1900 2551/1769/1899 2539/1761/1887
f 2553/1772/1901 2552/1771/1900 2540/1762/1888
f 2542/1765/1891 2554/1774/1902 2553/1772/1901
f 2543/1773/1892 2555/1782/1903 2554/1774/1902
f 2544/1758/1893 2556/1767/1904 2555/1768/1903
f 2545/1757/1894 2557/1766/1906 2556/1767/1904
f 2546/1570/1905 2558/1572/1917 2557/1766/1906
f 2560/1775/1907 2559/1574/1920 2547/1572/1908
f 2561/1776/1909 2560/1775/1907 2548/1766/1895
f 2562/1777/1910 2561/1776/1909 2549/1767/1897
f 2563/1778/1911 2562/1788/1910 2550/1779/1898
f 2564/1780/1912 2563/1778/1911 2551/1769/1899
f 2565/1781/1913 2564/1780/1912 2552/1771/1900
f 2554/1774/1902 2566/1783/1914 2565/1781/1913
f 2555/1782/1903 2567/1791/1915 2566/1783/1914
f 2556/1767/1904 2568/1776/1916 2567/1777/1915
f 2557/1766/1906 2569/1775/1918 2568/1776/1916
f 2558/1572/1917 2570/1574/1929 2569/1775/1918
f 2572/1784/1919 2571/1576/1932 2559/1574/1920
f 2573/1785/1921 2572/1784/1919 2560/1775/1907
f 2574/1786/1922 2573/1785/1921 2561/1776/1909
f 2575/1787/1923 2574/1797/1922 2562/1788/1910
f 2576/1789/1924 2575/1787/1923 2563/1778/1911
f 2577/1790/1925 2576/1789/1924 2564/1780/1912
f 2566/1783/1914 2578/1792/1926 2577/1790/1925
f 2567/1791/1915 2579/1800/1927 2578/1792/1926
f 2568/1776/1916 2580/1785/1928 2579/1786/1927
f 2569/1775/1918 2581/1784/1930 2580/1785/1928
f 2570/1574/1929 2582/1576/1941 2581/1784/1930
f 2584/1793/1931 2583/1578/1944 2571/1576/1932
f 2585/1794/1933 2584/1793/1931 2572/1784/1919
f 2586/1795/1934 2585/1794/1933 2573/1785/1921
f 2587/1796/1935 2586/1805/1934 2574/1797/1922
f 2588/1798/1936 2587/1796/1935 2575/1787/1923
f 2589/1799/1937 2588/1798/1936 2576/1789/1924
f 2578/1792/1926 2590/1801/1938 2589/1799/1937
f 2579/1800/1927 2591/1810/1939 2590/1801/1938
f 2580/1785/1928 2592/1794/1940 2591/1795/1939
f 2581/1784/1930 2593/1793/1942 2592/1794/1940
f 2582/1576/1941 2594/1578/1955 2593/1793/1942
f 2584/1793/1931 2596/1802/1945 2595/1577/1943
f 2585/1794/1933 2597/1803/1946 2596/1802/1945
f 2586/1795/1934 2598/1812/1947 2597/1803/1946
f 2587/1796/1935 2599/1806/1948 2598/1804/1947
f 2588/1798/1936 2600/1815/1960 2599/1806/1948
f 2601/1807/1949 2600/1815/1960 2588/1798/1936
f 2602/1808/1950 2601/1807/1949 2589/1799/1937
f 2603/1809/1951 2602/1808/1950 2590/1801/1938
f 2604/1803/1952 2603/1812/1951 2591/1795/1939
f 2605/1802/1953 2604/1803/1952 2592/1794/1940
f 2606/1577/1954 2605/1802/1953 2593/1793/1942
f 2596/1802/1945 2608/1811/1957 2607/1575/1956
f 2597/1803/1946 2609/1813/1958 2608/1811/1957
f 2598/1812/1947 2610/1821/1959 2609/1813/1958
f 2599/1806/1948 2611/1816/1961 2610/1814/1959
f 2600/1815/1960 2612/1824/1972 2611/1816/1961
f 2613/1817/1962 2612/1824/1972 2600/1815/1960
f 2614/1818/1963 2613/1817/1962 2601/1807/1949
f 2615/1819/1964 2614/1818/1963 2602/1808/1950
f 2616/1813/1965 2615/1821/1964 2603/1812/1951
f 2617/1811/1966 2616/1813/1965 2604/1803/1952
f 2618/1575/1967 2617/1811/1966 2605/1802/1953
f 2608/1811/1957 2620/1820/1969 2619/1573/1968
f 2609/1813/1958 2621/1822/1970 2620/1820/1969
f 2610/1821/1959 2622/1830/1971 2621/1822/1970
f 2611/1816/1961 2623/1825/1973 2622/1823/1971
f 2612/1824/1972 2624/1833/1984 2623/1825/1973
f 2625/1826/1974 2624/1833/1984 2612/1824/1972
f 2626/1827/1975 2625/1826/1974 2613/1817/1962
f 2627/1828/1976 2626/1827/1975 2614/1818/1963
f 2628/1822/1977 2627/1830/1976 2615/1821/1964
f 2629/1820/1978 2628/1822/1977 2616/1813/1965
f 2630/1573/1979 2629/1820/1978 2617/1811/1966
f 2620/1820/1969 2632/1829/1981 2631/1571/1980
f 2621/1822/1970 2633/1831/1982 2632/1829/1981
f 2622/1830/1971 2634/1841/1983 2633/1831/1982
f 2623/1825/1973 2635/1834/1985 2634/1832/1983
f 2624/1833/1984 2636/1844/1997 2635/1834/1985
f 2637/1835/1986 2636/1844/1997 2624/1833/1984
f 2638/1836/1987 2637/1835/1986 2625/1826/1974
f 2639/1837/1988 2638/1836/1987 2626/1827/1975
f 2640/1831/1989 2639/1841/1988 2627/1830/1976
f 2641/1829/1990 2640/1831/1989 2628/1822/1977
f 2642/1571/1991 2641/1829/1990 2629/1820/1978
f 2644/1838/1992 2643/1566/2004 2631/1571/1980
f 2645/1839/1993 2644/1838/1992 2632/1829/1981
f 2646/1840/1994 2645/1839/1993 2633/1831/1982
f 2647/1842/1995 2646/1851/1994 2634/1832/1983
f 2648/1843/1996 2647/1842/1995 2635/1834/1985
f 2649/1845/1998 2648/1843/1996 2636/1844/1997
f 2638/1836/1987 2650/1846/1999 2649/1845/1998
f 2639/1837/1988 2651/1854/2000 2650/1846/1999
f 2640/1831/1989 2652/1839/2001 2651/1840/2000
f 2641/1829/1990 2653/1838/2002 2652/1839/2001
f 2642/1571/1991 2654/1566/2013 2653/1838/2002
f 2656/1847/2003 2655/1560/2016 2643/1566/2004
f 2657/1848/2005 2656/1847/2003 2644/1838/1992
f 2658/1849/2006 2657/1848/2005 2645/1839/1993
f 2659/1850/2007 2658/2726/2006 2646/1851/1994
f 2660/1852/2008 2659/1850/2007 2647/1842/1995
f 2661/1853/2009 2660/1852/2008 2648/1843/1996
f 2650/1846/1999 2662/1855/2010 2661/1853/2009
f 2651/1854/2000 2663/2727/2011 2662/1855/2010
f 2652/1839/2001 2664/1848/2012 2663/1849/2011
f 2653/1838/2002 2665/1847/2014 2664/1848/2012
f 2654/1566/2013 2666/1560/2025 2665/1847/2014
f 2668/1856/2015 2667/1554/2028 2655/1560/2016
f 2669/1857/2017 2668/1856/2015 2656/1847/2003
f 2670/1858/2018 2669/1857/2017 2657/1848/2005
f 2671/1859/2019 2670/1873/2018 2658/1860/2006
f 2672/1862/2020 2671/1859/2019 2659/1861/2007
f 2673/1864/2021 2672/1862/2020 2660/1863/2008
f 2662/1866/2010 2674/1868/2022 2673/1864/2021
f 2663/1867/2011 2675/1876/2023 2674/1868/2022
f 2664/1848/2012 2676/1857/2024 2675/1858/2023
f 2665/1847/2014 2677/1856/2026 2676/1857/2024
f 2666/1560/2025 2678/1554/2037 2677/1856/2026
f 2680/1869/2027 2679/1548/2040 2667/1554/2028
f 2681/1870/2029 2680/1869/2027 2668/1856/2015
f 2682/1871/2030 2681/1870/2029 2669/1857/2017
f 2683/1872/2031 2682/1882/2030 2670/1873/2018
f 2684/1874/2032 2683/1872/2031 2671/1859/2019
f 2685/1875/2033 2684/1874/2032 2672/1862/2020
f 2674/1868/2022 2686/1877/2034 2685/1875/2033
f 2675/1876/2023 2687/1885/2035 2686/1877/2034
f 2676/1857/2024 2688/1870/2036 2687/1871/2035
f 2677/1856/2026 2689/1869/2038 2688/1870/2036
f 2678/1554/2037 2690/1548/2049 2689/1869/2038
f 2692/1878/2039 2691/1544/2052 2679/1548/2040
f 2693/1879/2041 2692/1878/2039 2680/1869/2027
f 2694/1880/2042 2693/1879/2041 2681/1870/2029
f 2695/1881/2043 2694/1891/2042 2682/1882/2030
f 2696/1883/2044 2695/1881/2043 2683/1872/2031
f 2697/1884/2045 2696/1883/2044 2684/1874/2032
f 2686/1877/2034 2698/1886/2046 2697/1884/2045
f 2687/1885/2035 2699/1894/2047 2698/1886/2046
f 2688/1870/2036 2700/1879/2048 2699/1880/2047
f 2689/1869/2038 2701/1878/2050 2700/1879/2048
f 2690/1548/2049 2702/1544/2061 2701/1878/2050
f 2704/1887/2051 2703/1540/2064 2691/1544/2052
f 2705/1888/2053 2704/1887/2051 2692/1878/2039
f 2706/1889/2054 2705/1888/2053 2693/1879/2041
f 2707/1890/2055 2706/1900/2054 2694/1891/2042
f 2708/1892/2056 2707/1890/2055 2695/1881/2043
f 2709/1893/2057 2708/1892/2056 2696/1883/2044
f 2698/1886/2046 2710/1895/2058 2709/1893/2057
f 2699/1894/2047 2711/1903/2059 2710/1895/2058
f 2700/1879/2048 2712/1888/2060 2711/1889/2059
f 2701/1878/2050 2713/1887/2062 2712/1888/2060
f 2702/1544/2061 2714/1540/2073 2713/1887/2062
f 2716/1896/2063 2715/1533/2076 2703/1540/2064
f 2717/1897/2065 2716/1896/2063 2704/1887/2051
f 2718/1898/2066 2717/1897/2065 2705/1888/2053
f 2719/1899/2067 2718/1909/2066 2706/1900/2054
f 2720/1901/2068 2719/1899/2067 2707/1890/2055
f 2721/1902/2069 2720/1901/2068 2708/1892/2056
f 2710/1895/2058 2722/1904/2070 2721/1902/2069
f 2711/1903/2059 2723/1913/2071 2722/1904/2070
f 2712/1888/2060 2724/1897/2072 2723/1898/2071
f 2713/1887/2062 2725/1896/2074 2724/1897/2072
f 2714/1540/2073 2726/1533/2085 2725/1896/2074
f 2728/1905/2075 2727/1530/2088 2715/1533/2076
f 2729/1906/2077 2728/1905/2075 2716/1896/2063
f 2730/1907/2078 2729/1906/2077 2717/1897/2065
f 2731/1908/2079 2730/1917/2078 2718/1909/2066
f 2732/1910/2080 2731/1908/2079 2719/1899/2067
f 2733/1911/2081 2732/1910/2080 2720/1901/2068
f 2734/1912/2082 2733/1911/2081 2721/1902/2069
f 2723/1913/2071 2735/1922/2083 2734/1912/2082
f 2724/1897/2072 2736/1906/2084 2735/1907/2083
f 2725/1896/2074 2737/1905/2086 2736/1906/2084
f 2726/1533/2085 2738/1530/2099 2737/1905/2086
f 2728/1905/2075 2740/1914/2089 2739/1526/2087
f 2729/1906/2077 2741/1915/2090 2740/1914/2089
f 2730/1907/2078 2742/1924/2091 2741/1915/2090
f 2731/1908/2079 2743/1918/2092 2742/1916/2091
f 2732/1910/2080 2744/1927/2104 2743/1918/2092
f 2745/1919/2093 2744/1927/2104 2732/1910/2080
f 2746/1920/2094 2745/1919/2093 2733/1911/2081
f 2747/1921/2095 2746/1920/2094 2734/1912/2082
f 2748/1915/2096 2747/1924/2095 2735/1907/2083
f 2749/1914/2097 2748/1915/2096 2736/1906/2084
f 2750/1526/2098 2749/1914/2097 2737/1905/2086
f 2740/1914/2089 2752/1923/2101 2751/1520/2100
f 2741/1915/2090 2753/1925/2102 2752/1923/2101
f 2742/1924/2091 2754/1933/2103 2753/1925/2102
f 2743/1918/2092 2755/1928/2105 2754/1926/2103
f 2744/1927/2104 2756/1936/2116 2755/1928/2105
f 2757/1929/2106 2756/1936/2116 2744/1927/2104
f 2758/1930/2107 2757/1929/2106 2745/1919/2093
f 2759/1931/2108 2758/1930/2107 2746/1920/2094
f 2760/1925/2109 2759/1933/2108 2747/1924/2095
f 2761/1923/2110 2760/1925/2109 2748/1915/2096
f 2762/1520/2111 2761/1923/2110 2749/1914/2097
f 2752/1923/2101 2764/1932/2113 2763/1516/2112
f 2753/1925/2102 2765/1934/2114 2764/1932/2113
f 2754/1933/2103 2766/1942/2115 2765/1934/2114
f 2755/1928/2105 2767/1937/2117 2766/1935/2115
f 2756/1936/2116 2768/1945/2128 2767/1937/2117
f 2769/1938/2118 2768/1945/2128 2756/1936/2116
f 2770/1939/2119 2769/1938/2118 2757/1929/2106
f 2771/1940/2120 2770/1939/2119 2758/1930/2107
f 2772/1934/2121 2771/1942/2120 2759/1933/2108
f 2773/1932/2122 2772/1934/2121 2760/1925/2109
f 2774/1516/2123 2773/1932/2122 2761/1923/2110
f 2764/1932/2113 2776/1941/2125 2775/1510/2124
f 2765/1934/2114 2777/1943/2126 2776/1941/2125
f 2766/1942/2115 2778/1951/2127 2777/1943/2126
f 2767/1937/2117 2779/1946/2129 2778/1944/2127
f 2768/1945/2128 2780/1954/2140 2779/1946/2129
f 2781/1947/2130 2780/1954/2140 2768/1945/2128
f 2782/1948/2131 2781/1947/2130 2769/1938/2118
f 2783/1949/2132 2782/1948/2131 2770/1939/2119
f 2784/1943/2133 2783/1951/2132 2771/1942/2120
f 2785/1941/2134 2784/1943/2133 2772/1934/2121
f 2786/1510/2135 2785/1941/2134 2773/1932/2122
f 2776/1941/2125 2788/1950/2137 2787/1504/2136
f 2777/1943/2126 2789/1952/2138 2788/1950/2137
f 2778/1951/2127 2790/1960/2139 2789/1952/2138
f 2779/1946/2129 2791/1955/2141 2790/1953/2139
f 2780/1954/2140 2792/1963/2152 2791/1955/2141
f 2793/1956/2142 2792/1963/2152 2780/1954/2140
f 2794/1957/2143 2793/1956/2142 2781/1947/2130
f 2795/1958/2144 2794/1957/2143 2782/1948/2131
f 2796/1952/2145 2795/1960/2144 2783/1951/2132
f 2797/1950/2146 2796/1952/2145 2784/1943/2133
f 2798/1504/2147 2797/1950/2146 2785/1941/2134
f 2788/1950/2137 2800/1959/2149 2799/1495/2148
f 2789/1952/2138 2801/1961/2150 2800/1959/2149
f 2790/1960/2139 2802/1969/2151 2801/1961/2150
f 2791/1955/2141 2803/1964/2153 2802/1962/2151
f 2792/1963/2152 2804/2728/2164 2803/1964/2153
f 2805/1965/2154 2804/2728/2164 2792/1963/2152
f 2806/1966/2155 2805/1965/2154 2793/1956/2142
f 2807/1967/2156 2806/1966/2155 2794/1957/2143
f 2808/1961/2157 2807/1969/2156 2795/1960/2144
f 2809/1959/2158 2808/1961/2157 2796/1952/2145
f 2810/1495/2159 2809/1959/2158 2797/1950/2146
f 2800/1959/2149 2812/1968/2161 2811/1493/2160
f 2801/1961/2150 2813/1970/2162 2812/1968/2161
f 2802/1969/2151 2814/1985/2163 2813/1970/2162
f 2803/1971/2153 2815/1975/2165 2814/1972/2163
f 2804/1974/2164 2816/1987/2176 2815/1975/2165
f 2817/1976/2166 2816/1987/2176 2804/1974/2164
f 2818/1978/2167 2817/1976/2166 2805/1977/2154
f 2819/1980/2168 2818/1978/2167 2806/1979/2155
f 2820/1970/2169 2819/1985/2168 2807/1969/2156
f 2821/1968/2170 2820/1970/2169 2808/1961/2157
f 2822/1493/2171 2821/1968/2170 2809/1959/2158
f 2824/1982/2172 2823/1491/2183 2811/1493/2160
f 2825/1983/2173 2824/1982/2172 2812/1968/2161
f 2826/1984/2174 2825/1983/2173 2813/1970/2162
f 2827/1986/2175 2826/1994/2174 2814/1972/2163
f 2816/1987/2176 2828/1996/2188 2827/1986/2175
f 2829/1988/2177 2828/1996/2188 2816/1987/2176
f 2818/1978/2167 2830/1989/2178 2829/1988/2177
f 2819/1980/2168 2831/1998/2179 2830/1989/2178
f 2820/1970/2169 2832/1983/2180 2831/1984/2179
f 2821/1968/2170 2833/1982/2181 2832/1983/2180
f 2822/1493/2171 2834/1491/2193 2833/1982/2181
f 2836/1990/2182 2835/1489/2196 2823/1491/2183
f 2837/1991/2184 2836/1990/2182 2824/1982/2172
f 2838/1992/2185 2837/1991/2184 2825/1983/2173
f 2839/1993/2186 2838/2004/2185 2826/1994/2174
f 2840/1995/2187 2839/1993/2186 2827/1986/2175
f 2841/1997/2189 2840/1995/2187 2828/1996/2188
f 2830/1989/2178 2842/1999/2190 2841/1997/2189
f 2831/1998/2179 2843/2007/2191 2842/1999/2190
f 2832/1983/2180 2844/1991/2192 2843/1992/2191
f 2833/1982/2181 2845/1990/2194 2844/1991/2192
f 2834/1491/2193 2846/1489/2205 2845/1990/2194
f 2848/2000/2195 2847/1487/2208 2835/1489/2196
f 2849/2001/2197 2848/2000/2195 2836/1990/2182
f 2850/2002/2198 2849/2001/2197 2837/1991/2184
f 2851/2003/2199 2850/2013/2198 2838/2004/2185
f 2852/2005/2200 2851/2003/2199 2839/1993/2186
f 2853/2006/2201 2852/2005/2200 2840/1995/2187
f 2842/1999/2190 2854/2008/2202 2853/2006/2201
f 2843/2007/2191 2855/2016/2203 2854/2008/2202
f 2844/1991/2192 2856/2001/2204 2855/2002/2203
f 2845/1990/2194 2857/2000/2206 2856/2001/2204
f 2846/1489/2205 2858/1487/2217 2857/2000/2206
f 2860/2009/2207 2859/1483/2220 2847/1487/2208
f 2861/2010/2209 2860/2009/2207 2848/2000/2195
f 2862/2011/2210 2861/2010/2209 2849/2001/2197
f 2863/2012/2211 2862/2022/2210 2850/2013/2198
f 2864/2014/2212 2863/2012/2211 2851/2003/2199
f 2865/2015/2213 2864/2014/2212 2852/2005/2200
f 2854/2008/2202 2866/2017/2214 2865/2015/2213
f 2855/2016/2203 2867/2025/2215 2866/2017/2214
f 2856/2001/2204 2868/2010/2216 2867/2011/2215
f 2857/2000/2206 2869/2009/2218 2868/2010/2216
f 2858/1487/2217 2870/1483/2229 2869/2009/2218
f 2872/2018/2219 2871/1485/2231 2859/1483/2220
f 2873/2019/2221 2872/2018/2219 2860/2009/2207
f 2874/2020/2222 2873/2019/2221 2861/2010/2209
f 2875/2021/2223 2874/2027/2222 2862/2022/2210
f 2876/2023/2224 2875/2021/2223 2863/2012/2211
f 2877/2024/2225 2876/2023/2224 2864/2014/2212
f 2866/2017/2214 2878/2026/2226 2877/2024/2225
f 2867/2025/2215 2879/2028/2227 2878/2026/2226
f 2868/2010/2216 2880/2019/2228 2879/2020/2227
f 2869/2009/2218 2881/2018/2230 2880/2019/2228
f 2870/1483/2229 2882/1485/2232 2881/2018/2230
f 2872/2018/2219 2308/1579/1657 2307/1484/1659
f 2873/2019/2221 2309/1580/1660 2308/1579/1657
f 2874/2020/2222 2310/1582/1662 2309/1580/1660
f 2875/2021/2223 2311/1584/1664 2310/1586/1662
f 2876/2023/2224 2312/1587/1666 2311/1584/1664
f 2313/1590/1669 2312/1587/1666 2876/2023/2224
f 2314/1592/1671 2313/1590/1669 2877/2024/2225
f 2315/1594/1673 2314/1592/1671 2878/2026/2226
f 2316/1580/1675 2315/1582/1673 2879/2020/2227
f 2317/1579/1677 2316/1580/1675 2880/2019/2228
f 2318/1484/1679 2317/1579/1677 2881/2018/2230
f 2896/2029/2233 2895/1563/2256 2883/1567/2234
f 2897/2031/2236 2896/2029/2233 2884/2030/2235
f 2898/2033/2238 2897/2031/2236 2885/2032/2237
f 2899/2035/2240 2898/2049/2238 2886/2036/2239
f 2900/2038/2242 2899/2035/2240 2887/2037/2241
f 2901/2040/2244 2900/2038/2242 2888/2039/2243
f 2890/2042/2246 2902/2044/2248 2901/2040/2244
f 2891/2043/2247 2903/2052/2250 2902/2044/2248
f 2892/2032/2249 2904/2031/2252 2903/2033/2250
f 2893/2030/2251 2905/2029/2254 2904/2031/2252
f 2894/1567/2253 2906/1563/2265 2905/2029/2254
f 2908/2045/2255 2907/1562/2268 2895/1563/2256
f 2909/2046/2257 2908/2045/2255 2896/2029/2233
f 2910/2047/2258 2909/2046/2257 2897/2031/2236
f 2911/2048/2259 2910/2058/2258 2898/2049/2238
f 2912/2050/2260 2911/2048/2259 2899/2035/2240
f 2913/2051/2261 2912/2050/2260 2900/2038/2242
f 2902/2044/2248 2914/2053/2262 2913/2051/2261
f 2903/2052/2250 2915/2061/2263 2914/2053/2262
f 2904/2031/2252 2916/2046/2264 2915/2047/2263
f 2905/2029/2254 2917/2045/2266 2916/2046/2264
f 2906/1563/2265 2918/1562/2277 2917/2045/2266
f 2920/2054/2267 2919/1558/2280 2907/1562/2268
f 2921/2055/2269 2920/2054/2267 2908/2045/2255
f 2922/2056/2270 2921/2055/2269 2909/2046/2257
f 2923/2057/2271 2922/2067/2270 2910/2058/2258
f 2924/2059/2272 2923/2057/2271 2911/2048/2259
f 2925/2060/2273 2924/2059/2272 2912/2050/2260
f 2914/2053/2262 2926/2062/2274 2925/2060/2273
f 2915/2061/2263 2927/2070/2275 2926/2062/2274
f 2916/2046/2264 2928/2055/2276 2927/2056/2275
f 2917/2045/2266 2929/2054/2278 2928/2055/2276
f 2918/1562/2277 2930/1558/2289 2929/2054/2278
f 2932/2063/2279 2931/1556/2292 2919/1558/2280
f 2933/2064/2281 2932/2063/2279 2920/2054/2267
f 2934/2065/2282 2933/2064/2281 2921/2055/2269
f 2935/2066/2283 2934/2076/2282 2922/2067/2270
f 2936/2068/2284 2935/2066/2283 2923/2057/2271
f 2937/2069/2285 2936/2068/2284 2924/2059/2272
f 2926/2062/2274 2938/2071/2286 2937/2069/2285
f 2927/2070/2275 2939/2079/2287 2938/2071/2286
f 2928/2055/2276 2940/2064/2288 2939/2065/2287
f 2929/2054/2278 2941/2063/2290 2940/2064/2288
f 2930/1558/2289 2942/1556/2301 2941/2063/2290
f 2944/2072/2291 2943/1552/2304 2931/1556/2292
f 2945/2073/2293 2944/2072/2291 2932/2063/2279
f 2946/2074/2294 2945/2073/2293 2933/2064/2281
f 2947/2075/2295 2946/2729/2294 2934/2076/2282
f 2948/2077/2296 2947/2075/2295 2935/2066/2283
f 2949/2078/2297 2948/2077/2296 2936/2068/2284
f 2938/2071/2286 2950/2080/2298 2949/2078/2297
f 2939/2079/2287 2951/2730/2299 2950/2080/2298
f 2940/2064/2288 2952/2073/2300 2951/2074/2299
f 2941/2063/2290 2953/2072/2302 2952/2073/2300
f 2942/1556/2301 2954/1552/2313 2953/2072/2302
f 2956/2081/2303 2955/1549/2316 2943/1552/2304
f 2957/2082/2305 2956/2081/2303 2944/2072/2291
f 2958/2083/2306 2957/2082/2305 2945/2073/2293
f 2959/2084/2307 2958/2097/2306 2946/2085/2294
f 2960/2087/2308 2959/2084/2307 2947/2086/2295
f 2961/2089/2309 2960/2087/2308 2948/2088/2296
f 2950/2091/2298 2962/2093/2310 2961/2089/2309
f 2951/2092/2299 2963/2101/2311 2962/2093/2310
f 2952/2073/2300 2964/2082/2312 2963/2083/2311
f 2953/2072/2302 2965/2081/2314 2964/2082/2312
f 2954/1552/2313 2966/1549/2326 2965/2081/2314
f 2956/2081/2303 2968/2094/2317 2967/1546/2315
f 2957/2082/2305 2969/2095/2318 2968/2094/2317
f 2958/2083/2306 2970/2103/2319 2969/2095/2318
f 2959/2084/2307 2971/2105/2330 2970/2096/2319
f 2972/2098/2320 2971/2105/2330 2959/2084/2307
f 2973/2099/2321 2972/2098/2320 2960/2087/2308
f 2962/2093/2310 2974/2110/2335 2973/2099/2321
f 2975/2100/2322 2974/2110/2335 2962/2093/2310
f 2976/2095/2323 2975/2103/2322 2963/2083/2311
f 2977/2094/2324 2976/2095/2323 2964/2082/2312
f 2978/1546/2325 2977/2094/2324 2965/2081/2314
f 2968/2094/2317 2980/2102/2328 2979/1542/2327
f 2969/2095/2318 2981/2104/2329 2980/2102/2328
f 2970/2103/2319 2982/2113/2331 2981/2104/2329
f 2971/2105/2330 2983/2107/2332 2982/2106/2331
f 2972/2098/2320 2984/2116/2344 2983/2107/2332
f 2985/2108/2333 2984/2116/2344 2972/2098/2320
f 2986/2109/2334 2985/2108/2333 2973/2099/2321
f 2987/2111/2336 2986/2109/2334 2974/2110/2335
f 2988/2104/2337 2987/2113/2336 2975/2103/2322
f 2989/2102/2338 2988/2104/2337 2976/2095/2323
f 2990/1542/2339 2989/2102/2338 2977/2094/2324
f 2980/2102/2328 2992/2112/2341 2991/1538/2340
f 2981/2104/2329 2993/2114/2342 2992/2112/2341
f 2982/2113/2331 2994/2122/2343 2993/2114/2342
f 2983/2107/2332 2995/2117/2345 2994/2115/2343
f 2984/2116/2344 2996/2125/2355 2995/2117/2345
f 2997/2118/2346 2996/2125/2355 2984/2116/2344
f 2998/2119/2347 2997/2118/2346 2985/2108/2333
f 2999/2120/2348 2998/2119/2347 2986/2109/2334
f 3000/2114/2349 2999/2122/2348 2987/2113/2336
f 3001/2112/2350 3000/2114/2349 2988/2104/2337
f 3002/1538/2351 3001/2112/2350 2989/2102/2338
f 2992/2112/2341 3004/2121/2352 3003/1535/2087
f 2993/2114/2342 3005/2123/2353 3004/2121/2352
f 2994/2122/2343 3006/2131/2354 3005/2123/2353
f 2995/2117/2345 3007/2126/2356 3006/2124/2354
f 2996/2125/2355 3008/2134/2365 3007/2126/2356
f 3009/2127/2357 3008/2134/2365 2996/2125/2355
f 3010/2128/2358 3009/2127/2357 2997/2118/2346
f 3011/2129/2359 3010/2128/2358 2998/2119/2347
f 3012/2123/2360 3011/2131/2359 2999/2122/2348
f 3013/2121/2361 3012/2123/2360 3000/2114/2349
f 3014/1535/2098 3013/2121/2361 3001/2112/2350
f 3004/2121/2352 3016/2130/2362 3015/1531/2088
f 3005/2123/2353 3017/2132/2363 3016/2130/2362
f 3006/2131/2354 3018/2142/2364 3017/2132/2363
f 3007/2126/2356 3019/2135/2366 3018/2133/2364
f 3008/2134/2365 3020/2145/2377 3019/2135/2366
f 3021/2136/2367 3020/2145/2377 3008/2134/2365
f 3022/2137/2368 3021/2136/2367 3009/2127/2357
f 3023/2138/2369 3022/2137/2368 3010/2128/2358
f 3024/2132/2370 3023/2142/2369 3011/2131/2359
f 3025/2130/2371 3024/2132/2370 3012/2123/2360
f 3026/1531/2099 3025/2130/2371 3013/2121/2361
f 3028/2139/2372 3027/1527/2384 3015/1531/2088
f 3029/2140/2373 3028/2139/2372 3016/2130/2362
f 3030/2141/2374 3029/2140/2373 3017/2132/2363
f 3031/2143/2375 3030/2152/2374 3018/2133/2364
f 3032/2144/2376 3031/2143/2375 3019/2135/2366
f 3033/2146/2378 3032/2144/2376 3020/2145/2377
f 3022/2137/2368 3034/2147/2379 3033/2146/2378
f 3023/2138/2369 3035/2155/2380 3034/2147/2379
f 3024/2132/2370 3036/2140/2381 3035/2141/2380
f 3025/2130/2371 3037/2139/2382 3036/2140/2381
f 3026/1531/2099 3038/1527/2393 3037/2139/2382
f 3040/2148/2383 3039/1523/2396 3027/1527/2384
f 3041/2149/2385 3040/2148/2383 3028/2139/2372
f 3042/2150/2386 3041/2149/2385 3029/2140/2373
f 3043/2151/2387 3042/2161/2386 3030/2152/2374
f 3044/2153/2388 3043/2151/2387 3031/2143/2375
f 3045/2154/2389 3044/2153/2388 3032/2144/2376
f 3034/2147/2379 3046/2156/2390 3045/2154/2389
f 3035/2155/2380 3047/2164/2391 3046/2156/2390
f 3036/2140/2381 3048/2149/2392 3047/2150/2391
f 3037/2139/2382 3049/2148/2394 3048/2149/2392
f 3038/1527/2393 3050/1523/2405 3049/2148/2394
f 3052/2157/2395 3051/1521/2408 3039/1523/2396
f 3053/2158/2397 3052/2157/2395 3040/2148/2383
f 3054/2159/2398 3053/2158/2397 3041/2149/2385
f 3055/2160/2399 3054/2170/2398 3042/2161/2386
f 3056/2162/2400 3055/2160/2399 3043/2151/2387
f 3057/2163/2401 3056/2162/2400 3044/2153/2388
f 3046/2156/2390 3058/2165/2402 3057/2163/2401
f 3047/2164/2391 3059/2173/2403 3058/2165/2402
f 3048/2149/2392 3060/2158/2404 3059/2159/2403
f 3049/2148/2394 3061/2157/2406 3060/2158/2404
f 3050/1523/2405 3062/1521/2417 3061/2157/2406
f 3064/2166/2407 3063/1517/2420 3051/1521/2408
f 3065/2167/2409 3064/2166/2407 3052/2157/2395
f 3066/2168/2410 3065/2167/2409 3053/2158/2397
f 3067/2169/2411 3066/2179/2410 3054/2170/2398
f 3068/2171/2412 3067/2169/2411 3055/2160/2399
f 3069/2172/2413 3068/2171/2412 3056/2162/2400
f 3058/2165/2402 3070/2174/2414 3069/2172/2413
f 3059/2173/2403 3071/2182/2415 3070/2174/2414
f 3060/2158/2404 3072/2167/2416 3071/2168/2415
f 3061/2157/2406 3073/2166/2418 3072/2167/2416
f 3062/1521/2417 3074/1517/2429 3073/2166/2418
f 3076/2175/2419 3075/1513/2432 3063/1517/2420
f 3077/2176/2421 3076/2175/2419 3064/2166/2407
f 3078/2177/2422 3077/2176/2421 3065/2167/2409
f 3079/2178/2423 3078/2187/2422 3066/2179/2410
f 3080/2180/2424 3079/2178/2423 3067/2169/2411
f 3081/2181/2425 3080/2180/2424 3068/2171/2412
f 3070/2174/2414 3082/2183/2426 3081/2181/2425
f 3071/2182/2415 3083/2192/2427 3082/2183/2426
f 3072/2167/2416 3084/2176/2428 3083/2177/2427
f 3073/2166/2418 3085/2175/2430 3084/2176/2428
f 3074/1517/2429 3086/1513/2443 3085/2175/2430
f 3076/2175/2419 3088/2184/2433 3087/1511/2431
f 3077/2176/2421 3089/2185/2434 3088/2184/2433
f 3078/2177/2422 3090/2194/2435 3089/2185/2434
f 3079/2178/2423 3091/2188/2436 3090/2186/2435
f 3080/2180/2424 3092/2731/2448 3091/2188/2436
f 3093/2189/2437 3092/2731/2448 3080/2180/2424
f 3094/2190/2438 3093/2189/2437 3081/2181/2425
f 3095/2191/2439 3094/2190/2438 3082/2183/2426
f 3096/2185/2440 3095/2194/2439 3083/2177/2427
f 3097/2184/2441 3096/2185/2440 3084/2176/2428
f 3098/1511/2442 3097/2184/2441 3085/2175/2430
f 3088/2184/2433 3100/2193/2445 3099/1507/2444
f 3089/2185/2434 3101/2195/2446 3100/2193/2445
f 3090/2194/2435 3102/2208/2447 3101/2195/2446
f 3091/2196/2436 3103/2200/2449 3102/2197/2447
f 3092/2199/2448 3104/2211/2460 3103/2200/2449
f 3105/2201/2450 3104/2211/2460 3092/2199/2448
f 3106/2203/2451 3105/2201/2450 3093/2202/2437
f 3107/2205/2452 3106/2203/2451 3094/2204/2438
f 3108/2195/2453 3107/2208/2452 3095/2194/2439
f 3109/2193/2454 3108/2195/2453 3096/2185/2440
f 3110/1507/2455 3109/2193/2454 3097/2184/2441
f 3100/2193/2445 3112/2207/2457 3111/1505/2456
f 3101/2195/2446 3113/2209/2458 3112/2207/2457
f 3102/2208/2447 3114/2217/2459 3113/2209/2458
f 3103/2200/2449 3115/2212/2461 3114/2210/2459
f 3104/2211/2460 3116/2220/2472 3115/2212/2461
f 3117/2213/2462 3116/2220/2472 3104/2211/2460
f 3118/2214/2463 3117/2213/2462 3105/2201/2450
f 3119/2215/2464 3118/2214/2463 3106/2203/2451
f 3120/2209/2465 3119/2217/2464 3107/2208/2452
f 3121/2207/2466 3120/2209/2465 3108/2195/2453
f 3122/1505/2467 3121/2207/2466 3109/2193/2454
f 3112/2207/2457 3124/2216/2469 3123/1501/2468
f 3113/2209/2458 3125/2218/2470 3124/2216/2469
f 3114/2217/2459 3126/2226/2471 3125/2218/2470
f 3115/2212/2461 3127/2221/2473 3126/2219/2471
f 3116/2220/2472 3128/2229/2484 3127/2221/2473
f 3129/2222/2474 3128/2229/2484 3116/2220/2472
f 3130/2223/2475 3129/2222/2474 3117/2213/2462
f 3131/2224/2476 3130/2223/2475 3118/2214/2463
f 3132/2218/2477 3131/2226/2476 3119/2217/2464
f 3133/2216/2478 3132/2218/2477 3120/2209/2465
f 3134/1501/2479 3133/2216/2478 3121/2207/2466
f 3124/2216/2469 3136/2225/2481 3135/1499/2480
f 3125/2218/2470 3137/2227/2482 3136/2225/2481
f 3126/2226/2471 3138/2235/2483 3137/2227/2482
f 3127/2221/2473 3139/2230/2485 3138/2228/2483
f 3128/2229/2484 3140/2238/2496 3139/2230/2485
f 3141/2231/2486 3140/2238/2496 3128/2229/2484
f 3142/2232/2487 3141/2231/2486 3129/2222/2474
f 3143/2233/2488 3142/2232/2487 3130/2223/2475
f 3144/2227/2489 3143/2235/2488 3131/2226/2476
f 3145/2225/2490 3144/2227/2489 3132/2218/2477
f 3146/1499/2491 3145/2225/2490 3133/2216/2478
f 3136/2225/2481 3148/2234/2493 3147/1498/2492
f 3137/2227/2482 3149/2236/2494 3148/2234/2493
f 3138/2235/2483 3150/2244/2495 3149/2236/2494
f 3139/2230/2485 3151/2239/2497 3150/2237/2495
f 3140/2238/2496 3152/2247/2508 3151/2239/2497
f 3153/2240/2498 3152/2247/2508 3140/2238/2496
f 3154/2241/2499 3153/2240/2498 3141/2231/2486
f 3155/2242/2500 3154/2241/2499 3142/2232/2487
f 3156/2236/2501 3155/2244/2500 3143/2235/2488
f 3157/2234/2502 3156/2236/2501 3144/2227/2489
f 3158/1498/2503 3157/2234/2502 3145/2225/2490
f 3148/2234/2493 3160/2243/2505 3159/1496/2504
f 3149/2236/2494 3161/2245/2506 3160/2243/2505
f 3150/2244/2495 3162/2255/2507 3161/2245/2506
f 3151/2239/2497 3163/2248/2509 3162/2246/2507
f 3152/2247/2508 3164/2258/2521 3163/2248/2509
f 3165/2249/2510 3164/2258/2521 3152/2247/2508
f 3166/2250/2511 3165/2249/2510 3153/2240/2498
f 3167/2251/2512 3166/2250/2511 3154/2241/2499
f 3168/2245/2513 3167/2255/2512 3155/2244/2500
f 3169/2243/2514 3168/2245/2513 3156/2236/2501
f 3170/1496/2515 3169/2243/2514 3157/2234/2502
f 3172/2252/2516 3171/1497/1932 3159/1496/2504
f 3173/2253/2517 3172/2252/2516 3160/2243/2505
f 3174/2254/2518 3173/2253/2517 3161/2245/2506
f 3175/2256/2519 3174/2265/2518 3162/2246/2507
f 3176/2257/2520 3175/2256/2519 3163/2248/2509
f 3177/2259/2522 3176/2257/2520 3164/2258/2521
f 3166/2250/2511 3178/2260/2523 3177/2259/2522
f 3167/2251/2512 3179/2268/2524 3178/2260/2523
f 3168/2245/2513 3180/2253/2525 3179/2254/2524
f 3169/2243/2514 3181/2252/2526 3180/2253/2525
f 3170/1496/2515 3182/1497/1941 3181/2252/2526
f 3184/2261/2527 3183/1500/2538 3171/1497/1932
f 3185/2262/2528 3184/2261/2527 3172/2252/2516
f 3186/2263/2529 3185/2262/2528 3173/2253/2517
f 3187/2264/2530 3186/2274/2529 3174/2265/2518
f 3188/2266/2531 3187/2264/2530 3175/2256/2519
f 3189/2267/2532 3188/2266/2531 3176/2257/2520
f 3178/2260/2523 3190/2269/2533 3189/2267/2532
f 3179/2268/2524 3191/2277/2534 3190/2269/2533
f 3180/2253/2525 3192/2262/2535 3191/2263/2534
f 3181/2252/2526 3193/2261/2536 3192/2262/2535
f 3182/1497/1941 3194/1500/2547 3193/2261/2536
f 3196/2270/2537 3195/1502/2550 3183/1500/2538
f 3197/2271/2539 3196/2270/2537 3184/2261/2527
f 3198/2272/2540 3197/2271/2539 3185/2262/2528
f 3199/2273/2541 3198/2283/2540 3186/2274/2529
f 3200/2275/2542 3199/2273/2541 3187/2264/2530
f 3201/2276/2543 3200/2275/2542 3188/2266/2531
f 3190/2269/2533 3202/2278/2544 3201/2276/2543
f 3191/2277/2534 3203/2286/2545 3202/2278/2544
f 3192/2262/2535 3204/2271/2546 3203/2272/2545
f 3193/2261/2536 3205/2270/2548 3204/2271/2546
f 3194/1500/2547 3206/1502/2559 3205/2270/2548
f 3208/2279/2549 3207/1506/2562 3195/1502/2550
f 3209/2280/2551 3208/2279/2549 3196/2270/2537
f 3210/2281/2552 3209/2280/2551 3197/2271/2539
f 3211/2282/2553 3210/2292/2552 3198/2283/2540
f 3212/2284/2554 3211/2282/2553 3199/2273/2541
f 3213/2285/2555 3212/2284/2554 3200/2275/2542
f 3202/2278/2544 3214/2287/2556 3213/2285/2555
f 3203/2286/2545 3215/2295/2557 3214/2287/2556
f 3204/2271/2546 3216/2280/2558 3215/2281/2557
f 3205/2270/2548 3217/2279/2560 3216/2280/2558
f 3206/1502/2559 3218/1506/2571 3217/2279/2560
f 3220/2288/2561 3219/1508/2574 3207/1506/2562
f 3221/2289/2563 3220/2288/2561 3208/2279/2549
f 3222/2290/2564 3221/2289/2563 3209/2280/2551
f 3223/2291/2565 3222/2301/2564 3210/2292/2552
f 3224/2293/2566 3223/2291/2565 3211/2282/2553
f 3225/2294/2567 3224/2293/2566 3212/2284/2554
f 3214/2287/2556 3226/2296/2568 3225/2294/2567
f 3215/2295/2557 3227/2304/2569 3226/2296/2568
f 3216/2280/2558 3228/2289/2570 3227/2290/2569
f 3217/2279/2560 3229/2288/2572 3228/2289/2570
f 3218/1506/2571 3230/1508/2583 3229/2288/2572
f 3232/2297/2573 3231/1512/2586 3219/1508/2574
f 3233/2298/2575 3232/2297/2573 3220/2288/2561
f 3234/2299/2576 3233/2298/2575 3221/2289/2563
f 3235/2300/2577 3234/2732/2576 3222/2301/2564
f 3236/2302/2578 3235/2300/2577 3223/2291/2565
f 3237/2303/2579 3236/2302/2578 3224/2293/2566
f 3226/2296/2568 3238/2305/2580 3237/2303/2579
f 3227/2304/2569 3239/2733/2581 3238/2305/2580
f 3228/2289/2570 3240/2298/2582 3239/2299/2581
f 3229/2288/2572 3241/2297/2584 3240/2298/2582
f 3230/1508/2583 3242/1512/2595 3241/2297/2584
f 3244/2306/2585 3243/1514/2598 3231/1512/2586
f 3245/2307/2587 3244/2306/2585 3232/2297/2573
f 3246/2308/2588 3245/2307/2587 3233/2298/2575
f 3247/2309/2589 3246/2322/2588 3234/2310/2576
f 3248/2312/2590 3247/2309/2589 3235/2311/2577
f 3249/2314/2591 3248/2312/2590 3236/2313/2578
f 3238/2316/2580 3250/2318/2592 3249/2314/2591
f 3239/2317/2581 3251/2327/2593 3250/2318/2592
f 3240/2298/2582 3252/2307/2594 3251/2308/2593
f 3241/2297/2584 3253/2306/2596 3252/2307/2594
f 3242/1512/2595 3254/1514/2609 3253/2306/2596
f 3244/2306/2585 3256/2319/2599 3255/1518/2597
f 3245/2307/2587 3257/2320/2600 3256/2319/2599
f 3246/2308/2588 3258/2329/2601 3257/2320/2600
f 3247/2309/2589 3259/2323/2602 3258/2321/2601
f 3248/2312/2590 3260/2332/2614 3259/2323/2602
f 3261/2324/2603 3260/2332/2614 3248/2312/2590
f 3262/2325/2604 3261/2324/2603 3249/2314/2591
f 3263/2326/2605 3262/2325/2604 3250/2318/2592
f 3264/2320/2606 3263/2329/2605 3251/2308/2593
f 3265/2319/2607 3264/2320/2606 3252/2307/2594
f 3266/1518/2608 3265/2319/2607 3253/2306/2596
f 3256/2319/2599 3268/2328/2611 3267/1522/2610
f 3257/2320/2600 3269/2330/2612 3268/2328/2611
f 3258/2329/2601 3270/2338/2613 3269/2330/2612
f 3259/2323/2602 3271/2333/2615 3270/2331/2613
f 3260/2332/2614 3272/2341/2626 3271/2333/2615
f 3273/2334/2616 3272/2341/2626 3260/2332/2614
f 3274/2335/2617 3273/2334/2616 3261/2324/2603
f 3275/2336/2618 3274/2335/2617 3262/2325/2604
f 3276/2330/2619 3275/2338/2618 3263/2329/2605
f 3277/2328/2620 3276/2330/2619 3264/2320/2606
f 3278/1522/2621 3277/2328/2620 3265/2319/2607
f 3268/2328/2611 3280/2337/2623 3279/1524/2622
f 3269/2330/2612 3281/2339/2624 3280/2337/2623
f 3270/2338/2613 3282/2347/2625 3281/2339/2624
f 3271/2333/2615 3283/2342/2627 3282/2340/2625
f 3272/2341/2626 3284/2349/2638 3283/2342/2627
f 3285/2343/2628 3284/2349/2638 3272/2341/2626
f 3286/2344/2629 3285/2343/2628 3273/2334/2616
f 3287/2345/2630 3286/2344/2629 3274/2335/2617
f 3288/2339/2631 3287/2347/2630 3275/2338/2618
f 3289/2337/2632 3288/2339/2631 3276/2330/2619
f 3290/1524/2633 3289/2337/2632 3277/2328/2620
f 3280/2337/2623 3292/2346/2635 3291/1528/2634
f 3281/2339/2624 3293/2348/2636 3292/2346/2635
f 3282/2347/2625 3294/2352/2637 3293/2348/2636
f 3283/2342/2627 3295/2143/2639 3294/2152/2637
f 3284/2349/2638 3296/2354/2649 3295/2143/2639
f 3297/2350/2640 3296/2354/2649 3284/2349/2638
f 3298/2147/2641 3297/2350/2640 3285/2343/2628
f 3299/2155/2642 3298/2147/2641 3286/2344/2629
f 3300/2348/2643 3299/2352/2642 3287/2347/2630
f 3301/2346/2644 3300/2348/2643 3288/2339/2631
f 3302/1528/2645 3301/2346/2644 3289/2337/2632
f 3292/2346/2635 3304/2351/2646 3303/1532/1800
f 3293/2348/2636 3305/2353/2647 3304/2351/2646
f 3294/2352/2637 3306/2358/2648 3305/2353/2647
f 3295/2143/2639 3307/2135/2650 3306/2133/2648
f 3296/2354/2649 3308/1910/2661 3307/2135/2650
f 3309/1911/2651 3308/1910/2661 3296/2354/2649
f 3310/2137/2652 3309/1911/2651 3297/2350/2640
f 3311/2138/2653 3310/2137/2652 3298/2147/2641
f 3312/2353/2654 3311/2358/2653 3299/2352/2642
f 3313/2351/2655 3312/2353/2654 3300/2348/2643
f 3314/1532/1811 3313/2351/2655 3301/2346/2644
f 3316/2355/2656 3315/1534/2668 3303/1532/1800
f 3317/2356/2657 3316/2355/2656 3304/2351/2646
f 3318/2357/2658 3317/2356/2657 3305/2353/2647
f 3319/2126/2659 3318/2124/2658 3306/2133/2648
f 3320/2359/2660 3319/2126/2659 3307/2135/2650
f 3321/2360/2662 3320/2359/2660 3308/1910/2661
f 3310/2137/2652 3322/2128/2663 3321/2360/2662
f 3311/2138/2653 3323/2129/2664 3322/2128/2663
f 3312/2353/2654 3324/2356/2665 3323/2357/2664
f 3313/2351/2655 3325/2355/2666 3324/2356/2665
f 3314/1532/1811 3326/1534/2677 3325/2355/2666
f 3328/2361/2667 3327/1537/2680 3315/1534/2668
f 3329/2362/2669 3328/2361/2667 3316/2355/2656
f 3330/2363/2670 3329/2362/2669 3317/2356/2657
f 3331/2364/2671 3330/2372/2670 3318/2124/2658
f 3332/2365/2672 3331/2364/2671 3319/2126/2659
f 3333/2366/2673 3332/2365/2672 3320/2359/2660
f 3322/2128/2663 3334/2367/2674 3333/2366/2673
f 3323/2129/2664 3335/2375/2675 3334/2367/2674
f 3324/2356/2665 3336/2362/2676 3335/2363/2675
f 3325/2355/2666 3337/2361/2678 3336/2362/2676
f 3326/1534/2677 3338/1537/2689 3337/2361/2678
f 3340/2368/2679 3339/1541/2692 3327/1537/2680
f 3341/2369/2681 3340/2368/2679 3328/2361/2667
f 3342/2370/2682 3341/2369/2681 3329/2362/2669
f 3343/2371/2683 3342/2381/2682 3330/2372/2670
f 3344/2373/2684 3343/2371/2683 3331/2364/2671
f 3345/2374/2685 3344/2373/2684 3332/2365/2672
f 3334/2367/2674 3346/2376/2686 3345/2374/2685
f 3335/2375/2675 3347/2384/2687 3346/2376/2686
f 3336/2362/2676 3348/2369/2688 3347/2370/2687
f 3337/2361/2678 3349/2368/2690 3348/2369/2688
f 3338/1537/2689 3350/1541/2701 3349/2368/2690
f 3352/2377/2691 3351/1545/2704 3339/1541/2692
f 3353/2378/2693 3352/2377/2691 3340/2368/2679
f 3354/2379/2694 3353/2378/2693 3341/2369/2681
f 3355/2380/2695 3354/2390/2694 3342/2381/2682
f 3356/2382/2696 3355/2380/2695 3343/2371/2683
f 3357/2383/2697 3356/2382/2696 3344/2373/2684
f 3346/2376/2686 3358/2385/2698 3357/2383/2697
f 3347/2384/2687 3359/2393/2699 3358/2385/2698
f 3348/2369/2688 3360/2378/2700 3359/2379/2699
f 3349/2368/2690 3361/2377/2702 3360/2378/2700
f 3350/1541/2701 3362/1545/2712 3361/2377/2702
f 3364/2386/2703 3363/1550/2715 3351/1545/2704
f 3365/2387/2705 3364/2386/2703 3352/2377/2691
f 3366/2388/2706 3365/2387/2705 3353/2378/2693
f 3367/2389/2707 3366/2397/2706 3354/2390/2694
f 3356/2382/2696 3368/2398/2719 3367/2389/2707
f 3369/2391/2708 3368/2398/2719 3356/2382/2696
f 3370/2392/2709 3369/2391/2708 3357/2383/2697
f 3359/2393/2699 3371/2403/2710 3370/2392/2709
f 3360/2378/2700 3372/2387/2711 3371/2388/2710
f 3361/2377/2702 3373/2386/2713 3372/2387/2711
f 3362/1545/2712 3374/1550/2727 3373/2386/2713
f 3364/2386/2703 3376/2394/2716 3375/1551/2714
f 3365/2387/2705 3377/2395/2717 3376/2394/2716
f 3366/2388/2706 3378/2405/2718 3377/2395/2717
f 3367/2389/2707 3379/2399/2720 3378/2396/2718
f 3368/2398/2719 3380/2734/2732 3379/2399/2720
f 3381/2400/2721 3380/2734/2732 3368/2398/2719
f 3382/2401/2722 3381/2400/2721 3369/2391/2708
f 3383/2402/2723 3382/2401/2722 3370/2392/2709
f 3384/2395/2724 3383/2405/2723 3371/2388/2710
f 3385/2394/2725 3384/2395/2724 3372/2387/2711
f 3386/1551/2726 3385/2394/2725 3373/2386/2713
f 3376/2394/2716 3388/2404/2729 3387/1555/2728
f 3377/2395/2717 3389/2406/2730 3388/2404/2729
f 3378/2405/2718 3390/2419/2731 3389/2406/2730
f 3379/2407/2720 3391/2411/2733 3390/2408/2731
f 3380/2410/2732 3392/2422/2744 3391/2411/2733
f 3393/2412/2734 3392/2422/2744 3380/2410/2732
f 3394/2414/2735 3393/2412/2734 3381/2413/2721
f 3395/2416/2736 3394/2414/2735 3382/2415/2722
f 3396/2406/2737 3395/2419/2736 3383/2405/2723
f 3397/2404/2738 3396/2406/2737 3384/2395/2724
f 3398/1555/2739 3397/2404/2738 3385/2394/2725
f 3388/2404/2729 3400/2418/2741 3399/1557/2740
f 3389/2406/2730 3401/2420/2742 3400/2418/2741
f 3390/2419/2731 3402/2428/2743 3401/2420/2742
f 3391/2411/2733 3403/2423/2745 3402/2421/2743
f 3392/2422/2744 3404/2431/2756 3403/2423/2745
f 3405/2424/2746 3404/2431/2756 3392/2422/2744
f 3406/2425/2747 3405/2424/2746 3393/2412/2734
f 3407/2426/2748 3406/2425/2747 3394/2414/2735
f 3408/2420/2749 3407/2428/2748 3395/2419/2736
f 3409/2418/2750 3408/2420/2749 3396/2406/2737
f 3410/1557/2751 3409/2418/2750 3397/2404/2738
f 3400/2418/2741 3412/2427/2753 3411/1561/2752
f 3401/2420/2742 3413/2429/2754 3412/2427/2753
f 3402/2428/2743 3414/2437/2755 3413/2429/2754
f 3403/2423/2745 3415/2432/2757 3414/2430/2755
f 3404/2431/2756 3416/2440/2768 3415/2432/2757
f 3417/2433/2758 3416/2440/2768 3404/2431/2756
f 3418/2434/2759 3417/2433/2758 3405/2424/2746
f 3419/2435/2760 3418/2434/2759 3406/2425/2747
f 3420/2429/2761 3419/2437/2760 3407/2428/2748
f 3421/2427/2762 3420/2429/2761 3408/2420/2749
f 3422/1561/2763 3421/2427/2762 3409/2418/2750
f 3412/2427/2753 3424/2436/2765 3423/1564/2764
f 3413/2429/2754 3425/2438/2766 3424/2436/2765
f 3414/2437/2755 3426/2446/2767 3425/2438/2766
f 3415/2432/2757 3427/2441/2769 3426/2439/2767
f 3416/2440/2768 3428/2449/2780 3427/2441/2769
f 3429/2442/2770 3428/2449/2780 3416/2440/2768
f 3430/2443/2771 3429/2442/2770 3417/2433/2758
f 3431/2444/2772 3430/2443/2771 3418/2434/2759
f 3432/2438/2773 3431/2446/2772 3419/2437/2760
f 3433/2436/2774 3432/2438/2773 3420/2429/2761
f 3434/1564/2775 3433/2436/2774 3421/2427/2762
f 3424/2436/2765 3436/2445/2777 3435/1568/2776
f 3425/2438/2766 3437/2447/2778 3436/2445/2777
f 3426/2446/2767 3438/2455/2779 3437/2447/2778
f 3427/2441/2769 3439/2450/2781 3438/2448/2779
f 3428/2449/2780 3440/2457/2792 3439/2450/2781
f 3441/2451/2782 3440/2457/2792 3428/2449/2780
f 3442/2452/2783 3441/2451/2782 3429/2442/2770
f 3443/2453/2784 3442/2452/2783 3430/2443/2771
f 3444/2447/2785 3443/2455/2784 3431/2446/2772
f 3445/2445/2786 3444/2447/2785 3432/2438/2773
f 3446/1568/2787 3445/2445/2786 3433/2436/2774
f 3436/2445/2777 3448/2454/2789 3447/1569/2788
f 3437/2447/2778 3449/2456/2790 3448/2454/2789
f 3438/2455/2779 3450/2458/2791 3449/2456/2790
f 3439/2450/2781 3451/2248/2793 3450/2246/2791
f 3440/2457/2792 3452/2258/2800 3451/2248/2793
f 3453/2249/2794 3452/2258/2800 3440/2457/2792
f 3454/2250/2795 3453/2249/2794 3441/2451/2782
f 3455/2251/2796 3454/2250/2795 3442/2452/2783
f 3456/2456/2797 3455/2458/2796 3443/2455/2784
f 3457/2454/2798 3456/2456/2797 3444/2447/2785
f 3458/1569/2799 3457/2454/2798 3445/2445/2786
f 2884/2030/2235 2883/1567/2234 3447/1569/2788
f 2885/2032/2237 2884/2030/2235 3448/2454/2789
f 2886/2034/2239 2885/2032/2237 3449/2456/2790
f 2887/2037/2241 2886/2036/2239 3450/2246/2791
f 2888/2039/2243 2887/2037/2241 3451/2248/2793
f 2889/2041/2245 2888/2039/2243 3452/2258/2800
f 3454/2250/2795 2890/2042/2246 2889/2041/2245
f 3455/2251/2796 2891/2043/2247 2890/2042/2246
f 3456/2456/2797 2892/2032/2249 2891/2034/2247
f 3457/2454/2798 2893/2030/2251 2892/2032/2249
f 3458/1569/2799 2894/1567/2253 2893/2030/2251
f 3502/2474/2801 3501/2468/1617 3489/2473/1617
f 3503/2476/2802 3502/2474/2801 3490/2475/1628
f 3504/2478/2803 3503/2539/2802 3491/2479/1619
f 3505/2480/2805 3504/2478/2803 3492/1453/2804
f 3506/2481/2807 3505/2480/2805 3493/1454/2806
f 3507/2482/2808 3506/2481/2807 3494/1455/1632
f 3496/1459/2810 3508/2483/2811 3507/2482/2808
f 3497/1461/1624 3509/2485/2812 3508/2483/2811
f 3498/2484/1625 3510/2540/2813 3509/2485/2812
f 3499/2475/1638 3511/2474/2814 3510/2476/2813
f 3500/2473/1626 3512/2468/1626 3511/2474/2814
f 3502/2474/2801 3514/2499/2825 3513/2467/2815
f 3515/2486/2816 3514/2499/2825 3502/2474/2801
f 3516/2487/2817 3515/2486/2816 3503/2476/2802
f 3517/2489/2818 3516/2735/2817 3504/2490/2803
f 3518/2492/2819 3517/2489/2818 3505/2491/2805
f 3519/2494/2820 3518/2492/2819 3506/2493/2807
f 3508/2496/2811 3520/2498/2821 3519/2494/2820
f 3509/2497/2812 3521/2736/2822 3520/2498/2821
f 3510/2476/2813 3522/2486/2823 3521/2487/2822
f 3511/2474/2814 3523/2499/2824 3522/2486/2823
f 3512/2468/1626 3524/2467/2835 3523/2499/2824
f 3514/2499/2825 3526/2500/2826 3525/2472/2815
f 3515/2486/2816 3527/2501/2827 3526/2500/2826
f 3516/2487/2817 3528/2510/2828 3527/2501/2827
f 3517/2480/2818 3529/2503/2829 3528/2502/2828
f 3518/2481/2819 3530/2524/2840 3529/2503/2829
f 3531/2504/2830 3530/2524/2840 3518/2481/2819
f 3532/2505/2831 3531/2504/2830 3519/2482/2820
f 3533/2506/2832 3532/2505/2831 3520/2483/2821
f 3534/2501/2833 3533/2510/2832 3521/2487/2822
f 3535/2500/2834 3534/2501/2833 3522/2486/2823
f 3536/2472/2835 3535/2500/2834 3523/2499/2824
f 3538/2507/2836 3537/2471/2847 3525/2472/2815
f 3539/2508/2837 3538/2507/2836 3526/2500/2826
f 3540/2509/2838 3539/2508/2837 3527/2501/2827
f 3541/2511/2839 3540/2737/2838 3528/2512/2828
f 3530/2514/2840 3542/2738/2852 3541/2511/2839
f 3543/2515/2841 3542/2738/2852 3530/2514/2840
f 3544/2517/2842 3543/2515/2841 3531/2516/2830
f 3545/2519/2843 3544/2517/2842 3532/2518/2831
f 3546/2508/2844 3545/2509/2843 3533/2510/2832
f 3535/2500/2834 3547/2507/2856 3546/2508/2844
f 3548/2471/2845 3547/2507/2856 3535/2500/2834
f 3550/2521/2846 3549/2463/2847 3537/2471/2847
f 3551/2522/2848 3550/2521/2846 3538/2507/2836
f 3552/2523/2849 3551/2522/2848 3539/2508/2837
f 3553/2480/2850 3552/2478/2849 3540/2502/2838
f 3554/2481/2851 3553/2480/2850 3541/2503/2839
f 3555/2482/2853 3554/2481/2851 3542/2524/2852
f 3544/2505/2842 3556/2483/2854 3555/2482/2853
f 3545/2506/2843 3557/2485/2855 3556/2483/2854
f 3546/2508/2844 3558/2522/2857 3557/2523/2855
f 3547/2507/2856 3559/2521/2858 3558/2522/2857
f 3548/2471/2845 3560/2463/2845 3559/2521/2858
f 3550/2521/2846 3562/2525/2859 3561/2462/1618
f 3551/2522/2848 3563/2526/2860 3562/2525/2859
f 3552/2523/2849 3564/2739/2861 3563/2526/2860
f 3553/2527/2850 3565/2531/2862 3564/2528/2861
f 3554/2530/2851 3566/2547/2869 3565/2531/2862
f 3567/2532/2863 3566/2547/2869 3554/2530/2851
f 3568/2534/2864 3567/2532/2863 3555/2533/2853
f 3569/2536/2865 3568/2534/2864 3556/2535/2854
f 3570/2526/2866 3569/2739/2865 3557/2523/2855
f 3571/2525/2867 3570/2526/2866 3558/2522/2857
f 3560/2463/2845 3572/2462/1615 3571/2525/2867
f 3562/2525/2859 3574/2538/1594 3573/2470/1618
f 3563/2526/2860 3575/2543/1597 3574/2538/1594
f 3564/2478/2861 3576/1453/2868 3575/2479/1597
f 3565/2480/2862 3577/1454/2870 3576/1453/2868
f 3566/2481/2869 3578/1455/2875 3577/1454/2870
f 3579/1457/2871 3578/1455/2875 3566/2481/2869
f 3580/1459/2872 3579/1457/2871 3567/2482/2863
f 3581/1461/2873 3580/1459/2872 3568/2483/2864
f 3582/2484/1611 3581/1461/2873 3569/2485/2865
f 3583/2538/1613 3582/2543/1611 3570/2526/2866
f 3584/2470/1615 3583/2538/1613 3571/2525/2867
f 3586/2541/1628 3585/2459/1617 3573/2470/1618
f 3587/2542/1619 3586/2541/1628 3574/2538/1594
f 3588/2544/2804 3587/2740/1619 3575/2545/1597
f 3577/2531/2870 3589/2561/2806 3588/2544/2804
f 3590/2546/2874 3589/2561/2806 3577/2531/2870
f 3591/2548/2876 3590/2546/2874 3578/2547/2875
f 3592/2549/1623 3591/2548/2876 3579/2532/2871
f 3593/2550/2877 3592/2549/1623 3580/2534/2872
f 3594/2551/1625 3593/2550/2877 3581/2536/2873
f 3595/2541/1638 3594/2542/1625 3582/2543/1611
f 3596/2459/1626 3595/2541/1638 3583/2538/1613
f 3598/2553/1627 3597/2461/1640 3585/2459/1617
f 3599/2554/1629 3598/2553/1627 3586/2541/1628
f 3600/1475/2878 3599/2741/1629 3587/2479/1619
f 3601/1452/2879 3600/1475/2878 3588/1453/2804
f 3590/1455/2874 3602/1477/2888 3601/1452/2879
f 3603/1456/2880 3602/1477/2888 3590/1455/2874
f 3604/1458/2881 3603/1456/2880 3591/1457/2876
f 3605/1460/2882 3604/1458/2881 3592/1459/1623
f 3606/2555/1636 3605/1460/2882 3593/1461/2877
f 3607/2553/1637 3606/2554/1636 3594/2542/1625
f 3596/2459/1626 3608/2461/1639 3607/2553/1637
f 3610/2556/2883 3609/2460/2895 3597/2461/1640
f 3611/2557/2884 3610/2556/2883 3598/2553/1627
f 3612/2558/2885 3611/2557/2884 3599/2554/1629
f 3613/2560/2886 3612/2742/2885 3600/2544/2878
f 3614/2562/2887 3613/2560/2886 3601/2561/2879
f 3615/2563/2889 3614/2562/2887 3602/2546/2888
f 3604/2549/2881 3616/2564/2890 3615/2563/2889
f 3605/2550/2882 3617/2743/2891 3616/2564/2890
f 3606/2554/1636 3618/2557/2892 3617/2558/2891
f 3607/2553/1637 3619/2556/2893 3618/2557/2892
f 3608/2461/1639 3620/2460/2904 3619/2556/2893
f 3622/2565/2894 3621/2464/2907 3609/2460/2895
f 3623/2566/2896 3622/2565/2894 3610/2556/2883
f 3624/2567/2897 3623/2566/2896 3611/2557/2884
f 3625/2568/2898 3624/2574/2897 3612/1475/2885
f 3626/2569/2899 3625/2568/2898 3613/1452/2886
f 3627/2570/2900 3626/2569/2899 3614/1477/2887
f 3616/1458/2890 3628/2571/2901 3627/2570/2900
f 3617/1460/2891 3629/2575/2902 3628/2571/2901
f 3618/2557/2892 3630/2566/2903 3629/2567/2902
f 3619/2556/2893 3631/2565/2905 3630/2566/2903
f 3620/2460/2904 3632/2464/2918 3631/2565/2905
f 3622/2565/2894 3634/2572/2908 3633/2466/2906
f 3623/2566/2896 3635/2573/2909 3634/2572/2908
f 3624/2567/2897 3636/2577/2910 3635/2573/2909
f 3625/2568/2898 3637/1452/2911 3636/1475/2910
f 3626/2569/2899 3638/1477/2919 3637/1452/2911
f 3639/1456/2912 3638/1477/2919 3626/2569/2899
f 3640/1458/2913 3639/1456/2912 3627/2570/2900
f 3641/1460/2914 3640/1458/2913 3628/2571/2901
f 3642/2573/2915 3641/2577/2914 3629/2567/2902
f 3643/2572/2916 3642/2573/2915 3630/2566/2903
f 3644/2466/2917 3643/2572/2916 3631/2565/2905
f 3634/2572/2908 3646/2576/1596 3645/2465/1595
f 3635/2573/2909 3647/2578/1641 3646/2576/1596
f 3636/2577/2910 3648/2593/1600 3647/2578/1641
f 3637/2579/2911 3649/2583/2920 3648/2580/1600
f 3638/2582/2919 3650/2595/2923 3649/2583/2920
f 3651/2584/1606 3650/2595/2923 3638/2582/2919
f 3652/2586/1608 3651/2584/1606 3639/2585/2912
f 3653/2588/1610 3652/2586/1608 3640/2587/2913
f 3654/2578/1612 3653/2593/1610 3641/2577/2914
f 3655/2576/1614 3654/2578/1612 3642/2573/2915
f 3656/2465/1616 3655/2576/1614 3643/2572/2916
f 3658/2590/1594 3657/2469/1618 3645/2465/1595
f 3659/2591/2921 3658/2590/1594 3646/2576/1596
f 3660/2592/1599 3659/2591/2921 3647/2578/1641
f 3661/1454/2870 3660/1453/1599 3648/1475/1600
f 3662/1455/2922 3661/1454/2870 3649/1452/2920
f 3663/1457/2924 3662/1455/2922 3650/1477/2923
f 3652/1458/1608 3664/1459/2872 3663/1457/2924
f 3665/1461/1609 3664/1459/2872 3652/1458/1608
f 3666/2591/1611 3665/2592/1609 3653/2593/1610
f 3667/2590/1613 3666/2591/1611 3654/2578/1612
f 3656/2465/1616 3668/2469/1615 3667/2590/1613
f 3490/2475/1628 3489/2473/1617 3657/2469/1618
f 3491/2477/1619 3490/2475/1628 3658/2590/1594
f 3492/2490/2804 3491/2744/1619 3659/2594/2921
f 3661/2583/2870 3493/2491/2806 3492/2490/2804
f 3494/2493/1632 3493/2491/2806 3661/2583/2870
f 3495/2495/2809 3494/2493/1632 3662/2595/2922
f 3496/2496/2810 3495/2495/2809 3663/2584/2924
f 3497/2497/1624 3496/2496/2810 3664/2586/2872
f 3498/2596/1625 3497/2497/1624 3665/2588/1609
f 3667/2590/1613 3499/2475/1638 3498/2477/1625
f 3500/2473/1626 3499/2475/1638 3667/2590/1613
f 3706/2610/1646 3705/2603/1595 3693/2599/1618
f 3707/2612/1647 3706/2610/1646 3694/2611/2925
f 3696/2614/2927 3708/2625/1648 3707/2612/1647
f 3709/2615/1650 3708/2642/1648 3696/2616/2927
f 3698/2618/2929 3710/2644/2937 3709/2615/1650
f 3711/2619/2930 3710/2644/2937 3698/2618/2929
f 3712/2621/1653 3711/2619/2930 3699/2620/2931
f 3701/2623/2933 3713/2647/1654 3712/2621/1653
f 3714/2612/1655 3713/2625/1654 3701/2614/2933
f 3715/2610/1656 3714/2612/1655 3702/2613/2934
f 3716/2603/1616 3715/2610/1656 3703/2611/2935
f 3706/2610/1646 3718/2624/1596 3717/2605/1595
f 3707/2612/1647 3719/2626/1641 3718/2624/1596
f 3708/2625/1648 3720/2640/2936 3719/2626/1641
f 3709/2627/1650 3721/2631/1602 3720/2628/2936
f 3710/2630/2937 3722/2652/1642 3721/2631/1602
f 3723/2632/1606 3722/2652/1642 3710/2630/2937
f 3724/2634/1608 3723/2632/1606 3711/2633/2930
f 3725/2636/1610 3724/2634/1608 3712/2635/1653
f 3726/2626/1612 3725/2640/1610 3713/2625/1654
f 3727/2624/1614 3726/2626/1612 3714/2612/1655
f 3728/2605/1616 3727/2624/1614 3715/2610/1656
f 3730/2638/1594 3729/2606/1618 3717/2605/1595
f 3731/2639/1597 3730/2638/1594 3718/2624/1596
f 3720/2640/2936 3732/2651/2868 3731/2639/1597
f 3733/2641/1601 3732/2656/2868 3720/2642/2936
f 3734/2643/2938 3733/2641/1601 3721/2615/1602
f 3735/2645/2924 3734/2643/2938 3722/2644/1642
f 3736/2646/2872 3735/2645/2924 3723/2619/1606
f 3725/2647/1610 3737/2660/2873 3736/2646/2872
f 3738/2639/1611 3737/2651/2873 3725/2640/1610
f 3739/2638/1613 3738/2639/1611 3726/2626/1612
f 3740/2606/1615 3739/2638/1613 3727/2624/1614
f 3742/2648/2939 3741/2604/1618 3729/2606/1618
f 3743/2649/2926 3742/2648/2939 3730/2638/1594
f 3744/2650/2927 3743/2649/2926 3731/2639/1597
f 3745/2627/2928 3744/2629/2927 3732/2628/2868
f 3746/2630/2940 3745/2627/2928 3733/2631/1601
f 3747/2633/2941 3746/2630/2940 3734/2652/2938
f 3736/2634/2872 3748/2635/2932 3747/2633/2941
f 3737/2636/2873 3749/2637/2933 3748/2635/2932
f 3738/2639/1611 3750/2649/2934 3749/2650/2933
f 3739/2638/1613 3751/2648/2935 3750/2649/2934
f 3740/2606/1615 3752/2604/1615 3751/2648/2935
f 3754/2653/1646 3753/2607/1595 3741/2604/1618
f 3743/2649/2926 3755/2661/1647 3754/2653/1646
f 3756/2654/1648 3755/2661/1647 3743/2649/2926
f 3745/2641/2928 3757/2657/2942 3756/2655/1648
f 3746/2643/2940 3758/2745/2944 3757/2657/2942
f 3759/2658/2943 3758/2745/2944 3746/2643/2940
f 3748/2646/2932 3760/2746/1653 3759/2658/2943
f 3761/2659/1654 3760/2746/1653 3748/2646/2932
f 3762/2661/1655 3761/2654/1654 3749/2650/2933
f 3763/2653/1656 3762/2661/1655 3750/2649/2934
f 3764/2607/1616 3763/2653/1656 3751/2648/2935
f 3754/2653/1646 3766/2662/1596 3765/2608/1595
f 3755/2661/1647 3767/2663/1641 3766/2662/1596
f 3756/2654/1648 3768/2671/1600 3767/2663/1641
f 3757/2627/2942 3769/2665/1602 3768/2664/1600
f 3758/2630/2944 3770/2747/1604 3769/2665/1602
f 3771/2666/2945 3770/2747/1604 3758/2630/2944
f 3772/2667/1644 3771/2666/2945 3759/2633/2943
f 3773/2668/1645 3772/2667/1644 3760/2635/1653
f 3774/2663/1612 3773/2671/1645 3761/2654/1654
f 3775/2662/1614 3774/2663/1612 3762/2661/1655
f 3776/2608/1616 3775/2662/1614 3763/2653/1656
f 3778/2669/1594 3777/2609/1618 3765/2608/1595
f 3767/2663/1641 3779/2678/1597 3778/2669/1594
f 3780/2670/2946 3779/2678/1597 3767/2663/1641
f 3781/20/2870 3780/19/2946 3768/2672/1600
f 3782/22/1603 3781/20/2870 3769/2673/1602
f 3783/24/2871 3782/22/1603 3770/2674/1604
f 3772/2676/1644 3784/25/1607 3783/24/2871
f 3785/26/1609 3784/25/1607 3772/2676/1644
f 3786/2678/1611 3785/2670/1609 3773/2671/1645
f 3787/2669/1613 3786/2678/1611 3774/2663/1612
f 3776/2608/1616 3788/2609/1615 3787/2669/1613
f 3790/2679/1628 3789/2598/1617 3777/2609/1618
f 3791/2680/1619 3790/2679/1628 3778/2669/1594
f 3792/2681/1620 3791/2680/1619 3779/2678/1597
f 3793/2682/2806 3792/2699/1620 3780/2683/2946
f 3794/2685/1632 3793/2682/2806 3781/2684/2870
f 3795/2687/2876 3794/2685/1632 3782/2686/1603
f 3796/2689/1623 3795/2687/2876 3783/2688/2871
f 3797/2691/1624 3796/2689/1623 3784/2690/1607
f 3798/2680/1625 3797/2681/1624 3785/2670/1609
f 3799/2679/1638 3798/2680/1625 3786/2678/1611
f 3800/2598/1626 3799/2679/1638 3787/2669/1613
f 3802/2693/1627 3801/2600/1640 3789/2598/1617
f 3803/2694/1629 3802/2693/1627 3790/2679/1628
f 3804/2695/1630 3803/2694/1629 3791/2680/1619
f 3805/333/1631 3804/331/1630 3792/19/1620
f 3794/22/1632 3806/334/2888 3805/333/1631
f 3807/335/2947 3806/334/2888 3794/22/1632
f 3808/336/1634 3807/335/2947 3795/24/2876
f 3809/337/2948 3808/336/1634 3796/25/1623
f 3810/2694/1636 3809/2695/2948 3797/2681/1624
f 3811/2693/1637 3810/2694/1636 3798/2680/1625
f 3812/2600/1639 3811/2693/1637 3799/2679/1638
f 3802/2693/1627 3814/2704/1596 3813/2601/1595
f 3815/2696/1641 3814/2704/1596 3802/2693/1627
f 3816/2697/1600 3815/2696/1641 3803/2694/1629
f 3817/2698/1602 3816/2748/1600 3804/2699/1630
f 3818/2700/1642 3817/2698/1602 3805/2682/1631
f 3819/2701/2945 3818/2700/1642 3806/2685/2888
f 3820/2702/1608 3819/2701/2945 3807/2687/2947
f 3821/2703/1645 3820/2702/1608 3808/2689/1634
f 3822/2696/2949 3821/2697/1645 3809/2695/2948
f 3823/2704/1614 3822/2696/2949 3810/2694/1636
f 3824/2601/1616 3823/2704/1614 3811/2693/1637
f 3826/2705/1594 3825/2602/1618 3813/2601/1595
f 3827/2706/2950 3826/2705/1594 3814/2704/1596
f 3816/2697/1600 3828/2712/1599 3827/2706/2950
f 3829/2707/1601 3828/2749/1599 3816/331/1600
f 3830/2708/1603 3829/2707/1601 3817/333/1602
f 3831/2709/2924 3830/2708/1603 3818/334/1642
f 3832/2710/1607 3831/2709/2924 3819/335/2945
f 3833/2711/1609 3832/2710/1607 3820/336/1608
f 3834/2706/1611 3833/2712/1609 3821/2697/1645
f 3835/2705/1613 3834/2706/1611 3822/2696/2949
f 3836/2602/1615 3835/2705/1613 3823/2704/1614
f 3694/2611/2925 3693/2599/1618 3825/2602/1618
f 3695/2613/2926 3694/2611/2925 3826/2705/1594
f 3696/2614/2927 3695/2613/2926 3827/2706/2950
f 3697/2627/2928 3696/2629/2927 3828/2713/1599
f 3698/2630/2929 3697/2627/2928 3829/2714/1601
f 3699/2633/2931 3698/2630/2929 3830/2715/1603
f 3832/2717/1607 3700/2635/2932 3699/2633/2931
f 3833/2718/1609 3701/2637/2933 3700/2635/2932
f 3834/2706/1611 3702/2613/2934 3701/2614/2933
f 3835/2705/1613 3703/2611/2935 3702/2613/2934
f 3836/2602/1615 3704/2599/1615 3703/2611/2935
usemtl Chocolate.002
f 5/1/1 7/2/1 6/3/1
f 5/1/1 10/4/1 7/2/1
f 10/4/1 8/5/1 7/2/1
f 5/1/1 11/6/1 10/4/1
f 9/7/1 8/5/1 10/4/1
f 5/1/1 3/8/1 11/6/1
f 3/8/1 9/7/1 11/6/1
f 3/8/1 2/9/1 9/7/1
f 2/9/1 8/5/1 9/7/1
f 5/1/1 4/10/1 3/8/1
f 1/11/1 8/5/1 2/9/1
f 18/2/2 16/1/2 17/3/2
f 21/4/2 16/1/2 18/2/2
f 19/5/2 21/4/2 18/2/2
f 22/6/2 16/1/2 21/4/2
f 19/5/2 20/7/2 21/4/2
f 14/8/2 16/1/2 22/6/2
f 20/7/2 14/8/2 22/6/2
f 13/9/2 14/8/2 20/7/2
f 19/5/2 13/9/2 20/7/2
f 15/10/2 16/1/2 14/8/2
f 19/5/2 12/11/2 13/9/2
f 36/12/3 23/11/4 24/13/5
f 37/14/6 24/13/5 25/15/7
f 38/16/8 25/15/7 26/17/9
f 39/18/10 26/19/9 27/20/11
f 40/21/12 27/20/11 28/22/13
f 41/23/14 28/22/13 29/24/15
f 30/25/16 41/23/14 29/24/15
f 31/26/17 42/27/18 30/25/16
f 32/15/19 43/16/20 31/17/17
f 33/13/21 44/14/22 32/15/19
f 34/11/23 45/12/24 33/13/21
f 48/28/25 35/9/4 36/12/3
f 49/29/26 36/12/3 37/14/6
f 50/30/27 37/14/6 38/16/8
f 51/31/28 38/32/8 39/33/10
f 52/34/29 39/33/10 40/35/12
f 53/36/30 40/35/12 41/37/14
f 42/38/18 53/36/30 41/37/14
f 43/39/20 54/40/31 42/38/18
f 44/14/22 55/30/32 43/16/20
f 45/12/24 56/29/33 44/14/22
f 46/9/23 57/28/34 45/12/24
f 48/28/25 59/10/35 47/8/35
f 49/29/26 60/41/36 48/28/25
f 50/30/27 61/42/37 49/29/26
f 51/18/28 62/19/38 50/43/27
f 52/21/29 63/20/39 51/18/28
f 65/24/40 52/21/29 53/23/30
f 66/25/41 53/23/30 54/27/31
f 67/26/42 54/27/31 55/44/32
f 68/42/43 55/30/32 56/29/33
f 69/41/44 56/29/33 57/28/34
f 70/10/45 57/28/34 58/8/45
f 60/41/36 71/1/46 59/10/35
f 61/42/37 72/45/47 60/41/36
f 62/46/38 73/47/48 61/42/37
f 63/48/39 74/49/49 62/50/38
f 64/51/50 75/52/51 63/48/39
f 77/53/52 64/51/50 65/54/40
f 78/55/53 65/54/40 66/56/41
f 79/57/54 66/56/41 67/58/42
f 80/47/55 67/46/42 68/42/43
f 81/45/56 68/42/43 69/41/44
f 82/1/57 69/41/44 70/10/45
f 84/59/58 71/1/46 72/45/47
f 85/60/59 72/45/47 73/47/48
f 86/61/60 73/47/48 74/62/49
f 87/63/61 74/19/49 75/20/51
f 88/64/62 75/20/51 76/22/63
f 89/65/64 76/22/63 77/24/52
f 78/25/53 89/65/64 77/24/52
f 79/26/54 90/66/65 78/25/53
f 80/47/55 91/61/66 79/62/54
f 81/45/56 92/60/67 80/47/55
f 82/1/57 93/59/68 81/45/56
f 96/67/69 83/3/70 84/59/58
f 97/68/71 84/59/58 85/60/59
f 98/69/72 85/60/59 86/61/60
f 99/70/73 86/71/60 87/72/61
f 100/73/74 87/72/61 88/74/62
f 101/75/75 88/74/62 89/76/64
f 90/77/65 101/75/75 89/76/64
f 91/78/66 102/79/76 90/77/65
f 92/60/67 103/69/77 91/61/66
f 93/59/68 104/68/78 92/60/67
f 94/3/79 105/67/80 93/59/68
f 96/67/69 107/5/81 95/2/82
f 97/68/71 108/80/83 96/67/69
f 98/69/72 109/81/84 97/68/71
f 99/63/73 110/19/85 98/82/72
f 100/64/74 111/20/86 99/63/73
f 113/24/87 100/64/74 101/65/75
f 114/25/88 101/65/75 102/66/76
f 115/26/89 102/66/76 103/83/77
f 116/81/90 103/69/77 104/68/78
f 117/80/91 104/68/78 105/67/80
f 118/5/92 105/67/80 106/2/93
f 24/13/5 107/5/81 108/80/83
f 25/15/7 108/80/83 109/81/84
f 26/17/9 109/81/84 110/84/85
f 27/85/11 110/86/85 111/87/86
f 28/88/13 111/87/86 112/89/94
f 29/90/15 112/89/94 113/91/87
f 114/92/88 29/90/15 113/91/87
f 115/93/89 30/94/16 114/92/88
f 116/81/90 31/17/17 115/84/89
f 117/80/91 32/15/19 116/81/90
f 118/5/92 33/13/21 117/80/91
f 132/95/95 119/7/96 120/96/97
f 133/97/98 120/96/97 121/98/99
f 134/99/100 121/98/99 122/100/101
f 135/101/102 122/102/101 123/103/103
f 136/104/104 123/103/103 124/105/105
f 137/106/106 124/105/105 125/107/107
f 126/108/108 137/106/106 125/107/107
f 127/109/109 138/110/110 126/108/108
f 128/98/111 139/99/112 127/100/109
f 129/96/113 140/97/114 128/98/111
f 130/7/115 141/95/116 129/96/113
f 132/95/95 143/6/117 131/4/118
f 133/97/98 144/111/119 132/95/95
f 134/99/100 145/112/120 133/97/98
f 135/101/102 146/102/121 134/113/100
f 136/104/104 147/103/122 135/101/102
f 149/107/123 136/104/104 137/106/106
f 150/108/124 137/106/106 138/110/110
f 151/109/125 138/110/110 139/114/112
f 152/112/126 139/99/112 140/97/114
f 153/111/127 140/97/114 141/95/116
f 154/6/128 141/95/116 142/4/129
f 120/96/97 143/6/117 144/111/119
f 121/98/99 144/111/119 145/112/120
f 122/100/101 145/112/120 146/115/121
f 123/116/103 146/117/121 147/118/122
f 124/119/105 147/118/122 148/120/130
f 125/121/107 148/120/130 149/122/123
f 150/123/124 125/121/107 149/122/123
f 151/124/125 126/125/108 150/123/124
f 152/112/126 127/100/109 151/115/125
f 153/111/127 128/98/111 152/112/126
f 154/6/128 129/96/113 153/111/127
f 36/12/3 35/9/4 23/11/4
f 37/14/6 36/12/3 24/13/5
f 38/16/8 37/14/6 25/15/7
f 39/18/10 38/43/8 26/19/9
f 40/21/12 39/18/10 27/20/11
f 41/23/14 40/21/12 28/22/13
f 30/25/16 42/27/18 41/23/14
f 31/26/17 43/44/20 42/27/18
f 32/15/19 44/14/22 43/16/20
f 33/13/21 45/12/24 44/14/22
f 34/11/23 46/9/23 45/12/24
f 48/28/25 47/8/35 35/9/4
f 49/29/26 48/28/25 36/12/3
f 50/30/27 49/29/26 37/14/6
f 51/31/28 50/126/27 38/32/8
f 52/34/29 51/31/28 39/33/10
f 53/36/30 52/34/29 40/35/12
f 42/38/18 54/40/31 53/36/30
f 43/39/20 55/127/32 54/40/31
f 44/14/22 56/29/33 55/30/32
f 45/12/24 57/28/34 56/29/33
f 46/9/23 58/8/45 57/28/34
f 48/28/25 60/41/36 59/10/35
f 49/29/26 61/42/37 60/41/36
f 50/30/27 62/46/38 61/42/37
f 51/18/28 63/20/39 62/19/38
f 52/21/29 64/22/50 63/20/39
f 65/24/40 64/22/50 52/21/29
f 66/25/41 65/24/40 53/23/30
f 67/26/42 66/25/41 54/27/31
f 68/42/43 67/46/42 55/30/32
f 69/41/44 68/42/43 56/29/33
f 70/10/45 69/41/44 57/28/34
f 60/41/36 72/45/47 71/1/46
f 61/42/37 73/47/48 72/45/47
f 62/46/38 74/62/49 73/47/48
f 63/48/39 75/52/51 74/49/49
f 64/51/50 76/128/63 75/52/51
f 77/53/52 76/128/63 64/51/50
f 78/55/53 77/53/52 65/54/40
f 79/57/54 78/55/53 66/56/41
f 80/47/55 79/62/54 67/46/42
f 81/45/56 80/47/55 68/42/43
f 82/1/57 81/45/56 69/41/44
f 84/59/58 83/3/70 71/1/46
f 85/60/59 84/59/58 72/45/47
f 86/61/60 85/60/59 73/47/48
f 87/63/61 86/82/60 74/19/49
f 88/64/62 87/63/61 75/20/51
f 89/65/64 88/64/62 76/22/63
f 78/25/53 90/66/65 89/65/64
f 79/26/54 91/83/66 90/66/65
f 80/47/55 92/60/67 91/61/66
f 81/45/56 93/59/68 92/60/67
f 82/1/57 94/3/79 93/59/68
f 96/67/69 95/2/82 83/3/70
f 97/68/71 96/67/69 84/59/58
f 98/69/72 97/68/71 85/60/59
f 99/70/73 98/129/72 86/71/60
f 100/73/74 99/70/73 87/72/61
f 101/75/75 100/73/74 88/74/62
f 90/77/65 102/79/76 101/75/75
f 91/78/66 103/130/77 102/79/76
f 92/60/67 104/68/78 103/69/77
f 93/59/68 105/67/80 104/68/78
f 94/3/79 106/2/93 105/67/80
f 96/67/69 108/80/83 107/5/81
f 97/68/71 109/81/84 108/80/83
f 98/69/72 110/84/85 109/81/84
f 99/63/73 111/20/86 110/19/85
f 100/64/74 112/22/94 111/20/86
f 113/24/87 112/22/94 100/64/74
f 114/25/88 113/24/87 101/65/75
f 115/26/89 114/25/88 102/66/76
f 116/81/90 115/84/89 103/69/77
f 117/80/91 116/81/90 104/68/78
f 118/5/92 117/80/91 105/67/80
f 24/13/5 23/11/4 107/5/81
f 25/15/7 24/13/5 108/80/83
f 26/17/9 25/15/7 109/81/84
f 27/85/11 26/131/9 110/86/85
f 28/88/13 27/85/11 111/87/86
f 29/90/15 28/88/13 112/89/94
f 114/92/88 30/94/16 29/90/15
f 115/93/89 31/132/17 30/94/16
f 116/81/90 32/15/19 31/17/17
f 117/80/91 33/13/21 32/15/19
f 118/5/92 34/11/23 33/13/21
f 132/95/95 131/4/118 119/7/96
f 133/97/98 132/95/95 120/96/97
f 134/99/100 133/97/98 121/98/99
f 135/101/102 134/113/100 122/102/101
f 136/104/104 135/101/102 123/103/103
f 137/106/106 136/104/104 124/105/105
f 126/108/108 138/110/110 137/106/106
f 127/109/109 139/114/112 138/110/110
f 128/98/111 140/97/114 139/99/112
f 129/96/113 141/95/116 140/97/114
f 130/7/115 142/4/129 141/95/116
f 132/95/95 144/111/119 143/6/117
f 133/97/98 145/112/120 144/111/119
f 134/99/100 146/115/121 145/112/120
f 135/101/102 147/103/122 146/102/121
f 136/104/104 148/105/130 147/103/122
f 149/107/123 148/105/130 136/104/104
f 150/108/124 149/107/123 137/106/106
f 151/109/125 150/108/124 138/110/110
f 152/112/126 151/115/125 139/99/112
f 153/111/127 152/112/126 140/97/114
f 154/6/128 153/111/127 141/95/116
f 120/96/97 119/7/96 143/6/117
f 121/98/99 120/96/97 144/111/119
f 122/100/101 121/98/99 145/112/120
f 123/116/103 122/133/101 146/117/121
f 124/119/105 123/116/103 147/118/122
f 125/121/107 124/119/105 148/120/130
f 150/123/124 126/125/108 125/121/107
f 151/124/125 127/134/109 126/125/108
f 152/112/126 128/98/111 127/100/109
f 153/111/127 129/96/113 128/98/111
f 154/6/128 130/7/115 129/96/113
