# Blender 5.0.0
# www.blender.org
mtllib Hole.mtl
o Hole
v 0.452490 -0.163723 -0.510547
v 0.452490 0.036276 -0.610547
v 1.159597 -0.163723 -0.217654
v 1.230308 0.036277 -0.288365
v 1.452490 -0.163723 0.489453
v 1.552490 0.036277 0.489453
v 1.159597 -0.163723 1.196559
v 1.230308 0.036277 1.267270
v 0.452490 -0.163723 1.489453
v 0.452490 0.036277 1.589453
v -0.254617 -0.163723 1.196559
v -0.325327 0.036277 1.267270
v -0.547510 -0.163723 0.489453
v -0.647510 0.036277 0.489453
v -0.254617 -0.163723 -0.217654
v -0.325327 0.036277 -0.288365
v 1.230308 0.236277 -0.288365
v 0.452490 0.236277 -0.610547
v 1.552490 0.236277 0.489453
v 1.230308 0.236277 1.267270
v 0.452490 0.236277 1.589453
v -0.325327 0.236277 1.267270
v -0.647510 0.236277 0.489453
v -0.325327 0.236277 -0.288365
v 1.006524 0.436277 -0.064581
v 0.452490 0.436277 -0.294069
v 1.236012 0.436277 0.489453
v 1.006524 0.436277 1.043486
v 0.452490 0.436277 1.272974
v -0.101543 0.436277 1.043486
v -0.331031 0.436277 0.489453
v -0.101543 0.436277 -0.064581
v 1.159597 0.436277 -0.217654
v 0.452490 0.436277 -0.510547
v 1.452490 0.436277 0.489453
v 1.159597 0.436277 1.196559
v 0.452490 0.436277 1.489453
v -0.254617 0.436277 1.196559
v -0.547510 0.436277 0.489453
v -0.254617 0.436277 -0.217654
v 1.006524 -0.063723 -0.064581
v 0.452490 -0.063723 -0.294069
v 1.236012 -0.063723 0.489453
v 1.006524 -0.063723 1.043486
v 0.452490 -0.063723 1.272974
v -0.101543 -0.063723 1.043486
v -0.331031 -0.063723 0.489453
v -0.101543 -0.063723 -0.064581
vn 0.3474 -0.4194 -0.8387
vn 0.8387 -0.4194 -0.3474
vn 0.8387 -0.4194 0.3474
vn 0.3474 -0.4194 0.8387
vn -0.3474 -0.4194 0.8387
vn -0.8387 -0.4194 0.3474
vn -0.9239 -0.0000 -0.3827
vn -0.8387 -0.4194 -0.3474
vn -0.3474 -0.4194 -0.8387
vn -0.0000 -1.0000 -0.0000
vn -0.3474 0.4194 -0.8387
vn 0.9239 -0.0000 -0.3827
vn -0.3827 -0.0000 0.9239
vn -0.3827 -0.0000 -0.9239
vn 0.3827 -0.0000 -0.9239
vn 0.9239 -0.0000 0.3827
vn -0.9239 -0.0000 0.3827
vn 0.3827 -0.0000 0.9239
vn -0.8387 0.4194 0.3474
vn 0.3474 0.4194 0.8387
vn 0.8387 0.4194 -0.3474
vn -0.8387 0.4194 -0.3474
vn -0.3474 0.4194 0.8387
vn 0.8387 0.4194 0.3474
vn 0.3474 0.4194 -0.8387
vn -0.0000 1.0000 -0.0000
vt 0.650674 0.801989
vt 0.643526 0.778675
vt 0.644569 0.801989
vt 0.636810 0.778675
vt 0.627744 0.801989
vt 0.636378 0.801989
vt 0.611098 0.755361
vt 0.618245 0.732047
vt 0.612140 0.732047
vt 0.617814 0.755361
vt 0.626880 0.732047
vt 0.589209 0.732047
vt 0.594883 0.755361
vt 0.595315 0.732047
vt 0.604381 0.755361
vt 0.603949 0.732047
vt 0.611098 0.778675
vt 0.610055 0.732047
vt 0.659741 0.778675
vt 0.659309 0.801989
vt 0.641645 0.824141
vt 0.647581 0.808331
vt 0.633249 0.802197
vt 0.659741 0.755361
vt 0.650674 0.732047
vt 0.650243 0.755361
vt 0.627312 0.755361
vt 0.627312 0.778675
vt 0.588167 0.755361
vt 0.594883 0.778675
vt 0.650243 0.778675
vt 0.636810 0.755361
vt 0.617814 0.778675
vt 0.604381 0.778675
vt 0.627312 0.778675
vt 0.627312 0.755361
vt 0.664525 0.790332
vt 0.659741 0.732047
vt 0.659741 0.790332
vt 0.603949 0.801989
vt 0.626880 0.801989
vt 0.627744 0.732047
vt 0.610055 0.801989
vt 0.588167 0.778675
vt 0.595315 0.801989
vt 0.618245 0.801989
vt 0.644569 0.732047
vt 0.643526 0.755361
vt 0.606242 0.816567
vt 0.602499 0.824141
vt 0.608436 0.817506
vt 0.601591 0.821766
vt 0.594104 0.824349
vt 0.590361 0.816960
vt 0.595012 0.821929
vt 0.590361 0.809770
vt 0.588167 0.818007
vt 0.595012 0.804572
vt 0.588167 0.808831
vt 0.601591 0.804409
vt 0.594104 0.802197
vt 0.606242 0.809378
vt 0.602499 0.801989
vt 0.608436 0.808331
vt 0.261390 0.894919
vt 0.266041 0.882761
vt 0.254811 0.877400
vt 0.676074 0.790332
vt 0.671290 0.732047
vt 0.671290 0.790332
vt 0.699173 0.790332
vt 0.694389 0.732047
vt 0.694389 0.790332
vt 0.680858 0.790332
vt 0.676074 0.732047
vt 0.687624 0.790332
vt 0.680858 0.732047
vt 0.664525 0.732047
vt 0.687624 0.732047
vt 0.666506 0.848617
vt 0.659741 0.848617
vt 0.627312 0.808831
vt 0.627312 0.818007
vt 0.633249 0.824349
vt 0.647581 0.817506
vt 0.641645 0.801989
vt 0.659309 0.732047
vt 0.636378 0.732047
vt 0.589209 0.801989
vt 0.612140 0.801989
vt 0.250160 0.882369
vt 0.250160 0.889558
vt 0.254812 0.894757
vt 0.266041 0.889951
vt 0.261390 0.877563
vt 0.699173 0.732047
vt 0.666506 0.790332
s 1
usemtl molesAtlas
f 1/1/1 4/2/1 3/3/1
f 4/4/2 5/5/2 3/6/2
f 6/7/3 7/8/3 5/9/3
f 8/10/4 9/11/4 7/8/4
f 9/12/5 12/13/5 11/14/5
f 11/14/6 14/15/6 13/16/6
f 14/15/7 24/17/7 16/7/7
f 14/15/8 15/18/8 13/16/8
f 16/19/9 1/1/9 15/20/9
f 7/21/10 11/22/10 15/23/10
f 24/24/11 34/25/11 18/26/11
f 4/4/12 19/27/12 6/28/12
f 10/29/13 22/30/13 12/13/13
f 16/19/14 18/26/14 2/31/14
f 2/2/15 17/32/15 4/4/15
f 6/7/16 20/33/16 8/10/16
f 12/13/17 23/34/17 14/15/17
f 8/10/18 21/35/18 10/36/18
f 31/37/16 48/38/16 32/39/16
f 22/30/19 39/40/19 23/34/19
f 20/33/20 37/41/20 21/35/20
f 17/32/21 35/42/21 19/27/21
f 23/34/22 40/43/22 24/17/22
f 21/44/23 38/45/23 22/30/23
f 19/17/24 36/46/24 20/33/24
f 18/26/25 33/47/25 17/48/25
f 26/49/26 33/50/26 34/51/26
f 25/52/26 35/53/26 33/50/26
f 28/54/26 35/53/26 27/55/26
f 29/56/26 36/57/26 28/54/26
f 30/58/26 37/59/26 29/56/26
f 31/60/26 38/61/26 30/58/26
f 32/62/26 39/63/26 31/60/26
f 32/62/26 34/51/26 40/64/26
f 47/65/26 45/66/26 43/67/26
f 29/68/15 46/69/15 30/70/15
f 27/71/7 44/72/7 28/73/7
f 26/74/13 41/75/13 25/68/13
f 32/76/18 42/77/18 26/74/18
f 30/70/12 47/78/12 31/37/12
f 28/73/14 45/79/14 29/76/14
f 25/80/17 43/39/17 27/81/17
f 1/1/1 2/31/1 4/2/1
f 4/4/2 6/28/2 5/5/2
f 6/7/3 8/10/3 7/8/3
f 8/10/4 10/36/4 9/11/4
f 9/12/5 10/29/5 12/13/5
f 11/14/6 12/13/6 14/15/6
f 14/15/7 23/34/7 24/17/7
f 14/15/8 16/7/8 15/18/8
f 16/19/9 2/31/9 1/1/9
f 15/23/10 1/82/10 3/83/10
f 3/83/10 5/84/10 7/21/10
f 7/21/10 9/85/10 11/22/10
f 11/22/10 13/86/10 15/23/10
f 15/23/10 3/83/10 7/21/10
f 24/24/11 40/87/11 34/25/11
f 4/4/12 17/32/12 19/27/12
f 10/29/13 21/44/13 22/30/13
f 16/19/14 24/24/14 18/26/14
f 2/2/15 18/48/15 17/32/15
f 6/7/16 19/17/16 20/33/16
f 12/13/17 22/30/17 23/34/17
f 8/10/18 20/33/18 21/35/18
f 31/37/16 47/78/16 48/38/16
f 22/30/19 38/45/19 39/40/19
f 20/33/20 36/46/20 37/41/20
f 17/32/21 33/88/21 35/42/21
f 23/34/22 39/40/22 40/43/22
f 21/44/23 37/89/23 38/45/23
f 19/17/24 35/90/24 36/46/24
f 18/26/25 34/25/25 33/47/25
f 26/49/26 25/52/26 33/50/26
f 25/52/26 27/55/26 35/53/26
f 28/54/26 36/57/26 35/53/26
f 29/56/26 37/59/26 36/57/26
f 30/58/26 38/61/26 37/59/26
f 31/60/26 39/63/26 38/61/26
f 32/62/26 40/64/26 39/63/26
f 32/62/26 26/49/26 34/51/26
f 43/67/26 41/91/26 42/92/26
f 42/92/26 48/93/26 47/65/26
f 47/65/26 46/94/26 45/66/26
f 45/66/26 44/95/26 43/67/26
f 43/67/26 42/92/26 47/65/26
f 29/68/15 45/75/15 46/69/15
f 27/71/7 43/96/7 44/72/7
f 26/74/13 42/77/13 41/75/13
f 32/76/18 48/79/18 42/77/18
f 30/70/12 46/69/12 47/78/12
f 28/73/14 44/72/14 45/79/14
f 25/80/17 41/97/17 43/39/17
o Flower01
v -0.004671 -0.016296 -0.690379
v -0.023130 0.265256 -0.677035
v 0.003986 -0.016296 -0.675384
v -0.019047 0.265256 -0.669963
v -0.013328 -0.016296 -0.675384
v -0.027213 0.265256 -0.669963
v -0.005123 0.124423 -0.675080
v 0.001328 0.124423 -0.663907
v -0.011574 0.124423 -0.663907
v -0.023946 0.268403 -0.662391
v -0.033727 0.265883 -0.670544
v -0.028884 0.265346 -0.682575
v -0.016110 0.267536 -0.681858
v -0.013058 0.269425 -0.669384
v -0.024173 0.273545 -0.674042
v -0.013011 0.264678 -0.665038
v -0.010164 0.264363 -0.672109
v -0.026919 0.262791 -0.661349
v -0.019411 0.264078 -0.660927
v -0.034462 0.260199 -0.673473
v -0.032668 0.261309 -0.666141
v -0.025216 0.260484 -0.684654
v -0.031615 0.259884 -0.680544
v -0.011958 0.263253 -0.679441
v -0.017707 0.261771 -0.684233
v -0.017833 0.270079 -0.664676
v -0.029982 0.267996 -0.665358
v -0.032884 0.266200 -0.677221
v -0.022529 0.267171 -0.683871
v -0.013227 0.269569 -0.676118
v -0.024366 0.272500 -0.667414
v -0.017967 0.273101 -0.671523
v -0.030115 0.271019 -0.672205
v -0.027269 0.270704 -0.679277
v -0.019761 0.271991 -0.678856
v -0.013011 0.264678 -0.665038
v -0.010164 0.264363 -0.672109
v -0.026919 0.262791 -0.661349
v -0.019411 0.264078 -0.660927
v -0.034462 0.260199 -0.673473
v -0.032668 0.261309 -0.666141
v -0.025216 0.260484 -0.684654
v -0.031615 0.259884 -0.680544
v -0.011958 0.263253 -0.679441
v -0.017707 0.261771 -0.684233
v -0.014753 0.265872 -0.665792
v -0.011906 0.265557 -0.672864
v 0.011072 0.273428 -0.648847
v 0.018681 0.272586 -0.667750
v 0.018380 0.273738 -0.656921
v -0.012176 0.265750 -0.670730
v -0.013181 0.264751 -0.678227
v 0.018876 0.272447 -0.669289
v 0.016189 0.269778 -0.689330
v 0.021283 0.271668 -0.679886
v -0.013873 0.264514 -0.679334
v -0.020120 0.263025 -0.683453
v 0.008268 0.267061 -0.702015
v -0.008432 0.263080 -0.713025
v 0.002030 0.265064 -0.710722
v -0.024506 0.262298 -0.683479
v -0.030947 0.261683 -0.679435
v -0.035247 0.258634 -0.713183
v -0.052463 0.256991 -0.702373
v -0.045815 0.257131 -0.711004
v -0.018610 0.263113 -0.682988
v -0.026132 0.261838 -0.682965
v -0.011952 0.261497 -0.714011
v -0.032060 0.258087 -0.713948
v -0.021934 0.259294 -0.717781
v -0.012043 0.265510 -0.674711
v -0.015692 0.264208 -0.681283
v 0.017559 0.271257 -0.684879
v 0.007805 0.267776 -0.702450
v 0.015981 0.269924 -0.695577
v -0.023740 0.264780 -0.662267
v -0.016446 0.265761 -0.664276
v -0.022463 0.269882 -0.630906
v -0.002964 0.272506 -0.636278
v -0.011777 0.271757 -0.629916
v -0.018929 0.265764 -0.662961
v -0.013235 0.266187 -0.668021
v -0.004029 0.273488 -0.635932
v 0.011193 0.274620 -0.649459
v 0.006035 0.274883 -0.639866
v -0.027993 0.263558 -0.663624
v -0.020576 0.264858 -0.662395
v -0.039727 0.265122 -0.634165
v -0.019900 0.268596 -0.630879
v -0.030468 0.267018 -0.628746
v -0.031473 0.262988 -0.666905
v -0.025385 0.264476 -0.662555
v -0.054857 0.262927 -0.645357
v -0.038582 0.266906 -0.633726
v -0.048946 0.264896 -0.636419
v -0.033217 0.262082 -0.672461
v -0.030360 0.263328 -0.665497
v -0.064243 0.259064 -0.666185
v -0.056606 0.262393 -0.647569
v -0.063926 0.260318 -0.655367
v -0.032348 0.261718 -0.677036
v -0.032699 0.262502 -0.669455
v -0.062955 0.257253 -0.684412
v -0.063892 0.259349 -0.664146
v -0.067204 0.257664 -0.674388
v -0.029038 0.262385 -0.681489
v -0.033069 0.262350 -0.675011
v -0.052039 0.259398 -0.703355
v -0.062815 0.259305 -0.686039
v -0.060650 0.258813 -0.696706
v -0.022496 0.258874 -0.659131
v -0.034221 0.255852 -0.668904
v -0.028416 0.255209 -0.683326
v -0.013102 0.257834 -0.682467
v -0.009444 0.260099 -0.667513
v -0.020303 0.250109 -0.671439
v -0.011382 0.266486 -0.663644
v -0.007969 0.266108 -0.672121
v -0.028054 0.264224 -0.659222
v -0.019054 0.265766 -0.658717
v -0.037097 0.261116 -0.673756
v -0.034946 0.262448 -0.664967
v -0.026012 0.261458 -0.687161
v -0.033684 0.260739 -0.682233
v -0.010120 0.264777 -0.680911
v -0.017011 0.263001 -0.686655
v -0.014817 0.258762 -0.661634
v -0.029381 0.256266 -0.662451
v -0.032861 0.254112 -0.676673
v -0.020447 0.255277 -0.684645
v -0.009296 0.258151 -0.675350
v -0.021200 0.252890 -0.663941
v -0.013528 0.253610 -0.668868
v -0.028092 0.251114 -0.669686
v -0.024680 0.250736 -0.678163
v -0.015679 0.252279 -0.677658
v -0.011382 0.266486 -0.663644
v -0.007969 0.266108 -0.672121
v -0.028054 0.264224 -0.659222
v -0.019054 0.265766 -0.658717
v -0.037097 0.261116 -0.673756
v -0.034946 0.262448 -0.664967
v -0.026012 0.261458 -0.687161
v -0.033684 0.260739 -0.682233
v -0.010120 0.264777 -0.680911
v -0.017011 0.263001 -0.686655
v 0.060039 -0.014183 -0.620957
v 0.053145 0.206510 -0.637426
v 0.047050 -0.014183 -0.617022
v 0.047018 0.206510 -0.635570
v 0.050137 -0.014183 -0.630238
v 0.048474 0.206510 -0.641803
v 0.048442 0.096118 -0.624029
v 0.038764 0.096118 -0.621097
v 0.041064 0.096118 -0.630945
v 0.041319 0.208505 -0.637174
v 0.046904 0.208949 -0.645667
v 0.056712 0.208422 -0.643011
v 0.057188 0.207652 -0.632877
v 0.047674 0.207703 -0.629269
v 0.050126 0.213206 -0.637231
v 0.044512 0.203811 -0.629821
v 0.050277 0.203501 -0.628260
v 0.040497 0.204735 -0.640424
v 0.040777 0.204282 -0.634467
v 0.049372 0.204965 -0.647536
v 0.043780 0.204996 -0.645416
v 0.058872 0.204185 -0.641329
v 0.055137 0.204656 -0.645975
v 0.055869 0.203471 -0.630380
v 0.059152 0.203732 -0.635372
v 0.043561 0.208784 -0.632401
v 0.043108 0.209516 -0.642039
v 0.052156 0.209467 -0.645470
v 0.058201 0.208705 -0.637952
v 0.052889 0.208282 -0.629875
v 0.045002 0.212018 -0.637080
v 0.048738 0.211547 -0.632434
v 0.048285 0.212279 -0.642072
v 0.054050 0.211969 -0.640511
v 0.054330 0.211517 -0.634555
v 0.044512 0.203811 -0.629821
v 0.050277 0.203501 -0.628260
v 0.040497 0.204735 -0.640424
v 0.040777 0.204282 -0.634467
v 0.049372 0.204965 -0.647536
v 0.043780 0.204996 -0.645416
v 0.058872 0.204185 -0.641329
v 0.055137 0.204656 -0.645975
v 0.055869 0.203471 -0.630380
v 0.059152 0.203732 -0.635372
v 0.044891 0.205091 -0.630965
v 0.050656 0.204781 -0.629404
v 0.033664 0.204900 -0.608712
v 0.049075 0.204072 -0.604539
v 0.040576 0.204297 -0.603732
v 0.048964 0.204839 -0.629411
v 0.054749 0.204757 -0.630926
v 0.050294 0.204030 -0.604534
v 0.065758 0.203812 -0.608584
v 0.058782 0.203680 -0.603659
v 0.055560 0.204778 -0.631577
v 0.058275 0.205083 -0.636897
v 0.075042 0.204055 -0.616048
v 0.082302 0.204869 -0.630268
v 0.081349 0.204271 -0.621802
v 0.057939 0.205351 -0.640355
v 0.054252 0.205823 -0.645040
v 0.080249 0.206511 -0.651411
v 0.070392 0.207773 -0.663934
v 0.077685 0.207200 -0.659528
v 0.058044 0.204837 -0.635703
v 0.057417 0.205272 -0.641634
v 0.082827 0.204389 -0.633308
v 0.081150 0.205551 -0.649164
v 0.084974 0.204826 -0.641562
v 0.052082 0.204891 -0.629655
v 0.056928 0.205013 -0.633158
v 0.062353 0.204389 -0.606929
v 0.075307 0.204713 -0.616293
v 0.070591 0.204368 -0.609181
v 0.041403 0.205710 -0.637707
v 0.043568 0.205224 -0.632153
v 0.016903 0.207299 -0.633406
v 0.022690 0.206001 -0.618560
v 0.016996 0.206663 -0.624890
v 0.042324 0.205604 -0.633931
v 0.046745 0.205192 -0.629924
v 0.022282 0.206922 -0.619150
v 0.034098 0.205821 -0.608438
v 0.026170 0.206359 -0.611567
v 0.042136 0.205665 -0.641259
v 0.041779 0.205187 -0.635309
v 0.018121 0.207122 -0.647620
v 0.017167 0.205844 -0.631713
v 0.014643 0.206480 -0.639847
v 0.044405 0.206095 -0.644246
v 0.041495 0.205805 -0.639030
v 0.025581 0.209010 -0.660323
v 0.017801 0.208234 -0.646378
v 0.019067 0.208818 -0.654804
v 0.048611 0.206096 -0.646156
v 0.043394 0.206054 -0.643234
v 0.041118 0.209187 -0.669727
v 0.027170 0.209075 -0.661914
v 0.032678 0.209375 -0.668434
v 0.052261 0.205955 -0.645913
v 0.046300 0.206122 -0.645458
v 0.055485 0.208760 -0.670469
v 0.039550 0.209205 -0.669253
v 0.047296 0.209212 -0.672850
v 0.055987 0.206133 -0.643616
v 0.050595 0.206437 -0.646184
v 0.071085 0.209584 -0.663224
v 0.056671 0.210396 -0.670090
v 0.065178 0.210314 -0.669348
v 0.039340 0.200793 -0.637667
v 0.046036 0.201326 -0.647848
v 0.057793 0.200694 -0.644664
v 0.058364 0.199771 -0.632515
v 0.046959 0.199833 -0.628191
v 0.049499 0.194538 -0.638619
v 0.043492 0.204788 -0.628137
v 0.050403 0.204416 -0.626265
v 0.038678 0.205895 -0.640847
v 0.039014 0.205352 -0.633707
v 0.049318 0.206171 -0.649373
v 0.042614 0.206207 -0.646832
v 0.060706 0.205235 -0.641932
v 0.056228 0.205800 -0.647502
v 0.057106 0.204380 -0.628807
v 0.061042 0.204693 -0.634791
v 0.041972 0.199439 -0.632070
v 0.041429 0.200316 -0.643624
v 0.052275 0.200258 -0.647737
v 0.059521 0.199344 -0.638725
v 0.053153 0.198838 -0.629042
v 0.043464 0.196326 -0.638200
v 0.047943 0.195762 -0.632630
v 0.047400 0.196639 -0.644184
v 0.054311 0.196268 -0.642313
v 0.054646 0.195725 -0.635172
v 0.043492 0.204788 -0.628137
v 0.050403 0.204416 -0.626265
v 0.038678 0.205895 -0.640847
v 0.039014 0.205352 -0.633707
v 0.049318 0.206171 -0.649373
v 0.042614 0.206207 -0.646832
v 0.060706 0.205235 -0.641932
v 0.056228 0.205800 -0.647502
v 0.057106 0.204380 -0.628807
v 0.061042 0.204693 -0.634791
v -0.037535 -0.014432 -0.593775
v -0.025558 0.227528 -0.609257
v -0.048313 -0.014432 -0.604034
v -0.030641 0.227528 -0.614096
v -0.034039 -0.014432 -0.608238
v -0.023909 0.227528 -0.616078
v -0.039527 0.117161 -0.606739
v -0.047298 0.117161 -0.614136
v -0.037007 0.117161 -0.617168
v -0.031896 0.230297 -0.620290
v -0.020931 0.231457 -0.618606
v -0.018904 0.229725 -0.607774
v -0.028618 0.227494 -0.602764
v -0.036647 0.227847 -0.610499
v -0.028113 0.234683 -0.611002
v -0.037251 0.223958 -0.614384
v -0.036060 0.222939 -0.608018
v -0.028749 0.226709 -0.623084
v -0.034458 0.225398 -0.620139
v -0.017584 0.227183 -0.617548
v -0.022303 0.227391 -0.622095
v -0.019185 0.224725 -0.605426
v -0.016392 0.226164 -0.611181
v -0.031340 0.222731 -0.603471
v -0.024894 0.223413 -0.602481
v -0.035580 0.229777 -0.615853
v -0.026342 0.231898 -0.620618
v -0.018705 0.231562 -0.613261
v -0.023223 0.229232 -0.603950
v -0.033653 0.228129 -0.605551
v -0.030564 0.233794 -0.616149
v -0.033356 0.232354 -0.610394
v -0.024118 0.234476 -0.615159
v -0.022927 0.233458 -0.608792
v -0.028636 0.232146 -0.605847
v -0.037251 0.223958 -0.614384
v -0.036060 0.222939 -0.608018
v -0.028749 0.226709 -0.623084
v -0.034458 0.225398 -0.620139
v -0.017584 0.227183 -0.617548
v -0.022303 0.227391 -0.622095
v -0.019185 0.224725 -0.605426
v -0.016392 0.226164 -0.611181
v -0.031340 0.222731 -0.603471
v -0.024894 0.223413 -0.602481
v -0.036054 0.225469 -0.614367
v -0.034863 0.224450 -0.608000
v -0.063272 0.223204 -0.615286
v -0.060088 0.220481 -0.598267
v -0.064892 0.221316 -0.606260
v -0.035655 0.224652 -0.609666
v -0.031438 0.224291 -0.604658
v -0.059516 0.220336 -0.597065
v -0.048243 0.219371 -0.583679
v -0.056367 0.219142 -0.588329
v -0.030416 0.224335 -0.604154
v -0.023917 0.225155 -0.603868
v -0.036540 0.219872 -0.577898
v -0.019167 0.222063 -0.577136
v -0.027919 0.220359 -0.574278
v -0.020684 0.225937 -0.605749
v -0.017831 0.227379 -0.611473
v 0.000598 0.226843 -0.588631
v 0.008224 0.230699 -0.603934
v 0.007347 0.228889 -0.594789
v -0.025183 0.224748 -0.603582
v -0.019660 0.226065 -0.606861
v -0.015878 0.221906 -0.578072
v -0.001114 0.225427 -0.586838
v -0.006761 0.223309 -0.579676
v -0.033955 0.224486 -0.606692
v -0.028234 0.224689 -0.603496
v -0.051525 0.220055 -0.586208
v -0.036231 0.220597 -0.577663
v -0.045434 0.219658 -0.579108
v -0.031090 0.227329 -0.620817
v -0.035514 0.225880 -0.616200
v -0.046970 0.230489 -0.642831
v -0.058797 0.226618 -0.630488
v -0.055277 0.228651 -0.638923
v -0.034375 0.226633 -0.618192
v -0.036221 0.225286 -0.612046
v -0.058485 0.227730 -0.631040
v -0.063419 0.224131 -0.614611
v -0.064097 0.225784 -0.623802
v -0.027235 0.227696 -0.621726
v -0.033235 0.226409 -0.619416
v -0.032352 0.232100 -0.648161
v -0.048392 0.228662 -0.641987
v -0.041602 0.230649 -0.648120
v -0.023259 0.228376 -0.620797
v -0.029749 0.227602 -0.621320
v -0.016476 0.235236 -0.646365
v -0.033825 0.233166 -0.647763
v -0.024964 0.234824 -0.650295
v -0.019400 0.228287 -0.617519
v -0.024730 0.228279 -0.621338
v 0.000082 0.235412 -0.635307
v -0.014165 0.235389 -0.645516
v -0.005171 0.236135 -0.643024
v -0.017916 0.227802 -0.613822
v -0.021176 0.228411 -0.619477
v 0.007594 0.233868 -0.621517
v -0.001122 0.235496 -0.636636
v 0.006063 0.235350 -0.630634
v -0.018450 0.227382 -0.609067
v -0.018471 0.228499 -0.615528
v 0.007692 0.232511 -0.602686
v 0.007635 0.235496 -0.619958
v 0.010902 0.234608 -0.611228
v -0.031673 0.222158 -0.623481
v -0.018527 0.223549 -0.621462
v -0.016098 0.221472 -0.608477
v -0.027742 0.218798 -0.602471
v -0.037368 0.219222 -0.611744
v -0.025426 0.214664 -0.614707
v -0.039477 0.224876 -0.614492
v -0.038049 0.223655 -0.606860
v -0.029285 0.228174 -0.624922
v -0.036129 0.226602 -0.621391
v -0.015900 0.228742 -0.618285
v -0.021558 0.228991 -0.623735
v -0.017820 0.225795 -0.603754
v -0.014472 0.227521 -0.610653
v -0.032391 0.223405 -0.601410
v -0.024664 0.224223 -0.600223
v -0.035846 0.219723 -0.618497
v -0.024771 0.222267 -0.624209
v -0.015617 0.221863 -0.615391
v -0.021033 0.219070 -0.604228
v -0.033535 0.217748 -0.606148
v -0.028826 0.217044 -0.620239
v -0.032174 0.215318 -0.613340
v -0.021099 0.217862 -0.619052
v -0.019672 0.216641 -0.611420
v -0.026516 0.215069 -0.607890
v -0.039477 0.224876 -0.614492
v -0.038049 0.223655 -0.606860
v -0.029285 0.228174 -0.624922
v -0.036129 0.226602 -0.621391
v -0.015900 0.228742 -0.618285
v -0.021558 0.228991 -0.623735
v -0.017820 0.225795 -0.603754
v -0.014472 0.227521 -0.610653
v -0.032391 0.223405 -0.601410
v -0.024664 0.224223 -0.600223
vn 0.8614 0.1032 -0.4973
vn -0.0000 0.0430 0.9991
vn -0.8601 -0.1169 -0.4966
vn -0.8649 0.0515 -0.4993
vn -0.0000 -0.0813 0.9967
vn 0.8646 0.0570 -0.4992
vn 0.2461 -0.5743 0.7808
vn -0.5156 -0.7387 0.4341
vn -0.4108 -0.8150 -0.4088
vn 0.4159 -0.6978 -0.5832
vn 0.8219 -0.5490 0.1520
vn 0.4516 -0.8919 0.0245
vn 0.6873 -0.7241 -0.0585
vn 0.6999 -0.6246 -0.3465
vn 0.1765 -0.9628 -0.2047
vn 0.1741 -0.8563 -0.4862
vn -0.0946 -0.7853 -0.6119
vn -0.1297 -0.9915 -0.0080
vn -0.3972 -0.9099 -0.1193
vn -0.6043 -0.7935 0.0719
vn -0.0439 -0.9384 0.3428
vn -0.2371 -0.8108 0.5351
vn -0.1248 -0.6379 0.7599
vn 0.3154 -0.8768 0.3629
vn 0.4332 -0.6959 0.5728
vn 0.6813 -0.5334 0.5013
vn 0.9796 -0.1900 0.0657
vn 0.9714 -0.0698 -0.2271
vn 0.8546 -0.2673 -0.4451
vn 0.3837 -0.3887 -0.8377
vn 0.1034 -0.2936 -0.9503
vn -0.1394 -0.4784 -0.8670
vn -0.6634 -0.5278 -0.5304
vn -0.8623 -0.3840 -0.3301
vn -0.8619 -0.5056 -0.0376
vn -0.7150 -0.4146 0.5629
vn -0.5916 -0.2165 0.7766
vn -0.3145 -0.3114 0.8967
vn 0.3005 -0.2060 0.9312
vn 0.5417 -0.0223 0.8403
vn 0.7464 -0.1641 0.6449
vn 0.6532 -0.1127 -0.7488
vn -0.4933 -0.3092 -0.8131
vn -0.9278 -0.2611 0.2666
vn -0.0500 -0.0350 0.9981
vn 0.9270 0.0567 0.3707
vn -0.0000 -0.0000 1.0000
vn 0.2884 0.1032 0.9519
vn -0.9729 0.0430 -0.2273
vn -0.9729 0.0430 -0.2272
vn 0.6792 -0.1169 -0.7246
vn 0.6829 0.0515 -0.7286
vn -0.9706 -0.0813 -0.2267
vn 0.2895 0.0570 0.9555
vn -0.7136 -0.6793 0.1713
vn -0.4466 -0.6281 -0.6372
vn 0.4058 -0.6568 -0.6355
vn 0.6656 -0.7258 0.1739
vn -0.0264 -0.7396 0.6725
vn 0.0777 -0.9726 0.2190
vn 0.1771 -0.8594 0.4796
vn 0.4586 -0.7423 0.4886
vn 0.2781 -0.9567 -0.0858
vn 0.5511 -0.8297 -0.0889
vn 0.6413 -0.6865 -0.3426
vn 0.0502 -0.9280 -0.3693
vn 0.1256 -0.7760 -0.6180
vn -0.0941 -0.6300 -0.7709
vn -0.2911 -0.9261 -0.2399
vn -0.5111 -0.7726 -0.3766
vn -0.7313 -0.6508 -0.2043
vn -0.2740 -0.9537 0.1237
vn -0.4794 -0.8242 0.3016
vn -0.3896 -0.7202 0.5741
vn 0.0564 -0.4225 0.9046
vn 0.3388 -0.2798 0.8983
vn 0.5535 -0.4251 0.7162
vn 0.8966 -0.3979 0.1944
vn 0.9712 -0.2297 -0.0631
vn 0.8717 -0.3577 -0.3349
vn 0.4813 -0.3085 -0.8205
vn 0.2519 -0.1390 -0.9577
vn -0.0310 -0.2809 -0.9592
vn -0.6154 -0.2775 -0.7378
vn -0.8249 -0.1333 -0.5494
vn -0.9072 -0.3010 -0.2940
vn -0.8779 -0.3482 0.3286
vn -0.7710 -0.2203 0.5975
vn -0.5459 -0.3901 0.7415
vn 0.8230 -0.2024 0.5308
vn 0.7686 -0.1143 -0.6295
vn -0.3544 -0.0540 -0.9335
vn -0.9937 -0.1048 0.0388
vn -0.2662 -0.1965 0.9437
vn -0.6858 0.1032 0.7205
vn -0.2822 0.0430 -0.9584
vn -0.2824 0.0430 -0.9583
vn 0.9654 -0.1169 0.2333
vn 0.9713 0.0378 0.2348
vn -0.2819 -0.0713 -0.9568
vn -0.2818 -0.0713 -0.9568
vn -0.6882 0.0608 0.7230
vn -0.4061 -0.6397 -0.6526
vn 0.4319 -0.5104 -0.7436
vn 0.7975 -0.6030 0.0214
vn 0.1853 -0.7895 0.5852
vn -0.5586 -0.8121 0.1687
vn -0.0873 -0.9952 0.0452
vn -0.2882 -0.9224 0.2571
vn -0.1852 -0.8286 0.5283
vn 0.2716 -0.9572 0.1003
vn 0.3812 -0.8516 0.3598
vn 0.6370 -0.6858 0.3521
vn 0.4271 -0.8770 -0.2202
vn 0.6712 -0.7021 -0.2378
vn 0.7033 -0.5224 -0.4822
vn 0.1643 -0.8654 -0.4733
vn 0.1811 -0.6804 -0.7101
vn -0.0778 -0.5643 -0.8219
vn -0.1536 -0.9385 -0.3093
vn -0.4120 -0.8166 -0.4042
vn -0.6270 -0.7536 -0.1972
vn -0.7570 -0.5329 0.3781
vn -0.6414 -0.4122 0.6470
vn -0.3743 -0.5497 0.7468
vn 0.2399 -0.4847 0.8411
vn 0.4906 -0.2923 0.8209
vn 0.7028 -0.3783 0.6025
vn 0.9690 -0.2411 0.0538
vn 0.9810 -0.0395 -0.1899
vn 0.8725 -0.1586 -0.4622
vn 0.4225 -0.1388 -0.8957
vn 0.1521 -0.0030 -0.9884
vn -0.0999 -0.1941 -0.9759
vn -0.6442 -0.3190 -0.6952
vn -0.8507 -0.2332 -0.4712
vn -0.8705 -0.4358 -0.2285
vn -0.1096 -0.3268 0.9387
vn 0.9047 -0.0937 0.4156
vn 0.6931 0.0872 -0.7156
vn -0.4520 -0.0341 -0.8913
vn -0.9480 -0.2900 0.1310
vn -0.8649 0.0515 -0.4994
vn 0.6791 -0.1169 -0.7247
vn 0.6830 0.0515 -0.7286
vn -0.6858 0.1032 0.7204
vn 0.9653 -0.1169 0.2334
vn 0.9713 0.0378 0.2347
vn -0.2008 0.9717 -0.1243
vn -0.1981 0.9725 -0.1223
vn -0.2019 0.9731 -0.1111
vn -0.2036 0.9737 -0.1026
vn -0.2003 0.9744 -0.1022
vn -0.1981 0.9760 -0.0908
vn -0.1855 0.9799 -0.0733
vn -0.1830 0.9802 -0.0755
vn -0.1730 0.9824 -0.0698
vn -0.1402 0.9874 -0.0728
vn -0.1411 0.9871 -0.0761
vn -0.1316 0.9878 -0.0828
vn -0.1669 0.9820 -0.0887
vn -0.1661 0.9818 -0.0919
vn -0.1544 0.9837 -0.0926
vn -0.2131 0.9742 -0.0749
vn -0.2099 0.9748 -0.0757
vn -0.2038 0.9768 -0.0660
vn -0.1720 0.9736 -0.1498
vn -0.1722 0.9741 -0.1464
vn -0.1832 0.9727 -0.1427
vn -0.2113 0.9647 -0.1573
vn -0.2099 0.9655 -0.1543
vn -0.2182 0.9649 -0.1461
vn -0.1534 0.9819 -0.1114
vn -0.1548 0.9820 -0.1084
vn -0.1664 0.9799 -0.1096
vn -0.1369 0.9802 -0.1434
vn -0.1395 0.9801 -0.1413
vn -0.1492 0.9778 -0.1474
vn -0.1228 0.9845 -0.1255
vn -0.1261 0.9841 -0.1250
vn -0.1311 0.9821 -0.1355
vn -0.1198 0.9870 -0.1074
vn -0.1230 0.9865 -0.1084
vn -0.1231 0.9851 -0.1201
vn -0.0859 0.9952 -0.0479
vn -0.0882 0.9948 -0.0504
vn -0.0825 0.9947 -0.0606
vn 0.0449 0.9984 0.0330
vn 0.0432 0.9984 0.0359
vn 0.0316 0.9989 0.0335
vn 0.0229 0.9992 0.0329
vn 0.0228 0.9991 0.0363
vn 0.0117 0.9991 0.0399
vn -0.0045 0.9985 0.0547
vn -0.0020 0.9984 0.0570
vn -0.0067 0.9977 0.0677
vn -0.0003 0.9950 0.1002
vn 0.0029 0.9951 0.0989
vn 0.0107 0.9941 0.1077
vn 0.0128 0.9974 0.0716
vn 0.0161 0.9973 0.0721
vn 0.0180 0.9963 0.0837
vn -0.0057 0.9996 0.0265
vn -0.0045 0.9996 0.0296
vn -0.0137 0.9992 0.0370
vn 0.0733 0.9956 0.0587
vn 0.0699 0.9958 0.0590
vn 0.0650 0.9967 0.0484
vn 0.0768 0.9969 0.0180
vn 0.0740 0.9971 0.0198
vn 0.0649 0.9978 0.0125
vn 0.0369 0.9959 0.0824
vn 0.0337 0.9961 0.0813
vn 0.0338 0.9970 0.0696
vn 0.0706 0.9930 0.0948
vn 0.0682 0.9934 0.0925
vn 0.0733 0.9939 0.0819
vn 0.0541 0.9923 0.1112
vn 0.0533 0.9927 0.1080
vn 0.0632 0.9928 0.1017
vn 0.0365 0.9925 0.1165
vn 0.0371 0.9929 0.1132
vn 0.0488 0.9926 0.1117
vn -0.0193 0.9874 0.1569
vn -0.0171 0.9879 0.1544
vn -0.0060 0.9873 0.1588
vn -0.0891 0.9807 0.1738
vn -0.0924 0.9805 0.1734
vn -0.0952 0.9822 0.1622
vn -0.0984 0.9832 0.1540
vn -0.1014 0.9826 0.1553
vn -0.1094 0.9831 0.1468
vn -0.1298 0.9818 0.1384
vn -0.1307 0.9813 0.1415
vn -0.1424 0.9796 0.1416
vn -0.1686 0.9725 0.1607
vn -0.1662 0.9725 0.1631
vn -0.1707 0.9699 0.1736
vn -0.1374 0.9774 0.1607
vn -0.1365 0.9770 0.1640
vn -0.1460 0.9745 0.1704
vn -0.1049 0.9865 0.1256
vn -0.1073 0.9860 0.1279
vn -0.1178 0.9854 0.1228
vn -0.0999 0.9726 0.2097
vn -0.1016 0.9731 0.2068
vn -0.0942 0.9756 0.1981
vn -0.0618 0.9786 0.1961
vn -0.0646 0.9788 0.1942
vn -0.0619 0.9811 0.1831
vn -0.1368 0.9728 0.1869
vn -0.1372 0.9734 0.1836
vn -0.1267 0.9757 0.1789
vn -0.1333 0.9659 0.2220
vn -0.1323 0.9667 0.2190
vn -0.1206 0.9682 0.2192
vn -0.1550 0.9645 0.2140
vn -0.1525 0.9653 0.2119
vn -0.1426 0.9654 0.2182
vn -0.1674 0.9653 0.2002
vn -0.1642 0.9660 0.1995
vn -0.1578 0.9650 0.2093
vn -0.2272 0.9595 0.1664
vn -0.2240 0.9601 0.1674
vn -0.2233 0.9582 0.1789
vn -0.2024 0.9713 -0.1247
vn -0.1937 0.9713 -0.1380
vn -0.2052 0.9734 -0.1022
vn -0.2041 0.9718 -0.1178
vn -0.1862 0.9799 -0.0718
vn -0.1972 0.9769 -0.0828
vn -0.1392 0.9877 -0.0715
vn -0.1538 0.9859 -0.0660
vn -0.1667 0.9822 -0.0870
vn -0.1821 0.9792 -0.0901
vn -0.2144 0.9739 -0.0739
vn -0.2191 0.9717 -0.0888
vn -0.1726 0.9733 -0.1514
vn -0.1571 0.9758 -0.1523
vn -0.2125 0.9642 -0.1585
vn -0.1989 0.9658 -0.1663
vn -0.1533 0.9817 -0.1131
vn -0.1387 0.9845 -0.1075
vn -0.1360 0.9801 -0.1449
vn -0.1256 0.9831 -0.1335
vn -0.1214 0.9845 -0.1264
vn -0.1184 0.9867 -0.1109
vn -0.1181 0.9872 -0.1076
vn -0.1219 0.9882 -0.0922
vn -0.0844 0.9953 -0.0471
vn -0.0952 0.9948 -0.0358
vn 0.0452 0.9985 0.0313
vn 0.0593 0.9975 0.0385
vn 0.0224 0.9993 0.0313
vn 0.0380 0.9988 0.0304
vn -0.0060 0.9985 0.0542
vn 0.0038 0.9991 0.0417
vn -0.0015 0.9948 0.1014
vn -0.0086 0.9961 0.0873
vn 0.0111 0.9973 0.0720
vn 0.0126 0.9983 0.0561
vn -0.0069 0.9997 0.0253
vn 0.0076 0.9998 0.0186
vn 0.0748 0.9955 0.0580
vn 0.0774 0.9943 0.0734
vn 0.0778 0.9968 0.0166
vn 0.0871 0.9958 0.0293
vn 0.0386 0.9959 0.0823
vn 0.0345 0.9946 0.0976
vn 0.0722 0.9928 0.0955
vn 0.0618 0.9923 0.1075
vn 0.0551 0.9921 0.1126
vn 0.0401 0.9923 0.1174
vn 0.0368 0.9923 0.1181
vn 0.0210 0.9930 0.1162
vn -0.0198 0.9872 0.1585
vn -0.0324 0.9883 0.1490
vn -0.0875 0.9810 0.1734
vn -0.0878 0.9781 0.1888
vn -0.0972 0.9835 0.1528
vn -0.0897 0.9820 0.1665
vn -0.1299 0.9821 0.1367
vn -0.1145 0.9834 0.1405
vn -0.1702 0.9723 0.1601
vn -0.1607 0.9758 0.1481
vn -0.1385 0.9775 0.1594
vn -0.1237 0.9802 0.1543
vn -0.1043 0.9868 0.1240
vn -0.0922 0.9866 0.1343
vn -0.0985 0.9725 0.2108
vn -0.1113 0.9693 0.2194
vn -0.0601 0.9787 0.1964
vn -0.0675 0.9754 0.2099
vn -0.1361 0.9726 0.1885
vn -0.1513 0.9699 0.1909
vn -0.1332 0.9655 0.2237
vn -0.1484 0.9643 0.2194
vn -0.1558 0.9640 0.2154
vn -0.1667 0.9647 0.2039
vn -0.1687 0.9649 0.2012
vn -0.1737 0.9670 0.1864
vn -0.2288 0.9591 0.1666
vn -0.2258 0.9623 0.1514
vn 0.0231 0.7757 0.6307
vn -0.7386 0.6113 0.2843
vn -0.6337 0.5350 -0.5588
vn 0.1928 0.6521 -0.7332
vn 0.5988 0.8009 0.0021
vn 0.1436 0.9727 -0.1824
vn 0.4231 0.8748 -0.2359
vn 0.4769 0.7253 -0.4964
vn -0.1315 0.9018 -0.4116
vn -0.0900 0.7424 -0.6639
vn -0.3175 0.5646 -0.7618
vn -0.4376 0.8731 -0.2150
vn -0.6613 0.6889 -0.2968
vn -0.8272 0.5565 -0.0780
vn -0.3518 0.9262 0.1358
vn -0.5011 0.7880 0.3577
vn -0.3478 0.7121 0.6099
vn 0.0074 0.9877 0.1559
vn 0.1690 0.9029 0.3952
vn 0.4583 0.8164 0.3514
vn 0.8655 0.5008 -0.0110
vn 0.9062 0.3246 -0.2709
vn 0.7405 0.4234 -0.5219
vn 0.2696 0.3020 -0.9144
vn 0.0384 0.1010 -0.9941
vn -0.2534 0.2124 -0.9438
vn -0.7777 0.1631 -0.6071
vn -0.9274 0.0104 -0.3739
vn -0.9760 0.1852 -0.1144
vn -0.8291 0.2761 0.4862
vn -0.6567 0.1780 0.7328
vn -0.4286 0.3793 0.8200
vn 0.1865 0.4848 0.8545
vn 0.4763 0.3722 0.7967
vn 0.6324 0.5265 0.5682
vn 0.6095 0.1517 -0.7781
vn -0.5369 -0.0448 -0.8425
vn -0.9715 0.0034 0.2372
vn -0.0938 0.2296 0.9688
vn 0.8833 0.3213 0.3413
vn -0.6676 0.6926 0.2731
vn -0.4004 0.7438 -0.5352
vn 0.4519 0.7151 -0.5334
vn 0.7116 0.6461 0.2761
vn 0.0198 0.6322 0.7745
vn 0.1414 0.9222 0.3599
vn 0.2318 0.7653 0.6004
vn 0.5047 0.6296 0.5906
vn 0.3418 0.9381 0.0551
vn 0.6056 0.7951 0.0319
vn 0.6873 0.6854 -0.2406
vn 0.1139 0.9669 -0.2284
vn 0.1802 0.8488 -0.4971
vn -0.0481 0.7419 -0.6688
vn -0.2275 0.9687 -0.0990
vn -0.4565 0.8522 -0.2556
vn -0.6852 0.7211 -0.1021
vn -0.2104 0.9411 0.2646
vn -0.4246 0.8007 0.4226
vn -0.3436 0.6518 0.6761
vn 0.0802 0.2794 0.9568
vn 0.3524 0.1209 0.9280
vn 0.5771 0.2768 0.7683
vn 0.9202 0.3040 0.2467
vn 0.9847 0.1710 -0.0333
vn 0.8953 0.3442 -0.2828
vn 0.5049 0.3935 -0.7683
vn 0.2653 0.2618 -0.9280
vn -0.0075 0.4209 -0.9071
vn -0.5918 0.4242 -0.6855
vn -0.8114 0.2676 -0.5196
vn -0.8835 0.4010 -0.2419
vn -0.8544 0.3537 0.3807
vn -0.7575 0.1806 0.6273
vn -0.5224 0.3118 0.7936
vn 0.8321 0.0664 0.5507
vn 0.7776 0.1545 -0.6095
vn -0.3452 0.2148 -0.9136
vn -0.9847 0.1640 0.0588
vn -0.2571 0.0722 0.9637
vn -0.5861 0.7021 -0.4044
vn 0.2519 0.8314 -0.4953
vn 0.6174 0.7389 0.2698
vn 0.0053 0.5524 0.8335
vn -0.7387 0.5297 0.4168
vn -0.3361 0.8581 0.3882
vn -0.5015 0.6669 0.5511
vn -0.3652 0.5133 0.7767
vn 0.0227 0.8961 0.4433
vn 0.1679 0.7376 0.6540
vn 0.4569 0.6561 0.6006
vn 0.1783 0.9763 0.1227
vn 0.4579 0.8872 0.0562
vn 0.5232 0.8195 -0.2340
vn -0.0845 0.9879 -0.1304
vn -0.0322 0.9088 -0.4160
vn -0.2580 0.7775 -0.5736
vn -0.4025 0.9148 0.0336
vn -0.6252 0.7726 -0.1100
vn -0.8071 0.5882 0.0512
vn -0.8493 0.1538 0.5051
vn -0.6941 -0.0201 0.7196
vn -0.4665 0.1369 0.8739
vn 0.1478 0.2020 0.9682
vn 0.4380 0.0998 0.8934
vn 0.6107 0.3082 0.7294
vn 0.8768 0.4454 0.1809
vn 0.9284 0.3526 -0.1174
vn 0.7802 0.5280 -0.3353
vn 0.3304 0.5479 -0.7685
vn 0.0993 0.3891 -0.9158
vn -0.1921 0.4925 -0.8488
vn -0.7362 0.3675 -0.5682
vn -0.9033 0.1587 -0.3986
vn -0.9627 0.2508 -0.1014
vn -0.1449 -0.0638 0.9874
vn 0.8694 0.1691 0.4642
vn 0.6579 0.3501 -0.6668
vn -0.4873 0.2289 -0.8427
vn -0.9833 -0.0273 0.1797
s 1
usemtl FlowerStalk.003
f 55//27 52//27 56//27
f 52//28 57//28 56//28
f 57//29 50//29 55//29
f 53//30 55//30 49//30
f 56//31 53//31 51//31
f 55//32 51//32 49//32
f 159//33 180//33 175//33
f 160//34 182//34 176//34
f 161//35 183//35 177//35
f 162//36 184//36 178//36
f 163//37 181//37 179//37
f 181//38 164//38 184//38
f 181//39 184//39 179//39
f 179//40 184//40 162//40
f 184//41 164//41 183//41
f 184//42 183//42 178//42
f 178//43 183//43 161//43
f 183//44 164//44 182//44
f 183//45 182//45 177//45
f 177//46 182//46 160//46
f 182//47 164//47 180//47
f 182//48 180//48 176//48
f 176//49 180//49 159//49
f 180//50 164//50 181//50
f 180//51 181//51 175//51
f 175//52 181//52 163//52
f 166//53 163//53 179//53
f 166//54 179//54 173//54
f 173//55 179//55 162//55
f 174//56 162//56 178//56
f 174//57 178//57 171//57
f 171//58 178//58 161//58
f 172//59 161//59 177//59
f 172//60 177//60 169//60
f 169//61 177//61 160//61
f 170//62 160//62 176//62
f 170//63 176//63 167//63
f 167//64 176//64 159//64
f 168//65 159//65 175//65
f 168//66 175//66 165//66
f 165//67 175//67 163//67
f 173//68 162//68 174//68
f 171//69 161//69 172//69
f 169//70 160//70 170//70
f 167//71 159//71 168//71
f 165//72 163//72 166//72
s 0
f 172//73 191//73 171//73
f 165//73 188//73 168//73
f 167//73 190//73 170//73
f 170//73 189//73 169//73
f 169//73 192//73 172//73
f 171//73 194//73 174//73
f 173//73 186//73 166//73
f 168//73 187//73 167//73
f 174//73 193//73 173//73
f 166//73 185//73 165//73
s 1
f 201//74 198//74 202//74
f 198//75 203//76 202//76
f 203//77 196//77 201//77
f 199//78 201//78 195//78
f 202//79 199//79 197//79
f 201//80 197//80 195//80
f 305//81 326//81 321//81
f 306//82 328//82 322//82
f 307//83 329//83 323//83
f 308//84 330//84 324//84
f 309//85 327//85 325//85
f 327//86 310//86 330//86
f 327//87 330//87 325//87
f 325//88 330//88 308//88
f 330//89 310//89 329//89
f 330//90 329//90 324//90
f 324//91 329//91 307//91
f 329//92 310//92 328//92
f 329//93 328//93 323//93
f 323//94 328//94 306//94
f 328//95 310//95 326//95
f 328//96 326//96 322//96
f 322//97 326//97 305//97
f 326//98 310//98 327//98
f 326//99 327//99 321//99
f 321//100 327//100 309//100
f 312//101 309//101 325//101
f 312//102 325//102 319//102
f 319//103 325//103 308//103
f 320//104 308//104 324//104
f 320//105 324//105 317//105
f 317//106 324//106 307//106
f 318//107 307//107 323//107
f 318//108 323//108 315//108
f 315//109 323//109 306//109
f 316//110 306//110 322//110
f 316//111 322//111 313//111
f 313//112 322//112 305//112
f 314//113 305//113 321//113
f 314//114 321//114 311//114
f 311//115 321//115 309//115
f 319//116 308//116 320//116
f 317//117 307//117 318//117
f 315//118 306//118 316//118
f 313//119 305//119 314//119
f 311//120 309//120 312//120
s 0
f 318//73 337//73 317//73
f 311//73 334//73 314//73
f 313//73 336//73 316//73
f 316//73 335//73 315//73
f 315//73 338//73 318//73
f 317//73 340//73 320//73
f 319//73 332//73 312//73
f 314//73 333//73 313//73
f 320//73 339//73 319//73
f 312//73 331//73 311//73
s 1
f 347//121 344//121 348//121
f 344//122 349//123 348//123
f 349//124 342//124 347//124
f 345//125 347//125 341//125
f 348//126 345//127 343//127
f 347//128 343//128 341//128
f 451//129 472//129 467//129
f 452//130 474//130 468//130
f 453//131 475//131 469//131
f 454//132 476//132 470//132
f 455//133 473//133 471//133
f 473//134 456//134 476//134
f 473//135 476//135 471//135
f 471//136 476//136 454//136
f 476//137 456//137 475//137
f 476//138 475//138 470//138
f 470//139 475//139 453//139
f 475//140 456//140 474//140
f 475//141 474//141 469//141
f 469//142 474//142 452//142
f 474//143 456//143 472//143
f 474//144 472//144 468//144
f 468//145 472//145 451//145
f 472//146 456//146 473//146
f 472//147 473//147 467//147
f 467//148 473//148 455//148
f 458//149 455//149 471//149
f 458//150 471//150 465//150
f 465//151 471//151 454//151
f 466//152 454//152 470//152
f 466//153 470//153 463//153
f 463//154 470//154 453//154
f 464//155 453//155 469//155
f 464//156 469//156 461//156
f 461//157 469//157 452//157
f 462//158 452//158 468//158
f 462//159 468//159 459//159
f 459//160 468//160 451//160
f 460//161 451//161 467//161
f 460//162 467//162 457//162
f 457//163 467//163 455//163
f 465//164 454//164 466//164
f 463//165 453//165 464//165
f 461//166 452//166 462//166
f 459//167 451//167 460//167
f 457//168 455//168 458//168
s 0
f 464//73 483//73 463//73
f 457//73 480//73 460//73
f 459//73 482//73 462//73
f 462//73 481//73 461//73
f 461//73 484//73 464//73
f 463//73 486//73 466//73
f 465//73 478//73 458//73
f 460//73 479//73 459//73
f 466//73 485//73 465//73
f 458//73 477//73 457//73
s 1
f 55//27 50//27 52//27
f 52//28 54//28 57//28
f 57//29 54//29 50//29
f 53//169 57//169 55//169
f 56//31 57//31 53//31
f 55//32 56//32 51//32
s 0
f 172//73 192//73 191//73
f 165//73 185//73 188//73
f 167//73 187//73 190//73
f 170//73 190//73 189//73
f 169//73 189//73 192//73
f 171//73 191//73 194//73
f 173//73 193//73 186//73
f 168//73 188//73 187//73
f 174//73 194//73 193//73
f 166//73 186//73 185//73
s 1
f 201//74 196//74 198//74
f 198//75 200//75 203//76
f 203//170 200//170 196//170
f 199//171 203//171 201//171
f 202//79 203//79 199//79
f 201//80 202//80 197//80
s 0
f 318//73 338//73 337//73
f 311//73 331//73 334//73
f 313//73 333//73 336//73
f 316//73 336//73 335//73
f 315//73 335//73 338//73
f 317//73 337//73 340//73
f 319//73 339//73 332//73
f 314//73 334//73 333//73
f 320//73 340//73 339//73
f 312//73 332//73 331//73
s 1
f 347//172 342//172 344//172
f 344//122 346//122 349//123
f 349//173 346//173 342//173
f 345//174 349//174 347//174
f 348//126 349//126 345//127
f 347//128 348//128 343//128
s 0
f 464//73 484//73 483//73
f 457//73 477//73 480//73
f 459//73 479//73 482//73
f 462//73 482//73 481//73
f 461//73 481//73 484//73
f 463//73 483//73 486//73
f 465//73 485//73 478//73
f 460//73 480//73 479//73
f 466//73 486//73 485//73
f 458//73 478//73 477//73
s 1
usemtl Blossoms01.001
f 94//175 98//176 97//177
f 99//178 103//179 102//180
f 104//181 108//182 107//183
f 109//184 113//185 112//186
f 114//187 118//188 117//189
f 119//190 123//191 122//192
f 124//193 128//194 127//195
f 129//196 133//197 132//198
f 134//199 138//200 137//201
f 139//202 143//203 142//204
f 144//205 148//206 147//207
f 149//208 153//209 152//210
f 154//211 158//212 157//213
f 240//214 244//215 243//216
f 245//217 249//218 248//219
f 250//220 254//221 253//222
f 255//223 259//224 258//225
f 260//226 264//227 263//228
f 265//229 269//230 268//231
f 270//232 274//233 273//234
f 275//235 279//236 278//237
f 280//238 284//239 283//240
f 285//241 289//242 288//243
f 290//244 294//245 293//246
f 295//247 299//248 298//249
f 300//250 304//251 303//252
f 386//253 390//254 389//255
f 391//256 395//257 394//258
f 396//259 400//260 399//261
f 401//262 405//263 404//264
f 406//265 410//266 409//267
f 411//268 415//269 414//270
f 416//271 420//272 419//273
f 421//274 425//275 424//276
f 426//277 430//278 429//279
f 431//280 435//281 434//282
f 436//283 440//284 439//285
f 441//286 445//287 444//288
f 446//289 450//290 449//291
f 97//177 95//292 94//175
f 94//175 96//293 98//176
f 102//180 100//294 99//178
f 99//178 101//295 103//179
f 107//183 105//296 104//181
f 104//181 106//297 108//182
f 112//186 110//298 109//184
f 109//184 111//299 113//185
f 117//189 115//300 114//187
f 114//187 116//301 118//188
f 122//192 120//302 119//190
f 119//190 121//303 123//191
f 127//195 125//304 124//193
f 124//193 126//305 128//194
f 132//198 130//306 129//196
f 129//196 131//307 133//197
f 137//201 135//308 134//199
f 134//199 136//309 138//200
f 142//204 140//310 139//202
f 139//202 141//311 143//203
f 147//207 145//312 144//205
f 144//205 146//313 148//206
f 152//210 150//314 149//208
f 149//208 151//315 153//209
f 157//213 155//316 154//211
f 154//211 156//317 158//212
f 243//216 241//318 240//214
f 240//214 242//319 244//215
f 248//219 246//320 245//217
f 245//217 247//321 249//218
f 253//222 251//322 250//220
f 250//220 252//323 254//221
f 258//225 256//324 255//223
f 255//223 257//325 259//224
f 263//228 261//326 260//226
f 260//226 262//327 264//227
f 268//231 266//328 265//229
f 265//229 267//329 269//230
f 273//234 271//330 270//232
f 270//232 272//331 274//233
f 278//237 276//332 275//235
f 275//235 277//333 279//236
f 283//240 281//334 280//238
f 280//238 282//335 284//239
f 288//243 286//336 285//241
f 285//241 287//337 289//242
f 293//246 291//338 290//244
f 290//244 292//339 294//245
f 298//249 296//340 295//247
f 295//247 297//341 299//248
f 303//252 301//342 300//250
f 300//250 302//343 304//251
f 389//255 387//344 386//253
f 386//253 388//345 390//254
f 394//258 392//346 391//256
f 391//256 393//347 395//257
f 399//261 397//348 396//259
f 396//259 398//349 400//260
f 404//264 402//350 401//262
f 401//262 403//351 405//263
f 409//267 407//352 406//265
f 406//265 408//353 410//266
f 414//270 412//354 411//268
f 411//268 413//355 415//269
f 419//273 417//356 416//271
f 416//271 418//357 420//272
f 424//276 422//358 421//274
f 421//274 423//359 425//275
f 429//279 427//360 426//277
f 426//277 428//361 430//278
f 434//282 432//362 431//280
f 431//280 433//363 435//281
f 439//285 437//364 436//283
f 436//283 438//365 440//284
f 444//288 442//366 441//286
f 441//286 443//367 445//287
f 449//291 447//368 446//289
f 446//289 448//369 450//290
usemtl Core01.001
f 58//370 74//370 79//370
f 59//371 75//371 81//371
f 60//372 76//372 82//372
f 61//373 77//373 83//373
f 62//374 78//374 80//374
f 80//375 83//375 63//375
f 80//376 78//376 83//376
f 78//377 61//377 83//377
f 83//378 82//378 63//378
f 83//379 77//379 82//379
f 77//380 60//380 82//380
f 82//381 81//381 63//381
f 82//382 76//382 81//382
f 76//383 59//383 81//383
f 81//384 79//384 63//384
f 81//385 75//385 79//385
f 75//386 58//386 79//386
f 79//387 80//387 63//387
f 79//388 74//388 80//388
f 74//389 62//389 80//389
f 65//390 78//390 62//390
f 65//391 72//391 78//391
f 72//392 61//392 78//392
f 73//393 77//393 61//393
f 73//394 70//394 77//394
f 70//395 60//395 77//395
f 71//396 76//396 60//396
f 71//397 68//397 76//397
f 68//398 59//398 76//398
f 69//399 75//399 59//399
f 69//400 66//400 75//400
f 66//401 58//401 75//401
f 67//402 74//402 58//402
f 67//403 64//403 74//403
f 64//404 62//404 74//404
f 72//405 73//405 61//405
f 70//406 71//406 60//406
f 68//407 69//407 59//407
f 66//408 67//408 58//408
f 64//409 65//409 62//409
s 0
f 71//73 90//73 91//73
f 64//73 87//73 84//73
f 66//73 89//73 86//73
f 69//73 88//73 89//73
f 68//73 91//73 88//73
f 70//73 93//73 90//73
f 72//73 85//73 92//73
f 67//73 86//73 87//73
f 73//73 92//73 93//73
f 65//73 84//73 85//73
s 1
f 204//410 220//410 225//410
f 205//411 221//411 227//411
f 206//412 222//412 228//412
f 207//413 223//413 229//413
f 208//414 224//414 226//414
f 226//415 229//415 209//415
f 226//416 224//416 229//416
f 224//417 207//417 229//417
f 229//418 228//418 209//418
f 229//419 223//419 228//419
f 223//420 206//420 228//420
f 228//421 227//421 209//421
f 228//422 222//422 227//422
f 222//423 205//423 227//423
f 227//424 225//424 209//424
f 227//425 221//425 225//425
f 221//426 204//426 225//426
f 225//427 226//427 209//427
f 225//428 220//428 226//428
f 220//429 208//429 226//429
f 211//430 224//430 208//430
f 211//431 218//431 224//431
f 218//432 207//432 224//432
f 219//433 223//433 207//433
f 219//434 216//434 223//434
f 216//435 206//435 223//435
f 217//436 222//436 206//436
f 217//437 214//437 222//437
f 214//438 205//438 222//438
f 215//439 221//439 205//439
f 215//440 212//440 221//440
f 212//441 204//441 221//441
f 213//442 220//442 204//442
f 213//443 210//443 220//443
f 210//444 208//444 220//444
f 218//445 219//445 207//445
f 216//446 217//446 206//446
f 214//447 215//447 205//447
f 212//448 213//448 204//448
f 210//449 211//449 208//449
s 0
f 217//73 236//73 237//73
f 210//73 233//73 230//73
f 212//73 235//73 232//73
f 215//73 234//73 235//73
f 214//73 237//73 234//73
f 216//73 239//73 236//73
f 218//73 231//73 238//73
f 213//73 232//73 233//73
f 219//73 238//73 239//73
f 211//73 230//73 231//73
s 1
f 350//450 366//450 371//450
f 351//451 367//451 373//451
f 352//452 368//452 374//452
f 353//453 369//453 375//453
f 354//454 370//454 372//454
f 372//455 375//455 355//455
f 372//456 370//456 375//456
f 370//457 353//457 375//457
f 375//458 374//458 355//458
f 375//459 369//459 374//459
f 369//460 352//460 374//460
f 374//461 373//461 355//461
f 374//462 368//462 373//462
f 368//463 351//463 373//463
f 373//464 371//464 355//464
f 373//465 367//465 371//465
f 367//466 350//466 371//466
f 371//467 372//467 355//467
f 371//468 366//468 372//468
f 366//469 354//469 372//469
f 357//470 370//470 354//470
f 357//471 364//471 370//471
f 364//472 353//472 370//472
f 365//473 369//473 353//473
f 365//474 362//474 369//474
f 362//475 352//475 369//475
f 363//476 368//476 352//476
f 363//477 360//477 368//477
f 360//478 351//478 368//478
f 361//479 367//479 351//479
f 361//480 358//480 367//480
f 358//481 350//481 367//481
f 359//482 366//482 350//482
f 359//483 356//483 366//483
f 356//484 354//484 366//484
f 364//485 365//485 353//485
f 362//486 363//486 352//486
f 360//487 361//487 351//487
f 358//488 359//488 350//488
f 356//489 357//489 354//489
s 0
f 363//73 382//73 383//73
f 356//73 379//73 376//73
f 358//73 381//73 378//73
f 361//73 380//73 381//73
f 360//73 383//73 380//73
f 362//73 385//73 382//73
f 364//73 377//73 384//73
f 359//73 378//73 379//73
f 365//73 384//73 385//73
f 357//73 376//73 377//73
f 71//73 70//73 90//73
f 64//73 67//73 87//73
f 66//73 69//73 89//73
f 69//73 68//73 88//73
f 68//73 71//73 91//73
f 70//73 73//73 93//73
f 72//73 65//73 85//73
f 67//73 66//73 86//73
f 73//73 72//73 92//73
f 65//73 64//73 84//73
f 217//73 216//73 236//73
f 210//73 213//73 233//73
f 212//73 215//73 235//73
f 215//73 214//73 234//73
f 214//73 217//73 237//73
f 216//73 219//73 239//73
f 218//73 211//73 231//73
f 213//73 212//73 232//73
f 219//73 218//73 238//73
f 211//73 210//73 230//73
f 363//73 362//73 382//73
f 356//73 359//73 379//73
f 358//73 361//73 381//73
f 361//73 360//73 380//73
f 360//73 363//73 383//73
f 362//73 365//73 385//73
f 364//73 357//73 377//73
f 359//73 358//73 378//73
f 365//73 364//73 384//73
f 357//73 356//73 376//73
o Flower02
v -0.008396 -0.019359 -0.854233
v -0.013655 0.069092 -0.860468
v -0.000569 -0.019359 -0.840676
v -0.007395 0.069092 -0.849625
v -0.016222 -0.019359 -0.840676
v -0.019915 0.069092 -0.849625
v -0.008396 0.157135 -0.857731
v -0.003802 0.157135 -0.849774
v -0.012990 0.157135 -0.849774
v -0.008072 0.162463 -0.862507
v -0.001884 0.162229 -0.860226
v -0.018436 0.159616 -0.856025
v -0.014394 0.161465 -0.860902
v -0.014964 0.156248 -0.844443
v -0.018654 0.157624 -0.849738
v -0.006569 0.159141 -0.845088
v -0.014535 0.159442 -0.848024
v -0.014255 0.162007 -0.856117
v -0.006116 0.163292 -0.858183
v -0.001366 0.161520 -0.851367
v -0.008863 0.164856 -0.850569
v -0.002454 0.157012 -0.843768
v -0.008776 0.156014 -0.842162
v 0.001805 0.160853 -0.854932
v 0.001588 0.158860 -0.848645
v -0.007720 0.150213 -0.855171
v 0.001409 0.155783 -0.853089
v -0.004868 0.158124 -0.862097
v -0.015624 0.156427 -0.859367
v -0.015995 0.153036 -0.848671
v -0.005468 0.152639 -0.844792
v -0.000754 0.157740 -0.849924
v -0.000589 0.159248 -0.854681
v -0.008596 0.155586 -0.845019
v -0.003812 0.156341 -0.846233
v -0.016070 0.156804 -0.850751
v -0.013278 0.155763 -0.846744
v -0.012847 0.159711 -0.859199
v -0.015905 0.158312 -0.855508
v -0.003381 0.160289 -0.858687
v -0.008063 0.160466 -0.860413
v -0.003201 0.160735 -0.847439
v -0.010942 0.159513 -0.845474
v -0.015460 0.161198 -0.851957
v -0.010511 0.163461 -0.857929
v -0.002935 0.163175 -0.855137
v -0.007608 0.162696 -0.846971
v -0.004550 0.164094 -0.850661
v -0.012290 0.162872 -0.848696
v -0.012126 0.164380 -0.853453
v -0.007342 0.165136 -0.854668
v -0.001960 0.158282 -0.848455
v 0.021782 0.160755 -0.844729
v -0.001735 0.160330 -0.854935
v 0.022140 0.164019 -0.855059
v 0.026829 0.162096 -0.847921
v 0.026948 0.163184 -0.851364
v -0.003915 0.157569 -0.846457
v 0.017046 0.157463 -0.834407
v -0.001182 0.159629 -0.852333
v 0.021403 0.160746 -0.843773
v 0.023008 0.158281 -0.835529
v 0.024460 0.159375 -0.838651
v -0.006521 0.157010 -0.845329
v 0.008605 0.154363 -0.826653
v -0.001665 0.158778 -0.849747
v 0.016347 0.157181 -0.833696
v 0.014624 0.154485 -0.825548
v 0.017204 0.155424 -0.827896
v -0.009392 0.156754 -0.845224
v -0.002289 0.152230 -0.822559
v -0.003121 0.157975 -0.847552
v 0.007708 0.154176 -0.826270
v 0.002917 0.151642 -0.819395
v 0.006249 0.152291 -0.820632
v -0.012237 0.157001 -0.846178
v -0.014624 0.152086 -0.822574
v -0.005457 0.157481 -0.845973
v -0.003816 0.152852 -0.822248
v -0.011068 0.150979 -0.817716
v -0.007466 0.151234 -0.817607
v -0.014591 0.157326 -0.848337
v -0.026650 0.152055 -0.828054
v -0.008441 0.156905 -0.845468
v -0.016846 0.151383 -0.823479
v -0.025457 0.150340 -0.822300
v -0.022189 0.150116 -0.820775
v -0.015790 0.158045 -0.850922
v -0.034881 0.154104 -0.836618
v -0.011185 0.156876 -0.846057
v -0.027540 0.152240 -0.828864
v -0.036051 0.152220 -0.830913
v -0.033604 0.151599 -0.828328
v -0.015883 0.158883 -0.853733
v -0.039157 0.157008 -0.847498
v -0.013511 0.157139 -0.847604
v -0.035375 0.154227 -0.837728
v -0.042510 0.155208 -0.842703
v -0.041249 0.154281 -0.839447
v -0.014869 0.159810 -0.856310
v -0.038894 0.160781 -0.858859
v -0.015068 0.157759 -0.849830
v -0.039211 0.157510 -0.848530
v -0.043924 0.159384 -0.855665
v -0.044030 0.158294 -0.852221
v -0.012888 0.160637 -0.858312
v -0.034111 0.164613 -0.869220
v -0.015642 0.158581 -0.852445
v -0.038501 0.161337 -0.859867
v -0.040079 0.163833 -0.868108
v -0.041542 0.162741 -0.864990
v -0.010228 0.161162 -0.859456
v -0.025451 0.167567 -0.877114
v -0.015133 0.159405 -0.855087
v -0.033270 0.164768 -0.870149
v -0.031460 0.167464 -0.878278
v -0.034066 0.166531 -0.875956
v -0.007330 0.161489 -0.859496
v -0.014422 0.170074 -0.880987
v -0.013637 0.160300 -0.857251
v -0.024476 0.168178 -0.877409
v -0.019588 0.170754 -0.884198
v -0.022940 0.170122 -0.883006
v -0.004513 0.161261 -0.858527
v -0.002139 0.170286 -0.880815
v -0.011292 0.160816 -0.858813
v -0.012946 0.169577 -0.881270
v -0.005638 0.171499 -0.885689
v -0.009240 0.171263 -0.885841
v -0.002236 0.160836 -0.856436
v 0.009516 0.169810 -0.875566
v -0.008389 0.161256 -0.859301
v -0.000291 0.170480 -0.880132
v 0.008319 0.171525 -0.881318
v 0.005050 0.171748 -0.882840
v -0.001019 0.160220 -0.853610
v 0.018088 0.168354 -0.866094
v -0.005501 0.161447 -0.858574
v 0.010943 0.170309 -0.874007
v 0.019393 0.170374 -0.871723
v 0.017011 0.171025 -0.874361
v -0.000959 0.159209 -0.850942
v 0.022128 0.164561 -0.855730
v -0.003239 0.160967 -0.857102
v 0.018494 0.167363 -0.865550
v 0.025557 0.166323 -0.860484
v 0.024346 0.167257 -0.863757
v -0.000907 0.153328 -0.848345
v -0.011136 0.151714 -0.845748
v -0.017106 0.153940 -0.854315
v -0.010566 0.156931 -0.862206
v -0.000554 0.156553 -0.858517
v -0.006272 0.150054 -0.849568
v -0.002230 0.151902 -0.854446
v -0.012460 0.150288 -0.851849
v -0.012242 0.152280 -0.858135
v -0.005920 0.153278 -0.859740
v 0.051799 -0.010160 -0.925271
v 0.047476 0.081926 -0.930265
v 0.059093 -0.010160 -0.912639
v 0.052679 0.081926 -0.921253
v 0.044506 -0.010160 -0.912639
v 0.042273 0.081926 -0.921253
v 0.051799 0.154301 -0.927688
v 0.055350 0.154301 -0.921538
v 0.048249 0.154301 -0.921538
v 0.052038 0.154916 -0.933197
v 0.057793 0.154636 -0.931049
v 0.042398 0.156701 -0.926819
v 0.046158 0.155705 -0.931582
v 0.045626 0.157860 -0.915638
v 0.042195 0.157524 -0.920729
v 0.053742 0.158695 -0.917140
v 0.046334 0.159056 -0.919906
v 0.046595 0.157996 -0.927746
v 0.054165 0.156980 -0.929826
v 0.058582 0.157412 -0.923271
v 0.052241 0.161677 -0.924059
v 0.057260 0.156791 -0.915105
v 0.051380 0.157580 -0.913489
v 0.061223 0.154971 -0.925957
v 0.061020 0.155795 -0.919867
v 0.050855 0.147524 -0.922193
v 0.060179 0.151533 -0.922423
v 0.054343 0.150962 -0.931085
v 0.044339 0.152304 -0.928337
v 0.043993 0.153704 -0.917976
v 0.053783 0.153228 -0.914321
v 0.058640 0.154733 -0.920558
v 0.058794 0.154110 -0.925166
v 0.051346 0.156084 -0.915732
v 0.055795 0.155487 -0.916955
v 0.044395 0.156042 -0.921211
v 0.046991 0.156296 -0.917358
v 0.047394 0.154665 -0.929423
v 0.044549 0.155419 -0.925819
v 0.056198 0.153856 -0.929019
v 0.051843 0.154068 -0.930645
v 0.056964 0.158577 -0.919682
v 0.049764 0.159542 -0.917704
v 0.045564 0.159131 -0.923938
v 0.050167 0.157912 -0.929769
v 0.057213 0.157569 -0.927138
v 0.053236 0.161083 -0.920145
v 0.056082 0.160329 -0.923749
v 0.048882 0.161295 -0.921771
v 0.049036 0.160672 -0.926379
v 0.053485 0.160075 -0.927602
v 0.057684 0.155946 -0.919554
v 0.080035 0.155718 -0.916877
v 0.057893 0.155092 -0.925829
v 0.080368 0.154358 -0.926880
v 0.084721 0.154798 -0.919995
v 0.084832 0.154344 -0.923329
v 0.055876 0.156437 -0.917627
v 0.075678 0.157742 -0.906961
v 0.058418 0.155434 -0.923343
v 0.079732 0.156143 -0.916074
v 0.081223 0.157048 -0.908105
v 0.082574 0.156515 -0.911143
v 0.053452 0.156821 -0.916509
v 0.067826 0.159508 -0.899369
v 0.057969 0.155809 -0.920834
v 0.075027 0.157894 -0.906265
v 0.073423 0.159093 -0.898358
v 0.075824 0.158555 -0.900656
v 0.050782 0.157101 -0.916380
v 0.057694 0.161041 -0.895301
v 0.056615 0.156224 -0.918695
v 0.066992 0.159644 -0.898991
v 0.062536 0.160964 -0.892288
v 0.065635 0.160498 -0.893518
v 0.048162 0.157382 -0.917342
v 0.046346 0.162855 -0.895515
v 0.054469 0.156795 -0.917216
v 0.056401 0.161919 -0.895313
v 0.049674 0.163265 -0.890901
v 0.053025 0.162953 -0.890834
v 0.045947 0.157183 -0.919344
v 0.035039 0.162588 -0.900386
v 0.051666 0.156982 -0.916625
v 0.044156 0.162267 -0.896051
v 0.036147 0.163213 -0.894826
v 0.039186 0.163106 -0.893381
v 0.044833 0.156964 -0.921835
v 0.027385 0.162254 -0.908600
v 0.049115 0.157160 -0.917170
v 0.034211 0.162567 -0.901162
v 0.026296 0.163091 -0.903064
v 0.028572 0.163195 -0.900585
v 0.044740 0.156582 -0.924542
v 0.023381 0.161108 -0.919023
v 0.046946 0.157142 -0.918628
v 0.026897 0.162002 -0.909596
v 0.020258 0.162004 -0.914335
v 0.021430 0.162302 -0.911193
v 0.045689 0.156190 -0.927062
v 0.023656 0.159784 -0.930099
v 0.045503 0.157036 -0.920785
v 0.023360 0.161133 -0.920093
v 0.018977 0.160656 -0.926956
v 0.018878 0.161106 -0.923621
v 0.047538 0.155787 -0.929037
v 0.028136 0.158188 -0.940257
v 0.044977 0.156794 -0.923330
v 0.024053 0.159793 -0.931160
v 0.022591 0.158910 -0.939136
v 0.021229 0.159445 -0.936104
v 0.050007 0.155360 -0.930154
v 0.036160 0.156211 -0.947906
v 0.045444 0.156371 -0.925875
v 0.028887 0.157823 -0.941085
v 0.030572 0.156617 -0.948975
v 0.028148 0.157154 -0.946701
v 0.052715 0.155161 -0.930255
v 0.046483 0.155054 -0.951931
v 0.046850 0.156037 -0.928024
v 0.037134 0.156450 -0.948374
v 0.041690 0.155183 -0.955020
v 0.038574 0.155648 -0.953834
v 0.055313 0.154905 -0.929288
v 0.057801 0.153366 -0.951612
v 0.049007 0.155490 -0.929497
v 0.047750 0.154299 -0.951945
v 0.054541 0.153028 -0.956280
v 0.051191 0.153339 -0.956391
v 0.057438 0.155008 -0.927306
v 0.068681 0.153180 -0.946745
v 0.051717 0.155210 -0.930021
v 0.059560 0.153502 -0.951073
v 0.067568 0.152555 -0.952304
v 0.064528 0.152663 -0.953747
v 0.058597 0.155404 -0.924651
v 0.076781 0.154307 -0.937990
v 0.054431 0.155197 -0.929421
v 0.070140 0.153977 -0.945593
v 0.078017 0.153591 -0.943512
v 0.075804 0.153481 -0.946046
v 0.058625 0.155592 -0.921998
v 0.080408 0.154549 -0.927659
v 0.056506 0.155015 -0.927942
v 0.077029 0.153630 -0.937133
v 0.083597 0.153625 -0.932296
v 0.082471 0.153319 -0.935454
v 0.057907 0.151702 -0.917499
v 0.048393 0.152978 -0.914886
v 0.042841 0.152435 -0.923124
v 0.048925 0.150823 -0.930829
v 0.058236 0.150370 -0.927353
v 0.052426 0.149345 -0.917364
v 0.056186 0.148349 -0.922126
v 0.046672 0.149625 -0.919512
v 0.046875 0.148802 -0.925602
v 0.052755 0.148013 -0.927218
v -0.041588 -0.012181 -0.940705
v -0.039035 0.061522 -0.947004
v -0.048540 -0.012181 -0.929668
v -0.044595 0.061522 -0.938177
v -0.054622 -0.012181 -0.941207
v -0.049460 0.061522 -0.947406
v -0.039009 0.134886 -0.942064
v -0.043089 0.134886 -0.935586
v -0.046659 0.134886 -0.942359
v -0.037588 0.134189 -0.946367
v -0.034549 0.135760 -0.942062
v -0.048037 0.134085 -0.946804
v -0.042740 0.133549 -0.948178
v -0.051690 0.137494 -0.937616
v -0.051456 0.135592 -0.942769
v -0.045214 0.140103 -0.935107
v -0.049127 0.138080 -0.940649
v -0.044726 0.136141 -0.945843
v -0.038093 0.136965 -0.943511
v -0.038395 0.139413 -0.936876
v -0.043094 0.141243 -0.941541
v -0.043499 0.139704 -0.931500
v -0.048651 0.139065 -0.933311
v -0.034783 0.137662 -0.936909
v -0.038202 0.139169 -0.932874
v -0.043160 0.129210 -0.937104
v -0.036905 0.134992 -0.933963
v -0.036506 0.131756 -0.942731
v -0.045271 0.130668 -0.945812
v -0.051088 0.133231 -0.938948
v -0.045917 0.135903 -0.931625
v -0.039404 0.137554 -0.934201
v -0.036817 0.136414 -0.937254
v -0.047311 0.137475 -0.934532
v -0.043412 0.137959 -0.933162
v -0.049433 0.134847 -0.941689
v -0.049610 0.136286 -0.937789
v -0.042838 0.133302 -0.945781
v -0.046846 0.133707 -0.944742
v -0.036640 0.134975 -0.941154
v -0.038939 0.133786 -0.944411
v -0.041573 0.140483 -0.935381
v -0.047881 0.139699 -0.937598
v -0.047594 0.137371 -0.943908
v -0.041109 0.136715 -0.945591
v -0.037388 0.138638 -0.940321
v -0.044335 0.141558 -0.938123
v -0.040327 0.141153 -0.939163
v -0.046635 0.140369 -0.941380
v -0.044048 0.139230 -0.944433
v -0.040150 0.139714 -0.943063
v -0.040772 0.138470 -0.934254
v -0.026139 0.144493 -0.921810
v -0.037249 0.136913 -0.938410
v -0.020523 0.142011 -0.928434
v -0.021043 0.144496 -0.921596
v -0.019171 0.143669 -0.923804
v -0.043133 0.138687 -0.933856
v -0.034677 0.146471 -0.917309
v -0.038210 0.137692 -0.936480
v -0.026830 0.144886 -0.921491
v -0.030023 0.147170 -0.915343
v -0.027407 0.146642 -0.916738
v -0.045499 0.138537 -0.934295
v -0.044476 0.146990 -0.916036
v -0.039885 0.138247 -0.934998
v -0.035525 0.146528 -0.917157
v -0.040940 0.148245 -0.912581
v -0.037957 0.148091 -0.912954
v -0.047514 0.138094 -0.935528
v -0.054043 0.146216 -0.918286
v -0.042021 0.138548 -0.934215
v -0.045287 0.146940 -0.916193
v -0.052133 0.147843 -0.913845
v -0.049215 0.148085 -0.913147
v -0.048926 0.137511 -0.937518
v -0.062295 0.144754 -0.924237
v -0.044400 0.138680 -0.934316
v -0.055080 0.146618 -0.919133
v -0.062365 0.146624 -0.919492
v -0.059960 0.147245 -0.917791
v -0.049445 0.136480 -0.939932
v -0.067820 0.140886 -0.932942
v -0.046738 0.138189 -0.935257
v -0.063504 0.143610 -0.925490
v -0.069998 0.142492 -0.928618
v -0.068559 0.143400 -0.926134
v -0.048919 0.135650 -0.942174
v -0.068986 0.137439 -0.942304
v -0.048304 0.137596 -0.936889
v -0.068006 0.140541 -0.933878
v -0.072752 0.138647 -0.939083
v -0.072426 0.139681 -0.936275
v -0.047529 0.134919 -0.944049
v -0.066284 0.133947 -0.951317
v -0.049097 0.136808 -0.938942
v -0.068784 0.136958 -0.943177
v -0.071073 0.134553 -0.949671
v -0.071907 0.135556 -0.946958
v -0.045488 0.134479 -0.945300
v -0.060158 0.131327 -0.958745
v -0.048994 0.136036 -0.941130
v -0.065747 0.133809 -0.952098
v -0.065255 0.131289 -0.958925
v -0.067118 0.132116 -0.956710
v -0.043085 0.134341 -0.945736
v -0.051462 0.129707 -0.963475
v -0.048017 0.135332 -0.943129
v -0.059324 0.131288 -0.959319
v -0.056109 0.129028 -0.965465
v -0.058730 0.129555 -0.964079
v -0.040682 0.134466 -0.945264
v -0.041484 0.129047 -0.964652
v -0.046304 0.134736 -0.944615
v -0.050446 0.129477 -0.963618
v -0.044981 0.127779 -0.968141
v -0.047969 0.127923 -0.967796
v -0.038665 0.134991 -0.944014
v -0.031852 0.130194 -0.962382
v -0.044137 0.134516 -0.945402
v -0.040576 0.129437 -0.964593
v -0.033694 0.128613 -0.966867
v -0.036602 0.128361 -0.967604
v -0.037274 0.135590 -0.942039
v -0.023693 0.131770 -0.956403
v -0.041756 0.134409 -0.945298
v -0.030837 0.129886 -0.961598
v -0.023556 0.129971 -0.961174
v -0.025937 0.129343 -0.962905
v -0.036796 0.136513 -0.939655
v -0.018411 0.135144 -0.947781
v -0.039507 0.134805 -0.944328
v -0.022733 0.132420 -0.955230
v -0.016236 0.133537 -0.952106
v -0.017677 0.132629 -0.954589
v -0.037399 0.137527 -0.937322
v -0.017313 0.139453 -0.938034
v -0.037875 0.135588 -0.942624
v -0.018072 0.136361 -0.946487
v -0.013465 0.138387 -0.941207
v -0.013717 0.137356 -0.944024
v -0.038782 0.138070 -0.935464
v -0.020116 0.142072 -0.929023
v -0.037134 0.136186 -0.940548
v -0.017490 0.139069 -0.937126
v -0.015302 0.141466 -0.930594
v -0.014426 0.140465 -0.933295
v -0.041111 0.135241 -0.931557
v -0.049447 0.134205 -0.934487
v -0.049068 0.131128 -0.942826
v -0.040497 0.130261 -0.945049
v -0.035580 0.132803 -0.938085
v -0.044787 0.131842 -0.933403
v -0.039491 0.131306 -0.934777
v -0.047827 0.130271 -0.937707
v -0.044408 0.128764 -0.941742
v -0.039256 0.129404 -0.939931
vn 0.8659 0.0162 -0.4999
vn -0.0000 0.1007 0.9949
vn -0.8641 0.0671 -0.4989
vn -0.8628 -0.0864 -0.4981
vn -0.0000 0.0017 1.0000
vn 0.8655 -0.0362 -0.4997
vn 0.9972 -0.0739 0.0110
vn 0.2845 -0.4001 0.8712
vn -0.8070 -0.3586 0.4692
vn -0.7686 -0.0073 -0.6397
vn 0.3465 0.1687 -0.9227
vn 0.8912 -0.3890 0.2334
vn 0.7849 -0.3254 0.5272
vn 0.5673 -0.5372 0.6241
vn -0.0277 -0.6312 0.7751
vn -0.3162 -0.4992 0.8067
vn -0.5232 -0.6123 0.5928
vn -0.8707 -0.4827 0.0941
vn -0.9588 -0.2594 -0.1155
vn -0.8532 -0.3233 -0.4094
vn -0.4727 -0.1492 -0.8685
vn -0.2548 0.0624 -0.9650
vn 0.0336 -0.0694 -0.9970
vn 0.6161 -0.0912 -0.7824
vn 0.8229 0.0219 -0.5677
vn 0.9116 -0.2014 -0.3583
vn 0.7292 -0.6843 0.0018
vn 0.5034 -0.8592 0.0916
vn 0.3051 -0.9464 -0.1057
vn 0.0653 -0.8821 0.4665
vn -0.1292 -0.9590 0.2522
vn -0.0302 -0.9993 -0.0206
vn -0.6164 -0.7874 -0.0048
vn -0.4983 -0.8214 -0.2776
vn -0.2259 -0.9264 -0.3014
vn -0.3740 -0.5309 -0.7605
vn -0.0939 -0.6363 -0.7657
vn -0.0115 -0.8283 -0.5602
vn 0.4576 -0.4673 -0.7565
vn 0.5252 -0.6597 -0.5375
vn 0.3170 -0.8406 -0.4392
vn 0.7414 -0.5730 -0.3494
vn 0.1120 -0.4542 -0.8838
vn -0.5997 -0.6341 -0.4881
vn -0.4102 -0.8643 0.2910
vn 0.4184 -0.8264 0.3769
vn 0.8659 0.0135 -0.5000
vn -0.0000 0.0931 0.9957
vn -0.8639 0.0694 -0.4988
vn -0.8640 0.0694 -0.4987
vn -0.8640 -0.0676 -0.4989
vn -0.0000 0.0039 1.0000
vn 0.8655 -0.0339 -0.4997
vn 0.8655 -0.0339 -0.4998
vn 0.9712 -0.2297 0.0634
vn 0.2596 -0.0411 0.9648
vn -0.8296 0.0119 0.5583
vn -0.7911 -0.1438 -0.5946
vn 0.3218 -0.2933 -0.9002
vn 0.8268 -0.4002 0.3952
vn 0.7475 -0.2026 0.6326
vn 0.5037 -0.3145 0.8046
vn -0.0905 -0.2350 0.9678
vn -0.3517 -0.0554 0.9345
vn -0.5849 -0.2108 0.7833
vn -0.9316 -0.2448 0.2688
vn -0.9929 -0.1180 -0.0172
vn -0.9141 -0.3156 -0.2547
vn -0.5342 -0.4163 -0.7357
vn -0.2901 -0.3043 -0.9073
vn -0.0289 -0.4840 -0.8746
vn 0.5524 -0.5123 -0.6575
vn 0.7856 -0.3566 -0.5057
vn 0.8473 -0.4834 -0.2199
vn 0.6074 -0.7333 0.3054
vn 0.3612 -0.8138 0.4554
vn 0.1417 -0.9406 0.3086
vn -0.0553 -0.6038 0.7952
vn -0.2704 -0.7293 0.6286
vn -0.1931 -0.8957 0.4006
vn -0.7356 -0.6009 0.3127
vn -0.6386 -0.7651 0.0821
vn -0.3885 -0.9148 0.1107
vn -0.4935 -0.7285 -0.4752
vn -0.2350 -0.8720 -0.4293
vn -0.1745 -0.9715 -0.1605
vn 0.3366 -0.8103 -0.4797
vn 0.3831 -0.9021 -0.1986
vn 0.1533 -0.9874 -0.0381
vn 0.6196 -0.7826 -0.0596
vn -0.0084 -0.7938 -0.6082
vn -0.7189 -0.6688 -0.1898
vn -0.5299 -0.5807 0.6181
vn 0.2972 -0.6511 0.6983
vn 0.8460 0.0162 0.5329
vn -0.8801 0.1007 0.4639
vn 0.0384 0.0671 -0.9970
vn 0.0385 0.0671 -0.9970
vn 0.0384 -0.0864 -0.9955
vn 0.0383 -0.0864 -0.9955
vn -0.8846 0.0017 0.4663
vn 0.8456 -0.0362 0.5326
vn 0.7747 0.0769 0.6277
vn -0.3465 0.1902 0.9186
vn -0.9898 -0.1421 0.0075
vn -0.2662 -0.4608 -0.8466
vn 0.8243 -0.3255 -0.4631
vn 0.4919 -0.0734 0.8675
vn 0.2611 0.1275 0.9569
vn -0.0172 -0.0219 0.9996
vn -0.5992 -0.0942 0.7950
vn -0.8158 -0.0063 0.5782
vn -0.8913 -0.2450 0.3814
vn -0.8648 -0.4601 -0.2010
vn -0.7668 -0.4038 -0.4989
vn -0.5362 -0.6049 -0.5886
vn 0.0622 -0.6655 -0.7438
vn 0.3404 -0.5159 -0.7861
vn 0.5572 -0.6039 -0.5699
vn 0.9007 -0.4263 -0.0835
vn 0.9757 -0.1875 0.1135
vn 0.8781 -0.2437 0.4117
vn 0.4185 -0.4658 0.7797
vn 0.1464 -0.5897 0.7943
vn 0.0749 -0.7968 0.5996
vn -0.4155 -0.4594 0.7851
vn -0.4722 -0.6666 0.5768
vn -0.2534 -0.8375 0.4841
vn -0.6803 -0.7317 0.0424
vn -0.4442 -0.8949 -0.0421
vn -0.2381 -0.9586 0.1563
vn -0.0098 -0.9065 -0.4220
vn 0.1920 -0.9593 -0.2072
vn 0.0991 -0.9927 0.0688
vn 0.6693 -0.7422 0.0339
vn 0.5570 -0.7706 0.3098
vn 0.2926 -0.8927 0.3428
vn 0.6476 -0.5668 0.5092
vn 0.4655 -0.8476 -0.2548
vn -0.3649 -0.8708 -0.3296
vn -0.6960 -0.6042 0.3880
vn -0.0702 -0.4164 0.9065
vn 0.8659 0.0135 -0.4999
vn -0.1201 0.9571 0.2636
vn -0.1132 0.9469 0.3009
vn -0.1410 0.9453 0.2943
vn -0.1131 0.9625 0.2465
vn -0.1211 0.9513 0.2833
vn -0.1446 0.9527 0.2672
vn -0.0902 0.9673 0.2369
vn -0.1121 0.9569 0.2679
vn -0.1280 0.9612 0.2446
vn -0.0653 0.9696 0.2360
vn -0.0977 0.9615 0.2567
vn -0.1036 0.9678 0.2295
vn -0.0425 0.9746 0.2197
vn -0.0810 0.9706 0.2267
vn -0.0756 0.9770 0.1995
vn -0.0201 0.9645 0.2632
vn -0.0585 0.9654 0.2543
vn -0.0421 0.9718 0.2319
vn -0.0098 0.9583 0.2858
vn -0.0419 0.9637 0.2638
vn -0.0179 0.9683 0.2491
vn -0.0142 0.9498 0.3126
vn -0.0353 0.9591 0.2807
vn -0.0073 0.9612 0.2759
vn -0.0180 0.9429 0.3327
vn -0.0251 0.9549 0.2959
vn 0.0029 0.9535 0.3015
vn -0.0292 0.9354 0.3523
vn -0.0212 0.9485 0.3160
vn 0.0024 0.9435 0.3313
vn -0.0585 0.9311 0.3600
vn -0.0365 0.9433 0.3298
vn -0.0203 0.9357 0.3522
vn -0.0778 0.9250 0.3720
vn -0.0451 0.9348 0.3522
vn -0.0393 0.9248 0.3783
vn -0.1088 0.9327 0.3438
vn -0.0704 0.9386 0.3378
vn -0.0759 0.9283 0.3639
vn -0.1281 0.9340 0.3335
vn -0.0899 0.9350 0.3430
vn -0.1060 0.9252 0.3643
vn -0.1572 0.9319 0.3269
vn -0.1259 0.9282 0.3502
vn -0.1498 0.9197 0.3630
vn -0.1391 0.9482 0.2855
vn -0.1185 0.9406 0.3182
vn -0.1464 0.9355 0.3216
vn 0.0506 0.9849 -0.1658
vn 0.0576 0.9902 -0.1273
vn 0.0297 0.9906 -0.1334
vn 0.0575 0.9814 -0.1833
vn 0.0496 0.9881 -0.1453
vn 0.0259 0.9866 -0.1612
vn 0.0802 0.9778 -0.1935
vn 0.0586 0.9851 -0.1615
vn 0.0425 0.9819 -0.1848
vn 0.1053 0.9752 -0.1948
vn 0.0730 0.9822 -0.1733
vn 0.0668 0.9774 -0.2007
vn 0.1276 0.9691 -0.2111
vn 0.0895 0.9749 -0.2040
vn 0.0944 0.9683 -0.2312
vn 0.1503 0.9745 -0.1669
vn 0.1123 0.9779 -0.1762
vn 0.1283 0.9716 -0.1989
vn 0.1606 0.9765 -0.1435
vn 0.1287 0.9776 -0.1666
vn 0.1524 0.9716 -0.1813
vn 0.1563 0.9809 -0.1159
vn 0.1353 0.9795 -0.1491
vn 0.1630 0.9746 -0.1536
vn 0.1524 0.9838 -0.0947
vn 0.1455 0.9803 -0.1333
vn 0.1731 0.9767 -0.1269
vn 0.1411 0.9872 -0.0741
vn 0.1493 0.9824 -0.1123
vn 0.1726 0.9803 -0.0959
vn 0.1119 0.9915 -0.0659
vn 0.1341 0.9861 -0.0980
vn 0.1496 0.9860 -0.0740
vn 0.0926 0.9943 -0.0529
vn 0.1253 0.9893 -0.0742
vn 0.1307 0.9903 -0.0462
vn 0.0618 0.9947 -0.0825
vn 0.1004 0.9909 -0.0895
vn 0.0946 0.9936 -0.0616
vn 0.0426 0.9948 -0.0928
vn 0.0809 0.9932 -0.0839
vn 0.0644 0.9961 -0.0606
vn 0.0132 0.9950 -0.0986
vn 0.0446 0.9962 -0.0751
vn 0.0203 0.9980 -0.0605
vn 0.0316 0.9893 -0.1425
vn 0.0523 0.9926 -0.1092
vn 0.0241 0.9942 -0.1047
vn -0.0107 0.9173 -0.3980
vn -0.0282 0.9305 -0.3652
vn -0.0472 0.9218 -0.3848
vn 0.0055 0.9133 -0.4073
vn -0.0239 0.9234 -0.3831
vn -0.0334 0.9125 -0.4078
vn 0.0302 0.9149 -0.4026
vn -0.0068 0.9206 -0.3905
vn -0.0056 0.9091 -0.4166
vn 0.0512 0.9195 -0.3897
vn 0.0119 0.9201 -0.3914
vn 0.0237 0.9094 -0.4152
vn 0.0796 0.9177 -0.3892
vn 0.0440 0.9132 -0.4052
vn 0.0648 0.9041 -0.4224
vn 0.0713 0.9365 -0.3435
vn 0.0457 0.9272 -0.3719
vn 0.0727 0.9222 -0.3797
vn 0.0656 0.9451 -0.3201
vn 0.0533 0.9332 -0.3555
vn 0.0817 0.9320 -0.3531
vn 0.0453 0.9524 -0.3015
vn 0.0481 0.9397 -0.3387
vn 0.0737 0.9424 -0.3264
vn 0.0297 0.9573 -0.2876
vn 0.0470 0.9459 -0.3210
vn 0.0659 0.9515 -0.3004
vn 0.0081 0.9605 -0.2781
vn 0.0376 0.9523 -0.3029
vn 0.0469 0.9597 -0.2770
vn -0.0206 0.9574 -0.2881
vn 0.0165 0.9536 -0.3005
vn 0.0150 0.9618 -0.2732
vn -0.0440 0.9564 -0.2887
vn -0.0048 0.9579 -0.2871
vn -0.0169 0.9649 -0.2622
vn -0.0517 0.9431 -0.3285
vn -0.0162 0.9497 -0.3128
vn -0.0372 0.9550 -0.2943
vn -0.0611 0.9359 -0.3469
vn -0.0354 0.9470 -0.3192
vn -0.0624 0.9487 -0.3101
vn -0.0812 0.9266 -0.3671
vn -0.0700 0.9408 -0.3317
vn -0.0981 0.9376 -0.3337
vn -0.0401 0.9196 -0.3907
vn -0.0434 0.9341 -0.3543
vn -0.0688 0.9281 -0.3658
vn -0.1445 0.9449 0.2936
vn -0.0641 0.9522 0.2987
vn -0.1389 0.9117 0.3867
vn -0.1477 0.9528 0.2653
vn -0.0743 0.9513 0.2992
vn -0.1791 0.9184 0.3527
vn -0.1302 0.9616 0.2417
vn -0.0742 0.9513 0.2993
vn -0.1943 0.9305 0.3106
vn -0.1046 0.9685 0.2261
vn -0.0743 0.9513 0.2990
vn -0.1918 0.9446 0.2662
vn -0.0751 0.9777 0.1960
vn -0.0762 0.9587 0.2742
vn -0.1730 0.9644 0.2001
vn -0.0402 0.9726 0.2289
vn -0.0743 0.9514 0.2990
vn -0.1326 0.9721 0.1934
vn -0.0150 0.9689 0.2470
vn -0.0743 0.9514 0.2989
vn -0.0876 0.9796 0.1809
vn -0.0038 0.9614 0.2750
vn -0.0793 0.9502 0.3013
vn -0.0459 0.9812 0.1877
vn 0.0065 0.9533 0.3019
vn -0.0742 0.9513 0.2990
vn 0.0010 0.9784 0.2065
vn 0.0057 0.9430 0.3328
vn -0.0682 0.9511 0.3011
vn 0.0379 0.9693 0.2431
vn -0.0186 0.9347 0.3550
vn -0.0742 0.9514 0.2990
vn 0.0471 0.9576 0.2843
vn -0.0383 0.9235 0.3816
vn -0.0683 0.9481 0.3106
vn 0.0503 0.9391 0.3400
vn -0.0763 0.9270 0.3672
vn -0.0748 0.9538 0.2911
vn 0.0228 0.9319 0.3619
vn -0.1079 0.9239 0.3671
vn -0.0742 0.9514 0.2988
vn -0.0147 0.9164 0.4000
vn -0.1526 0.9185 0.3648
vn -0.0932 0.9438 0.3171
vn -0.0810 0.8992 0.4300
vn -0.1499 0.9347 0.3222
vn -0.1084 0.9067 0.4075
vn 0.0261 0.9906 -0.1340
vn 0.1066 0.9857 -0.1307
vn 0.0310 0.9989 -0.0350
vn 0.0228 0.9864 -0.1630
vn 0.0967 0.9868 -0.1301
vn -0.0094 0.9975 -0.0699
vn 0.0402 0.9814 -0.1876
vn 0.0967 0.9868 -0.1300
vn -0.0244 0.9932 -0.1136
vn 0.0658 0.9767 -0.2042
vn 0.0965 0.9868 -0.1300
vn -0.0223 0.9869 -0.1595
vn 0.0947 0.9674 -0.2347
vn 0.0947 0.9833 -0.1557
vn -0.0036 0.9738 -0.2275
vn 0.1301 0.9707 -0.2019
vn 0.0966 0.9868 -0.1302
vn 0.0372 0.9711 -0.2359
vn 0.1553 0.9707 -0.1833
vn 0.0967 0.9868 -0.1302
vn 0.0819 0.9649 -0.2496
vn 0.1665 0.9739 -0.1543
vn 0.0915 0.9876 -0.1278
vn 0.1238 0.9621 -0.2430
vn 0.1766 0.9761 -0.1263
vn 0.0964 0.9868 -0.1303
vn 0.1705 0.9596 -0.2240
vn 0.1757 0.9799 -0.0941
vn 0.1026 0.9865 -0.1280
vn 0.2073 0.9604 -0.1860
vn 0.1518 0.9859 -0.0711
vn 0.0966 0.9868 -0.1301
vn 0.2162 0.9658 -0.1432
vn 0.1317 0.9904 -0.0427
vn 0.1025 0.9877 -0.1179
vn 0.2192 0.9720 -0.0849
vn 0.0941 0.9939 -0.0580
vn 0.0961 0.9857 -0.1385
vn 0.1922 0.9794 -0.0627
vn 0.0625 0.9964 -0.0576
vn 0.0969 0.9867 -0.1303
vn 0.1547 0.9877 -0.0225
vn 0.0173 0.9981 -0.0585
vn 0.0779 0.9908 -0.1110
vn 0.0881 0.9961 0.0104
vn 0.0206 0.9944 -0.1039
vn 0.0612 0.9980 -0.0136
vn -0.0498 0.9207 -0.3871
vn 0.0137 0.9402 -0.3405
vn -0.1044 0.9456 -0.3081
vn -0.0348 0.9111 -0.4108
vn 0.0051 0.9384 -0.3456
vn -0.1163 0.9270 -0.3566
vn -0.0057 0.9076 -0.4198
vn 0.0052 0.9382 -0.3461
vn -0.1022 0.9116 -0.3981
vn 0.0249 0.9080 -0.4183
vn 0.0053 0.9382 -0.3461
vn -0.0728 0.8990 -0.4318
vn 0.0673 0.9028 -0.4247
vn 0.0189 0.9303 -0.3663
vn -0.0167 0.8812 -0.4725
vn 0.0761 0.9215 -0.3809
vn 0.0051 0.9383 -0.3459
vn 0.0213 0.8892 -0.4570
vn 0.0854 0.9317 -0.3530
vn 0.0050 0.9382 -0.3461
vn 0.0660 0.8943 -0.4426
vn 0.0771 0.9426 -0.3250
vn -0.0006 0.9379 -0.3469
vn 0.0962 0.9048 -0.4149
vn 0.0685 0.9521 -0.2979
vn 0.0052 0.9383 -0.3459
vn 0.1226 0.9193 -0.3739
vn 0.0483 0.9606 -0.2738
vn 0.0087 0.9400 -0.3410
vn 0.1301 0.9368 -0.3248
vn 0.0151 0.9628 -0.2697
vn 0.0052 0.9382 -0.3462
vn 0.1117 0.9512 -0.2876
vn -0.0181 0.9657 -0.2589
vn 0.0028 0.9427 -0.3335
vn 0.0790 0.9672 -0.2413
vn -0.0399 0.9556 -0.2920
vn 0.0095 0.9357 -0.3526
vn 0.0435 0.9698 -0.2400
vn -0.0658 0.9489 -0.3087
vn 0.0051 0.9382 -0.3460
vn -0.0111 0.9731 -0.2299
vn -0.1017 0.9372 -0.3336
vn -0.0217 0.9395 -0.3419
vn -0.0847 0.9669 -0.2408
vn -0.0722 0.9274 -0.3671
vn 0.0052 0.9382 -0.3460
vn -0.0926 0.9571 -0.2747
vn 0.3137 0.5144 0.7981
vn -0.5150 0.4767 0.7124
vn -0.7044 0.7067 -0.0666
vn 0.0074 0.8866 -0.4625
vn 0.6367 0.7678 0.0721
vn 0.1752 0.9757 0.1317
vn 0.4024 0.9145 -0.0426
vn 0.3530 0.8735 -0.3351
vn -0.1535 0.9881 0.0105
vn -0.2170 0.9378 -0.2709
vn -0.4788 0.8098 -0.3392
vn -0.3680 0.8899 0.2694
vn -0.6213 0.7529 0.2170
vn -0.7210 0.5536 0.4167
vn -0.1721 0.8169 0.5505
vn -0.2520 0.6153 0.7469
vn -0.0393 0.4587 0.8877
vn 0.1636 0.8700 0.4652
vn 0.3805 0.7152 0.5863
vn 0.6245 0.6565 0.4230
vn 0.8572 0.4959 -0.1390
vn 0.7917 0.4216 -0.4422
vn 0.5617 0.6060 -0.5633
vn -0.0208 0.6281 -0.7778
vn -0.2860 0.4624 -0.8393
vn -0.5271 0.5483 -0.6493
vn -0.9077 0.3740 -0.1902
vn -0.9901 0.1402 0.0101
vn -0.9251 0.2144 0.3133
vn -0.5778 0.0850 0.8118
vn -0.3475 -0.0992 0.9324
vn -0.0821 0.0661 0.9944
vn 0.5129 0.1602 0.8434
vn 0.7539 0.0743 0.6528
vn 0.8368 0.3082 0.4525
vn 0.3255 0.4372 -0.8384
vn -0.7896 0.2611 -0.5553
vn -0.8280 -0.0903 0.5534
vn 0.2633 -0.1316 0.9557
vn 0.9762 0.1945 0.0955
vn 0.4333 0.7397 0.5149
vn -0.3937 0.8100 0.4345
vn -0.5827 0.7219 -0.3733
vn 0.1279 0.5971 -0.7919
vn 0.7559 0.6080 -0.2429
vn 0.3378 0.8965 -0.2868
vn 0.5427 0.7308 -0.4140
vn 0.4727 0.5804 -0.6631
vn 0.0100 0.9124 -0.4091
vn -0.0751 0.7609 -0.6445
vn -0.3573 0.6623 -0.6585
vn -0.2041 0.9692 -0.1379
vn -0.4789 0.8677 -0.1333
vn -0.5995 0.7899 0.1292
vn -0.0087 0.9883 0.1522
vn -0.1104 0.9038 0.4135
vn 0.0808 0.7869 0.6117
vn 0.3262 0.9434 0.0602
vn 0.5209 0.8192 0.2399
vn 0.7437 0.6573 0.1219
vn 0.9182 0.2399 -0.3153
vn 0.8261 0.0581 -0.5605
vn 0.6233 0.2111 -0.7530
vn 0.0420 0.2394 -0.9700
vn -0.2495 0.1105 -0.9621
vn -0.4635 0.3073 -0.8311
vn -0.8433 0.4077 -0.3502
vn -0.9523 0.2965 -0.0718
vn -0.8607 0.4787 0.1733
vn -0.5141 0.5125 0.6877
vn -0.3110 0.3594 0.8798
vn -0.0197 0.4885 0.8724
vn 0.5745 0.4086 0.7092
vn 0.7881 0.2119 0.5779
vn 0.8976 0.3231 0.2998
vn 0.3491 -0.0149 -0.9370
vn -0.7639 0.1345 -0.6312
vn -0.8023 0.2904 0.5215
vn 0.2867 0.2374 0.9281
vn 0.9985 0.0487 0.0268
vn -0.0631 0.9059 0.4187
vn -0.6888 0.7180 -0.0997
vn -0.3578 0.4516 -0.8173
vn 0.4727 0.4747 -0.7424
vn 0.6547 0.7556 0.0217
vn 0.3024 0.8986 -0.3178
vn 0.5652 0.7820 -0.2628
vn 0.6764 0.5801 -0.4537
vn 0.1088 0.7987 -0.5918
vn 0.2004 0.5932 -0.7797
vn -0.0026 0.4157 -0.9095
vn -0.2285 0.8328 -0.5043
vn -0.4357 0.6576 -0.6146
vn -0.6731 0.5906 -0.4451
vn -0.2434 0.9538 -0.1763
vn -0.4638 0.8859 0.0041
vn -0.4084 0.8630 0.2973
vn 0.0847 0.9945 -0.0609
vn 0.1548 0.9628 0.2216
vn 0.4257 0.8565 0.2920
vn 0.8819 0.4442 0.1579
vn 0.9778 0.2069 -0.0320
vn 0.9043 0.2615 -0.3374
vn 0.5610 0.0838 -0.8236
vn 0.3425 -0.1216 -0.9316
vn 0.0660 0.0221 -0.9976
vn -0.5327 0.0830 -0.8422
vn -0.7646 -0.0094 -0.6444
vn -0.8611 0.2278 -0.4546
vn -0.8876 0.4425 0.1277
vn -0.8137 0.3880 0.4327
vn -0.5955 0.5936 0.5413
vn -0.0135 0.6659 0.7459
vn 0.2631 0.5218 0.8115
vn 0.4957 0.6143 0.6139
vn 0.8258 -0.0611 -0.5606
vn -0.2646 -0.1966 -0.9441
vn -0.9883 0.1224 -0.0905
vn -0.3449 0.4549 0.8210
vn 0.7761 0.3415 0.5301
s 1
usemtl FlowerStalk.004
f 487//490 490//490 489//490
f 490//491 491//491 489//491
f 488//492 495//492 493//492
f 492//493 487//493 491//493
f 490//494 495//494 492//494
f 490//495 493//495 494//495
f 511//496 513//496 510//496
f 509//497 517//497 508//497
f 501//498 516//498 500//498
f 499//499 515//499 498//499
f 497//500 514//500 496//500
f 511//501 634//501 513//501
f 508//502 634//502 511//502
f 508//503 517//503 634//503
f 509//504 635//504 517//504
f 500//505 635//505 509//505
f 500//506 516//506 635//506
f 501//507 636//507 516//507
f 498//508 636//508 501//508
f 498//509 515//509 636//509
f 499//510 637//510 515//510
f 496//511 637//511 499//511
f 496//512 514//512 637//512
f 497//513 638//513 514//513
f 510//514 638//514 497//514
f 510//515 513//515 638//515
f 634//516 640//516 513//516
f 639//517 640//517 634//517
f 639//518 512//518 640//518
f 635//519 639//519 517//519
f 641//520 639//520 635//520
f 641//521 512//521 639//521
f 636//522 641//522 516//522
f 642//523 641//523 636//523
f 642//524 512//524 641//524
f 637//525 642//525 515//525
f 643//526 642//526 637//526
f 643//527 512//527 642//527
f 638//528 643//528 514//528
f 640//529 643//529 638//529
f 640//530 512//530 643//530
f 513//531 640//531 638//531
f 514//532 643//532 637//532
f 515//533 642//533 636//533
f 516//534 641//534 635//534
f 517//535 639//535 634//535
f 644//536 647//536 646//536
f 647//537 648//537 646//537
f 645//538 652//539 650//539
f 649//540 644//540 648//540
f 647//541 652//541 649//541
f 647//542 650//542 651//543
f 668//544 670//544 667//544
f 666//545 674//545 665//545
f 658//546 673//546 657//546
f 656//547 672//547 655//547
f 654//548 671//548 653//548
f 668//549 791//549 670//549
f 665//550 791//550 668//550
f 665//551 674//551 791//551
f 666//552 792//552 674//552
f 657//553 792//553 666//553
f 657//554 673//554 792//554
f 658//555 793//555 673//555
f 655//556 793//556 658//556
f 655//557 672//557 793//557
f 656//558 794//558 672//558
f 653//559 794//559 656//559
f 653//560 671//560 794//560
f 654//561 795//561 671//561
f 667//562 795//562 654//562
f 667//563 670//563 795//563
f 791//564 797//564 670//564
f 796//565 797//565 791//565
f 796//566 669//566 797//566
f 792//567 796//567 674//567
f 798//568 796//568 792//568
f 798//569 669//569 796//569
f 793//570 798//570 673//570
f 799//571 798//571 793//571
f 799//572 669//572 798//572
f 794//573 799//573 672//573
f 800//574 799//574 794//574
f 800//575 669//575 799//575
f 795//576 800//576 671//576
f 797//577 800//577 795//577
f 797//578 669//578 800//578
f 670//579 797//579 795//579
f 671//580 800//580 794//580
f 672//581 799//581 793//581
f 673//582 798//582 792//582
f 674//583 796//583 791//583
f 801//584 804//584 803//584
f 804//585 805//585 803//585
f 802//586 809//587 807//587
f 806//588 801//589 805//589
f 804//590 809//590 806//590
f 804//591 807//591 808//591
f 825//592 827//592 824//592
f 823//593 831//593 822//593
f 815//594 830//594 814//594
f 813//595 829//595 812//595
f 811//596 828//596 810//596
f 825//597 948//597 827//597
f 822//598 948//598 825//598
f 822//599 831//599 948//599
f 823//600 949//600 831//600
f 814//601 949//601 823//601
f 814//602 830//602 949//602
f 815//603 950//603 830//603
f 812//604 950//604 815//604
f 812//605 829//605 950//605
f 813//606 951//606 829//606
f 810//607 951//607 813//607
f 810//608 828//608 951//608
f 811//609 952//609 828//609
f 824//610 952//610 811//610
f 824//611 827//611 952//611
f 948//612 954//612 827//612
f 953//613 954//613 948//613
f 953//614 826//614 954//614
f 949//615 953//615 831//615
f 955//616 953//616 949//616
f 955//617 826//617 953//617
f 950//618 955//618 830//618
f 956//619 955//619 950//619
f 956//620 826//620 955//620
f 951//621 956//621 829//621
f 957//622 956//622 951//622
f 957//623 826//623 956//623
f 952//624 957//624 828//624
f 954//625 957//625 952//625
f 954//626 826//626 957//626
f 827//627 954//627 952//627
f 828//628 957//628 951//628
f 829//629 956//629 950//629
f 830//630 955//630 949//630
f 831//631 953//631 948//631
f 487//490 488//490 490//490
f 490//491 492//491 491//491
f 488//492 492//492 495//492
f 492//493 488//493 487//493
f 490//494 494//494 495//494
f 490//495 488//495 493//495
f 644//632 645//632 647//632
f 647//537 649//537 648//537
f 645//538 649//538 652//539
f 649//540 645//540 644//540
f 647//541 651//541 652//541
f 647//542 645//542 650//542
f 801//584 802//584 804//584
f 804//585 806//585 805//585
f 802//586 806//586 809//587
f 806//588 802//588 801//589
f 804//590 808//590 809//590
f 804//591 802//591 807//591
usemtl Blossoms02.001
f 539//633 543//634 540//635
f 545//636 549//637 546//638
f 551//639 555//640 552//641
f 557//642 561//643 558//644
f 563//645 567//646 564//647
f 569//648 573//649 570//650
f 575//651 579//652 576//653
f 581//654 585//655 582//656
f 587//657 591//658 588//659
f 593//660 597//661 594//662
f 599//663 603//664 600//665
f 605//666 609//667 606//668
f 611//669 615//670 612//671
f 617//672 621//673 618//674
f 623//675 627//676 624//677
f 629//678 633//679 630//680
f 696//681 700//682 697//683
f 702//684 706//685 703//686
f 708//687 712//688 709//689
f 714//690 718//691 715//692
f 720//693 724//694 721//695
f 726//696 730//697 727//698
f 732//699 736//700 733//701
f 738//702 742//703 739//704
f 744//705 748//706 745//707
f 750//708 754//709 751//710
f 756//711 760//712 757//713
f 762//714 766//715 763//716
f 768//717 772//718 769//719
f 774//720 778//721 775//722
f 780//723 784//724 781//725
f 786//726 790//727 787//728
f 853//729 857//730 854//731
f 859//732 863//733 860//734
f 865//735 869//736 866//737
f 871//738 875//739 872//740
f 877//741 881//742 878//743
f 883//744 887//745 884//746
f 889//747 893//748 890//749
f 895//750 899//751 896//752
f 901//753 905//754 902//755
f 907//756 911//757 908//758
f 913//759 917//760 914//761
f 919//762 923//763 920//764
f 925//765 929//766 926//767
f 931//768 935//769 932//770
f 937//771 941//772 938//773
f 943//774 947//775 944//776
f 540//635 538//777 539//633
f 539//633 542//778 543//634
f 543//634 541//779 540//635
f 546//638 544//780 545//636
f 545//636 548//781 549//637
f 549//637 547//782 546//638
f 552//641 550//783 551//639
f 551//639 554//784 555//640
f 555//640 553//785 552//641
f 558//644 556//786 557//642
f 557//642 560//787 561//643
f 561//643 559//788 558//644
f 564//647 562//789 563//645
f 563//645 566//790 567//646
f 567//646 565//791 564//647
f 570//650 568//792 569//648
f 569//648 572//793 573//649
f 573//649 571//794 570//650
f 576//653 574//795 575//651
f 575//651 578//796 579//652
f 579//652 577//797 576//653
f 582//656 580//798 581//654
f 581//654 584//799 585//655
f 585//655 583//800 582//656
f 588//659 586//801 587//657
f 587//657 590//802 591//658
f 591//658 589//803 588//659
f 594//662 592//804 593//660
f 593//660 596//805 597//661
f 597//661 595//806 594//662
f 600//665 598//807 599//663
f 599//663 602//808 603//664
f 603//664 601//809 600//665
f 606//668 604//810 605//666
f 605//666 608//811 609//667
f 609//667 607//812 606//668
f 612//671 610//813 611//669
f 611//669 614//814 615//670
f 615//670 613//815 612//671
f 618//674 616//816 617//672
f 617//672 620//817 621//673
f 621//673 619//818 618//674
f 624//677 622//819 623//675
f 623//675 626//820 627//676
f 627//676 625//821 624//677
f 630//680 628//822 629//678
f 629//678 632//793 633//679
f 633//679 631//823 630//680
f 697//683 695//824 696//681
f 696//681 699//825 700//682
f 700//682 698//826 697//683
f 703//686 701//827 702//684
f 702//684 705//828 706//685
f 706//685 704//829 703//686
f 709//689 707//830 708//687
f 708//687 711//831 712//688
f 712//688 710//832 709//689
f 715//692 713//833 714//690
f 714//690 717//834 718//691
f 718//691 716//835 715//692
f 721//695 719//836 720//693
f 720//693 723//837 724//694
f 724//694 722//838 721//695
f 727//698 725//839 726//696
f 726//696 729//840 730//697
f 730//697 728//841 727//698
f 733//701 731//842 732//699
f 732//699 735//843 736//700
f 736//700 734//844 733//701
f 739//704 737//845 738//702
f 738//702 741//846 742//703
f 742//703 740//847 739//704
f 745//707 743//848 744//705
f 744//705 747//849 748//706
f 748//706 746//850 745//707
f 751//710 749//851 750//708
f 750//708 753//852 754//709
f 754//709 752//853 751//710
f 757//713 755//854 756//711
f 756//711 759//855 760//712
f 760//712 758//856 757//713
f 763//716 761//857 762//714
f 762//714 765//858 766//715
f 766//715 764//859 763//716
f 769//719 767//860 768//717
f 768//717 771//861 772//718
f 772//718 770//862 769//719
f 775//722 773//863 774//720
f 774//720 777//864 778//721
f 778//721 776//865 775//722
f 781//725 779//866 780//723
f 780//723 783//867 784//724
f 784//724 782//868 781//725
f 787//728 785//869 786//726
f 786//726 789//828 790//727
f 790//727 788//870 787//728
f 854//731 852//871 853//729
f 853//729 856//872 857//730
f 857//730 855//873 854//731
f 860//734 858//874 859//732
f 859//732 862//875 863//733
f 863//733 861//876 860//734
f 866//737 864//877 865//735
f 865//735 868//878 869//736
f 869//736 867//879 866//737
f 872//740 870//880 871//738
f 871//738 874//881 875//739
f 875//739 873//882 872//740
f 878//743 876//883 877//741
f 877//741 880//884 881//742
f 881//742 879//885 878//743
f 884//746 882//886 883//744
f 883//744 886//887 887//745
f 887//745 885//888 884//746
f 890//749 888//889 889//747
f 889//747 892//890 893//748
f 893//748 891//891 890//749
f 896//752 894//892 895//750
f 895//750 898//893 899//751
f 899//751 897//894 896//752
f 902//755 900//895 901//753
f 901//753 904//896 905//754
f 905//754 903//897 902//755
f 908//758 906//898 907//756
f 907//756 910//899 911//757
f 911//757 909//900 908//758
f 914//761 912//901 913//759
f 913//759 916//902 917//760
f 917//760 915//903 914//761
f 920//764 918//904 919//762
f 919//762 922//905 923//763
f 923//763 921//906 920//764
f 926//767 924//907 925//765
f 925//765 928//908 929//766
f 929//766 927//909 926//767
f 932//770 930//910 931//768
f 931//768 934//911 935//769
f 935//769 933//912 932//770
f 938//773 936//913 937//771
f 937//771 940//914 941//772
f 941//772 939//915 938//773
f 944//776 942//916 943//774
f 943//774 946//917 947//775
f 947//775 945//918 944//776
usemtl Core02.001
f 502//919 528//919 533//919
f 503//920 529//920 535//920
f 504//921 530//921 536//921
f 505//922 531//922 537//922
f 506//923 532//923 534//923
f 534//924 537//924 507//924
f 534//925 532//925 537//925
f 532//926 505//926 537//926
f 537//927 536//927 507//927
f 537//928 531//928 536//928
f 531//929 504//929 536//929
f 536//930 535//930 507//930
f 536//931 530//931 535//931
f 530//932 503//932 535//932
f 535//933 533//933 507//933
f 535//934 529//934 533//934
f 529//935 502//935 533//935
f 533//936 534//936 507//936
f 533//937 528//937 534//937
f 528//938 506//938 534//938
f 519//939 532//939 506//939
f 519//940 526//940 532//940
f 526//941 505//941 532//941
f 527//942 531//942 505//942
f 527//943 524//943 531//943
f 524//944 504//944 531//944
f 525//945 530//945 504//945
f 525//946 522//946 530//946
f 522//947 503//947 530//947
f 523//948 529//948 503//948
f 523//949 520//949 529//949
f 520//950 502//950 529//950
f 521//951 528//951 502//951
f 521//952 518//952 528//952
f 518//953 506//953 528//953
f 526//954 527//954 505//954
f 524//955 525//955 504//955
f 522//956 523//956 503//956
f 520//957 521//957 502//957
f 518//958 519//958 506//958
f 659//959 685//959 690//959
f 660//960 686//960 692//960
f 661//961 687//961 693//961
f 662//962 688//962 694//962
f 663//963 689//963 691//963
f 691//964 694//964 664//964
f 691//965 689//965 694//965
f 689//966 662//966 694//966
f 694//967 693//967 664//967
f 694//968 688//968 693//968
f 688//969 661//969 693//969
f 693//970 692//970 664//970
f 693//971 687//971 692//971
f 687//972 660//972 692//972
f 692//973 690//973 664//973
f 692//974 686//974 690//974
f 686//975 659//975 690//975
f 690//976 691//976 664//976
f 690//977 685//977 691//977
f 685//978 663//978 691//978
f 676//979 689//979 663//979
f 676//980 683//980 689//980
f 683//981 662//981 689//981
f 684//982 688//982 662//982
f 684//983 681//983 688//983
f 681//984 661//984 688//984
f 682//985 687//985 661//985
f 682//986 679//986 687//986
f 679//987 660//987 687//987
f 680//988 686//988 660//988
f 680//989 677//989 686//989
f 677//990 659//990 686//990
f 678//991 685//991 659//991
f 678//992 675//992 685//992
f 675//993 663//993 685//993
f 683//994 684//994 662//994
f 681//995 682//995 661//995
f 679//996 680//996 660//996
f 677//997 678//997 659//997
f 675//998 676//998 663//998
f 816//999 842//999 847//999
f 817//1000 843//1000 849//1000
f 818//1001 844//1001 850//1001
f 819//1002 845//1002 851//1002
f 820//1003 846//1003 848//1003
f 848//1004 851//1004 821//1004
f 848//1005 846//1005 851//1005
f 846//1006 819//1006 851//1006
f 851//1007 850//1007 821//1007
f 851//1008 845//1008 850//1008
f 845//1009 818//1009 850//1009
f 850//1010 849//1010 821//1010
f 850//1011 844//1011 849//1011
f 844//1012 817//1012 849//1012
f 849//1013 847//1013 821//1013
f 849//1014 843//1014 847//1014
f 843//1015 816//1015 847//1015
f 847//1016 848//1016 821//1016
f 847//1017 842//1017 848//1017
f 842//1018 820//1018 848//1018
f 833//1019 846//1019 820//1019
f 833//1020 840//1020 846//1020
f 840//1021 819//1021 846//1021
f 841//1022 845//1022 819//1022
f 841//1023 838//1023 845//1023
f 838//1024 818//1024 845//1024
f 839//1025 844//1025 818//1025
f 839//1026 836//1026 844//1026
f 836//1027 817//1027 844//1027
f 837//1028 843//1028 817//1028
f 837//1029 834//1029 843//1029
f 834//1030 816//1030 843//1030
f 835//1031 842//1031 816//1031
f 835//1032 832//1032 842//1032
f 832//1033 820//1033 842//1033
f 840//1034 841//1034 819//1034
f 838//1035 839//1035 818//1035
f 836//1036 837//1036 817//1036
f 834//1037 835//1037 816//1037
f 832//1038 833//1038 820//1038
o Flower03
v -0.008511 -0.011823 -1.143830
v -0.015498 0.058680 -1.138379
v -0.001182 -0.011823 -1.131136
v -0.009889 0.058680 -1.128664
v -0.015840 -0.011823 -1.131136
v -0.021107 0.058680 -1.128664
v -0.009779 0.124783 -1.145585
v -0.006700 0.124783 -1.140253
v -0.012857 0.124783 -1.140253
v -0.006932 0.132662 -1.149458
v -0.002874 0.131688 -1.147540
v -0.019627 0.132624 -1.144615
v -0.015889 0.133898 -1.148038
v -0.017790 0.128984 -1.132931
v -0.020558 0.132156 -1.138068
v -0.008611 0.132703 -1.131040
v -0.017196 0.134764 -1.135097
v -0.015618 0.137285 -1.144346
v -0.006057 0.136783 -1.146006
v -0.001727 0.133951 -1.137782
v -0.009340 0.139979 -1.137437
v -0.005641 0.127267 -1.131326
v -0.012039 0.127631 -1.130207
v 0.000026 0.129791 -1.142033
v -0.001031 0.128103 -1.135840
v -0.011367 0.120275 -1.143155
v -0.001551 0.124531 -1.140320
v -0.006484 0.127757 -1.149688
v -0.017374 0.128329 -1.147798
v -0.019172 0.125456 -1.137261
v -0.009393 0.123109 -1.132639
v -0.002277 0.127314 -1.136685
v -0.001349 0.128796 -1.142122
v -0.011943 0.126876 -1.131747
v -0.006323 0.126580 -1.132722
v -0.019534 0.129752 -1.138966
v -0.016988 0.128087 -1.134132
v -0.014559 0.131967 -1.148365
v -0.018606 0.131234 -1.144403
v -0.003894 0.130461 -1.146956
v -0.008940 0.131672 -1.149341
v -0.004278 0.133709 -1.133429
v -0.013370 0.134187 -1.131851
v -0.017488 0.136881 -1.139673
v -0.010941 0.138067 -1.146085
v -0.002776 0.136107 -1.142226
v -0.008752 0.137253 -1.133227
v -0.004706 0.137986 -1.137190
v -0.013798 0.138464 -1.135612
v -0.012870 0.139946 -1.141048
v -0.007251 0.139651 -1.142024
v -0.005203 0.130067 -1.133984
v 0.013204 0.128025 -1.128943
v -0.003517 0.132760 -1.143862
v 0.015650 0.131931 -1.143273
v -0.002487 0.130031 -1.138980
v 0.019575 0.128345 -1.135674
v -0.014314 0.130737 -1.133209
v -0.013517 0.126410 -1.114527
v -0.004118 0.130225 -1.135062
v 0.001276 0.125668 -1.117214
v -0.009015 0.128781 -1.132557
v -0.005379 0.123564 -1.111108
v -0.017534 0.134195 -1.141479
v -0.035537 0.135733 -1.135004
v -0.013230 0.131159 -1.132540
v -0.029293 0.131327 -1.122035
v -0.017336 0.131537 -1.136456
v -0.037339 0.132539 -1.126486
v -0.010075 0.134892 -1.146984
v -0.020569 0.143089 -1.160807
v -0.017755 0.133688 -1.140111
v -0.031712 0.141342 -1.150837
v -0.015420 0.133940 -1.145290
v -0.029776 0.143247 -1.159704
v -0.002769 0.132402 -1.142304
v 0.008675 0.137330 -1.156904
v -0.011773 0.134672 -1.146933
v -0.004388 0.140623 -1.163620
v -0.006378 0.132894 -1.146671
v 0.004678 0.139281 -1.165041
v -0.002103 0.129772 -1.138606
v 0.016017 0.131759 -1.144618
v -0.006693 0.132798 -1.147405
v 0.009356 0.136149 -1.157384
v -0.002660 0.130342 -1.144236
v 0.017402 0.133476 -1.153626
v -0.009185 0.128484 -1.131976
v 0.002672 0.125644 -1.117151
v -0.001867 0.129830 -1.139208
v 0.013288 0.127596 -1.127643
v -0.004152 0.127637 -1.134485
v 0.011708 0.124657 -1.118990
v -0.017831 0.131271 -1.136885
v -0.029061 0.129319 -1.121442
v -0.008851 0.128992 -1.132215
v -0.016032 0.126012 -1.114666
v -0.014449 0.128638 -1.133147
v -0.025259 0.125742 -1.113776
v -0.015278 0.134078 -1.145837
v -0.033114 0.138933 -1.151008
v -0.017471 0.131461 -1.136039
v -0.036295 0.135136 -1.136793
v -0.018465 0.131996 -1.141613
v -0.039990 0.137004 -1.145091
v -0.005798 0.133044 -1.146669
v -0.005476 0.139771 -1.164643
v -0.016057 0.133691 -1.145260
v -0.020360 0.140710 -1.162599
v -0.011267 0.132873 -1.148215
v -0.013605 0.140944 -1.168949
v -0.004619 0.122676 -1.135820
v -0.014977 0.123220 -1.134022
v -0.019668 0.126288 -1.142932
v -0.012209 0.127640 -1.150237
v -0.002909 0.125408 -1.145841
v -0.010389 0.120174 -1.137487
v -0.005779 0.121010 -1.142001
v -0.016137 0.121554 -1.140203
v -0.015080 0.123243 -1.146397
v -0.008679 0.122906 -1.147508
v 0.052342 -0.019359 -1.219119
v 0.047575 0.074284 -1.216953
v 0.036919 -0.019359 -1.221792
v 0.038911 0.074284 -1.218455
v 0.046946 -0.019359 -1.233813
v 0.044544 0.074284 -1.225207
v 0.054114 0.126524 -1.219404
v 0.048824 0.126524 -1.220321
v 0.052263 0.126524 -1.224445
v 0.056669 0.132629 -1.212125
v 0.052258 0.134626 -1.211339
v 0.063326 0.127967 -1.224145
v 0.063128 0.129640 -1.218824
v 0.054129 0.130347 -1.233332
v 0.060571 0.129635 -1.230451
v 0.049125 0.138961 -1.229245
v 0.058455 0.134736 -1.230907
v 0.063358 0.134100 -1.221785
v 0.057057 0.137932 -1.214485
v 0.048261 0.140936 -1.219096
v 0.057360 0.142302 -1.223891
v 0.043663 0.135741 -1.227331
v 0.047894 0.133204 -1.232224
v 0.046368 0.136638 -1.214427
v 0.043085 0.137064 -1.220535
v 0.048847 0.122248 -1.220713
v 0.043287 0.132012 -1.217044
v 0.053307 0.128590 -1.211792
v 0.060484 0.124225 -1.220108
v 0.054899 0.124950 -1.230500
v 0.044271 0.129762 -1.228607
v 0.043861 0.135424 -1.220584
v 0.046743 0.135050 -1.215222
v 0.048072 0.132011 -1.230841
v 0.044369 0.134263 -1.226550
v 0.058727 0.127762 -1.229107
v 0.053556 0.129528 -1.231818
v 0.061101 0.128549 -1.217779
v 0.061609 0.127388 -1.223745
v 0.051914 0.133285 -1.212512
v 0.057398 0.130801 -1.213488
v 0.047841 0.141113 -1.224470
v 0.053833 0.137469 -1.231413
v 0.062199 0.134612 -1.227027
v 0.061377 0.136490 -1.217374
v 0.052504 0.140508 -1.215794
v 0.053190 0.141916 -1.227288
v 0.052682 0.143077 -1.221322
v 0.058674 0.139433 -1.228265
v 0.061555 0.139059 -1.222903
v 0.057852 0.141311 -1.218612
v 0.046418 0.137319 -1.224659
v 0.029680 0.146980 -1.217830
v 0.051654 0.136640 -1.214917
v 0.037276 0.145995 -1.203696
v 0.046848 0.136740 -1.218629
v 0.028578 0.147905 -1.208031
v 0.052929 0.133517 -1.230906
v 0.040697 0.137499 -1.246864
v 0.046265 0.137591 -1.223047
v 0.031029 0.143411 -1.235463
v 0.047610 0.134822 -1.228281
v 0.031482 0.140577 -1.244942
v 0.061364 0.131599 -1.225555
v 0.072015 0.126189 -1.242212
v 0.052114 0.134692 -1.230813
v 0.058595 0.130678 -1.249840
v 0.057126 0.131387 -1.229900
v 0.067185 0.125854 -1.250852
v 0.059150 0.133879 -1.216150
v 0.078422 0.130109 -1.210274
v 0.060544 0.131584 -1.226901
v 0.080443 0.126779 -1.225870
v 0.061516 0.130984 -1.220936
v 0.084516 0.125949 -1.216880
v 0.050153 0.137324 -1.215829
v 0.052165 0.141720 -1.195910
v 0.060187 0.132840 -1.217242
v 0.066722 0.135215 -1.197960
v 0.055101 0.134194 -1.214213
v 0.060119 0.138170 -1.191196
v 0.046232 0.136862 -1.218727
v 0.037545 0.145513 -1.202301
v 0.055611 0.133665 -1.213769
v 0.051152 0.140876 -1.195107
v 0.049670 0.134873 -1.214134
v 0.041952 0.144187 -1.193532
v 0.047263 0.134708 -1.228902
v 0.029995 0.144131 -1.234662
v 0.046388 0.136798 -1.218055
v 0.028726 0.147163 -1.218926
v 0.044349 0.135592 -1.223647
v 0.023840 0.147211 -1.227541
v 0.057509 0.130739 -1.229836
v 0.056857 0.129317 -1.250274
v 0.047467 0.135219 -1.228474
v 0.042287 0.135816 -1.248297
v 0.051646 0.131683 -1.231104
v 0.048222 0.131198 -1.254743
v 0.061765 0.130962 -1.220368
v 0.079968 0.123941 -1.226651
v 0.056974 0.131415 -1.230349
v 0.073018 0.124597 -1.241132
v 0.060672 0.129194 -1.226074
v 0.080781 0.121068 -1.236094
v 0.054785 0.134621 -1.213855
v 0.067430 0.133534 -1.197759
v 0.061792 0.130457 -1.221361
v 0.077596 0.127492 -1.208649
v 0.059282 0.131069 -1.215865
v 0.075986 0.128689 -1.198950
v 0.042126 0.130606 -1.222911
v 0.048951 0.126455 -1.230820
v 0.058481 0.123201 -1.225825
v 0.057546 0.125340 -1.214829
v 0.047437 0.129917 -1.213028
v 0.045394 0.124867 -1.225068
v 0.044815 0.126189 -1.218272
v 0.051641 0.122038 -1.226181
v 0.054924 0.121612 -1.220073
v 0.050705 0.124178 -1.215185
v -0.049573 -0.007720 -1.225862
v -0.057142 0.056769 -1.226919
v -0.060207 -0.007720 -1.234029
v -0.065279 0.056769 -1.233169
v -0.047817 -0.007720 -1.239154
v -0.055798 0.056769 -1.237091
v -0.047989 0.117233 -1.225067
v -0.052091 0.117233 -1.228218
v -0.047312 0.117233 -1.230195
v -0.048940 0.124440 -1.220553
v -0.053041 0.123549 -1.220755
v -0.039903 0.124405 -1.229085
v -0.041866 0.125571 -1.224884
v -0.045541 0.121075 -1.238318
v -0.041405 0.123977 -1.234945
v -0.053960 0.124477 -1.236708
v -0.045286 0.126362 -1.236280
v -0.043386 0.128669 -1.227910
v -0.050886 0.128209 -1.223165
v -0.057422 0.125619 -1.228602
v -0.051108 0.131133 -1.231555
v -0.056371 0.119505 -1.235427
v -0.051354 0.119838 -1.238610
v -0.057417 0.121814 -1.224396
v -0.058689 0.120270 -1.230000
v -0.047395 0.113110 -1.227431
v -0.056683 0.117002 -1.226396
v -0.049239 0.119953 -1.220202
v -0.040694 0.120476 -1.225607
v -0.042858 0.117849 -1.235142
v -0.052740 0.115702 -1.235629
v -0.057341 0.119548 -1.229721
v -0.056224 0.120904 -1.224802
v -0.050898 0.119147 -1.237275
v -0.055306 0.118877 -1.234486
v -0.041957 0.121778 -1.233827
v -0.045799 0.120255 -1.237023
v -0.042875 0.123804 -1.224143
v -0.040841 0.123133 -1.228908
v -0.052383 0.122426 -1.221606
v -0.047284 0.123534 -1.221354
v -0.056788 0.125398 -1.233173
v -0.049654 0.125835 -1.237686
v -0.043439 0.128299 -1.232515
v -0.046731 0.129384 -1.224806
v -0.054981 0.127592 -1.225213
v -0.053077 0.128639 -1.234908
v -0.055111 0.129310 -1.230144
v -0.047978 0.129747 -1.234657
v -0.046861 0.131103 -1.229737
v -0.051270 0.130833 -1.226948
v -0.055812 0.122066 -1.233027
v -0.073133 0.120198 -1.230853
v -0.053783 0.124529 -1.224089
v -0.070189 0.123772 -1.217885
v -0.056361 0.122033 -1.227855
v -0.076164 0.120491 -1.222935
v -0.048381 0.122679 -1.236868
v -0.055588 0.118721 -1.252380
v -0.056352 0.122211 -1.231737
v -0.067151 0.118042 -1.244936
v -0.053089 0.120890 -1.235567
v -0.063661 0.116118 -1.252425
v -0.042769 0.125843 -1.231004
v -0.029816 0.127249 -1.242771
v -0.049532 0.123065 -1.237055
v -0.039628 0.123219 -1.251550
v -0.044692 0.123411 -1.235181
v -0.031271 0.124327 -1.250601
v -0.047149 0.126480 -1.223743
v -0.033445 0.133977 -1.215729
v -0.043060 0.125378 -1.232237
v -0.027514 0.132380 -1.228052
v -0.043223 0.125609 -1.227043
v -0.026049 0.134122 -1.219880
v -0.054960 0.124202 -1.225144
v -0.059528 0.128709 -1.208803
v -0.045731 0.126278 -1.224380
v -0.046139 0.131722 -1.207693
v -0.050383 0.124652 -1.222715
v -0.053304 0.130494 -1.203322
v -0.056816 0.121796 -1.228037
v -0.070029 0.123614 -1.216620
v -0.049860 0.124564 -1.222205
v -0.059936 0.127629 -1.208158
v -0.054377 0.122318 -1.223473
v -0.068051 0.125184 -1.208522
v -0.053149 0.120619 -1.236117
v -0.068353 0.118020 -1.244502
v -0.056805 0.121849 -1.227446
v -0.073658 0.119806 -1.231922
v -0.056525 0.119843 -1.232237
v -0.075348 0.117118 -1.239788
v -0.044124 0.123168 -1.234991
v -0.040032 0.121382 -1.251970
v -0.053347 0.121083 -1.235799
v -0.053413 0.118357 -1.253142
v -0.048289 0.120760 -1.236968
v -0.045925 0.118110 -1.257120
v -0.043152 0.125735 -1.226532
v -0.026269 0.130176 -1.228397
v -0.044724 0.123341 -1.235580
v -0.028550 0.126703 -1.241524
v -0.041935 0.123830 -1.231217
v -0.022525 0.128412 -1.235802
v -0.050874 0.124789 -1.222514
v -0.044862 0.130942 -1.207209
v -0.042695 0.125381 -1.227291
v -0.032996 0.131801 -1.214141
v -0.045710 0.124633 -1.223119
v -0.036485 0.132016 -1.206412
v -0.055663 0.115306 -1.231271
v -0.047537 0.115803 -1.236412
v -0.040457 0.118610 -1.230521
v -0.044207 0.119847 -1.221740
v -0.053605 0.117804 -1.222203
v -0.050204 0.113018 -1.231880
v -0.052522 0.113782 -1.226453
v -0.044396 0.114280 -1.231594
v -0.043124 0.115824 -1.225989
v -0.048146 0.115516 -1.222812
vn 0.8594 0.1235 -0.4962
vn -0.0000 -0.0350 0.9994
vn -0.8658 0.0204 -0.4999
vn -0.8659 0.0204 -0.4999
vn -0.8659 0.0204 -0.4998
vn -0.8651 -0.0471 -0.4995
vn -0.0000 0.1727 0.9850
vn 0.8589 -0.1284 -0.4959
vn 0.9616 -0.2577 0.0939
vn 0.1349 -0.4070 0.9034
vn -0.9051 -0.1388 0.4020
vn -0.6954 0.1552 -0.7016
vn 0.4420 0.0822 -0.8933
vn 0.7898 -0.5210 0.3237
vn 0.6679 -0.4394 0.6007
vn 0.4101 -0.5897 0.6957
vn -0.2103 -0.5557 0.8044
vn -0.4676 -0.3796 0.7983
vn -0.6838 -0.4434 0.5795
vn -0.9790 -0.1957 0.0569
vn -0.9892 -0.0316 -0.1429
vn -0.8784 -0.1174 -0.4633
vn -0.4180 0.0724 -0.9056
vn -0.1145 0.2687 -0.9564
vn 0.0942 0.0552 -0.9940
vn 0.6533 -0.2011 -0.7299
vn 0.8555 -0.1397 -0.4986
vn 0.8922 -0.3574 -0.2762
vn 0.6142 -0.7833 0.0959
vn 0.3461 -0.9202 0.1831
vn 0.1387 -0.9895 -0.0416
vn -0.1489 -0.8321 0.5343
vn -0.3561 -0.8833 0.3049
vn -0.2445 -0.9693 0.0249
vn -0.7961 -0.6048 -0.0191
vn -0.6741 -0.6753 -0.2992
vn -0.4180 -0.8558 -0.3047
vn -0.4331 -0.4157 -0.7998
vn -0.1686 -0.5836 -0.7943
vn -0.1422 -0.8058 -0.5748
vn 0.4386 -0.5259 -0.7287
vn 0.4621 -0.7349 -0.4964
vn 0.2020 -0.8884 -0.4122
vn 0.6775 -0.6822 -0.2750
vn 0.0946 -0.4433 -0.8914
vn -0.7090 -0.4657 -0.5296
vn -0.6226 -0.7183 0.3105
vn 0.2344 -0.8522 0.4678
vn -0.1707 -0.0315 0.9848
vn -0.7673 0.0391 -0.6400
vn 0.9304 -0.1325 -0.3417
vn 0.9304 -0.1325 -0.3416
vn 0.9373 0.0557 -0.3442
vn -0.7621 0.1219 -0.6358
vn -0.7623 0.1219 -0.6357
vn -0.1704 0.0675 0.9831
vn -0.8343 0.2905 0.4686
vn -0.7368 0.0686 -0.6727
vn 0.3372 -0.3993 -0.8526
vn 0.8668 -0.4656 0.1786
vn 0.1544 -0.0472 0.9869
vn -0.9813 0.0815 0.1746
vn -0.9747 0.1888 -0.1196
vn -0.9366 -0.0206 -0.3497
vn -0.5534 -0.2518 -0.7940
vn -0.2742 -0.2368 -0.9321
vn -0.0720 -0.4715 -0.8789
vn 0.5057 -0.6059 -0.6141
vn 0.7002 -0.5523 -0.4524
vn 0.7179 -0.6842 -0.1286
vn 0.7238 -0.4726 0.5027
vn 0.6635 -0.1887 0.7240
vn 0.4138 -0.2724 0.8687
vn -0.2290 -0.1124 0.9669
vn -0.4291 0.1181 0.8955
vn -0.6835 0.0430 0.7287
vn -0.9213 -0.2951 0.2530
vn -0.8649 -0.5015 0.0239
vn -0.6691 -0.7381 0.0866
vn -0.6402 -0.5411 -0.5453
vn -0.4316 -0.7650 -0.4781
vn -0.4327 -0.8819 -0.1872
vn 0.1721 -0.8721 -0.4581
vn 0.1736 -0.9716 -0.1611
vn -0.1026 -0.9946 -0.0142
vn 0.3929 -0.8308 0.3942
vn 0.1140 -0.8358 0.5371
vn -0.1350 -0.9205 0.3667
vn -0.2828 -0.4744 0.8337
vn -0.5276 -0.5453 0.6514
vn -0.4850 -0.7620 0.4291
vn -0.7373 -0.3191 0.5955
vn 0.0674 -0.6329 0.7713
vn 0.4254 -0.9049 0.0131
vn -0.1582 -0.7593 -0.6312
vn -0.8767 -0.3973 -0.2713
vn -0.6081 -0.0584 0.7917
vn -0.3822 -0.0177 -0.9239
vn 0.9798 -0.1523 0.1295
vn 0.9798 -0.1523 0.1294
vn 0.9845 0.1177 0.1301
vn -0.3775 0.1571 -0.9126
vn -0.3776 0.1571 -0.9126
vn -0.6077 0.0678 0.7912
vn -0.9245 -0.2577 0.2808
vn -0.4699 -0.4071 -0.7833
vn 0.6828 -0.1388 -0.7173
vn 0.9108 0.1552 0.3825
vn -0.0669 0.0823 0.9944
vn -0.8536 -0.5210 0.0027
vn -0.8468 -0.4394 -0.2997
vn -0.6448 -0.5899 -0.4861
vn -0.1132 -0.5557 -0.8236
vn 0.1267 -0.3793 -0.9165
vn 0.4102 -0.4434 -0.7969
vn 0.8830 -0.1957 -0.4266
vn 0.9688 -0.0317 -0.2460
vn 0.9888 -0.1174 0.0923
vn 0.7323 0.0724 0.6771
vn 0.4713 0.2686 0.8400
vn 0.2930 0.0552 0.9545
vn -0.3246 -0.2011 0.9242
vn -0.6000 -0.1396 0.7877
vn -0.7189 -0.3574 0.5961
vn -0.6042 -0.7833 0.1461
vn -0.3896 -0.9202 -0.0367
vn -0.1123 -0.9895 0.0913
vn -0.0667 -0.8321 -0.5506
vn 0.2125 -0.8834 -0.4178
vn 0.2164 -0.9693 -0.1166
vn 0.7430 -0.6049 -0.2864
vn 0.7373 -0.6754 0.0187
vn 0.5027 -0.8558 0.1217
vn 0.7058 -0.4158 0.5736
vn 0.4594 -0.5836 0.6696
vn 0.3511 -0.8058 0.4768
vn -0.1266 -0.5259 0.8411
vn -0.2372 -0.7350 0.6352
vn -0.0291 -0.8884 0.4581
vn -0.5210 -0.6823 0.5129
vn 0.2534 -0.4433 0.8598
vn 0.8575 -0.4658 0.2183
vn 0.4566 -0.7184 -0.5248
vn -0.3954 -0.8522 -0.3427
vn -0.8651 -0.0471 -0.4994
vn 0.8588 -0.1284 -0.4959
vn -0.7673 0.0391 -0.6401
vn -0.6078 0.0678 0.7912
vn 0.0192 0.8818 0.4713
vn 0.0081 0.9012 0.4333
vn 0.0230 0.8747 0.4841
vn 0.0657 0.9932 0.0957
vn 0.0895 0.9943 0.0587
vn 0.0977 0.9942 0.0460
vn -0.1226 0.9534 0.2757
vn -0.0860 0.9636 0.2532
vn -0.1351 0.9495 0.2833
vn 0.2624 0.9461 0.1899
vn 0.3034 0.9320 0.1983
vn 0.3173 0.9267 0.2011
vn 0.0553 0.9966 0.0604
vn 0.0891 0.9921 0.0884
vn 0.0436 0.9978 0.0506
vn 0.2362 0.8883 0.3939
vn 0.2351 0.8698 0.4339
vn 0.2346 0.8630 0.4474
vn 0.3422 0.9146 0.2154
vn 0.3262 0.9099 0.2562
vn 0.3475 0.9158 0.2013
vn 0.0637 0.8688 0.4911
vn 0.0214 0.8643 0.5025
vn 0.0068 0.8624 0.5062
vn 0.2500 0.8695 0.4259
vn 0.2073 0.8807 0.4260
vn 0.2645 0.8653 0.4257
vn -0.1004 0.9582 0.2677
vn -0.1261 0.9644 0.2325
vn -0.1349 0.9661 0.2203
vn 0.1192 0.8634 0.4903
vn 0.0857 0.8801 0.4670
vn 0.1307 0.8572 0.4980
vn -0.0712 0.9835 0.1663
vn -0.0726 0.9898 0.1227
vn -0.0730 0.9915 0.1076
vn -0.1342 0.9279 0.3478
vn -0.1191 0.9435 0.3093
vn -0.1394 0.9222 0.3608
vn 0.1309 0.9894 0.0622
vn 0.1716 0.9841 0.0455
vn 0.1852 0.9819 0.0400
vn -0.0695 0.9885 0.1345
vn -0.0256 0.9900 0.1385
vn -0.0846 0.9875 0.1331
vn 0.2813 0.9121 0.2981
vn 0.3057 0.8933 0.3296
vn 0.3139 0.8864 0.3403
vn 0.1926 0.9784 0.0750
vn 0.2029 0.9721 0.1174
vn 0.1889 0.9801 0.0604
vn 0.1280 0.8827 0.4521
vn 0.1010 0.8691 0.4842
vn 0.0917 0.8640 0.4950
vn 0.3162 0.9027 0.2919
vn 0.2800 0.9062 0.3168
vn 0.3286 0.9010 0.2832
vn -0.0707 0.9284 0.3649
vn -0.1125 0.9297 0.3507
vn -0.1268 0.9297 0.3457
vn 0.3083 0.8844 -0.3505
vn 0.3442 0.8808 -0.3252
vn 0.2957 0.8852 -0.3591
vn 0.5118 0.8590 -0.0135
vn 0.5131 0.8578 0.0306
vn 0.5133 0.8570 0.0457
vn 0.5325 0.8022 -0.2700
vn 0.5244 0.8198 -0.2303
vn 0.5351 0.7958 -0.2835
vn 0.3111 0.9502 0.0212
vn 0.2717 0.9617 0.0375
vn 0.2580 0.9652 0.0430
vn 0.5365 0.8439 0.0095
vn 0.4989 0.8666 0.0059
vn 0.5491 0.8357 0.0107
vn 0.2029 0.9657 -0.1623
vn 0.1746 0.9649 -0.1962
vn 0.1648 0.9642 -0.2078
vn 0.2279 0.9726 0.0453
vn 0.2175 0.9761 0.0026
vn 0.2314 0.9710 0.0600
vn 0.2621 0.9026 -0.3415
vn 0.2824 0.8829 -0.3753
vn 0.2892 0.8757 -0.3867
vn 0.1682 0.9690 -0.1811
vn 0.2031 0.9574 -0.2054
vn 0.1561 0.9725 -0.1727
vn 0.5242 0.8139 -0.2506
vn 0.5606 0.7936 -0.2364
vn 0.5729 0.7863 -0.2314
vn 0.2225 0.9246 -0.3091
vn 0.2651 0.9134 -0.3088
vn 0.2077 0.9281 -0.3090
vn 0.5653 0.8111 -0.1502
vn 0.5894 0.7996 -0.1150
vn 0.5975 0.7953 -0.1029
vn 0.4927 0.8026 -0.3363
vn 0.5092 0.8082 -0.2958
vn 0.4869 0.8002 -0.3501
vn 0.4812 0.8751 0.0513
vn 0.4585 0.8843 0.0880
vn 0.4505 0.8871 0.1006
vn 0.5812 0.8044 -0.1230
vn 0.5513 0.8282 -0.1010
vn 0.5913 0.7959 -0.1305
vn 0.2299 0.9715 -0.0574
vn 0.1884 0.9796 -0.0697
vn 0.1741 0.9820 -0.0739
vn 0.4280 0.9006 0.0760
vn 0.3985 0.9160 0.0471
vn 0.4380 0.8948 0.0860
vn 0.2451 0.9304 -0.2724
vn 0.2406 0.9183 -0.3145
vn 0.2389 0.9137 -0.3289
vn 0.2039 0.9785 -0.0325
vn 0.2190 0.9729 -0.0736
vn 0.1986 0.9799 -0.0184
vn 0.4433 0.8397 -0.3138
vn 0.4780 0.8156 -0.3261
vn 0.4897 0.8069 -0.3302
vn -0.1979 0.8818 -0.4282
vn -0.1731 0.9012 -0.3973
vn -0.2062 0.8747 -0.4386
vn -0.0973 0.9932 -0.0634
vn -0.1052 0.9942 -0.0200
vn -0.1080 0.9941 -0.0048
vn 0.0079 0.9534 -0.3016
vn -0.0173 0.9636 -0.2669
vn 0.0165 0.9495 -0.3134
vn -0.3151 0.9461 -0.0752
vn -0.3561 0.9320 -0.0673
vn -0.3700 0.9268 -0.0646
vn -0.0742 0.9966 -0.0347
vn -0.1161 0.9921 -0.0476
vn -0.0597 0.9978 -0.0302
vn -0.3688 0.8883 -0.2737
vn -0.3831 0.8697 -0.3111
vn -0.3879 0.8629 -0.3239
vn -0.3986 0.9146 -0.0683
vn -0.3994 0.9099 -0.1121
vn -0.3981 0.9158 -0.0532
vn -0.2466 0.8688 -0.4294
vn -0.2118 0.8643 -0.4562
vn -0.1997 0.8624 -0.4652
vn -0.3938 0.8695 -0.2980
vn -0.3544 0.8807 -0.3144
vn -0.4071 0.8654 -0.2923
vn -0.0096 0.9583 -0.2858
vn 0.0276 0.9644 -0.2631
vn 0.0404 0.9661 -0.2551
vn -0.2976 0.8634 -0.4075
vn -0.2577 0.8801 -0.3988
vn -0.3111 0.8573 -0.4102
vn 0.0023 0.9835 -0.1808
vn 0.0201 0.9898 -0.1412
vn 0.0263 0.9915 -0.1275
vn -0.0089 0.9279 -0.3727
vn -0.0082 0.9435 -0.3314
vn -0.0091 0.9222 -0.3866
vn -0.1447 0.9894 -0.0075
vn -0.1759 0.9841 0.0234
vn -0.1866 0.9818 0.0340
vn 0.0128 0.9885 -0.1509
vn -0.0293 0.9900 -0.1378
vn 0.0272 0.9875 -0.1553
vn -0.3739 0.9121 -0.1680
vn -0.4084 0.8933 -0.1878
vn -0.4201 0.8864 -0.1945
vn -0.2066 0.9784 0.0044
vn -0.2324 0.9721 -0.0309
vn -0.1977 0.9801 0.0165
vn -0.2912 0.8827 -0.3689
vn -0.2784 0.8691 -0.4089
vn -0.2740 0.8640 -0.4225
vn -0.4038 0.9027 -0.1489
vn -0.3798 0.9063 -0.1857
vn -0.4119 0.9010 -0.1361
vn -0.0743 0.9284 -0.3642
vn -0.0302 0.9297 -0.3671
vn -0.0150 0.9298 -0.3679
vn 0.0056 0.9055 0.4244
vn 0.0602 0.9927 0.1042
vn -0.0777 0.9656 0.2480
vn 0.2529 0.9491 0.1880
vn 0.0968 0.9908 0.0947
vn 0.2364 0.8923 0.3846
vn 0.3224 0.9086 0.2656
vn 0.0734 0.8696 0.4883
vn 0.1974 0.8830 0.4258
vn -0.0944 0.9566 0.2758
vn 0.0780 0.8837 0.4616
vn -0.0709 0.9818 0.1762
vn -0.1156 0.9468 0.3004
vn 0.1216 0.9904 0.0660
vn -0.0155 0.9901 0.1394
vn 0.2756 0.9162 0.2908
vn 0.2052 0.9704 0.1271
vn 0.1342 0.8856 0.4447
vn 0.2716 0.9068 0.3224
vn -0.0611 0.9278 0.3680
vn 0.3523 0.8797 -0.3194
vn 0.5113 0.8591 -0.0236
vn 0.5224 0.8235 -0.2212
vn 0.3200 0.9472 0.0174
vn 0.4901 0.8716 0.0051
vn 0.2094 0.9656 -0.1545
vn 0.2151 0.9766 -0.0073
vn 0.2574 0.9069 -0.3337
vn 0.2111 0.9544 -0.2109
vn 0.5157 0.8184 -0.2538
vn 0.2749 0.9106 -0.3087
vn 0.5595 0.8136 -0.1582
vn 0.5129 0.8093 -0.2864
vn 0.4863 0.8727 0.0429
vn 0.5443 0.8334 -0.0959
vn 0.2394 0.9694 -0.0546
vn 0.3916 0.9192 0.0405
vn 0.2461 0.9330 -0.2627
vn 0.2224 0.9714 -0.0830
vn 0.4352 0.8450 -0.3109
vn -0.1674 0.9054 -0.3901
vn -0.0955 0.9927 -0.0733
vn -0.0231 0.9656 -0.2589
vn -0.3056 0.9490 -0.0770
vn -0.1256 0.9908 -0.0505
vn -0.3655 0.8923 -0.2651
vn -0.3995 0.9086 -0.1221
vn -0.2546 0.8696 -0.4232
vn -0.3453 0.8830 -0.3180
vn -0.0182 0.9566 -0.2909
vn -0.2485 0.8837 -0.3966
vn -0.0019 0.9818 -0.1899
vn -0.0080 0.9468 -0.3218
vn -0.1375 0.9904 -0.0146
vn -0.0389 0.9901 -0.1348
vn -0.3659 0.9162 -0.1634
vn -0.2383 0.9704 -0.0389
vn -0.2940 0.8856 -0.3596
vn -0.3742 0.9068 -0.1941
vn -0.3798 0.9062 -0.1857
vn -0.0844 0.9278 -0.3634
vn 0.3645 0.4126 0.8348
vn -0.4924 0.5465 0.6775
vn -0.5788 0.7991 -0.1625
vn 0.2244 0.8214 -0.5243
vn 0.8077 0.5824 0.0921
vn 0.3876 0.9151 0.1111
vn 0.6183 0.7839 -0.0555
vn 0.5688 0.7388 -0.3616
vn 0.0434 0.9977 -0.0516
vn -0.0123 0.9353 -0.3536
vn -0.3029 0.8491 -0.4327
vn -0.2326 0.9477 0.2187
vn -0.5178 0.8437 0.1416
vn -0.6659 0.6600 0.3478
vn -0.0590 0.8342 0.5484
vn -0.1999 0.6357 0.7456
vn -0.0187 0.4327 0.9014
vn 0.3244 0.8140 0.4818
vn 0.5024 0.5988 0.6237
vn 0.7442 0.4815 0.4629
vn 0.9724 0.1878 -0.1384
vn 0.8949 0.1688 -0.4130
vn 0.7394 0.3403 -0.5809
vn 0.1415 0.4838 -0.8636
vn -0.1344 0.4159 -0.8994
vn -0.3733 0.5109 -0.7744
vn -0.8529 0.4240 -0.3046
vn -0.9596 0.2663 -0.0912
vn -0.9378 0.2883 0.1932
vn -0.6362 0.0909 0.7661
vn -0.4406 -0.0733 0.8947
vn -0.1740 -0.0200 0.9845
vn 0.4918 -0.0549 0.8690
vn 0.7057 -0.1334 0.6958
vn 0.8624 0.0122 0.5061
vn 0.4646 0.2850 -0.8384
vn -0.6877 0.3456 -0.6385
vn -0.8781 0.0416 0.4768
vn 0.1567 -0.2068 0.9658
vn 0.9866 -0.0565 0.1530
vn -0.3649 0.8081 -0.4623
vn 0.3537 0.4460 -0.8222
vn 0.9370 0.3006 -0.1778
vn 0.5792 0.5725 0.5803
vn -0.2255 0.8863 0.4046
vn 0.2446 0.9568 0.1568
vn 0.0869 0.9023 0.4221
vn 0.2289 0.7311 0.6427
vn 0.5949 0.7983 0.0944
vn 0.7287 0.6118 0.3077
vn 0.9046 0.3747 0.2032
vn 0.6273 0.7242 -0.2865
vn 0.7881 0.4760 -0.3902
vn 0.6838 0.3333 -0.6492
vn 0.2970 0.8369 -0.4597
vn 0.1830 0.6827 -0.7074
vn -0.1282 0.6643 -0.7364
vn 0.0605 0.9807 -0.1857
vn -0.2502 0.9461 -0.2054
vn -0.4096 0.9102 0.0620
vn -0.4697 0.5667 0.6770
vn -0.3075 0.4143 0.8566
vn -0.0264 0.4153 0.9093
vn 0.5823 0.1398 0.8009
vn 0.7399 -0.0599 0.6700
vn 0.8998 -0.0534 0.4330
vn 0.9562 -0.1822 -0.2292
vn 0.8368 -0.2816 -0.4694
vn 0.7090 -0.1502 -0.6890
vn 0.1355 0.0457 -0.9897
vn -0.1507 0.0556 -0.9870
vn -0.3352 0.2588 -0.9059
vn -0.7460 0.5087 -0.4299
vn -0.8579 0.4857 -0.1676
vn -0.7896 0.6082 0.0817
vn 0.2369 0.1456 0.9606
vn 0.9482 -0.2870 0.1366
vn 0.3944 -0.2154 -0.8933
vn -0.6584 0.2618 -0.7056
vn -0.7559 0.4846 0.4401
vn -0.6559 0.4126 -0.6322
vn 0.1958 0.5465 -0.8143
vn 0.5971 0.7990 -0.0711
vn -0.0070 0.8213 0.5704
vn -0.7814 0.5826 0.2236
vn -0.4007 0.9151 0.0455
vn -0.5502 0.7839 0.2876
vn -0.3872 0.7387 0.5517
vn -0.0205 0.9977 0.0643
vn 0.1463 0.9354 0.3218
vn 0.4453 0.8491 0.2843
vn 0.1313 0.9477 -0.2910
vn 0.4243 0.8437 -0.3289
vn 0.4824 0.6598 -0.5761
vn -0.1552 0.8341 -0.5293
vn -0.1004 0.6357 -0.7654
vn -0.3273 0.4327 -0.8400
vn -0.4840 0.8140 -0.3213
vn -0.7027 0.5988 -0.3843
vn -0.8646 0.4816 -0.1432
vn -0.8456 0.1879 0.4997
vn -0.6691 0.1688 0.7237
vn -0.4611 0.3403 0.8195
vn 0.1996 0.4839 0.8520
vn 0.4678 0.4159 0.7798
vn 0.6409 0.5109 0.5729
vn 0.9046 0.4239 -0.0445
vn 0.9216 0.2663 -0.2824
vn 0.7929 0.2884 -0.5368
vn 0.2948 0.0911 -0.9512
vn 0.0651 -0.0733 -0.9952
vn -0.2154 -0.0199 -0.9763
vn -0.7866 -0.0549 -0.6150
vn -0.9181 -0.1335 -0.3733
vn -0.9904 0.0122 -0.1380
vn -0.1090 0.2849 0.9523
vn 0.8797 0.3455 0.3268
vn 0.6291 0.0416 -0.7762
vn -0.5141 -0.2068 -0.8325
vn -0.9702 -0.0564 0.2359
s 1
usemtl FlowerStalk.005
f 958//1039 961//1039 960//1039
f 961//1040 962//1040 960//1040
f 959//1041 966//1042 964//1043
f 962//1044 959//1044 958//1044
f 961//1045 966//1045 963//1045
f 959//1046 965//1046 961//1046
f 982//1047 984//1047 981//1047
f 980//1048 988//1048 979//1048
f 972//1049 987//1049 971//1049
f 970//1050 986//1050 969//1050
f 968//1051 985//1051 967//1051
f 982//1052 1069//1052 984//1052
f 979//1053 1069//1053 982//1053
f 979//1054 988//1054 1069//1054
f 980//1055 1070//1055 988//1055
f 971//1056 1070//1056 980//1056
f 971//1057 987//1057 1070//1057
f 972//1058 1071//1058 987//1058
f 969//1059 1071//1059 972//1059
f 969//1060 986//1060 1071//1060
f 970//1061 1072//1061 986//1061
f 967//1062 1072//1062 970//1062
f 967//1063 985//1063 1072//1063
f 968//1064 1073//1064 985//1064
f 981//1065 1073//1065 968//1065
f 981//1066 984//1066 1073//1066
f 1069//1067 1075//1067 984//1067
f 1074//1068 1075//1068 1069//1068
f 1074//1069 983//1069 1075//1069
f 1070//1070 1074//1070 988//1070
f 1076//1071 1074//1071 1070//1071
f 1076//1072 983//1072 1074//1072
f 1071//1073 1076//1073 987//1073
f 1077//1074 1076//1074 1071//1074
f 1077//1075 983//1075 1076//1075
f 1072//1076 1077//1076 986//1076
f 1078//1077 1077//1077 1072//1077
f 1078//1078 983//1078 1077//1078
f 1073//1079 1078//1079 985//1079
f 1075//1080 1078//1080 1073//1080
f 1075//1081 983//1081 1078//1081
f 984//1082 1075//1082 1073//1082
f 985//1083 1078//1083 1072//1083
f 986//1084 1077//1084 1071//1084
f 987//1085 1076//1085 1070//1085
f 988//1086 1074//1086 1069//1086
f 1080//1087 1081//1087 1079//1087
f 1081//1088 1084//1088 1083//1088
f 1080//1089 1087//1090 1085//1090
f 1084//1091 1079//1091 1083//1091
f 1084//1092 1086//1093 1087//1093
f 1080//1094 1086//1094 1082//1094
f 1103//1095 1105//1095 1102//1095
f 1101//1096 1109//1096 1100//1096
f 1093//1097 1108//1097 1092//1097
f 1091//1098 1107//1098 1090//1098
f 1089//1099 1106//1099 1088//1099
f 1103//1100 1190//1100 1105//1100
f 1100//1101 1190//1101 1103//1101
f 1100//1102 1109//1102 1190//1102
f 1101//1103 1191//1103 1109//1103
f 1092//1104 1191//1104 1101//1104
f 1092//1105 1108//1105 1191//1105
f 1093//1106 1192//1106 1108//1106
f 1090//1107 1192//1107 1093//1107
f 1090//1108 1107//1108 1192//1108
f 1091//1109 1193//1109 1107//1109
f 1088//1110 1193//1110 1091//1110
f 1088//1111 1106//1111 1193//1111
f 1089//1112 1194//1112 1106//1112
f 1102//1113 1194//1113 1089//1113
f 1102//1114 1105//1114 1194//1114
f 1190//1115 1196//1115 1105//1115
f 1195//1116 1196//1116 1190//1116
f 1195//1117 1104//1117 1196//1117
f 1191//1118 1195//1118 1109//1118
f 1197//1119 1195//1119 1191//1119
f 1197//1120 1104//1120 1195//1120
f 1192//1121 1197//1121 1108//1121
f 1198//1122 1197//1122 1192//1122
f 1198//1123 1104//1123 1197//1123
f 1193//1124 1198//1124 1107//1124
f 1199//1125 1198//1125 1193//1125
f 1199//1126 1104//1126 1198//1126
f 1194//1127 1199//1127 1106//1127
f 1196//1128 1199//1128 1194//1128
f 1196//1129 1104//1129 1199//1129
f 1105//1130 1196//1130 1194//1130
f 1106//1131 1199//1131 1193//1131
f 1107//1132 1198//1132 1192//1132
f 1108//1133 1197//1133 1191//1133
f 1109//1134 1195//1134 1190//1134
f 1201//1135 1202//1135 1200//1135
f 1202//1136 1205//1136 1204//1136
f 1201//1137 1208//1138 1206//1138
f 1205//1139 1200//1139 1204//1139
f 1205//1140 1207//1141 1208//1141
f 1201//1142 1207//1142 1203//1142
f 1224//1143 1226//1143 1223//1143
f 1222//1144 1230//1144 1221//1144
f 1214//1145 1229//1145 1213//1145
f 1212//1146 1228//1146 1211//1146
f 1210//1147 1227//1147 1209//1147
f 1224//1148 1311//1148 1226//1148
f 1221//1149 1311//1149 1224//1149
f 1221//1150 1230//1150 1311//1150
f 1222//1151 1312//1151 1230//1151
f 1213//1152 1312//1152 1222//1152
f 1213//1153 1229//1153 1312//1153
f 1214//1154 1313//1154 1229//1154
f 1211//1155 1313//1155 1214//1155
f 1211//1156 1228//1156 1313//1156
f 1212//1157 1314//1157 1228//1157
f 1209//1158 1314//1158 1212//1158
f 1209//1159 1227//1159 1314//1159
f 1210//1160 1315//1160 1227//1160
f 1223//1161 1315//1161 1210//1161
f 1223//1162 1226//1162 1315//1162
f 1311//1163 1317//1163 1226//1163
f 1316//1164 1317//1164 1311//1164
f 1316//1165 1225//1165 1317//1165
f 1312//1166 1316//1166 1230//1166
f 1318//1167 1316//1167 1312//1167
f 1318//1168 1225//1168 1316//1168
f 1313//1169 1318//1169 1229//1169
f 1319//1170 1318//1170 1313//1170
f 1319//1171 1225//1171 1318//1171
f 1314//1172 1319//1172 1228//1172
f 1320//1173 1319//1173 1314//1173
f 1320//1174 1225//1174 1319//1174
f 1315//1175 1320//1175 1227//1175
f 1317//1176 1320//1176 1315//1176
f 1317//1177 1225//1177 1320//1177
f 1226//1178 1317//1178 1315//1178
f 1227//1179 1320//1179 1314//1179
f 1228//1180 1319//1180 1313//1180
f 1229//1181 1318//1181 1312//1181
f 1230//1182 1316//1182 1311//1182
f 958//1039 959//1039 961//1039
f 961//1040 963//1040 962//1040
f 959//1041 963//1041 966//1042
f 962//1183 963//1183 959//1183
f 961//1045 965//1045 966//1045
f 959//1184 964//1184 965//1184
f 1080//1087 1082//1087 1081//1087
f 1081//1185 1082//1185 1084//1185
f 1080//1089 1084//1089 1087//1090
f 1084//1091 1080//1091 1079//1091
f 1084//1092 1082//1092 1086//1093
f 1080//1094 1085//1094 1086//1094
f 1201//1135 1203//1135 1202//1135
f 1202//1136 1203//1136 1205//1136
f 1201//1137 1205//1137 1208//1138
f 1205//1139 1201//1139 1200//1139
f 1205//1140 1203//1140 1207//1141
f 1201//1186 1206//1186 1207//1186
usemtl Blossoms03.001
f 1013//1187 1012//1188 1011//1189
f 1010//1190 1013//1191 1009//1192
f 1019//1193 1018//1194 1017//1195
f 1016//1196 1019//1197 1015//1198
f 1025//1199 1024//1200 1023//1201
f 1022//1202 1025//1203 1021//1204
f 1031//1205 1030//1206 1029//1207
f 1028//1208 1031//1209 1027//1210
f 1037//1211 1036//1212 1035//1213
f 1034//1214 1037//1215 1033//1216
f 1043//1217 1042//1218 1041//1219
f 1040//1220 1043//1221 1039//1222
f 1049//1223 1048//1224 1047//1225
f 1046//1226 1049//1227 1045//1228
f 1055//1229 1054//1230 1053//1231
f 1052//1232 1055//1233 1051//1234
f 1061//1235 1060//1236 1059//1237
f 1058//1238 1061//1239 1057//1240
f 1067//1241 1066//1242 1065//1243
f 1064//1244 1067//1245 1063//1246
f 1134//1247 1133//1248 1132//1249
f 1131//1250 1134//1251 1130//1252
f 1140//1253 1139//1254 1138//1255
f 1137//1256 1140//1257 1136//1258
f 1146//1259 1145//1260 1144//1261
f 1143//1262 1146//1263 1142//1264
f 1152//1265 1151//1266 1150//1267
f 1149//1268 1152//1269 1148//1270
f 1158//1271 1157//1272 1156//1273
f 1155//1274 1158//1275 1154//1276
f 1164//1277 1163//1278 1162//1279
f 1161//1280 1164//1281 1160//1282
f 1170//1283 1169//1284 1168//1285
f 1167//1286 1170//1287 1166//1288
f 1176//1289 1175//1290 1174//1291
f 1173//1292 1176//1293 1172//1294
f 1182//1295 1181//1296 1180//1297
f 1179//1298 1182//1299 1178//1300
f 1188//1301 1187//1302 1186//1303
f 1185//1304 1188//1305 1184//1306
f 1255//1307 1254//1308 1253//1309
f 1252//1310 1255//1311 1251//1312
f 1261//1313 1260//1314 1259//1315
f 1258//1316 1261//1317 1257//1318
f 1267//1319 1266//1320 1265//1321
f 1264//1322 1267//1323 1263//1324
f 1273//1325 1272//1326 1271//1327
f 1270//1328 1273//1329 1269//1330
f 1279//1331 1278//1332 1277//1333
f 1276//1334 1279//1335 1275//1336
f 1285//1337 1284//1338 1283//1339
f 1282//1340 1285//1341 1281//1342
f 1291//1343 1290//1344 1289//1345
f 1288//1346 1291//1347 1287//1348
f 1297//1349 1296//1350 1295//1351
f 1294//1352 1297//1353 1293//1354
f 1303//1355 1302//1356 1301//1357
f 1300//1358 1303//1359 1299//1360
f 1309//1361 1308//1362 1307//1363
f 1306//1364 1309//1365 1305//1366
f 1013//1187 1014//1367 1012//1188
f 1010//1190 1014//1368 1013//1191
f 1019//1193 1020//1369 1018//1194
f 1016//1196 1020//1370 1019//1197
f 1025//1199 1026//1371 1024//1200
f 1022//1202 1026//1372 1025//1203
f 1031//1205 1032//1373 1030//1206
f 1028//1208 1032//1374 1031//1209
f 1037//1211 1038//1375 1036//1212
f 1034//1214 1038//1376 1037//1215
f 1043//1217 1044//1377 1042//1218
f 1040//1220 1044//1378 1043//1221
f 1049//1223 1050//1379 1048//1224
f 1046//1226 1050//1380 1049//1227
f 1055//1229 1056//1381 1054//1230
f 1052//1232 1056//1382 1055//1233
f 1061//1235 1062//1383 1060//1236
f 1058//1238 1062//1384 1061//1239
f 1067//1241 1068//1385 1066//1242
f 1064//1244 1068//1386 1067//1245
f 1134//1247 1135//1387 1133//1248
f 1131//1250 1135//1388 1134//1251
f 1140//1253 1141//1389 1139//1254
f 1137//1256 1141//1390 1140//1257
f 1146//1259 1147//1391 1145//1260
f 1143//1262 1147//1392 1146//1263
f 1152//1265 1153//1393 1151//1266
f 1149//1268 1153//1394 1152//1269
f 1158//1271 1159//1395 1157//1272
f 1155//1274 1159//1396 1158//1275
f 1164//1277 1165//1397 1163//1278
f 1161//1280 1165//1398 1164//1281
f 1170//1283 1171//1399 1169//1284
f 1167//1286 1171//1400 1170//1287
f 1176//1289 1177//1401 1175//1290
f 1173//1292 1177//1402 1176//1293
f 1182//1295 1183//1403 1181//1296
f 1179//1298 1183//1404 1182//1299
f 1188//1301 1189//1405 1187//1302
f 1185//1304 1189//1406 1188//1305
f 1255//1307 1256//1407 1254//1308
f 1252//1310 1256//1408 1255//1311
f 1261//1313 1262//1409 1260//1314
f 1258//1316 1262//1410 1261//1317
f 1267//1319 1268//1411 1266//1320
f 1264//1322 1268//1412 1267//1323
f 1273//1325 1274//1413 1272//1326
f 1270//1328 1274//1414 1273//1329
f 1279//1331 1280//1415 1278//1332
f 1276//1334 1280//1416 1279//1335
f 1285//1337 1286//1417 1284//1338
f 1282//1340 1286//1418 1285//1341
f 1291//1343 1292//1419 1290//1344
f 1288//1346 1292//1420 1291//1347
f 1297//1349 1298//1421 1296//1350
f 1294//1352 1298//1422 1297//1353
f 1303//1355 1304//1423 1302//1356
f 1300//1358 1304//1424 1303//1359
f 1309//1361 1310//1425 1308//1426
f 1306//1364 1310//1427 1309//1365
usemtl Core03.001
f 973//1428 999//1428 1004//1428
f 974//1429 1000//1429 1006//1429
f 975//1430 1001//1430 1007//1430
f 976//1431 1002//1431 1008//1431
f 977//1432 1003//1432 1005//1432
f 1005//1433 1008//1433 978//1433
f 1005//1434 1003//1434 1008//1434
f 1003//1435 976//1435 1008//1435
f 1008//1436 1007//1436 978//1436
f 1008//1437 1002//1437 1007//1437
f 1002//1438 975//1438 1007//1438
f 1007//1439 1006//1439 978//1439
f 1007//1440 1001//1440 1006//1440
f 1001//1441 974//1441 1006//1441
f 1006//1442 1004//1442 978//1442
f 1006//1443 1000//1443 1004//1443
f 1000//1444 973//1444 1004//1444
f 1004//1445 1005//1445 978//1445
f 1004//1446 999//1446 1005//1446
f 999//1447 977//1447 1005//1447
f 990//1448 1003//1448 977//1448
f 990//1449 997//1449 1003//1449
f 997//1450 976//1450 1003//1450
f 998//1451 1002//1451 976//1451
f 998//1452 995//1452 1002//1452
f 995//1453 975//1453 1002//1453
f 996//1454 1001//1454 975//1454
f 996//1455 993//1455 1001//1455
f 993//1456 974//1456 1001//1456
f 994//1457 1000//1457 974//1457
f 994//1458 991//1458 1000//1458
f 991//1459 973//1459 1000//1459
f 992//1460 999//1460 973//1460
f 992//1461 989//1461 999//1461
f 989//1462 977//1462 999//1462
f 997//1463 998//1463 976//1463
f 995//1464 996//1464 975//1464
f 993//1465 994//1465 974//1465
f 991//1466 992//1466 973//1466
f 989//1467 990//1467 977//1467
f 1094//1468 1120//1468 1125//1468
f 1095//1469 1121//1469 1127//1469
f 1096//1470 1122//1470 1128//1470
f 1097//1471 1123//1471 1129//1471
f 1098//1472 1124//1472 1126//1472
f 1126//1473 1129//1473 1099//1473
f 1126//1474 1124//1474 1129//1474
f 1124//1475 1097//1475 1129//1475
f 1129//1476 1128//1476 1099//1476
f 1129//1477 1123//1477 1128//1477
f 1123//1478 1096//1478 1128//1478
f 1128//1479 1127//1479 1099//1479
f 1128//1480 1122//1480 1127//1480
f 1122//1481 1095//1481 1127//1481
f 1127//1482 1125//1482 1099//1482
f 1127//1483 1121//1483 1125//1483
f 1121//1484 1094//1484 1125//1484
f 1125//1485 1126//1485 1099//1485
f 1125//1486 1120//1486 1126//1486
f 1120//1487 1098//1487 1126//1487
f 1111//1488 1124//1488 1098//1488
f 1111//1489 1118//1489 1124//1489
f 1118//1490 1097//1490 1124//1490
f 1119//1491 1123//1491 1097//1491
f 1119//1492 1116//1492 1123//1492
f 1116//1493 1096//1493 1123//1493
f 1117//1494 1122//1494 1096//1494
f 1117//1495 1114//1495 1122//1495
f 1114//1496 1095//1496 1122//1496
f 1115//1497 1121//1497 1095//1497
f 1115//1498 1112//1498 1121//1498
f 1112//1499 1094//1499 1121//1499
f 1113//1500 1120//1500 1094//1500
f 1113//1501 1110//1501 1120//1501
f 1110//1502 1098//1502 1120//1502
f 1118//1503 1119//1503 1097//1503
f 1116//1504 1117//1504 1096//1504
f 1114//1505 1115//1505 1095//1505
f 1112//1506 1113//1506 1094//1506
f 1110//1507 1111//1507 1098//1507
f 1215//1508 1241//1508 1246//1508
f 1216//1509 1242//1509 1248//1509
f 1217//1510 1243//1510 1249//1510
f 1218//1511 1244//1511 1250//1511
f 1219//1512 1245//1512 1247//1512
f 1247//1513 1250//1513 1220//1513
f 1247//1514 1245//1514 1250//1514
f 1245//1515 1218//1515 1250//1515
f 1250//1516 1249//1516 1220//1516
f 1250//1517 1244//1517 1249//1517
f 1244//1518 1217//1518 1249//1518
f 1249//1519 1248//1519 1220//1519
f 1249//1520 1243//1520 1248//1520
f 1243//1521 1216//1521 1248//1521
f 1248//1522 1246//1522 1220//1522
f 1248//1523 1242//1523 1246//1523
f 1242//1524 1215//1524 1246//1524
f 1246//1525 1247//1525 1220//1525
f 1246//1526 1241//1526 1247//1526
f 1241//1527 1219//1527 1247//1527
f 1232//1528 1245//1528 1219//1528
f 1232//1529 1239//1529 1245//1529
f 1239//1530 1218//1530 1245//1530
f 1240//1531 1244//1531 1218//1531
f 1240//1532 1237//1532 1244//1532
f 1237//1533 1217//1533 1244//1533
f 1238//1534 1243//1534 1217//1534
f 1238//1535 1235//1535 1243//1535
f 1235//1536 1216//1536 1243//1536
f 1236//1537 1242//1537 1216//1537
f 1236//1538 1233//1538 1242//1538
f 1233//1539 1215//1539 1242//1539
f 1234//1540 1241//1540 1215//1540
f 1234//1541 1231//1541 1241//1541
f 1231//1542 1219//1542 1241//1542
f 1239//1543 1240//1543 1218//1543
f 1237//1544 1238//1544 1217//1544
f 1235//1545 1236//1545 1216//1545
f 1233//1546 1234//1546 1215//1546
f 1231//1547 1232//1547 1219//1547
o Grass.051
v -3.294813 -0.846323 -7.669178
v -3.315353 -0.342153 -7.656053
v -3.198570 -0.846323 -7.647440
v -3.235615 -0.342153 -7.638043
v -3.391056 -0.846323 -7.647440
v -3.395091 -0.342153 -7.638043
v -3.406456 0.304097 -7.658309
v -3.351160 0.304097 -7.645819
v -3.461751 0.304097 -7.645819
v -3.380279 0.859763 -7.657427
v -2.958973 -0.377888 -7.722351
v -2.906485 -0.804018 -7.727655
v -2.825140 -0.804018 -7.709282
v -2.891578 -0.377888 -7.707129
v -2.987831 -0.804018 -7.709282
v -3.026368 -0.377888 -7.707129
v -3.016155 0.105539 -7.724645
v -2.969418 0.105539 -7.714089
v -3.062891 0.105539 -7.714089
v -2.986514 0.533904 -7.712063
v -3.573992 -0.383505 -7.742502
v -3.545959 -0.818043 -7.740091
v -3.463009 -0.818043 -7.721355
v -3.505267 -0.383505 -7.726980
v -3.628910 -0.818043 -7.721355
v -3.642717 -0.383505 -7.726980
v -3.631212 0.105850 -7.735978
v -3.589785 0.105850 -7.726620
v -3.672639 0.105850 -7.726620
v -3.604325 0.476509 -7.724448
vn 0.2196 0.0341 -0.9750
vn 0.2202 0.0343 -0.9749
vn -0.0000 -0.0186 0.9998
vn -0.2202 -0.0344 -0.9749
vn -0.2202 -0.0344 -0.9748
vn -0.2203 0.0164 -0.9753
vn -0.2203 0.0119 -0.9754
vn -0.0000 0.0120 0.9999
vn -0.0000 0.0118 0.9999
vn -0.0000 0.0164 0.9999
vn 0.2202 0.0276 -0.9751
vn 0.2200 0.0279 -0.9751
vn 0.2201 0.0392 -0.9747
vn -0.0000 0.0209 0.9998
vn 0.2203 -0.0088 -0.9754
vn -0.0000 -0.0051 1.0000
vn -0.2202 -0.0307 -0.9750
vn -0.2203 -0.0150 -0.9753
vn -0.2201 0.0439 -0.9745
vn -0.0000 0.0144 0.9999
vn 0.2203 0.0214 -0.9752
vn 0.2203 0.0216 -0.9752
vn -0.0000 -0.0047 1.0000
vn 0.2203 0.0174 -0.9753
vn 0.2203 0.0134 -0.9753
vn 0.2203 0.0088 -0.9754
vn -0.0000 0.0133 0.9999
vn -0.0000 0.0129 0.9999
vn -0.2209 -0.0194 -0.9751
vn -0.2203 -0.0128 -0.9753
vn -0.2207 -0.0130 -0.9753
vn -0.2203 -0.0196 -0.9752
vn -0.2201 0.0463 -0.9744
vn -0.0000 -0.0008 1.0000
vn -0.0000 -0.0006 1.0000
vn -0.0000 -0.0058 1.0000
vn 0.2201 0.0387 -0.9747
vn 0.2202 0.0387 -0.9747
vn -0.0000 -0.0059 1.0000
vn 0.2203 0.0144 -0.9753
vn 0.2202 0.0392 -0.9747
s 1
usemtl Grass.336
f 1322//1548 1323//1549 1321//1549
f 1324//1550 1325//1550 1323//1550
f 1326//1551 1327//1552 1322//1551
f 1325//1553 1322//1553 1321//1553
f 1327//1554 1329//1554 1330//1554
f 1326//1555 1328//1556 1329//1557
f 1322//1548 1328//1558 1324//1559
f 1332//1560 1334//1560 1333//1560
f 1329//1557 1328//1556 1330//1561
f 1328//1562 1327//1562 1330//1562
f 1334//1563 1335//1563 1333//1563
f 1331//1564 1339//1564 1337//1564
f 1335//1565 1331//1565 1332//1565
f 1337//1566 1339//1566 1340//1566
f 1336//1567 1338//1567 1339//1567
f 1331//1568 1338//1569 1334//1568
f 1339//1570 1338//1570 1340//1570
f 1338//1569 1337//1571 1340//1572
f 1342//1573 1344//1573 1343//1573
f 1344//1574 1345//1575 1343//1575
f 1346//1576 1347//1577 1341//1578
f 1346//1576 1342//1579 1345//1579
f 1347//1580 1349//1580 1350//1580
f 1346//1581 1348//1582 1349//1583
f 1341//1584 1348//1585 1344//1584
f 1349//1583 1348//1582 1350//1586
f 1348//1587 1347//1587 1350//1587
f 1322//1548 1324//1559 1323//1549
f 1324//1550 1326//1550 1325//1550
f 1326//1551 1329//1552 1327//1552
f 1325//1553 1326//1553 1322//1553
f 1326//1555 1324//1555 1328//1556
f 1322//1548 1327//1558 1328//1558
f 1332//1588 1331//1588 1334//1588
f 1334//1563 1336//1563 1335//1563
f 1331//1564 1336//1564 1339//1564
f 1335//1565 1336//1565 1331//1565
f 1336//1567 1334//1567 1338//1567
f 1331//1568 1337//1571 1338//1569
f 1342//1573 1341//1573 1344//1573
f 1344//1574 1346//1581 1345//1575
f 1346//1576 1349//1577 1347//1577
f 1346//1576 1341//1578 1342//1579
f 1346//1581 1344//1574 1348//1582
f 1341//1584 1347//1585 1348//1585
o Grass.065
v -3.947073 -1.007325 -7.352294
v -3.967613 -0.503154 -7.339169
v -3.850830 -1.007325 -7.330556
v -3.887875 -0.503154 -7.321159
v -4.043316 -1.007325 -7.330556
v -4.047351 -0.503154 -7.321159
v -4.058715 0.143096 -7.341424
v -4.003420 0.143096 -7.328935
v -4.114011 0.143096 -7.328935
v -4.032539 0.698762 -7.340543
v -3.611233 -0.538890 -7.405467
v -3.558745 -0.965020 -7.410771
v -3.477400 -0.965020 -7.392398
v -3.543838 -0.538890 -7.390244
v -3.640091 -0.965020 -7.392398
v -3.678628 -0.538890 -7.390244
v -3.668415 -0.055462 -7.407761
v -3.621678 -0.055462 -7.397205
v -3.715151 -0.055462 -7.397205
v -3.638774 0.372903 -7.395179
v -4.226252 -0.544507 -7.425618
v -4.198219 -0.979044 -7.423207
v -4.115269 -0.979044 -7.404471
v -4.157527 -0.544507 -7.410096
v -4.281170 -0.979044 -7.404471
v -4.294977 -0.544507 -7.410096
v -4.283472 -0.055152 -7.419094
v -4.242045 -0.055152 -7.409736
v -4.324900 -0.055152 -7.409736
v -4.256585 0.315508 -7.407564
vn 0.2196 0.0341 -0.9750
vn 0.2202 0.0343 -0.9749
vn -0.0000 -0.0186 0.9998
vn -0.2202 -0.0344 -0.9748
vn -0.2202 -0.0344 -0.9749
vn -0.2203 0.0164 -0.9753
vn -0.2203 0.0119 -0.9754
vn -0.0000 0.0120 0.9999
vn -0.0000 0.0118 0.9999
vn -0.0000 0.0164 0.9999
vn 0.2202 0.0276 -0.9751
vn 0.2200 0.0279 -0.9751
vn 0.2201 0.0392 -0.9747
vn -0.0000 0.0209 0.9998
vn 0.2203 -0.0088 -0.9754
vn -0.0000 -0.0051 1.0000
vn -0.2202 -0.0307 -0.9750
vn -0.2203 -0.0150 -0.9753
vn -0.2201 0.0439 -0.9745
vn -0.0000 0.0144 0.9999
vn 0.2203 0.0214 -0.9752
vn 0.2203 0.0216 -0.9752
vn -0.0000 -0.0047 1.0000
vn 0.2203 0.0174 -0.9753
vn 0.2203 0.0134 -0.9753
vn 0.2203 0.0088 -0.9754
vn -0.0000 0.0133 0.9999
vn -0.0000 0.0129 0.9999
vn -0.2211 -0.0194 -0.9751
vn -0.2203 -0.0128 -0.9753
vn -0.2208 -0.0130 -0.9752
vn -0.2203 -0.0196 -0.9752
vn -0.2201 0.0463 -0.9744
vn -0.0000 -0.0008 1.0000
vn -0.0000 -0.0006 1.0000
vn -0.0000 -0.0058 1.0000
vn 0.2202 0.0387 -0.9747
vn 0.2201 0.0387 -0.9747
vn -0.0000 -0.0059 1.0000
vn 0.2203 0.0144 -0.9753
vn 0.2202 0.0392 -0.9747
s 1
usemtl Grass.350
f 1352//1589 1353//1590 1351//1590
f 1354//1591 1355//1591 1353//1591
f 1356//1592 1357//1593 1352//1592
f 1355//1594 1352//1594 1351//1594
f 1357//1595 1359//1595 1360//1595
f 1356//1596 1358//1597 1359//1598
f 1352//1589 1358//1599 1354//1600
f 1362//1601 1364//1601 1363//1601
f 1359//1598 1358//1597 1360//1602
f 1358//1603 1357//1603 1360//1603
f 1364//1604 1365//1604 1363//1604
f 1361//1605 1369//1605 1367//1605
f 1365//1606 1361//1606 1362//1606
f 1367//1607 1369//1607 1370//1607
f 1366//1608 1368//1608 1369//1608
f 1361//1609 1368//1610 1364//1609
f 1369//1611 1368//1611 1370//1611
f 1368//1610 1367//1612 1370//1613
f 1372//1614 1374//1614 1373//1614
f 1374//1615 1375//1616 1373//1616
f 1376//1617 1377//1618 1371//1619
f 1376//1617 1372//1620 1375//1620
f 1377//1621 1379//1621 1380//1621
f 1376//1622 1378//1623 1379//1624
f 1371//1625 1378//1625 1374//1626
f 1379//1624 1378//1623 1380//1627
f 1378//1628 1377//1628 1380//1628
f 1352//1589 1354//1600 1353//1590
f 1354//1591 1356//1591 1355//1591
f 1356//1592 1359//1593 1357//1593
f 1355//1594 1356//1594 1352//1594
f 1356//1596 1354//1596 1358//1597
f 1352//1589 1357//1599 1358//1599
f 1362//1629 1361//1629 1364//1629
f 1364//1604 1366//1604 1365//1604
f 1361//1605 1366//1605 1369//1605
f 1365//1606 1366//1606 1361//1606
f 1366//1608 1364//1608 1368//1608
f 1361//1609 1367//1612 1368//1610
f 1372//1614 1371//1614 1374//1614
f 1374//1615 1376//1622 1375//1616
f 1376//1617 1379//1618 1377//1618
f 1376//1617 1371//1619 1372//1620
f 1376//1622 1374//1615 1378//1623
f 1371//1625 1377//1625 1378//1625
o Grass.131
v 8.743443 -0.996969 -1.426974
v 8.722902 -0.492798 -1.413849
v 8.839685 -0.996969 -1.405236
v 8.802640 -0.492798 -1.395839
v 8.647200 -0.996969 -1.405236
v 8.643164 -0.492798 -1.395839
v 8.631800 0.153452 -1.416105
v 8.687096 0.153452 -1.403615
v 8.576505 0.153452 -1.403615
v 8.657976 0.709118 -1.415223
v 9.079282 -0.528534 -1.480147
v 9.131770 -0.954664 -1.485451
v 9.213116 -0.954664 -1.467078
v 9.146678 -0.528534 -1.464925
v 9.050425 -0.954664 -1.467078
v 9.011887 -0.528534 -1.464925
v 9.022100 -0.045106 -1.482441
v 9.068837 -0.045106 -1.471885
v 8.975365 -0.045106 -1.471885
v 9.051741 0.383259 -1.469859
v 8.464263 -0.534151 -1.500298
v 8.492296 -0.968688 -1.497887
v 8.575247 -0.968688 -1.479151
v 8.532989 -0.534151 -1.484776
v 8.409346 -0.968688 -1.479151
v 8.395538 -0.534151 -1.484776
v 8.407043 -0.044795 -1.493773
v 8.448470 -0.044795 -1.484416
v 8.365616 -0.044795 -1.484416
v 8.433930 0.325864 -1.482244
vn 0.2197 0.0341 -0.9750
vn 0.2202 0.0343 -0.9749
vn -0.0000 -0.0186 0.9998
vn -0.2202 -0.0344 -0.9749
vn -0.2202 -0.0344 -0.9748
vn -0.2203 0.0164 -0.9753
vn -0.2203 0.0119 -0.9754
vn -0.0000 0.0120 0.9999
vn -0.0000 0.0118 0.9999
vn -0.0000 0.0164 0.9999
vn 0.2202 0.0276 -0.9751
vn 0.2200 0.0279 -0.9751
vn 0.2201 0.0392 -0.9747
vn -0.0000 0.0209 0.9998
vn 0.2203 -0.0088 -0.9754
vn -0.0000 -0.0051 1.0000
vn -0.2202 -0.0307 -0.9750
vn -0.2203 -0.0150 -0.9753
vn -0.2201 0.0439 -0.9745
vn -0.0000 0.0144 0.9999
vn 0.2203 0.0214 -0.9752
vn 0.2204 0.0216 -0.9752
vn -0.0000 -0.0047 1.0000
vn 0.2203 0.0174 -0.9753
vn 0.2203 0.0134 -0.9753
vn 0.2203 0.0088 -0.9754
vn -0.0000 0.0133 0.9999
vn -0.0000 0.0129 0.9999
vn -0.2212 -0.0194 -0.9750
vn -0.2203 -0.0128 -0.9753
vn -0.2208 -0.0131 -0.9752
vn -0.2203 -0.0196 -0.9752
vn -0.2201 0.0463 -0.9744
vn -0.0000 -0.0008 1.0000
vn -0.0000 -0.0006 1.0000
vn -0.0000 -0.0058 1.0000
vn 0.2201 0.0387 -0.9747
vn 0.2202 0.0387 -0.9747
vn -0.0000 -0.0059 1.0000
vn 0.2203 0.0144 -0.9753
s 1
usemtl Grass.411
f 1382//1630 1383//1631 1381//1631
f 1384//1632 1385//1632 1383//1632
f 1386//1633 1387//1634 1382//1633
f 1385//1635 1382//1635 1381//1635
f 1387//1636 1389//1636 1390//1636
f 1386//1637 1388//1638 1389//1639
f 1382//1630 1388//1640 1384//1641
f 1392//1642 1394//1642 1393//1642
f 1389//1639 1388//1638 1390//1643
f 1388//1644 1387//1644 1390//1644
f 1394//1645 1395//1645 1393//1645
f 1391//1646 1399//1646 1397//1646
f 1395//1647 1391//1647 1392//1647
f 1397//1648 1399//1648 1400//1648
f 1396//1649 1398//1649 1399//1649
f 1391//1650 1398//1651 1394//1650
f 1399//1652 1398//1652 1400//1652
f 1398//1651 1397//1653 1400//1654
f 1402//1655 1404//1655 1403//1655
f 1404//1656 1405//1657 1403//1657
f 1406//1658 1407//1659 1401//1660
f 1406//1658 1402//1661 1405//1661
f 1407//1662 1409//1662 1410//1662
f 1406//1663 1408//1664 1409//1665
f 1401//1666 1408//1667 1404//1666
f 1409//1665 1408//1664 1410//1668
f 1408//1669 1407//1669 1410//1669
f 1382//1630 1384//1641 1383//1631
f 1384//1632 1386//1632 1385//1632
f 1386//1633 1389//1634 1387//1634
f 1385//1635 1386//1635 1382//1635
f 1386//1637 1384//1637 1388//1638
f 1382//1630 1387//1640 1388//1640
f 1392//1642 1391//1642 1394//1642
f 1394//1645 1396//1645 1395//1645
f 1391//1646 1396//1646 1399//1646
f 1395//1647 1396//1647 1391//1647
f 1396//1649 1394//1649 1398//1649
f 1391//1650 1397//1653 1398//1651
f 1402//1655 1401//1655 1404//1655
f 1404//1656 1406//1663 1405//1657
f 1406//1658 1409//1659 1407//1659
f 1406//1658 1401//1660 1402//1661
f 1406//1663 1404//1656 1408//1664
f 1401//1666 1407//1667 1408//1667
o Grass.182
v 8.120186 -0.761454 3.571904
v 8.099646 -0.257284 3.585029
v 8.216429 -0.761454 3.593642
v 8.179383 -0.257284 3.603039
v 8.023943 -0.761454 3.593642
v 8.019907 -0.257284 3.603039
v 8.008543 0.388966 3.582773
v 8.063839 0.388966 3.595263
v 7.953248 0.388966 3.595263
v 8.034719 0.944632 3.583655
v 8.456025 -0.293020 3.518731
v 8.508513 -0.719150 3.513427
v 8.589859 -0.719150 3.531801
v 8.523421 -0.293020 3.533953
v 8.427168 -0.719150 3.531801
v 8.388630 -0.293020 3.533953
v 8.398844 0.190408 3.516437
v 8.445580 0.190408 3.526994
v 8.352108 0.190408 3.526994
v 8.428484 0.618773 3.529019
v 7.841006 -0.298637 3.498580
v 7.869040 -0.733174 3.500991
v 7.951990 -0.733174 3.519727
v 7.909732 -0.298637 3.514102
v 7.786089 -0.733174 3.519727
v 7.772281 -0.298637 3.514102
v 7.783786 0.190719 3.505105
v 7.825213 0.190719 3.514462
v 7.742359 0.190719 3.514462
v 7.810674 0.561378 3.516634
vn 0.2197 0.0341 -0.9750
vn 0.2202 0.0343 -0.9749
vn -0.0000 -0.0186 0.9998
vn -0.2202 -0.0344 -0.9748
vn -0.2203 0.0164 -0.9753
vn -0.2203 0.0119 -0.9754
vn -0.0000 0.0120 0.9999
vn -0.0000 0.0118 0.9999
vn -0.0000 0.0164 0.9999
vn 0.2202 0.0276 -0.9751
vn 0.2201 0.0279 -0.9751
vn 0.2202 0.0392 -0.9747
vn -0.0000 0.0209 0.9998
vn 0.2203 -0.0088 -0.9754
vn -0.0000 -0.0050 1.0000
vn -0.2202 -0.0307 -0.9750
vn -0.2203 -0.0150 -0.9753
vn -0.2201 0.0439 -0.9745
vn -0.0000 0.0144 0.9999
vn 0.2203 0.0214 -0.9752
vn 0.2203 0.0216 -0.9752
vn -0.0000 -0.0047 1.0000
vn 0.2203 0.0174 -0.9753
vn 0.2203 0.0134 -0.9753
vn 0.2203 0.0088 -0.9754
vn -0.0000 0.0133 0.9999
vn -0.0000 0.0129 0.9999
vn -0.2211 -0.0193 -0.9751
vn -0.2203 -0.0128 -0.9753
vn -0.2208 -0.0130 -0.9752
vn -0.2203 -0.0196 -0.9752
vn -0.2201 0.0463 -0.9744
vn -0.0000 -0.0008 1.0000
vn -0.0000 -0.0006 1.0000
vn -0.0000 -0.0058 1.0000
vn 0.2201 0.0387 -0.9747
vn -0.0000 -0.0059 1.0000
vn 0.2203 0.0144 -0.9753
vn 0.2201 0.0392 -0.9747
s 1
usemtl Grass.458
f 1412//1670 1413//1671 1411//1671
f 1414//1672 1415//1672 1413//1672
f 1416//1673 1417//1673 1412//1673
f 1415//1674 1412//1674 1411//1674
f 1417//1675 1419//1675 1420//1675
f 1416//1676 1418//1677 1419//1678
f 1412//1670 1418//1679 1414//1680
f 1422//1681 1424//1681 1423//1681
f 1419//1678 1418//1677 1420//1682
f 1418//1683 1417//1683 1420//1683
f 1424//1684 1425//1684 1423//1684
f 1421//1685 1429//1685 1427//1685
f 1425//1686 1421//1686 1422//1686
f 1427//1687 1429//1687 1430//1687
f 1426//1688 1428//1688 1429//1688
f 1421//1689 1428//1690 1424//1689
f 1429//1691 1428//1691 1430//1691
f 1428//1690 1427//1692 1430//1693
f 1432//1694 1434//1694 1433//1694
f 1434//1695 1435//1696 1433//1696
f 1436//1697 1437//1698 1431//1699
f 1436//1697 1432//1700 1435//1700
f 1437//1701 1439//1701 1440//1701
f 1436//1702 1438//1703 1439//1704
f 1431//1705 1438//1705 1434//1705
f 1439//1704 1438//1703 1440//1706
f 1438//1707 1437//1707 1440//1707
f 1412//1670 1414//1680 1413//1671
f 1414//1672 1416//1672 1415//1672
f 1416//1673 1419//1673 1417//1673
f 1415//1674 1416//1674 1412//1674
f 1416//1676 1414//1676 1418//1677
f 1412//1670 1417//1679 1418//1679
f 1422//1708 1421//1708 1424//1708
f 1424//1684 1426//1684 1425//1684
f 1421//1685 1426//1685 1429//1685
f 1425//1686 1426//1686 1421//1686
f 1426//1688 1424//1688 1428//1688
f 1421//1689 1427//1692 1428//1690
f 1432//1694 1431//1694 1434//1694
f 1434//1695 1436//1702 1435//1696
f 1436//1697 1439//1698 1437//1698
f 1436//1697 1431//1699 1432//1700
f 1436//1702 1434//1695 1438//1703
f 1431//1705 1437//1705 1438//1705
o Grass.200
v 3.868635 -0.414328 5.736521
v 3.848095 0.089842 5.749646
v 3.964878 -0.414328 5.758259
v 3.927833 0.089842 5.767656
v 3.772392 -0.414328 5.758259
v 3.768357 0.089842 5.767656
v 3.756992 0.736092 5.747390
v 3.812288 0.736092 5.759880
v 3.701697 0.736092 5.759880
v 3.783169 1.291758 5.748271
v 4.204475 0.054106 5.683348
v 4.256963 -0.372023 5.678044
v 4.338308 -0.372023 5.696417
v 4.271870 0.054106 5.698570
v 4.175617 -0.372023 5.696417
v 4.137079 0.054106 5.698570
v 4.147293 0.537534 5.681054
v 4.194029 0.537534 5.691610
v 4.100557 0.537534 5.691610
v 4.176933 0.965899 5.693636
v 3.589456 0.048489 5.663197
v 3.617489 -0.386048 5.665608
v 3.700439 -0.386048 5.684344
v 3.658181 0.048489 5.678719
v 3.534538 -0.386048 5.684344
v 3.520731 0.048489 5.678719
v 3.532236 0.537845 5.669721
v 3.573663 0.537845 5.679079
v 3.490808 0.537845 5.679079
v 3.559123 0.908504 5.681251
vn 0.2196 0.0341 -0.9750
vn 0.2202 0.0343 -0.9749
vn -0.0000 -0.0186 0.9998
vn -0.2202 -0.0344 -0.9749
vn -0.2202 -0.0344 -0.9748
vn -0.2203 0.0164 -0.9753
vn -0.2203 0.0119 -0.9754
vn -0.0000 0.0120 0.9999
vn -0.0000 0.0118 0.9999
vn -0.0000 0.0164 0.9999
vn 0.2202 0.0276 -0.9751
vn 0.2200 0.0279 -0.9751
vn 0.2202 0.0392 -0.9747
vn -0.0000 0.0209 0.9998
vn 0.2203 -0.0088 -0.9754
vn -0.0000 -0.0051 1.0000
vn -0.2202 -0.0307 -0.9750
vn -0.2203 -0.0150 -0.9753
vn -0.2201 0.0439 -0.9745
vn -0.0000 0.0144 0.9999
vn 0.2203 0.0214 -0.9752
vn 0.2204 0.0216 -0.9752
vn -0.0000 -0.0047 1.0000
vn 0.2203 0.0174 -0.9753
vn 0.2203 0.0134 -0.9753
vn 0.2203 0.0088 -0.9754
vn -0.0000 0.0133 0.9999
vn -0.0000 0.0129 0.9999
vn -0.2213 -0.0193 -0.9750
vn -0.2203 -0.0128 -0.9753
vn -0.2209 -0.0130 -0.9752
vn -0.2203 -0.0196 -0.9752
vn -0.2201 0.0463 -0.9744
vn -0.0000 -0.0008 1.0000
vn -0.0000 -0.0006 1.0000
vn -0.0000 -0.0058 1.0000
vn 0.2201 0.0387 -0.9747
vn 0.2202 0.0387 -0.9747
vn -0.0000 -0.0059 1.0000
vn 0.2203 0.0144 -0.9753
vn 0.2201 0.0392 -0.9747
s 1
usemtl Grass.473
f 1442//1709 1443//1710 1441//1710
f 1444//1711 1445//1711 1443//1711
f 1446//1712 1447//1713 1442//1712
f 1445//1714 1442//1714 1441//1714
f 1447//1715 1449//1715 1450//1715
f 1446//1716 1448//1717 1449//1718
f 1442//1709 1448//1719 1444//1720
f 1452//1721 1454//1721 1453//1721
f 1449//1718 1448//1717 1450//1722
f 1448//1723 1447//1723 1450//1723
f 1454//1724 1455//1724 1453//1724
f 1451//1725 1459//1725 1457//1725
f 1455//1726 1451//1726 1452//1726
f 1457//1727 1459//1727 1460//1727
f 1456//1728 1458//1728 1459//1728
f 1451//1729 1458//1730 1454//1729
f 1459//1731 1458//1731 1460//1731
f 1458//1730 1457//1732 1460//1733
f 1462//1734 1464//1734 1463//1734
f 1464//1735 1465//1736 1463//1736
f 1466//1737 1467//1738 1461//1739
f 1466//1737 1462//1740 1465//1740
f 1467//1741 1469//1741 1470//1741
f 1466//1742 1468//1743 1469//1744
f 1461//1745 1468//1746 1464//1745
f 1469//1744 1468//1743 1470//1747
f 1468//1748 1467//1748 1470//1748
f 1442//1709 1444//1720 1443//1710
f 1444//1711 1446//1711 1445//1711
f 1446//1712 1449//1713 1447//1713
f 1445//1714 1446//1714 1442//1714
f 1446//1716 1444//1716 1448//1717
f 1442//1709 1447//1719 1448//1719
f 1452//1749 1451//1749 1454//1749
f 1454//1724 1456//1724 1455//1724
f 1451//1725 1456//1725 1459//1725
f 1455//1726 1456//1726 1451//1726
f 1456//1728 1454//1728 1458//1728
f 1451//1729 1457//1732 1458//1730
f 1462//1734 1461//1734 1464//1734
f 1464//1735 1466//1742 1465//1736
f 1466//1737 1469//1738 1467//1738
f 1466//1737 1461//1739 1462//1740
f 1466//1742 1464//1735 1468//1743
f 1461//1745 1467//1746 1468//1746
o Grass.249
v 10.047004 -1.135603 10.233171
v 10.026464 -0.631432 10.246296
v 10.143247 -1.135603 10.254910
v 10.106201 -0.631432 10.264306
v 9.950761 -1.135603 10.254910
v 9.946725 -0.631432 10.264306
v 9.935361 0.014818 10.244040
v 9.990657 0.014818 10.256530
v 9.880066 0.014818 10.256530
v 9.961537 0.570484 10.244923
v 10.382843 -0.667168 10.179998
v 10.435331 -1.093298 10.174694
v 10.516677 -1.093298 10.193068
v 10.450239 -0.667168 10.195221
v 10.353986 -1.093298 10.193068
v 10.315448 -0.667168 10.195221
v 10.325662 -0.183740 10.177705
v 10.372398 -0.183740 10.188261
v 10.278925 -0.183740 10.188261
v 10.355302 0.244625 10.190287
v 9.767824 -0.672785 10.159847
v 9.795857 -1.107322 10.162259
v 9.878808 -1.107322 10.180994
v 9.836550 -0.672785 10.175370
v 9.712907 -1.107322 10.180994
v 9.699100 -0.672785 10.175370
v 9.710605 -0.183430 10.166372
v 9.752031 -0.183430 10.175729
v 9.669177 -0.183430 10.175729
v 9.737492 0.187230 10.177901
vn 0.2200 0.0342 -0.9749
vn 0.2202 0.0343 -0.9749
vn -0.0000 -0.0186 0.9998
vn -0.2202 -0.0344 -0.9748
vn -0.2202 -0.0344 -0.9749
vn -0.2203 0.0164 -0.9753
vn -0.2203 0.0119 -0.9754
vn -0.0000 0.0120 0.9999
vn -0.0000 0.0118 0.9999
vn -0.0000 0.0164 0.9999
vn 0.2203 0.0276 -0.9750
vn 0.2201 0.0279 -0.9751
vn 0.2202 0.0392 -0.9747
vn -0.0000 0.0209 0.9998
vn 0.2203 -0.0088 -0.9754
vn -0.0000 -0.0051 1.0000
vn -0.2202 -0.0307 -0.9750
vn -0.2203 -0.0150 -0.9753
vn -0.2201 0.0439 -0.9745
vn -0.0000 0.0144 0.9999
vn 0.2203 0.0214 -0.9752
vn 0.2204 0.0216 -0.9752
vn -0.0000 -0.0047 1.0000
vn 0.2202 0.0174 -0.9753
vn 0.2203 0.0134 -0.9753
vn 0.2203 0.0088 -0.9754
vn -0.0000 0.0133 0.9999
vn -0.0000 0.0129 0.9999
vn -0.2202 -0.0195 -0.9753
vn -0.2202 -0.0128 -0.9754
vn -0.2202 -0.0130 -0.9754
vn -0.2203 -0.0196 -0.9752
vn -0.2201 0.0463 -0.9744
vn -0.0000 -0.0008 1.0000
vn -0.0000 -0.0006 1.0000
vn -0.0000 -0.0058 1.0000
vn 0.2202 0.0387 -0.9747
vn 0.2201 0.0387 -0.9747
vn -0.0000 -0.0059 1.0000
vn 0.2203 0.0144 -0.9753
s 1
usemtl Grass.521
f 1472//1750 1473//1751 1471//1751
f 1474//1752 1475//1752 1473//1752
f 1476//1753 1477//1754 1472//1753
f 1475//1755 1472//1755 1471//1755
f 1477//1756 1479//1756 1480//1756
f 1476//1757 1478//1758 1479//1759
f 1472//1750 1478//1760 1474//1761
f 1482//1762 1484//1762 1483//1762
f 1479//1759 1478//1758 1480//1763
f 1478//1764 1477//1764 1480//1764
f 1484//1765 1485//1765 1483//1765
f 1481//1766 1489//1766 1487//1766
f 1485//1767 1481//1767 1482//1767
f 1487//1768 1489//1768 1490//1768
f 1486//1769 1488//1769 1489//1769
f 1481//1770 1488//1771 1484//1770
f 1489//1772 1488//1772 1490//1772
f 1488//1771 1487//1773 1490//1774
f 1492//1775 1494//1775 1493//1775
f 1494//1776 1495//1777 1493//1777
f 1496//1778 1497//1779 1491//1780
f 1496//1778 1492//1781 1495//1781
f 1497//1782 1499//1782 1500//1782
f 1496//1783 1498//1784 1499//1785
f 1491//1786 1498//1787 1494//1786
f 1499//1785 1498//1784 1500//1788
f 1498//1789 1497//1789 1500//1789
f 1472//1750 1474//1761 1473//1751
f 1474//1752 1476//1752 1475//1752
f 1476//1753 1479//1754 1477//1754
f 1475//1755 1476//1755 1472//1755
f 1476//1757 1474//1757 1478//1758
f 1472//1750 1477//1760 1478//1760
f 1482//1762 1481//1762 1484//1762
f 1484//1765 1486//1765 1485//1765
f 1481//1766 1486//1766 1489//1766
f 1485//1767 1486//1767 1481//1767
f 1486//1769 1484//1769 1488//1769
f 1481//1770 1487//1773 1488//1771
f 1492//1775 1491//1775 1494//1775
f 1494//1776 1496//1783 1495//1777
f 1496//1778 1499//1779 1497//1779
f 1496//1778 1491//1780 1492//1781
f 1496//1783 1494//1776 1498//1784
f 1491//1786 1497//1787 1498//1787
o Grass.251
v 9.771502 -1.255823 9.712959
v 9.750962 -0.751653 9.726084
v 9.867745 -1.255823 9.734697
v 9.830700 -0.751653 9.744094
v 9.675260 -1.255823 9.734697
v 9.671224 -0.751653 9.744094
v 9.659860 -0.105403 9.723828
v 9.715156 -0.105403 9.736318
v 9.604565 -0.105403 9.736318
v 9.686036 0.450264 9.724710
v 10.107342 -0.787388 9.659786
v 10.159830 -1.213518 9.654482
v 10.241176 -1.213518 9.672855
v 10.174738 -0.787388 9.675009
v 10.078485 -1.213518 9.672855
v 10.039947 -0.787388 9.675009
v 10.050160 -0.303961 9.657493
v 10.096897 -0.303961 9.668049
v 10.003424 -0.303961 9.668049
v 10.079801 0.124404 9.670074
v 9.492323 -0.793005 9.639635
v 9.520356 -1.227543 9.642047
v 9.603307 -1.227543 9.660782
v 9.561049 -0.793005 9.655158
v 9.437406 -1.227543 9.660782
v 9.423598 -0.793005 9.655158
v 9.435103 -0.303650 9.646160
v 9.476530 -0.303650 9.655517
v 9.393676 -0.303650 9.655517
v 9.461990 0.067009 9.657689
vn 0.2198 0.0341 -0.9749
vn 0.2202 0.0343 -0.9749
vn -0.0000 -0.0186 0.9998
vn -0.2202 -0.0344 -0.9749
vn -0.2203 0.0164 -0.9753
vn -0.2203 0.0119 -0.9754
vn -0.0000 0.0120 0.9999
vn -0.0000 0.0118 0.9999
vn -0.0000 0.0164 0.9999
vn 0.2202 0.0276 -0.9751
vn 0.2201 0.0279 -0.9751
vn 0.2202 0.0392 -0.9747
vn -0.0000 0.0209 0.9998
vn 0.2203 -0.0088 -0.9754
vn -0.0000 -0.0051 1.0000
vn -0.2202 -0.0307 -0.9750
vn -0.2203 -0.0150 -0.9753
vn -0.2201 0.0439 -0.9745
vn -0.0000 0.0144 0.9999
vn 0.2203 0.0214 -0.9752
vn 0.2204 0.0216 -0.9752
vn -0.0000 -0.0047 1.0000
vn 0.2203 0.0174 -0.9753
vn 0.2203 0.0134 -0.9753
vn 0.2203 0.0088 -0.9754
vn -0.0000 0.0133 0.9999
vn -0.0000 0.0129 0.9999
vn -0.2206 -0.0194 -0.9752
vn -0.2202 -0.0128 -0.9754
vn -0.2205 -0.0130 -0.9753
vn -0.2203 -0.0196 -0.9752
vn -0.2201 0.0463 -0.9744
vn -0.0000 -0.0008 1.0000
vn -0.0000 -0.0006 1.0000
vn -0.0000 -0.0058 1.0000
vn 0.2201 0.0387 -0.9747
vn -0.0000 -0.0059 1.0000
vn 0.2203 0.0144 -0.9753
s 1
usemtl Grass.523
f 1502//1790 1503//1791 1501//1791
f 1504//1792 1505//1792 1503//1792
f 1506//1793 1507//1793 1502//1793
f 1505//1794 1502//1794 1501//1794
f 1507//1795 1509//1795 1510//1795
f 1506//1796 1508//1797 1509//1798
f 1502//1790 1508//1799 1504//1800
f 1512//1801 1514//1801 1513//1801
f 1509//1798 1508//1797 1510//1802
f 1508//1803 1507//1803 1510//1803
f 1514//1804 1515//1804 1513//1804
f 1511//1805 1519//1805 1517//1805
f 1515//1806 1511//1806 1512//1806
f 1517//1807 1519//1807 1520//1807
f 1516//1808 1518//1808 1519//1808
f 1511//1809 1518//1810 1514//1809
f 1519//1811 1518//1811 1520//1811
f 1518//1810 1517//1812 1520//1813
f 1522//1814 1524//1814 1523//1814
f 1524//1815 1525//1816 1523//1816
f 1526//1817 1527//1818 1521//1819
f 1526//1817 1522//1820 1525//1820
f 1527//1821 1529//1821 1530//1821
f 1526//1822 1528//1823 1529//1824
f 1521//1825 1528//1825 1524//1825
f 1529//1824 1528//1823 1530//1826
f 1528//1827 1527//1827 1530//1827
f 1502//1790 1504//1800 1503//1791
f 1504//1792 1506//1792 1505//1792
f 1506//1793 1509//1793 1507//1793
f 1505//1794 1506//1794 1502//1794
f 1506//1796 1504//1796 1508//1797
f 1502//1790 1507//1799 1508//1799
f 1512//1801 1511//1801 1514//1801
f 1514//1804 1516//1804 1515//1804
f 1511//1805 1516//1805 1519//1805
f 1515//1806 1516//1806 1511//1806
f 1516//1808 1514//1808 1518//1808
f 1511//1809 1517//1812 1518//1810
f 1522//1814 1521//1814 1524//1814
f 1524//1815 1526//1822 1525//1816
f 1526//1817 1529//1818 1527//1818
f 1526//1817 1521//1819 1522//1820
f 1526//1822 1524//1815 1528//1823
f 1521//1825 1527//1825 1528//1825
o Grass.271
v -8.855664 -1.146278 10.394846
v -8.876204 -0.642108 10.407970
v -8.759421 -1.146278 10.416584
v -8.796467 -0.642108 10.425981
v -8.951907 -1.146278 10.416584
v -8.955943 -0.642108 10.425981
v -8.967307 0.004142 10.405715
v -8.912011 0.004142 10.418204
v -9.022602 0.004142 10.418204
v -8.941131 0.559809 10.406597
v -8.519825 -0.677843 10.341673
v -8.467337 -1.103973 10.336369
v -8.385991 -1.103973 10.354742
v -8.452429 -0.677843 10.356895
v -8.548682 -1.103973 10.354742
v -8.587220 -0.677843 10.356895
v -8.577006 -0.194415 10.339379
v -8.530270 -0.194415 10.349936
v -8.623743 -0.194415 10.349936
v -8.547366 0.233949 10.351961
v -9.134844 -0.683460 10.321522
v -9.106811 -1.117997 10.323934
v -9.023860 -1.117997 10.342669
v -9.066118 -0.683460 10.337045
v -9.189761 -1.117997 10.342669
v -9.203568 -0.683460 10.337045
v -9.192063 -0.194105 10.328047
v -9.150637 -0.194105 10.337403
v -9.233491 -0.194105 10.337403
v -9.165176 0.176554 10.339576
vn 0.2200 0.0342 -0.9749
vn 0.2202 0.0343 -0.9749
vn -0.0000 -0.0186 0.9998
vn -0.2202 -0.0344 -0.9749
vn -0.2203 0.0164 -0.9753
vn -0.2203 0.0119 -0.9754
vn -0.0000 0.0120 0.9999
vn -0.0000 0.0118 0.9999
vn -0.0000 0.0164 0.9999
vn 0.2202 0.0276 -0.9751
vn 0.2202 0.0279 -0.9751
vn 0.2202 0.0392 -0.9747
vn -0.0000 0.0209 0.9998
vn 0.2203 -0.0088 -0.9754
vn -0.0000 -0.0051 1.0000
vn -0.2202 -0.0307 -0.9750
vn -0.2203 -0.0150 -0.9753
vn -0.2201 0.0439 -0.9745
vn -0.0000 0.0144 0.9999
vn 0.2203 0.0214 -0.9752
vn 0.2204 0.0216 -0.9752
vn -0.0000 -0.0047 1.0000
vn 0.2203 0.0174 -0.9753
vn 0.2203 0.0134 -0.9753
vn 0.2203 0.0088 -0.9754
vn -0.0000 0.0133 0.9999
vn -0.0000 0.0129 0.9999
vn -0.2202 -0.0195 -0.9753
vn -0.2203 -0.0128 -0.9754
vn -0.2202 -0.0130 -0.9754
vn -0.2203 -0.0196 -0.9752
vn -0.2201 0.0463 -0.9744
vn -0.0000 -0.0008 1.0000
vn -0.0000 -0.0006 1.0000
vn -0.0000 -0.0058 1.0000
vn 0.2202 0.0387 -0.9747
vn 0.2201 0.0387 -0.9747
vn -0.0000 -0.0059 1.0000
vn 0.2203 0.0144 -0.9753
s 1
usemtl Grass.543
f 1532//1828 1533//1829 1531//1829
f 1534//1830 1535//1830 1533//1830
f 1536//1831 1537//1831 1532//1831
f 1535//1832 1532//1832 1531//1832
f 1537//1833 1539//1833 1540//1833
f 1536//1834 1538//1835 1539//1836
f 1532//1828 1538//1837 1534//1838
f 1542//1839 1544//1839 1543//1839
f 1539//1836 1538//1835 1540//1840
f 1538//1841 1537//1841 1540//1841
f 1544//1842 1545//1842 1543//1842
f 1541//1843 1549//1843 1547//1843
f 1545//1844 1541//1844 1542//1844
f 1547//1845 1549//1845 1550//1845
f 1546//1846 1548//1846 1549//1846
f 1541//1847 1548//1848 1544//1847
f 1549//1849 1548//1849 1550//1849
f 1548//1848 1547//1850 1550//1851
f 1552//1852 1554//1852 1553//1852
f 1554//1853 1555//1854 1553//1854
f 1556//1855 1557//1856 1551//1857
f 1556//1855 1552//1858 1555//1858
f 1557//1859 1559//1859 1560//1859
f 1556//1860 1558//1861 1559//1862
f 1551//1863 1558//1864 1554//1863
f 1559//1862 1558//1861 1560//1865
f 1558//1866 1557//1866 1560//1866
f 1532//1828 1534//1838 1533//1829
f 1534//1830 1536//1830 1535//1830
f 1536//1831 1539//1831 1537//1831
f 1535//1832 1536//1832 1532//1832
f 1536//1834 1534//1834 1538//1835
f 1532//1828 1537//1837 1538//1837
f 1542//1839 1541//1839 1544//1839
f 1544//1842 1546//1842 1545//1842
f 1541//1843 1546//1843 1549//1843
f 1545//1844 1546//1844 1541//1844
f 1546//1846 1544//1846 1548//1846
f 1541//1847 1547//1850 1548//1848
f 1552//1852 1551//1852 1554//1852
f 1554//1853 1556//1860 1555//1854
f 1556//1855 1559//1856 1557//1856
f 1556//1855 1551//1857 1552//1858
f 1556//1860 1554//1853 1558//1861
f 1551//1863 1557//1864 1558//1864
o Hole.001
v -7.146821 -0.163723 3.850782
v -7.146821 0.036276 3.750782
v -6.439714 -0.163723 4.143676
v -6.369004 0.036277 4.072965
v -6.146821 -0.163723 4.850782
v -6.046821 0.036277 4.850782
v -6.439714 -0.163723 5.557889
v -6.369004 0.036277 5.628600
v -7.146821 -0.163723 5.850782
v -7.146821 0.036277 5.950782
v -7.853928 -0.163723 5.557889
v -7.924639 0.036277 5.628600
v -8.146821 -0.163723 4.850782
v -8.246821 0.036277 4.850782
v -7.853928 -0.163723 4.143676
v -7.924639 0.036277 4.072965
v -6.369004 0.236277 4.072965
v -7.146821 0.236277 3.750782
v -6.046821 0.236277 4.850782
v -6.369004 0.236277 5.628600
v -7.146821 0.236277 5.950782
v -7.924639 0.236277 5.628600
v -8.246821 0.236277 4.850782
v -7.924639 0.236277 4.072965
v -6.592788 0.436277 4.296749
v -7.146821 0.436277 4.067261
v -6.363299 0.436277 4.850782
v -6.592788 0.436277 5.404816
v -7.146821 0.436277 5.634304
v -7.700854 0.436277 5.404816
v -7.930343 0.436277 4.850782
v -7.700855 0.436277 4.296749
v -6.439714 0.436277 4.143676
v -7.146821 0.436277 3.850782
v -6.146821 0.436277 4.850782
v -6.439714 0.436277 5.557889
v -7.146821 0.436277 5.850782
v -7.853928 0.436277 5.557889
v -8.146821 0.436277 4.850782
v -7.853928 0.436277 4.143676
v -6.592788 -0.063723 4.296749
v -7.146821 -0.063723 4.067261
v -6.363299 -0.063723 4.850782
v -6.592788 -0.063723 5.404816
v -7.146821 -0.063723 5.634304
v -7.700854 -0.063723 5.404816
v -7.930343 -0.063723 4.850782
v -7.700855 -0.063723 4.296749
vn 0.3474 -0.4194 -0.8387
vn 0.8387 -0.4194 -0.3474
vn 0.8387 -0.4194 0.3474
vn 0.3474 -0.4194 0.8387
vn -0.3474 -0.4194 0.8387
vn -0.8387 -0.4194 0.3474
vn -0.9239 -0.0000 -0.3827
vn -0.8387 -0.4194 -0.3474
vn -0.3474 -0.4194 -0.8387
vn -0.0000 -1.0000 -0.0000
vn -0.3474 0.4194 -0.8387
vn 0.9239 -0.0000 -0.3827
vn -0.3827 -0.0000 0.9239
vn -0.3827 -0.0000 -0.9239
vn 0.3827 -0.0000 -0.9239
vn 0.9239 -0.0000 0.3827
vn -0.9239 -0.0000 0.3827
vn 0.3827 -0.0000 0.9239
vn -0.8387 0.4194 0.3474
vn 0.3474 0.4194 0.8387
vn 0.8387 0.4194 -0.3474
vn -0.8387 0.4194 -0.3474
vn -0.3474 0.4194 0.8387
vn 0.8387 0.4194 0.3474
vn 0.3474 0.4194 -0.8387
vn -0.0000 1.0000 -0.0000
vt 0.650674 0.801989
vt 0.643526 0.778675
vt 0.644569 0.801989
vt 0.636810 0.778675
vt 0.627744 0.801989
vt 0.636378 0.801989
vt 0.611098 0.755361
vt 0.618245 0.732047
vt 0.612140 0.732047
vt 0.617814 0.755361
vt 0.626880 0.732047
vt 0.589209 0.732047
vt 0.594883 0.755361
vt 0.595315 0.732047
vt 0.604381 0.755361
vt 0.603949 0.732047
vt 0.611098 0.778675
vt 0.610055 0.732047
vt 0.659741 0.778675
vt 0.659309 0.801989
vt 0.641645 0.824141
vt 0.647581 0.808331
vt 0.633249 0.802197
vt 0.659741 0.755361
vt 0.650674 0.732047
vt 0.650243 0.755361
vt 0.627312 0.755361
vt 0.627312 0.778675
vt 0.588167 0.755361
vt 0.594883 0.778675
vt 0.650243 0.778675
vt 0.636810 0.755361
vt 0.617814 0.778675
vt 0.604381 0.778675
vt 0.627312 0.778675
vt 0.627312 0.755361
vt 0.664525 0.790332
vt 0.659741 0.732047
vt 0.659741 0.790332
vt 0.603949 0.801989
vt 0.626880 0.801989
vt 0.627744 0.732047
vt 0.610055 0.801989
vt 0.588167 0.778675
vt 0.595315 0.801989
vt 0.618245 0.801989
vt 0.644569 0.732047
vt 0.643526 0.755361
vt 0.606242 0.816567
vt 0.602499 0.824141
vt 0.608436 0.817506
vt 0.601591 0.821766
vt 0.594104 0.824349
vt 0.590361 0.816960
vt 0.595012 0.821929
vt 0.590361 0.809770
vt 0.588167 0.818007
vt 0.595012 0.804572
vt 0.588167 0.808831
vt 0.601591 0.804409
vt 0.594104 0.802197
vt 0.606242 0.809378
vt 0.602499 0.801989
vt 0.608436 0.808331
vt 0.261390 0.894919
vt 0.266041 0.882761
vt 0.254811 0.877400
vt 0.676074 0.790332
vt 0.671290 0.732047
vt 0.671290 0.790332
vt 0.699173 0.790332
vt 0.694389 0.732047
vt 0.694389 0.790332
vt 0.680858 0.790332
vt 0.676074 0.732047
vt 0.687624 0.790332
vt 0.680858 0.732047
vt 0.664525 0.732047
vt 0.687624 0.732047
vt 0.666506 0.848617
vt 0.659741 0.848617
vt 0.627312 0.808831
vt 0.627312 0.818007
vt 0.633249 0.824349
vt 0.647581 0.817506
vt 0.641645 0.801989
vt 0.659309 0.732047
vt 0.636378 0.732047
vt 0.589209 0.801989
vt 0.612140 0.801989
vt 0.250160 0.882369
vt 0.250160 0.889558
vt 0.254812 0.894757
vt 0.266041 0.889951
vt 0.261390 0.877563
vt 0.699173 0.732047
vt 0.666506 0.790332
s 1
usemtl molesAtlas.001
f 1561/98/1867 1564/99/1867 1563/100/1867
f 1564/101/1868 1565/102/1868 1563/103/1868
f 1566/104/1869 1567/105/1869 1565/106/1869
f 1568/107/1870 1569/108/1870 1567/105/1870
f 1569/109/1871 1572/110/1871 1571/111/1871
f 1571/111/1872 1574/112/1872 1573/113/1872
f 1574/112/1873 1584/114/1873 1576/104/1873
f 1574/112/1874 1575/115/1874 1573/113/1874
f 1576/116/1875 1561/98/1875 1575/117/1875
f 1567/118/1876 1571/119/1876 1575/120/1876
f 1584/121/1877 1594/122/1877 1578/123/1877
f 1564/101/1878 1579/124/1878 1566/125/1878
f 1570/126/1879 1582/127/1879 1572/110/1879
f 1576/116/1880 1578/123/1880 1562/128/1880
f 1562/99/1881 1577/129/1881 1564/101/1881
f 1566/104/1882 1580/130/1882 1568/107/1882
f 1572/110/1883 1583/131/1883 1574/112/1883
f 1568/107/1884 1581/132/1884 1570/133/1884
f 1591/134/1882 1608/135/1882 1592/136/1882
f 1582/127/1885 1599/137/1885 1583/131/1885
f 1580/130/1886 1597/138/1886 1581/132/1886
f 1577/129/1887 1595/139/1887 1579/124/1887
f 1583/131/1888 1600/140/1888 1584/114/1888
f 1581/141/1889 1598/142/1889 1582/127/1889
f 1579/114/1890 1596/143/1890 1580/130/1890
f 1578/123/1891 1593/144/1891 1577/145/1891
f 1586/146/1892 1593/147/1892 1594/148/1892
f 1585/149/1892 1595/150/1892 1593/147/1892
f 1588/151/1892 1595/150/1892 1587/152/1892
f 1589/153/1892 1596/154/1892 1588/151/1892
f 1590/155/1892 1597/156/1892 1589/153/1892
f 1591/157/1892 1598/158/1892 1590/155/1892
f 1592/159/1892 1599/160/1892 1591/157/1892
f 1592/159/1892 1594/148/1892 1600/161/1892
f 1607/162/1892 1605/163/1892 1603/164/1892
f 1589/165/1881 1606/166/1881 1590/167/1881
f 1587/168/1873 1604/169/1873 1588/170/1873
f 1586/171/1879 1601/172/1879 1585/165/1879
f 1592/173/1884 1602/174/1884 1586/171/1884
f 1590/167/1878 1607/175/1878 1591/134/1878
f 1588/170/1880 1605/176/1880 1589/173/1880
f 1585/177/1883 1603/136/1883 1587/178/1883
f 1561/98/1867 1562/128/1867 1564/99/1867
f 1564/101/1868 1566/125/1868 1565/102/1868
f 1566/104/1869 1568/107/1869 1567/105/1869
f 1568/107/1870 1570/133/1870 1569/108/1870
f 1569/109/1871 1570/126/1871 1572/110/1871
f 1571/111/1872 1572/110/1872 1574/112/1872
f 1574/112/1873 1583/131/1873 1584/114/1873
f 1574/112/1874 1576/104/1874 1575/115/1874
f 1576/116/1875 1562/128/1875 1561/98/1875
f 1575/120/1876 1561/179/1876 1563/180/1876
f 1563/180/1876 1565/181/1876 1567/118/1876
f 1567/118/1876 1569/182/1876 1571/119/1876
f 1571/119/1876 1573/183/1876 1575/120/1876
f 1575/120/1876 1563/180/1876 1567/118/1876
f 1584/121/1877 1600/184/1877 1594/122/1877
f 1564/101/1878 1577/129/1878 1579/124/1878
f 1570/126/1879 1581/141/1879 1582/127/1879
f 1576/116/1880 1584/121/1880 1578/123/1880
f 1562/99/1881 1578/145/1881 1577/129/1881
f 1566/104/1882 1579/114/1882 1580/130/1882
f 1572/110/1883 1582/127/1883 1583/131/1883
f 1568/107/1884 1580/130/1884 1581/132/1884
f 1591/134/1882 1607/175/1882 1608/135/1882
f 1582/127/1885 1598/142/1885 1599/137/1885
f 1580/130/1886 1596/143/1886 1597/138/1886
f 1577/129/1887 1593/185/1887 1595/139/1887
f 1583/131/1888 1599/137/1888 1600/140/1888
f 1581/141/1889 1597/186/1889 1598/142/1889
f 1579/114/1890 1595/187/1890 1596/143/1890
f 1578/123/1891 1594/122/1891 1593/144/1891
f 1586/146/1892 1585/149/1892 1593/147/1892
f 1585/149/1892 1587/152/1892 1595/150/1892
f 1588/151/1892 1596/154/1892 1595/150/1892
f 1589/153/1892 1597/156/1892 1596/154/1892
f 1590/155/1892 1598/158/1892 1597/156/1892
f 1591/157/1892 1599/160/1892 1598/158/1892
f 1592/159/1892 1600/161/1892 1599/160/1892
f 1592/159/1892 1586/146/1892 1594/148/1892
f 1603/164/1892 1601/188/1892 1602/189/1892
f 1602/189/1892 1608/190/1892 1607/162/1892
f 1607/162/1892 1606/191/1892 1605/163/1892
f 1605/163/1892 1604/192/1892 1603/164/1892
f 1603/164/1892 1602/189/1892 1607/162/1892
f 1589/165/1881 1605/172/1881 1606/166/1881
f 1587/168/1873 1603/193/1873 1604/169/1873
f 1586/171/1879 1602/174/1879 1601/172/1879
f 1592/173/1884 1608/176/1884 1602/174/1884
f 1590/167/1878 1606/166/1878 1607/175/1878
f 1588/170/1880 1604/169/1880 1605/176/1880
f 1585/177/1883 1601/194/1883 1603/136/1883
o Hole.002
v 5.116744 -0.163723 -5.413179
v 5.116744 0.036276 -5.513179
v 5.823850 -0.163723 -5.120286
v 5.894561 0.036277 -5.190997
v 6.116744 -0.163723 -4.413179
v 6.216743 0.036277 -4.413179
v 5.823850 -0.163723 -3.706073
v 5.894561 0.036277 -3.635362
v 5.116744 -0.163723 -3.413179
v 5.116744 0.036277 -3.313179
v 4.409636 -0.163723 -3.706073
v 4.338926 0.036277 -3.635362
v 4.116744 -0.163723 -4.413179
v 4.016744 0.036277 -4.413179
v 4.409636 -0.163723 -5.120286
v 4.338926 0.036277 -5.190997
v 5.894561 0.236277 -5.190997
v 5.116744 0.236277 -5.513179
v 6.216743 0.236277 -4.413179
v 5.894561 0.236277 -3.635362
v 5.116744 0.236277 -3.313179
v 4.338926 0.236277 -3.635362
v 4.016744 0.236277 -4.413179
v 4.338926 0.236277 -5.190997
v 5.670777 0.436277 -4.967213
v 5.116744 0.436277 -5.196701
v 5.900265 0.436277 -4.413179
v 5.670777 0.436277 -3.859146
v 5.116744 0.436277 -3.629658
v 4.562710 0.436277 -3.859146
v 4.333222 0.436277 -4.413179
v 4.562710 0.436277 -4.967213
v 5.823850 0.436277 -5.120286
v 5.116744 0.436277 -5.413179
v 6.116744 0.436277 -4.413179
v 5.823850 0.436277 -3.706073
v 5.116744 0.436277 -3.413179
v 4.409636 0.436277 -3.706073
v 4.116744 0.436277 -4.413179
v 4.409636 0.436277 -5.120286
v 5.670777 -0.063723 -4.967213
v 5.116744 -0.063723 -5.196701
v 5.900265 -0.063723 -4.413179
v 5.670777 -0.063723 -3.859146
v 5.116744 -0.063723 -3.629658
v 4.562710 -0.063723 -3.859146
v 4.333222 -0.063723 -4.413179
v 4.562710 -0.063723 -4.967213
vn 0.3474 -0.4194 -0.8387
vn 0.8387 -0.4194 -0.3474
vn 0.8387 -0.4194 0.3474
vn 0.3474 -0.4194 0.8387
vn -0.3474 -0.4194 0.8387
vn -0.8387 -0.4194 0.3474
vn -0.9239 -0.0000 -0.3827
vn -0.8387 -0.4194 -0.3474
vn -0.3474 -0.4194 -0.8387
vn -0.0000 -1.0000 -0.0000
vn -0.3474 0.4194 -0.8387
vn 0.9239 -0.0000 -0.3827
vn -0.3827 -0.0000 0.9239
vn -0.3827 -0.0000 -0.9239
vn 0.3827 -0.0000 -0.9239
vn 0.9239 -0.0000 0.3827
vn -0.9239 -0.0000 0.3827
vn 0.3827 -0.0000 0.9239
vn -0.8387 0.4194 0.3474
vn 0.3474 0.4194 0.8387
vn 0.8387 0.4194 -0.3474
vn -0.8387 0.4194 -0.3474
vn -0.3474 0.4194 0.8387
vn 0.8387 0.4194 0.3474
vn 0.3474 0.4194 -0.8387
vn -0.0000 1.0000 -0.0000
vt 0.650674 0.801989
vt 0.643526 0.778675
vt 0.644569 0.801989
vt 0.636810 0.778675
vt 0.627744 0.801989
vt 0.636378 0.801989
vt 0.611098 0.755361
vt 0.618245 0.732047
vt 0.612140 0.732047
vt 0.617814 0.755361
vt 0.626880 0.732047
vt 0.589209 0.732047
vt 0.594883 0.755361
vt 0.595315 0.732047
vt 0.604381 0.755361
vt 0.603949 0.732047
vt 0.611098 0.778675
vt 0.610055 0.732047
vt 0.659741 0.778675
vt 0.659309 0.801989
vt 0.641645 0.824141
vt 0.647581 0.808331
vt 0.633249 0.802197
vt 0.659741 0.755361
vt 0.650674 0.732047
vt 0.650243 0.755361
vt 0.627312 0.755361
vt 0.627312 0.778675
vt 0.588167 0.755361
vt 0.594883 0.778675
vt 0.650243 0.778675
vt 0.636810 0.755361
vt 0.617814 0.778675
vt 0.604381 0.778675
vt 0.627312 0.778675
vt 0.627312 0.755361
vt 0.664525 0.790332
vt 0.659741 0.732047
vt 0.659741 0.790332
vt 0.603949 0.801989
vt 0.626880 0.801989
vt 0.627744 0.732047
vt 0.610055 0.801989
vt 0.588167 0.778675
vt 0.595315 0.801989
vt 0.618245 0.801989
vt 0.644569 0.732047
vt 0.643526 0.755361
vt 0.606242 0.816567
vt 0.602499 0.824141
vt 0.608436 0.817506
vt 0.601591 0.821766
vt 0.594104 0.824349
vt 0.590361 0.816960
vt 0.595012 0.821929
vt 0.590361 0.809770
vt 0.588167 0.818007
vt 0.595012 0.804572
vt 0.588167 0.808831
vt 0.601591 0.804409
vt 0.594104 0.802197
vt 0.606242 0.809378
vt 0.602499 0.801989
vt 0.608436 0.808331
vt 0.261390 0.894919
vt 0.266041 0.882761
vt 0.254811 0.877400
vt 0.676074 0.790332
vt 0.671290 0.732047
vt 0.671290 0.790332
vt 0.699173 0.790332
vt 0.694389 0.732047
vt 0.694389 0.790332
vt 0.680858 0.790332
vt 0.676074 0.732047
vt 0.687624 0.790332
vt 0.680858 0.732047
vt 0.664525 0.732047
vt 0.687624 0.732047
vt 0.666506 0.848617
vt 0.659741 0.848617
vt 0.627312 0.808831
vt 0.627312 0.818007
vt 0.633249 0.824349
vt 0.647581 0.817506
vt 0.641645 0.801989
vt 0.659309 0.732047
vt 0.636378 0.732047
vt 0.589209 0.801989
vt 0.612140 0.801989
vt 0.250160 0.882369
vt 0.250160 0.889558
vt 0.254812 0.894757
vt 0.266041 0.889951
vt 0.261390 0.877563
vt 0.699173 0.732047
vt 0.666506 0.790332
s 1
usemtl molesAtlas.002
f 1609/195/1893 1612/196/1893 1611/197/1893
f 1612/198/1894 1613/199/1894 1611/200/1894
f 1614/201/1895 1615/202/1895 1613/203/1895
f 1616/204/1896 1617/205/1896 1615/202/1896
f 1617/206/1897 1620/207/1897 1619/208/1897
f 1619/208/1898 1622/209/1898 1621/210/1898
f 1622/209/1899 1632/211/1899 1624/201/1899
f 1622/209/1900 1623/212/1900 1621/210/1900
f 1624/213/1901 1609/195/1901 1623/214/1901
f 1615/215/1902 1619/216/1902 1623/217/1902
f 1632/218/1903 1642/219/1903 1626/220/1903
f 1612/198/1904 1627/221/1904 1614/222/1904
f 1618/223/1905 1630/224/1905 1620/207/1905
f 1624/213/1906 1626/220/1906 1610/225/1906
f 1610/196/1907 1625/226/1907 1612/198/1907
f 1614/201/1908 1628/227/1908 1616/204/1908
f 1620/207/1909 1631/228/1909 1622/209/1909
f 1616/204/1910 1629/229/1910 1618/230/1910
f 1639/231/1908 1656/232/1908 1640/233/1908
f 1630/224/1911 1647/234/1911 1631/228/1911
f 1628/227/1912 1645/235/1912 1629/229/1912
f 1625/226/1913 1643/236/1913 1627/221/1913
f 1631/228/1914 1648/237/1914 1632/211/1914
f 1629/238/1915 1646/239/1915 1630/224/1915
f 1627/211/1916 1644/240/1916 1628/227/1916
f 1626/220/1917 1641/241/1917 1625/242/1917
f 1634/243/1918 1641/244/1918 1642/245/1918
f 1633/246/1918 1643/247/1918 1641/244/1918
f 1636/248/1918 1643/247/1918 1635/249/1918
f 1637/250/1918 1644/251/1918 1636/248/1918
f 1638/252/1918 1645/253/1918 1637/250/1918
f 1639/254/1918 1646/255/1918 1638/252/1918
f 1640/256/1918 1647/257/1918 1639/254/1918
f 1640/256/1918 1642/245/1918 1648/258/1918
f 1655/259/1918 1653/260/1918 1651/261/1918
f 1637/262/1907 1654/263/1907 1638/264/1907
f 1635/265/1899 1652/266/1899 1636/267/1899
f 1634/268/1905 1649/269/1905 1633/262/1905
f 1640/270/1910 1650/271/1910 1634/268/1910
f 1638/264/1904 1655/272/1904 1639/231/1904
f 1636/267/1906 1653/273/1906 1637/270/1906
f 1633/274/1909 1651/233/1909 1635/275/1909
f 1609/195/1893 1610/225/1893 1612/196/1893
f 1612/198/1894 1614/222/1894 1613/199/1894
f 1614/201/1895 1616/204/1895 1615/202/1895
f 1616/204/1896 1618/230/1896 1617/205/1896
f 1617/206/1897 1618/223/1897 1620/207/1897
f 1619/208/1898 1620/207/1898 1622/209/1898
f 1622/209/1899 1631/228/1899 1632/211/1899
f 1622/209/1900 1624/201/1900 1623/212/1900
f 1624/213/1901 1610/225/1901 1609/195/1901
f 1623/217/1902 1609/276/1902 1611/277/1902
f 1611/277/1902 1613/278/1902 1615/215/1902
f 1615/215/1902 1617/279/1902 1619/216/1902
f 1619/216/1902 1621/280/1902 1623/217/1902
f 1623/217/1902 1611/277/1902 1615/215/1902
f 1632/218/1903 1648/281/1903 1642/219/1903
f 1612/198/1904 1625/226/1904 1627/221/1904
f 1618/223/1905 1629/238/1905 1630/224/1905
f 1624/213/1906 1632/218/1906 1626/220/1906
f 1610/196/1907 1626/242/1907 1625/226/1907
f 1614/201/1908 1627/211/1908 1628/227/1908
f 1620/207/1909 1630/224/1909 1631/228/1909
f 1616/204/1910 1628/227/1910 1629/229/1910
f 1639/231/1908 1655/272/1908 1656/232/1908
f 1630/224/1911 1646/239/1911 1647/234/1911
f 1628/227/1912 1644/240/1912 1645/235/1912
f 1625/226/1913 1641/282/1913 1643/236/1913
f 1631/228/1914 1647/234/1914 1648/237/1914
f 1629/238/1915 1645/283/1915 1646/239/1915
f 1627/211/1916 1643/284/1916 1644/240/1916
f 1626/220/1917 1642/219/1917 1641/241/1917
f 1634/243/1918 1633/246/1918 1641/244/1918
f 1633/246/1918 1635/249/1918 1643/247/1918
f 1636/248/1918 1644/251/1918 1643/247/1918
f 1637/250/1918 1645/253/1918 1644/251/1918
f 1638/252/1918 1646/255/1918 1645/253/1918
f 1639/254/1918 1647/257/1918 1646/255/1918
f 1640/256/1918 1648/258/1918 1647/257/1918
f 1640/256/1918 1634/243/1918 1642/245/1918
f 1651/261/1918 1649/285/1918 1650/286/1918
f 1650/286/1918 1656/287/1918 1655/259/1918
f 1655/259/1918 1654/288/1918 1653/260/1918
f 1653/260/1918 1652/289/1918 1651/261/1918
f 1651/261/1918 1650/286/1918 1655/259/1918
f 1637/262/1907 1653/269/1907 1654/263/1907
f 1635/265/1899 1651/290/1899 1652/266/1899
f 1634/268/1905 1650/271/1905 1649/269/1905
f 1640/270/1910 1656/273/1910 1650/271/1910
f 1638/264/1904 1654/263/1904 1655/272/1904
f 1636/267/1906 1652/266/1906 1653/273/1906
f 1633/274/1909 1649/291/1909 1651/233/1909
o Hole.003
v 9.221033 -0.163723 9.324813
v 9.221033 0.036276 9.224813
v 9.928140 -0.163723 9.617706
v 9.998851 0.036277 9.546995
v 10.221033 -0.163723 10.324813
v 10.321033 0.036277 10.324813
v 9.928140 -0.163723 11.031919
v 9.998851 0.036277 11.102631
v 9.221033 -0.163723 11.324813
v 9.221033 0.036277 11.424813
v 8.513927 -0.163723 11.031919
v 8.443215 0.036277 11.102631
v 8.221033 -0.163723 10.324813
v 8.121033 0.036277 10.324813
v 8.513927 -0.163723 9.617706
v 8.443215 0.036277 9.546995
v 9.998851 0.236277 9.546995
v 9.221033 0.236277 9.224813
v 10.321033 0.236277 10.324813
v 9.998851 0.236277 11.102631
v 9.221033 0.236277 11.424813
v 8.443215 0.236277 11.102631
v 8.121033 0.236277 10.324813
v 8.443215 0.236277 9.546995
v 9.775066 0.436277 9.770780
v 9.221033 0.436277 9.541291
v 10.004555 0.436277 10.324813
v 9.775066 0.436277 10.878846
v 9.221033 0.436277 11.108335
v 8.667000 0.436277 10.878846
v 8.437511 0.436277 10.324813
v 8.667000 0.436277 9.770780
v 9.928140 0.436277 9.617706
v 9.221033 0.436277 9.324813
v 10.221033 0.436277 10.324813
v 9.928140 0.436277 11.031919
v 9.221033 0.436277 11.324813
v 8.513927 0.436277 11.031919
v 8.221033 0.436277 10.324813
v 8.513927 0.436277 9.617706
v 9.775066 -0.063723 9.770780
v 9.221033 -0.063723 9.541291
v 10.004555 -0.063723 10.324813
v 9.775066 -0.063723 10.878846
v 9.221033 -0.063723 11.108335
v 8.667000 -0.063723 10.878846
v 8.437511 -0.063723 10.324813
v 8.667000 -0.063723 9.770780
vn 0.3474 -0.4194 -0.8387
vn 0.8387 -0.4194 -0.3474
vn 0.8387 -0.4194 0.3474
vn 0.3474 -0.4194 0.8387
vn -0.3474 -0.4194 0.8387
vn -0.8387 -0.4194 0.3474
vn -0.9239 -0.0000 -0.3827
vn -0.8387 -0.4194 -0.3474
vn -0.3474 -0.4194 -0.8387
vn -0.0000 -1.0000 -0.0000
vn -0.3474 0.4194 -0.8387
vn 0.9239 -0.0000 -0.3827
vn -0.3827 -0.0000 0.9239
vn -0.3827 -0.0000 -0.9239
vn 0.3827 -0.0000 -0.9239
vn 0.9239 -0.0000 0.3827
vn -0.9239 -0.0000 0.3827
vn 0.3827 -0.0000 0.9239
vn -0.8387 0.4194 0.3474
vn 0.3474 0.4194 0.8387
vn 0.8387 0.4194 -0.3474
vn -0.8387 0.4194 -0.3474
vn -0.3474 0.4194 0.8387
vn 0.8387 0.4194 0.3474
vn 0.3474 0.4194 -0.8387
vn -0.0000 1.0000 -0.0000
vt 0.650674 0.801989
vt 0.643526 0.778675
vt 0.644569 0.801989
vt 0.636810 0.778675
vt 0.627744 0.801989
vt 0.636378 0.801989
vt 0.611098 0.755361
vt 0.618245 0.732047
vt 0.612140 0.732047
vt 0.617814 0.755361
vt 0.626880 0.732047
vt 0.589209 0.732047
vt 0.594883 0.755361
vt 0.595315 0.732047
vt 0.604381 0.755361
vt 0.603949 0.732047
vt 0.611098 0.778675
vt 0.610055 0.732047
vt 0.659741 0.778675
vt 0.659309 0.801989
vt 0.641645 0.824141
vt 0.647581 0.808331
vt 0.633249 0.802197
vt 0.659741 0.755361
vt 0.650674 0.732047
vt 0.650243 0.755361
vt 0.627312 0.755361
vt 0.627312 0.778675
vt 0.588167 0.755361
vt 0.594883 0.778675
vt 0.650243 0.778675
vt 0.636810 0.755361
vt 0.617814 0.778675
vt 0.604381 0.778675
vt 0.627312 0.778675
vt 0.627312 0.755361
vt 0.664525 0.790332
vt 0.659741 0.732047
vt 0.659741 0.790332
vt 0.603949 0.801989
vt 0.626880 0.801989
vt 0.627744 0.732047
vt 0.610055 0.801989
vt 0.588167 0.778675
vt 0.595315 0.801989
vt 0.618245 0.801989
vt 0.644569 0.732047
vt 0.643526 0.755361
vt 0.606242 0.816567
vt 0.602499 0.824141
vt 0.608436 0.817506
vt 0.601591 0.821766
vt 0.594104 0.824349
vt 0.590361 0.816960
vt 0.595012 0.821929
vt 0.590361 0.809770
vt 0.588167 0.818007
vt 0.595012 0.804572
vt 0.588167 0.808831
vt 0.601591 0.804409
vt 0.594104 0.802197
vt 0.606242 0.809378
vt 0.602499 0.801989
vt 0.608436 0.808331
vt 0.261390 0.894919
vt 0.266041 0.882761
vt 0.254811 0.877400
vt 0.676074 0.790332
vt 0.671290 0.732047
vt 0.671290 0.790332
vt 0.699173 0.790332
vt 0.694389 0.732047
vt 0.694389 0.790332
vt 0.680858 0.790332
vt 0.676074 0.732047
vt 0.687624 0.790332
vt 0.680858 0.732047
vt 0.664525 0.732047
vt 0.687624 0.732047
vt 0.666506 0.848617
vt 0.659741 0.848617
vt 0.627312 0.808831
vt 0.627312 0.818007
vt 0.633249 0.824349
vt 0.647581 0.817506
vt 0.641645 0.801989
vt 0.659309 0.732047
vt 0.636378 0.732047
vt 0.589209 0.801989
vt 0.612140 0.801989
vt 0.250160 0.882369
vt 0.250160 0.889558
vt 0.254812 0.894757
vt 0.266041 0.889951
vt 0.261390 0.877563
vt 0.699173 0.732047
vt 0.666506 0.790332
s 1
usemtl molesAtlas.003
f 1657/292/1919 1660/293/1919 1659/294/1919
f 1660/295/1920 1661/296/1920 1659/297/1920
f 1662/298/1921 1663/299/1921 1661/300/1921
f 1664/301/1922 1665/302/1922 1663/299/1922
f 1665/303/1923 1668/304/1923 1667/305/1923
f 1667/305/1924 1670/306/1924 1669/307/1924
f 1670/306/1925 1680/308/1925 1672/298/1925
f 1670/306/1926 1671/309/1926 1669/307/1926
f 1672/310/1927 1657/292/1927 1671/311/1927
f 1663/312/1928 1667/313/1928 1671/314/1928
f 1680/315/1929 1690/316/1929 1674/317/1929
f 1660/295/1930 1675/318/1930 1662/319/1930
f 1666/320/1931 1678/321/1931 1668/304/1931
f 1672/310/1932 1674/317/1932 1658/322/1932
f 1658/293/1933 1673/323/1933 1660/295/1933
f 1662/298/1934 1676/324/1934 1664/301/1934
f 1668/304/1935 1679/325/1935 1670/306/1935
f 1664/301/1936 1677/326/1936 1666/327/1936
f 1687/328/1934 1704/329/1934 1688/330/1934
f 1678/321/1937 1695/331/1937 1679/325/1937
f 1676/324/1938 1693/332/1938 1677/326/1938
f 1673/323/1939 1691/333/1939 1675/318/1939
f 1679/325/1940 1696/334/1940 1680/308/1940
f 1677/335/1941 1694/336/1941 1678/321/1941
f 1675/308/1942 1692/337/1942 1676/324/1942
f 1674/317/1943 1689/338/1943 1673/339/1943
f 1682/340/1944 1689/341/1944 1690/342/1944
f 1681/343/1944 1691/344/1944 1689/341/1944
f 1684/345/1944 1691/344/1944 1683/346/1944
f 1685/347/1944 1692/348/1944 1684/345/1944
f 1686/349/1944 1693/350/1944 1685/347/1944
f 1687/351/1944 1694/352/1944 1686/349/1944
f 1688/353/1944 1695/354/1944 1687/351/1944
f 1688/353/1944 1690/342/1944 1696/355/1944
f 1703/356/1944 1701/357/1944 1699/358/1944
f 1685/359/1933 1702/360/1933 1686/361/1933
f 1683/362/1925 1700/363/1925 1684/364/1925
f 1682/365/1931 1697/366/1931 1681/359/1931
f 1688/367/1936 1698/368/1936 1682/365/1936
f 1686/361/1930 1703/369/1930 1687/328/1930
f 1684/364/1932 1701/370/1932 1685/367/1932
f 1681/371/1935 1699/330/1935 1683/372/1935
f 1657/292/1919 1658/322/1919 1660/293/1919
f 1660/295/1920 1662/319/1920 1661/296/1920
f 1662/298/1921 1664/301/1921 1663/299/1921
f 1664/301/1922 1666/327/1922 1665/302/1922
f 1665/303/1923 1666/320/1923 1668/304/1923
f 1667/305/1924 1668/304/1924 1670/306/1924
f 1670/306/1925 1679/325/1925 1680/308/1925
f 1670/306/1926 1672/298/1926 1671/309/1926
f 1672/310/1927 1658/322/1927 1657/292/1927
f 1671/314/1928 1657/373/1928 1659/374/1928
f 1659/374/1928 1661/375/1928 1663/312/1928
f 1663/312/1928 1665/376/1928 1667/313/1928
f 1667/313/1928 1669/377/1928 1671/314/1928
f 1671/314/1928 1659/374/1928 1663/312/1928
f 1680/315/1929 1696/378/1929 1690/316/1929
f 1660/295/1930 1673/323/1930 1675/318/1930
f 1666/320/1931 1677/335/1931 1678/321/1931
f 1672/310/1932 1680/315/1932 1674/317/1932
f 1658/293/1933 1674/339/1933 1673/323/1933
f 1662/298/1934 1675/308/1934 1676/324/1934
f 1668/304/1935 1678/321/1935 1679/325/1935
f 1664/301/1936 1676/324/1936 1677/326/1936
f 1687/328/1934 1703/369/1934 1704/329/1934
f 1678/321/1937 1694/336/1937 1695/331/1937
f 1676/324/1938 1692/337/1938 1693/332/1938
f 1673/323/1939 1689/379/1939 1691/333/1939
f 1679/325/1940 1695/331/1940 1696/334/1940
f 1677/335/1941 1693/380/1941 1694/336/1941
f 1675/308/1942 1691/381/1942 1692/337/1942
f 1674/317/1943 1690/316/1943 1689/338/1943
f 1682/340/1944 1681/343/1944 1689/341/1944
f 1681/343/1944 1683/346/1944 1691/344/1944
f 1684/345/1944 1692/348/1944 1691/344/1944
f 1685/347/1944 1693/350/1944 1692/348/1944
f 1686/349/1944 1694/352/1944 1693/350/1944
f 1687/351/1944 1695/354/1944 1694/352/1944
f 1688/353/1944 1696/355/1944 1695/354/1944
f 1688/353/1944 1682/340/1944 1690/342/1944
f 1699/358/1944 1697/382/1944 1698/383/1944
f 1698/383/1944 1704/384/1944 1703/356/1944
f 1703/356/1944 1702/385/1944 1701/357/1944
f 1701/357/1944 1700/386/1944 1699/358/1944
f 1699/358/1944 1698/383/1944 1703/356/1944
f 1685/359/1933 1701/366/1933 1702/360/1933
f 1683/362/1925 1699/387/1925 1700/363/1925
f 1682/365/1931 1698/368/1931 1697/366/1931
f 1688/367/1936 1704/370/1936 1698/368/1936
f 1686/361/1930 1702/360/1930 1703/369/1930
f 1684/364/1932 1700/363/1932 1701/370/1932
f 1681/371/1935 1697/388/1935 1699/330/1935
o Hole.004
v 3.520574 -0.163723 4.336223
v 3.520574 0.036276 4.236223
v 4.227681 -0.163723 4.629116
v 4.298392 0.036277 4.558405
v 4.520575 -0.163723 5.336223
v 4.620574 0.036277 5.336223
v 4.227681 -0.163723 6.043329
v 4.298392 0.036277 6.114040
v 3.520574 -0.163723 6.336223
v 3.520574 0.036277 6.436223
v 2.813468 -0.163723 6.043329
v 2.742757 0.036277 6.114040
v 2.520574 -0.163723 5.336223
v 2.420574 0.036277 5.336223
v 2.813468 -0.163723 4.629116
v 2.742757 0.036277 4.558405
v 4.298392 0.236277 4.558405
v 3.520574 0.236277 4.236223
v 4.620574 0.236277 5.336223
v 4.298392 0.236277 6.114040
v 3.520574 0.236277 6.436223
v 2.742757 0.236277 6.114040
v 2.420574 0.236277 5.336223
v 2.742757 0.236277 4.558405
v 4.074608 0.436277 4.782189
v 3.520574 0.436277 4.552701
v 4.304096 0.436277 5.336223
v 4.074608 0.436277 5.890256
v 3.520574 0.436277 6.119744
v 2.966541 0.436277 5.890256
v 2.737053 0.436277 5.336223
v 2.966541 0.436277 4.782189
v 4.227681 0.436277 4.629116
v 3.520574 0.436277 4.336223
v 4.520575 0.436277 5.336223
v 4.227681 0.436277 6.043329
v 3.520574 0.436277 6.336223
v 2.813468 0.436277 6.043329
v 2.520574 0.436277 5.336223
v 2.813468 0.436277 4.629116
v 4.074608 -0.063723 4.782189
v 3.520574 -0.063723 4.552701
v 4.304096 -0.063723 5.336223
v 4.074608 -0.063723 5.890256
v 3.520574 -0.063723 6.119744
v 2.966541 -0.063723 5.890256
v 2.737053 -0.063723 5.336223
v 2.966541 -0.063723 4.782189
vn 0.3474 -0.4194 -0.8387
vn 0.8387 -0.4194 -0.3474
vn 0.8387 -0.4194 0.3474
vn 0.3474 -0.4194 0.8387
vn -0.3474 -0.4194 0.8387
vn -0.8387 -0.4194 0.3474
vn -0.9239 -0.0000 -0.3827
vn -0.8387 -0.4194 -0.3474
vn -0.3474 -0.4194 -0.8387
vn -0.0000 -1.0000 -0.0000
vn -0.3474 0.4194 -0.8387
vn 0.9239 -0.0000 -0.3827
vn -0.3827 -0.0000 0.9239
vn -0.3827 -0.0000 -0.9239
vn 0.3827 -0.0000 -0.9239
vn 0.9239 -0.0000 0.3827
vn -0.9239 -0.0000 0.3827
vn 0.3827 -0.0000 0.9239
vn -0.8387 0.4194 0.3474
vn 0.3474 0.4194 0.8387
vn 0.8387 0.4194 -0.3474
vn -0.8387 0.4194 -0.3474
vn -0.3474 0.4194 0.8387
vn 0.8387 0.4194 0.3474
vn 0.3474 0.4194 -0.8387
vn -0.0000 1.0000 -0.0000
vt 0.650674 0.801989
vt 0.643526 0.778675
vt 0.644569 0.801989
vt 0.636810 0.778675
vt 0.627744 0.801989
vt 0.636378 0.801989
vt 0.611098 0.755361
vt 0.618245 0.732047
vt 0.612140 0.732047
vt 0.617814 0.755361
vt 0.626880 0.732047
vt 0.589209 0.732047
vt 0.594883 0.755361
vt 0.595315 0.732047
vt 0.604381 0.755361
vt 0.603949 0.732047
vt 0.611098 0.778675
vt 0.610055 0.732047
vt 0.659741 0.778675
vt 0.659309 0.801989
vt 0.641645 0.824141
vt 0.647581 0.808331
vt 0.633249 0.802197
vt 0.659741 0.755361
vt 0.650674 0.732047
vt 0.650243 0.755361
vt 0.627312 0.755361
vt 0.627312 0.778675
vt 0.588167 0.755361
vt 0.594883 0.778675
vt 0.650243 0.778675
vt 0.636810 0.755361
vt 0.617814 0.778675
vt 0.604381 0.778675
vt 0.627312 0.778675
vt 0.627312 0.755361
vt 0.664525 0.790332
vt 0.659741 0.732047
vt 0.659741 0.790332
vt 0.603949 0.801989
vt 0.626880 0.801989
vt 0.627744 0.732047
vt 0.610055 0.801989
vt 0.588167 0.778675
vt 0.595315 0.801989
vt 0.618245 0.801989
vt 0.644569 0.732047
vt 0.643526 0.755361
vt 0.606242 0.816567
vt 0.602499 0.824141
vt 0.608436 0.817506
vt 0.601591 0.821766
vt 0.594104 0.824349
vt 0.590361 0.816960
vt 0.595012 0.821929
vt 0.590361 0.809770
vt 0.588167 0.818007
vt 0.595012 0.804572
vt 0.588167 0.808831
vt 0.601591 0.804409
vt 0.594104 0.802197
vt 0.606242 0.809378
vt 0.602499 0.801989
vt 0.608436 0.808331
vt 0.261390 0.894919
vt 0.266041 0.882761
vt 0.254811 0.877400
vt 0.676074 0.790332
vt 0.671290 0.732047
vt 0.671290 0.790332
vt 0.699173 0.790332
vt 0.694389 0.732047
vt 0.694389 0.790332
vt 0.680858 0.790332
vt 0.676074 0.732047
vt 0.687624 0.790332
vt 0.680858 0.732047
vt 0.664525 0.732047
vt 0.687624 0.732047
vt 0.666506 0.848617
vt 0.659741 0.848617
vt 0.627312 0.808831
vt 0.627312 0.818007
vt 0.633249 0.824349
vt 0.647581 0.817506
vt 0.641645 0.801989
vt 0.659309 0.732047
vt 0.636378 0.732047
vt 0.589209 0.801989
vt 0.612140 0.801989
vt 0.250160 0.882369
vt 0.250160 0.889558
vt 0.254812 0.894757
vt 0.266041 0.889951
vt 0.261390 0.877563
vt 0.699173 0.732047
vt 0.666506 0.790332
s 1
usemtl molesAtlas.004
f 1705/389/1945 1708/390/1945 1707/391/1945
f 1708/392/1946 1709/393/1946 1707/394/1946
f 1710/395/1947 1711/396/1947 1709/397/1947
f 1712/398/1948 1713/399/1948 1711/396/1948
f 1713/400/1949 1716/401/1949 1715/402/1949
f 1715/402/1950 1718/403/1950 1717/404/1950
f 1718/403/1951 1728/405/1951 1720/395/1951
f 1718/403/1952 1719/406/1952 1717/404/1952
f 1720/407/1953 1705/389/1953 1719/408/1953
f 1711/409/1954 1715/410/1954 1719/411/1954
f 1728/412/1955 1738/413/1955 1722/414/1955
f 1708/392/1956 1723/415/1956 1710/416/1956
f 1714/417/1957 1726/418/1957 1716/401/1957
f 1720/407/1958 1722/414/1958 1706/419/1958
f 1706/390/1959 1721/420/1959 1708/392/1959
f 1710/395/1960 1724/421/1960 1712/398/1960
f 1716/401/1961 1727/422/1961 1718/403/1961
f 1712/398/1962 1725/423/1962 1714/424/1962
f 1735/425/1960 1752/426/1960 1736/427/1960
f 1726/418/1963 1743/428/1963 1727/422/1963
f 1724/421/1964 1741/429/1964 1725/423/1964
f 1721/420/1965 1739/430/1965 1723/415/1965
f 1727/422/1966 1744/431/1966 1728/405/1966
f 1725/432/1967 1742/433/1967 1726/418/1967
f 1723/405/1968 1740/434/1968 1724/421/1968
f 1722/414/1969 1737/435/1969 1721/436/1969
f 1730/437/1970 1737/438/1970 1738/439/1970
f 1729/440/1970 1739/441/1970 1737/438/1970
f 1732/442/1970 1739/441/1970 1731/443/1970
f 1733/444/1970 1740/445/1970 1732/442/1970
f 1734/446/1970 1741/447/1970 1733/444/1970
f 1735/448/1970 1742/449/1970 1734/446/1970
f 1736/450/1970 1743/451/1970 1735/448/1970
f 1736/450/1970 1738/439/1970 1744/452/1970
f 1751/453/1970 1749/454/1970 1747/455/1970
f 1733/456/1959 1750/457/1959 1734/458/1959
f 1731/459/1951 1748/460/1951 1732/461/1951
f 1730/462/1957 1745/463/1957 1729/456/1957
f 1736/464/1962 1746/465/1962 1730/462/1962
f 1734/458/1956 1751/466/1956 1735/425/1956
f 1732/461/1958 1749/467/1958 1733/464/1958
f 1729/468/1961 1747/427/1961 1731/469/1961
f 1705/389/1945 1706/419/1945 1708/390/1945
f 1708/392/1946 1710/416/1946 1709/393/1946
f 1710/395/1947 1712/398/1947 1711/396/1947
f 1712/398/1948 1714/424/1948 1713/399/1948
f 1713/400/1949 1714/417/1949 1716/401/1949
f 1715/402/1950 1716/401/1950 1718/403/1950
f 1718/403/1951 1727/422/1951 1728/405/1951
f 1718/403/1952 1720/395/1952 1719/406/1952
f 1720/407/1953 1706/419/1953 1705/389/1953
f 1719/411/1954 1705/470/1954 1707/471/1954
f 1707/471/1954 1709/472/1954 1711/409/1954
f 1711/409/1954 1713/473/1954 1715/410/1954
f 1715/410/1954 1717/474/1954 1719/411/1954
f 1719/411/1954 1707/471/1954 1711/409/1954
f 1728/412/1955 1744/475/1955 1738/413/1955
f 1708/392/1956 1721/420/1956 1723/415/1956
f 1714/417/1957 1725/432/1957 1726/418/1957
f 1720/407/1958 1728/412/1958 1722/414/1958
f 1706/390/1959 1722/436/1959 1721/420/1959
f 1710/395/1960 1723/405/1960 1724/421/1960
f 1716/401/1961 1726/418/1961 1727/422/1961
f 1712/398/1962 1724/421/1962 1725/423/1962
f 1735/425/1960 1751/466/1960 1752/426/1960
f 1726/418/1963 1742/433/1963 1743/428/1963
f 1724/421/1964 1740/434/1964 1741/429/1964
f 1721/420/1965 1737/476/1965 1739/430/1965
f 1727/422/1966 1743/428/1966 1744/431/1966
f 1725/432/1967 1741/477/1967 1742/433/1967
f 1723/405/1968 1739/478/1968 1740/434/1968
f 1722/414/1969 1738/413/1969 1737/435/1969
f 1730/437/1970 1729/440/1970 1737/438/1970
f 1729/440/1970 1731/443/1970 1739/441/1970
f 1732/442/1970 1740/445/1970 1739/441/1970
f 1733/444/1970 1741/447/1970 1740/445/1970
f 1734/446/1970 1742/449/1970 1741/447/1970
f 1735/448/1970 1743/451/1970 1742/449/1970
f 1736/450/1970 1744/452/1970 1743/451/1970
f 1736/450/1970 1730/437/1970 1738/439/1970
f 1747/455/1970 1745/479/1970 1746/480/1970
f 1746/480/1970 1752/481/1970 1751/453/1970
f 1751/453/1970 1750/482/1970 1749/454/1970
f 1749/454/1970 1748/483/1970 1747/455/1970
f 1747/455/1970 1746/480/1970 1751/453/1970
f 1733/456/1959 1749/463/1959 1750/457/1959
f 1731/459/1951 1747/484/1951 1748/460/1951
f 1730/462/1957 1746/465/1957 1745/463/1957
f 1736/464/1962 1752/467/1962 1746/465/1962
f 1734/458/1956 1750/457/1956 1751/466/1956
f 1732/461/1958 1748/460/1958 1749/467/1958
f 1729/468/1961 1745/485/1961 1747/427/1961
o Hole.005
v 2.264419 -0.163723 -9.770252
v 2.264419 0.036276 -9.870253
v 2.971526 -0.163723 -9.477359
v 3.042236 0.036277 -9.548070
v 3.264419 -0.163723 -8.770252
v 3.364419 0.036277 -8.770252
v 2.971526 -0.163723 -8.063146
v 3.042236 0.036277 -7.992435
v 2.264419 -0.163723 -7.770252
v 2.264419 0.036277 -7.670252
v 1.557312 -0.163723 -8.063146
v 1.486601 0.036277 -7.992435
v 1.264419 -0.163723 -8.770252
v 1.164419 0.036277 -8.770252
v 1.557312 -0.163723 -9.477359
v 1.486601 0.036277 -9.548070
v 3.042236 0.236277 -9.548070
v 2.264419 0.236277 -9.870253
v 3.364419 0.236277 -8.770252
v 3.042236 0.236277 -7.992435
v 2.264419 0.236277 -7.670252
v 1.486601 0.236277 -7.992435
v 1.164419 0.236277 -8.770252
v 1.486601 0.236277 -9.548070
v 2.818452 0.436277 -9.324286
v 2.264419 0.436277 -9.553774
v 3.047940 0.436277 -8.770252
v 2.818452 0.436277 -8.216219
v 2.264419 0.436277 -7.986731
v 1.710385 0.436277 -8.216219
v 1.480897 0.436277 -8.770252
v 1.710385 0.436277 -9.324286
v 2.971526 0.436277 -9.477359
v 2.264419 0.436277 -9.770252
v 3.264419 0.436277 -8.770252
v 2.971526 0.436277 -8.063146
v 2.264419 0.436277 -7.770252
v 1.557312 0.436277 -8.063146
v 1.264419 0.436277 -8.770252
v 1.557312 0.436277 -9.477359
v 2.818452 -0.063723 -9.324286
v 2.264419 -0.063723 -9.553774
v 3.047940 -0.063723 -8.770252
v 2.818452 -0.063723 -8.216219
v 2.264419 -0.063723 -7.986731
v 1.710385 -0.063723 -8.216219
v 1.480897 -0.063723 -8.770252
v 1.710385 -0.063723 -9.324286
vn 0.3474 -0.4194 -0.8387
vn 0.8387 -0.4194 -0.3474
vn 0.8387 -0.4194 0.3474
vn 0.3474 -0.4194 0.8387
vn -0.3474 -0.4194 0.8387
vn -0.8387 -0.4194 0.3474
vn -0.9239 -0.0000 -0.3827
vn -0.8387 -0.4194 -0.3474
vn -0.3474 -0.4194 -0.8387
vn -0.0000 -1.0000 -0.0000
vn -0.3474 0.4194 -0.8387
vn 0.9239 -0.0000 -0.3827
vn -0.3827 -0.0000 0.9239
vn -0.3827 -0.0000 -0.9239
vn 0.3827 -0.0000 -0.9239
vn 0.9239 -0.0000 0.3827
vn -0.9239 -0.0000 0.3827
vn 0.3827 -0.0000 0.9239
vn -0.8387 0.4194 0.3474
vn 0.3474 0.4194 0.8387
vn 0.8387 0.4194 -0.3474
vn -0.8387 0.4194 -0.3474
vn -0.3474 0.4194 0.8387
vn 0.8387 0.4194 0.3474
vn 0.3474 0.4194 -0.8387
vn -0.0000 1.0000 -0.0000
vt 0.650674 0.801989
vt 0.643526 0.778675
vt 0.644569 0.801989
vt 0.636810 0.778675
vt 0.627744 0.801989
vt 0.636378 0.801989
vt 0.611098 0.755361
vt 0.618245 0.732047
vt 0.612140 0.732047
vt 0.617814 0.755361
vt 0.626880 0.732047
vt 0.589209 0.732047
vt 0.594883 0.755361
vt 0.595315 0.732047
vt 0.604381 0.755361
vt 0.603949 0.732047
vt 0.611098 0.778675
vt 0.610055 0.732047
vt 0.659741 0.778675
vt 0.659309 0.801989
vt 0.641645 0.824141
vt 0.647581 0.808331
vt 0.633249 0.802197
vt 0.659741 0.755361
vt 0.650674 0.732047
vt 0.650243 0.755361
vt 0.627312 0.755361
vt 0.627312 0.778675
vt 0.588167 0.755361
vt 0.594883 0.778675
vt 0.650243 0.778675
vt 0.636810 0.755361
vt 0.617814 0.778675
vt 0.604381 0.778675
vt 0.627312 0.778675
vt 0.627312 0.755361
vt 0.664525 0.790332
vt 0.659741 0.732047
vt 0.659741 0.790332
vt 0.603949 0.801989
vt 0.626880 0.801989
vt 0.627744 0.732047
vt 0.610055 0.801989
vt 0.588167 0.778675
vt 0.595315 0.801989
vt 0.618245 0.801989
vt 0.644569 0.732047
vt 0.643526 0.755361
vt 0.606242 0.816567
vt 0.602499 0.824141
vt 0.608436 0.817506
vt 0.601591 0.821766
vt 0.594104 0.824349
vt 0.590361 0.816960
vt 0.595012 0.821929
vt 0.590361 0.809770
vt 0.588167 0.818007
vt 0.595012 0.804572
vt 0.588167 0.808831
vt 0.601591 0.804409
vt 0.594104 0.802197
vt 0.606242 0.809378
vt 0.602499 0.801989
vt 0.608436 0.808331
vt 0.261390 0.894919
vt 0.266041 0.882761
vt 0.254811 0.877400
vt 0.676074 0.790332
vt 0.671290 0.732047
vt 0.671290 0.790332
vt 0.699173 0.790332
vt 0.694389 0.732047
vt 0.694389 0.790332
vt 0.680858 0.790332
vt 0.676074 0.732047
vt 0.687624 0.790332
vt 0.680858 0.732047
vt 0.664525 0.732047
vt 0.687624 0.732047
vt 0.666506 0.848617
vt 0.659741 0.848617
vt 0.627312 0.808831
vt 0.627312 0.818007
vt 0.633249 0.824349
vt 0.647581 0.817506
vt 0.641645 0.801989
vt 0.659309 0.732047
vt 0.636378 0.732047
vt 0.589209 0.801989
vt 0.612140 0.801989
vt 0.250160 0.882369
vt 0.250160 0.889558
vt 0.254812 0.894757
vt 0.266041 0.889951
vt 0.261390 0.877563
vt 0.699173 0.732047
vt 0.666506 0.790332
s 1
usemtl molesAtlas.005
f 1753/486/1971 1756/487/1971 1755/488/1971
f 1756/489/1972 1757/490/1972 1755/491/1972
f 1758/492/1973 1759/493/1973 1757/494/1973
f 1760/495/1974 1761/496/1974 1759/493/1974
f 1761/497/1975 1764/498/1975 1763/499/1975
f 1763/499/1976 1766/500/1976 1765/501/1976
f 1766/500/1977 1776/502/1977 1768/492/1977
f 1766/500/1978 1767/503/1978 1765/501/1978
f 1768/504/1979 1753/486/1979 1767/505/1979
f 1759/506/1980 1763/507/1980 1767/508/1980
f 1776/509/1981 1786/510/1981 1770/511/1981
f 1756/489/1982 1771/512/1982 1758/513/1982
f 1762/514/1983 1774/515/1983 1764/498/1983
f 1768/504/1984 1770/511/1984 1754/516/1984
f 1754/487/1985 1769/517/1985 1756/489/1985
f 1758/492/1986 1772/518/1986 1760/495/1986
f 1764/498/1987 1775/519/1987 1766/500/1987
f 1760/495/1988 1773/520/1988 1762/521/1988
f 1783/522/1986 1800/523/1986 1784/524/1986
f 1774/515/1989 1791/525/1989 1775/519/1989
f 1772/518/1990 1789/526/1990 1773/520/1990
f 1769/517/1991 1787/527/1991 1771/512/1991
f 1775/519/1992 1792/528/1992 1776/502/1992
f 1773/529/1993 1790/530/1993 1774/515/1993
f 1771/502/1994 1788/531/1994 1772/518/1994
f 1770/511/1995 1785/532/1995 1769/533/1995
f 1778/534/1996 1785/535/1996 1786/536/1996
f 1777/537/1996 1787/538/1996 1785/535/1996
f 1780/539/1996 1787/538/1996 1779/540/1996
f 1781/541/1996 1788/542/1996 1780/539/1996
f 1782/543/1996 1789/544/1996 1781/541/1996
f 1783/545/1996 1790/546/1996 1782/543/1996
f 1784/547/1996 1791/548/1996 1783/545/1996
f 1784/547/1996 1786/536/1996 1792/549/1996
f 1799/550/1996 1797/551/1996 1795/552/1996
f 1781/553/1985 1798/554/1985 1782/555/1985
f 1779/556/1977 1796/557/1977 1780/558/1977
f 1778/559/1983 1793/560/1983 1777/553/1983
f 1784/561/1988 1794/562/1988 1778/559/1988
f 1782/555/1982 1799/563/1982 1783/522/1982
f 1780/558/1984 1797/564/1984 1781/561/1984
f 1777/565/1987 1795/524/1987 1779/566/1987
f 1753/486/1971 1754/516/1971 1756/487/1971
f 1756/489/1972 1758/513/1972 1757/490/1972
f 1758/492/1973 1760/495/1973 1759/493/1973
f 1760/495/1974 1762/521/1974 1761/496/1974
f 1761/497/1975 1762/514/1975 1764/498/1975
f 1763/499/1976 1764/498/1976 1766/500/1976
f 1766/500/1977 1775/519/1977 1776/502/1977
f 1766/500/1978 1768/492/1978 1767/503/1978
f 1768/504/1979 1754/516/1979 1753/486/1979
f 1767/508/1980 1753/567/1980 1755/568/1980
f 1755/568/1980 1757/569/1980 1759/506/1980
f 1759/506/1980 1761/570/1980 1763/507/1980
f 1763/507/1980 1765/571/1980 1767/508/1980
f 1767/508/1980 1755/568/1980 1759/506/1980
f 1776/509/1981 1792/572/1981 1786/510/1981
f 1756/489/1982 1769/517/1982 1771/512/1982
f 1762/514/1983 1773/529/1983 1774/515/1983
f 1768/504/1984 1776/509/1984 1770/511/1984
f 1754/487/1985 1770/533/1985 1769/517/1985
f 1758/492/1986 1771/502/1986 1772/518/1986
f 1764/498/1987 1774/515/1987 1775/519/1987
f 1760/495/1988 1772/518/1988 1773/520/1988
f 1783/522/1986 1799/563/1986 1800/523/1986
f 1774/515/1989 1790/530/1989 1791/525/1989
f 1772/518/1990 1788/531/1990 1789/526/1990
f 1769/517/1991 1785/573/1991 1787/527/1991
f 1775/519/1992 1791/525/1992 1792/528/1992
f 1773/529/1993 1789/574/1993 1790/530/1993
f 1771/502/1994 1787/575/1994 1788/531/1994
f 1770/511/1995 1786/510/1995 1785/532/1995
f 1778/534/1996 1777/537/1996 1785/535/1996
f 1777/537/1996 1779/540/1996 1787/538/1996
f 1780/539/1996 1788/542/1996 1787/538/1996
f 1781/541/1996 1789/544/1996 1788/542/1996
f 1782/543/1996 1790/546/1996 1789/544/1996
f 1783/545/1996 1791/548/1996 1790/546/1996
f 1784/547/1996 1792/549/1996 1791/548/1996
f 1784/547/1996 1778/534/1996 1786/536/1996
f 1795/552/1996 1793/576/1996 1794/577/1996
f 1794/577/1996 1800/578/1996 1799/550/1996
f 1799/550/1996 1798/579/1996 1797/551/1996
f 1797/551/1996 1796/580/1996 1795/552/1996
f 1795/552/1996 1794/577/1996 1799/550/1996
f 1781/553/1985 1797/560/1985 1798/554/1985
f 1779/556/1977 1795/581/1977 1796/557/1977
f 1778/559/1983 1794/562/1983 1793/560/1983
f 1784/561/1988 1800/564/1988 1794/562/1988
f 1782/555/1982 1798/554/1982 1799/563/1982
f 1780/558/1984 1796/557/1984 1797/564/1984
f 1777/565/1987 1793/582/1987 1795/524/1987
o Hole.006
v -4.734160 -0.163723 -2.565132
v -4.734160 0.036276 -2.665133
v -4.027054 -0.163723 -2.272239
v -3.956343 0.036277 -2.342950
v -3.734160 -0.163723 -1.565132
v -3.634161 0.036277 -1.565132
v -4.027054 -0.163723 -0.858026
v -3.956343 0.036277 -0.787315
v -4.734160 -0.163723 -0.565132
v -4.734160 0.036277 -0.465132
v -5.441267 -0.163723 -0.858026
v -5.511978 0.036277 -0.787315
v -5.734160 -0.163723 -1.565132
v -5.834160 0.036277 -1.565132
v -5.441267 -0.163723 -2.272239
v -5.511978 0.036277 -2.342950
v -3.956343 0.236277 -2.342950
v -4.734160 0.236277 -2.665133
v -3.634161 0.236277 -1.565132
v -3.956343 0.236277 -0.787315
v -4.734160 0.236277 -0.465132
v -5.511978 0.236277 -0.787315
v -5.834160 0.236277 -1.565132
v -5.511978 0.236277 -2.342950
v -4.180127 0.436277 -2.119166
v -4.734160 0.436277 -2.348654
v -3.950639 0.436277 -1.565132
v -4.180127 0.436277 -1.011099
v -4.734160 0.436277 -0.781611
v -5.288194 0.436277 -1.011099
v -5.517682 0.436277 -1.565132
v -5.288194 0.436277 -2.119166
v -4.027054 0.436277 -2.272239
v -4.734160 0.436277 -2.565133
v -3.734160 0.436277 -1.565132
v -4.027054 0.436277 -0.858026
v -4.734160 0.436277 -0.565132
v -5.441267 0.436277 -0.858026
v -5.734160 0.436277 -1.565132
v -5.441267 0.436277 -2.272239
v -4.180127 -0.063723 -2.119166
v -4.734160 -0.063723 -2.348654
v -3.950639 -0.063723 -1.565132
v -4.180127 -0.063723 -1.011099
v -4.734160 -0.063723 -0.781611
v -5.288194 -0.063723 -1.011099
v -5.517682 -0.063723 -1.565132
v -5.288194 -0.063723 -2.119166
vn 0.3474 -0.4194 -0.8387
vn 0.8387 -0.4194 -0.3474
vn 0.8387 -0.4194 0.3474
vn 0.3474 -0.4194 0.8387
vn -0.3474 -0.4194 0.8387
vn -0.8387 -0.4194 0.3474
vn -0.9239 -0.0000 -0.3827
vn -0.8387 -0.4194 -0.3474
vn -0.3474 -0.4194 -0.8387
vn -0.0000 -1.0000 -0.0000
vn -0.3474 0.4194 -0.8387
vn 0.9239 -0.0000 -0.3827
vn -0.3827 -0.0000 0.9239
vn -0.3827 -0.0000 -0.9239
vn 0.3827 -0.0000 -0.9239
vn 0.9239 -0.0000 0.3827
vn -0.9239 -0.0000 0.3827
vn 0.3827 -0.0000 0.9239
vn -0.8387 0.4194 0.3474
vn 0.3474 0.4194 0.8387
vn 0.8387 0.4194 -0.3474
vn -0.8387 0.4194 -0.3474
vn -0.3474 0.4194 0.8387
vn 0.8387 0.4194 0.3474
vn 0.3474 0.4194 -0.8387
vn -0.0000 1.0000 -0.0000
vt 0.650674 0.801989
vt 0.643526 0.778675
vt 0.644569 0.801989
vt 0.636810 0.778675
vt 0.627744 0.801989
vt 0.636378 0.801989
vt 0.611098 0.755361
vt 0.618245 0.732047
vt 0.612140 0.732047
vt 0.617814 0.755361
vt 0.626880 0.732047
vt 0.589209 0.732047
vt 0.594883 0.755361
vt 0.595315 0.732047
vt 0.604381 0.755361
vt 0.603949 0.732047
vt 0.611098 0.778675
vt 0.610055 0.732047
vt 0.659741 0.778675
vt 0.659309 0.801989
vt 0.641645 0.824141
vt 0.647581 0.808331
vt 0.633249 0.802197
vt 0.659741 0.755361
vt 0.650674 0.732047
vt 0.650243 0.755361
vt 0.627312 0.755361
vt 0.627312 0.778675
vt 0.588167 0.755361
vt 0.594883 0.778675
vt 0.650243 0.778675
vt 0.636810 0.755361
vt 0.617814 0.778675
vt 0.604381 0.778675
vt 0.627312 0.778675
vt 0.627312 0.755361
vt 0.664525 0.790332
vt 0.659741 0.732047
vt 0.659741 0.790332
vt 0.603949 0.801989
vt 0.626880 0.801989
vt 0.627744 0.732047
vt 0.610055 0.801989
vt 0.588167 0.778675
vt 0.595315 0.801989
vt 0.618245 0.801989
vt 0.644569 0.732047
vt 0.643526 0.755361
vt 0.606242 0.816567
vt 0.602499 0.824141
vt 0.608436 0.817506
vt 0.601591 0.821766
vt 0.594104 0.824349
vt 0.590361 0.816960
vt 0.595012 0.821929
vt 0.590361 0.809770
vt 0.588167 0.818007
vt 0.595012 0.804572
vt 0.588167 0.808831
vt 0.601591 0.804409
vt 0.594104 0.802197
vt 0.606242 0.809378
vt 0.602499 0.801989
vt 0.608436 0.808331
vt 0.261390 0.894919
vt 0.266041 0.882761
vt 0.254811 0.877400
vt 0.676074 0.790332
vt 0.671290 0.732047
vt 0.671290 0.790332
vt 0.699173 0.790332
vt 0.694389 0.732047
vt 0.694389 0.790332
vt 0.680858 0.790332
vt 0.676074 0.732047
vt 0.687624 0.790332
vt 0.680858 0.732047
vt 0.664525 0.732047
vt 0.687624 0.732047
vt 0.666506 0.848617
vt 0.659741 0.848617
vt 0.627312 0.808831
vt 0.627312 0.818007
vt 0.633249 0.824349
vt 0.647581 0.817506
vt 0.641645 0.801989
vt 0.659309 0.732047
vt 0.636378 0.732047
vt 0.589209 0.801989
vt 0.612140 0.801989
vt 0.250160 0.882369
vt 0.250160 0.889558
vt 0.254812 0.894757
vt 0.266041 0.889951
vt 0.261390 0.877563
vt 0.699173 0.732047
vt 0.666506 0.790332
s 1
usemtl molesAtlas.006
f 1801/583/1997 1804/584/1997 1803/585/1997
f 1804/586/1998 1805/587/1998 1803/588/1998
f 1806/589/1999 1807/590/1999 1805/591/1999
f 1808/592/2000 1809/593/2000 1807/590/2000
f 1809/594/2001 1812/595/2001 1811/596/2001
f 1811/596/2002 1814/597/2002 1813/598/2002
f 1814/597/2003 1824/599/2003 1816/589/2003
f 1814/597/2004 1815/600/2004 1813/598/2004
f 1816/601/2005 1801/583/2005 1815/602/2005
f 1807/603/2006 1811/604/2006 1815/605/2006
f 1824/606/2007 1834/607/2007 1818/608/2007
f 1804/586/2008 1819/609/2008 1806/610/2008
f 1810/611/2009 1822/612/2009 1812/595/2009
f 1816/601/2010 1818/608/2010 1802/613/2010
f 1802/584/2011 1817/614/2011 1804/586/2011
f 1806/589/2012 1820/615/2012 1808/592/2012
f 1812/595/2013 1823/616/2013 1814/597/2013
f 1808/592/2014 1821/617/2014 1810/618/2014
f 1831/619/2012 1848/620/2012 1832/621/2012
f 1822/612/2015 1839/622/2015 1823/616/2015
f 1820/615/2016 1837/623/2016 1821/617/2016
f 1817/614/2017 1835/624/2017 1819/609/2017
f 1823/616/2018 1840/625/2018 1824/599/2018
f 1821/626/2019 1838/627/2019 1822/612/2019
f 1819/599/2020 1836/628/2020 1820/615/2020
f 1818/608/2021 1833/629/2021 1817/630/2021
f 1826/631/2022 1833/632/2022 1834/633/2022
f 1825/634/2022 1835/635/2022 1833/632/2022
f 1828/636/2022 1835/635/2022 1827/637/2022
f 1829/638/2022 1836/639/2022 1828/636/2022
f 1830/640/2022 1837/641/2022 1829/638/2022
f 1831/642/2022 1838/643/2022 1830/640/2022
f 1832/644/2022 1839/645/2022 1831/642/2022
f 1832/644/2022 1834/633/2022 1840/646/2022
f 1847/647/2022 1845/648/2022 1843/649/2022
f 1829/650/2011 1846/651/2011 1830/652/2011
f 1827/653/2003 1844/654/2003 1828/655/2003
f 1826/656/2009 1841/657/2009 1825/650/2009
f 1832/658/2014 1842/659/2014 1826/656/2014
f 1830/652/2008 1847/660/2008 1831/619/2008
f 1828/655/2010 1845/661/2010 1829/658/2010
f 1825/662/2013 1843/621/2013 1827/663/2013
f 1801/583/1997 1802/613/1997 1804/584/1997
f 1804/586/1998 1806/610/1998 1805/587/1998
f 1806/589/1999 1808/592/1999 1807/590/1999
f 1808/592/2000 1810/618/2000 1809/593/2000
f 1809/594/2001 1810/611/2001 1812/595/2001
f 1811/596/2002 1812/595/2002 1814/597/2002
f 1814/597/2003 1823/616/2003 1824/599/2003
f 1814/597/2004 1816/589/2004 1815/600/2004
f 1816/601/2005 1802/613/2005 1801/583/2005
f 1815/605/2006 1801/664/2006 1803/665/2006
f 1803/665/2006 1805/666/2006 1807/603/2006
f 1807/603/2006 1809/667/2006 1811/604/2006
f 1811/604/2006 1813/668/2006 1815/605/2006
f 1815/605/2006 1803/665/2006 1807/603/2006
f 1824/606/2007 1840/669/2007 1834/607/2007
f 1804/586/2008 1817/614/2008 1819/609/2008
f 1810/611/2009 1821/626/2009 1822/612/2009
f 1816/601/2010 1824/606/2010 1818/608/2010
f 1802/584/2011 1818/630/2011 1817/614/2011
f 1806/589/2012 1819/599/2012 1820/615/2012
f 1812/595/2013 1822/612/2013 1823/616/2013
f 1808/592/2014 1820/615/2014 1821/617/2014
f 1831/619/2012 1847/660/2012 1848/620/2012
f 1822/612/2015 1838/627/2015 1839/622/2015
f 1820/615/2016 1836/628/2016 1837/623/2016
f 1817/614/2017 1833/670/2017 1835/624/2017
f 1823/616/2018 1839/622/2018 1840/625/2018
f 1821/626/2019 1837/671/2019 1838/627/2019
f 1819/599/2020 1835/672/2020 1836/628/2020
f 1818/608/2021 1834/607/2021 1833/629/2021
f 1826/631/2022 1825/634/2022 1833/632/2022
f 1825/634/2022 1827/637/2022 1835/635/2022
f 1828/636/2022 1836/639/2022 1835/635/2022
f 1829/638/2022 1837/641/2022 1836/639/2022
f 1830/640/2022 1838/643/2022 1837/641/2022
f 1831/642/2022 1839/645/2022 1838/643/2022
f 1832/644/2022 1840/646/2022 1839/645/2022
f 1832/644/2022 1826/631/2022 1834/633/2022
f 1843/649/2022 1841/673/2022 1842/674/2022
f 1842/674/2022 1848/675/2022 1847/647/2022
f 1847/647/2022 1846/676/2022 1845/648/2022
f 1845/648/2022 1844/677/2022 1843/649/2022
f 1843/649/2022 1842/674/2022 1847/647/2022
f 1829/650/2011 1845/657/2011 1846/651/2011
f 1827/653/2003 1843/678/2003 1844/654/2003
f 1826/656/2009 1842/659/2009 1841/657/2009
f 1832/658/2014 1848/661/2014 1842/659/2014
f 1830/652/2008 1846/651/2008 1847/660/2008
f 1828/655/2010 1844/654/2010 1845/661/2010
f 1825/662/2013 1841/679/2013 1843/621/2013
o Hole.007
v -2.637087 -0.163723 6.119210
v -2.637087 0.036276 6.019210
v -1.929980 -0.163723 6.412104
v -1.859269 0.036277 6.341393
v -1.637087 -0.163723 7.119210
v -1.537087 0.036277 7.119210
v -1.929980 -0.163723 7.826317
v -1.859269 0.036277 7.897027
v -2.637087 -0.163723 8.119210
v -2.637087 0.036277 8.219211
v -3.344194 -0.163723 7.826317
v -3.414905 0.036277 7.897027
v -3.637087 -0.163723 7.119210
v -3.737087 0.036277 7.119210
v -3.344194 -0.163723 6.412104
v -3.414905 0.036277 6.341393
v -1.859269 0.236277 6.341393
v -2.637087 0.236277 6.019210
v -1.537087 0.236277 7.119210
v -1.859269 0.236277 7.897027
v -2.637087 0.236277 8.219211
v -3.414905 0.236277 7.897027
v -3.737087 0.236277 7.119210
v -3.414905 0.236277 6.341393
v -2.083054 0.436277 6.565177
v -2.637087 0.436277 6.335689
v -1.853565 0.436277 7.119210
v -2.083054 0.436277 7.673244
v -2.637087 0.436277 7.902732
v -3.191120 0.436277 7.673244
v -3.420609 0.436277 7.119210
v -3.191120 0.436277 6.565177
v -1.929980 0.436277 6.412104
v -2.637087 0.436277 6.119210
v -1.637087 0.436277 7.119210
v -1.929980 0.436277 7.826317
v -2.637087 0.436277 8.119210
v -3.344194 0.436277 7.826317
v -3.637087 0.436277 7.119210
v -3.344194 0.436277 6.412104
v -2.083054 -0.063723 6.565177
v -2.637087 -0.063723 6.335689
v -1.853565 -0.063723 7.119210
v -2.083054 -0.063723 7.673244
v -2.637087 -0.063723 7.902732
v -3.191120 -0.063723 7.673244
v -3.420609 -0.063723 7.119210
v -3.191120 -0.063723 6.565177
vn 0.3474 -0.4194 -0.8387
vn 0.8387 -0.4194 -0.3474
vn 0.8387 -0.4194 0.3474
vn 0.3474 -0.4194 0.8387
vn -0.3474 -0.4194 0.8387
vn -0.8387 -0.4194 0.3474
vn -0.9239 -0.0000 -0.3827
vn -0.8387 -0.4194 -0.3474
vn -0.3474 -0.4194 -0.8387
vn -0.0000 -1.0000 -0.0000
vn -0.3474 0.4194 -0.8387
vn 0.9239 -0.0000 -0.3827
vn -0.3827 -0.0000 0.9239
vn -0.3827 -0.0000 -0.9239
vn 0.3827 -0.0000 -0.9239
vn 0.9239 -0.0000 0.3827
vn -0.9239 -0.0000 0.3827
vn 0.3827 -0.0000 0.9239
vn -0.8387 0.4194 0.3474
vn 0.3474 0.4194 0.8387
vn 0.8387 0.4194 -0.3474
vn -0.8387 0.4194 -0.3474
vn -0.3474 0.4194 0.8387
vn 0.8387 0.4194 0.3474
vn 0.3474 0.4194 -0.8387
vn -0.0000 1.0000 -0.0000
vt 0.650674 0.801989
vt 0.643526 0.778675
vt 0.644569 0.801989
vt 0.636810 0.778675
vt 0.627744 0.801989
vt 0.636378 0.801989
vt 0.611098 0.755361
vt 0.618245 0.732047
vt 0.612140 0.732047
vt 0.617814 0.755361
vt 0.626880 0.732047
vt 0.589209 0.732047
vt 0.594883 0.755361
vt 0.595315 0.732047
vt 0.604381 0.755361
vt 0.603949 0.732047
vt 0.611098 0.778675
vt 0.610055 0.732047
vt 0.659741 0.778675
vt 0.659309 0.801989
vt 0.641645 0.824141
vt 0.647581 0.808331
vt 0.633249 0.802197
vt 0.659741 0.755361
vt 0.650674 0.732047
vt 0.650243 0.755361
vt 0.627312 0.755361
vt 0.627312 0.778675
vt 0.588167 0.755361
vt 0.594883 0.778675
vt 0.650243 0.778675
vt 0.636810 0.755361
vt 0.617814 0.778675
vt 0.604381 0.778675
vt 0.627312 0.778675
vt 0.627312 0.755361
vt 0.664525 0.790332
vt 0.659741 0.732047
vt 0.659741 0.790332
vt 0.603949 0.801989
vt 0.626880 0.801989
vt 0.627744 0.732047
vt 0.610055 0.801989
vt 0.588167 0.778675
vt 0.595315 0.801989
vt 0.618245 0.801989
vt 0.644569 0.732047
vt 0.643526 0.755361
vt 0.606242 0.816567
vt 0.602499 0.824141
vt 0.608436 0.817506
vt 0.601591 0.821766
vt 0.594104 0.824349
vt 0.590361 0.816960
vt 0.595012 0.821929
vt 0.590361 0.809770
vt 0.588167 0.818007
vt 0.595012 0.804572
vt 0.588167 0.808831
vt 0.601591 0.804409
vt 0.594104 0.802197
vt 0.606242 0.809378
vt 0.602499 0.801989
vt 0.608436 0.808331
vt 0.261390 0.894919
vt 0.266041 0.882761
vt 0.254811 0.877400
vt 0.676074 0.790332
vt 0.671290 0.732047
vt 0.671290 0.790332
vt 0.699173 0.790332
vt 0.694389 0.732047
vt 0.694389 0.790332
vt 0.680858 0.790332
vt 0.676074 0.732047
vt 0.687624 0.790332
vt 0.680858 0.732047
vt 0.664525 0.732047
vt 0.687624 0.732047
vt 0.666506 0.848617
vt 0.659741 0.848617
vt 0.627312 0.808831
vt 0.627312 0.818007
vt 0.633249 0.824349
vt 0.647581 0.817506
vt 0.641645 0.801989
vt 0.659309 0.732047
vt 0.636378 0.732047
vt 0.589209 0.801989
vt 0.612140 0.801989
vt 0.250160 0.882369
vt 0.250160 0.889558
vt 0.254812 0.894757
vt 0.266041 0.889951
vt 0.261390 0.877563
vt 0.699173 0.732047
vt 0.666506 0.790332
s 1
usemtl molesAtlas.007
f 1849/680/2023 1852/681/2023 1851/682/2023
f 1852/683/2024 1853/684/2024 1851/685/2024
f 1854/686/2025 1855/687/2025 1853/688/2025
f 1856/689/2026 1857/690/2026 1855/687/2026
f 1857/691/2027 1860/692/2027 1859/693/2027
f 1859/693/2028 1862/694/2028 1861/695/2028
f 1862/694/2029 1872/696/2029 1864/686/2029
f 1862/694/2030 1863/697/2030 1861/695/2030
f 1864/698/2031 1849/680/2031 1863/699/2031
f 1855/700/2032 1859/701/2032 1863/702/2032
f 1872/703/2033 1882/704/2033 1866/705/2033
f 1852/683/2034 1867/706/2034 1854/707/2034
f 1858/708/2035 1870/709/2035 1860/692/2035
f 1864/698/2036 1866/705/2036 1850/710/2036
f 1850/681/2037 1865/711/2037 1852/683/2037
f 1854/686/2038 1868/712/2038 1856/689/2038
f 1860/692/2039 1871/713/2039 1862/694/2039
f 1856/689/2040 1869/714/2040 1858/715/2040
f 1879/716/2038 1896/717/2038 1880/718/2038
f 1870/709/2041 1887/719/2041 1871/713/2041
f 1868/712/2042 1885/720/2042 1869/714/2042
f 1865/711/2043 1883/721/2043 1867/706/2043
f 1871/713/2044 1888/722/2044 1872/696/2044
f 1869/723/2045 1886/724/2045 1870/709/2045
f 1867/696/2046 1884/725/2046 1868/712/2046
f 1866/705/2047 1881/726/2047 1865/727/2047
f 1874/728/2048 1881/729/2048 1882/730/2048
f 1873/731/2048 1883/732/2048 1881/729/2048
f 1876/733/2048 1883/732/2048 1875/734/2048
f 1877/735/2048 1884/736/2048 1876/733/2048
f 1878/737/2048 1885/738/2048 1877/735/2048
f 1879/739/2048 1886/740/2048 1878/737/2048
f 1880/741/2048 1887/742/2048 1879/739/2048
f 1880/741/2048 1882/730/2048 1888/743/2048
f 1895/744/2048 1893/745/2048 1891/746/2048
f 1877/747/2037 1894/748/2037 1878/749/2037
f 1875/750/2029 1892/751/2029 1876/752/2029
f 1874/753/2035 1889/754/2035 1873/747/2035
f 1880/755/2040 1890/756/2040 1874/753/2040
f 1878/749/2034 1895/757/2034 1879/716/2034
f 1876/752/2036 1893/758/2036 1877/755/2036
f 1873/759/2039 1891/718/2039 1875/760/2039
f 1849/680/2023 1850/710/2023 1852/681/2023
f 1852/683/2024 1854/707/2024 1853/684/2024
f 1854/686/2025 1856/689/2025 1855/687/2025
f 1856/689/2026 1858/715/2026 1857/690/2026
f 1857/691/2027 1858/708/2027 1860/692/2027
f 1859/693/2028 1860/692/2028 1862/694/2028
f 1862/694/2029 1871/713/2029 1872/696/2029
f 1862/694/2030 1864/686/2030 1863/697/2030
f 1864/698/2031 1850/710/2031 1849/680/2031
f 1863/702/2032 1849/761/2032 1851/762/2032
f 1851/762/2032 1853/763/2032 1855/700/2032
f 1855/700/2032 1857/764/2032 1859/701/2032
f 1859/701/2032 1861/765/2032 1863/702/2032
f 1863/702/2032 1851/762/2032 1855/700/2032
f 1872/703/2033 1888/766/2033 1882/704/2033
f 1852/683/2034 1865/711/2034 1867/706/2034
f 1858/708/2035 1869/723/2035 1870/709/2035
f 1864/698/2036 1872/703/2036 1866/705/2036
f 1850/681/2037 1866/727/2037 1865/711/2037
f 1854/686/2038 1867/696/2038 1868/712/2038
f 1860/692/2039 1870/709/2039 1871/713/2039
f 1856/689/2040 1868/712/2040 1869/714/2040
f 1879/716/2038 1895/757/2038 1896/717/2038
f 1870/709/2041 1886/724/2041 1887/719/2041
f 1868/712/2042 1884/725/2042 1885/720/2042
f 1865/711/2043 1881/767/2043 1883/721/2043
f 1871/713/2044 1887/719/2044 1888/722/2044
f 1869/723/2045 1885/768/2045 1886/724/2045
f 1867/696/2046 1883/769/2046 1884/725/2046
f 1866/705/2047 1882/704/2047 1881/726/2047
f 1874/728/2048 1873/731/2048 1881/729/2048
f 1873/731/2048 1875/734/2048 1883/732/2048
f 1876/733/2048 1884/736/2048 1883/732/2048
f 1877/735/2048 1885/738/2048 1884/736/2048
f 1878/737/2048 1886/740/2048 1885/738/2048
f 1879/739/2048 1887/742/2048 1886/740/2048
f 1880/741/2048 1888/743/2048 1887/742/2048
f 1880/741/2048 1874/728/2048 1882/730/2048
f 1891/746/2048 1889/770/2048 1890/771/2048
f 1890/771/2048 1896/772/2048 1895/744/2048
f 1895/744/2048 1894/773/2048 1893/745/2048
f 1893/745/2048 1892/774/2048 1891/746/2048
f 1891/746/2048 1890/771/2048 1895/744/2048
f 1877/747/2037 1893/754/2037 1894/748/2037
f 1875/750/2029 1891/775/2029 1892/751/2029
f 1874/753/2035 1890/756/2035 1889/754/2035
f 1880/755/2040 1896/758/2040 1890/756/2040
f 1878/749/2034 1894/748/2034 1895/757/2034
f 1876/752/2036 1892/751/2036 1893/758/2036
f 1873/759/2039 1889/776/2039 1891/718/2039
o Hole.008
v -10.364334 -0.163723 -1.977350
v -10.364334 0.036276 -2.077350
v -9.657228 -0.163723 -1.684457
v -9.586516 0.036277 -1.755167
v -9.364334 -0.163723 -0.977350
v -9.264334 0.036277 -0.977350
v -9.657228 -0.163723 -0.270243
v -9.586516 0.036277 -0.199532
v -10.364334 -0.163723 0.022650
v -10.364334 0.036277 0.122650
v -11.071441 -0.163723 -0.270243
v -11.142152 0.036277 -0.199532
v -11.364334 -0.163723 -0.977350
v -11.464334 0.036277 -0.977350
v -11.071441 -0.163723 -1.684456
v -11.142152 0.036277 -1.755167
v -9.586516 0.236277 -1.755167
v -10.364334 0.236277 -2.077350
v -9.264334 0.236277 -0.977350
v -9.586516 0.236277 -0.199532
v -10.364334 0.236277 0.122650
v -11.142152 0.236277 -0.199533
v -11.464334 0.236277 -0.977350
v -11.142152 0.236277 -1.755167
v -9.810301 0.436277 -1.531383
v -10.364334 0.436277 -1.760871
v -9.580812 0.436277 -0.977350
v -9.810301 0.436277 -0.423316
v -10.364334 0.436277 -0.193828
v -10.918367 0.436277 -0.423317
v -11.147856 0.436277 -0.977350
v -10.918367 0.436277 -1.531383
v -9.657228 0.436277 -1.684457
v -10.364334 0.436277 -1.977350
v -9.364334 0.436277 -0.977350
v -9.657228 0.436277 -0.270243
v -10.364334 0.436277 0.022650
v -11.071441 0.436277 -0.270243
v -11.364334 0.436277 -0.977350
v -11.071441 0.436277 -1.684457
v -9.810301 -0.063723 -1.531383
v -10.364334 -0.063723 -1.760871
v -9.580812 -0.063723 -0.977350
v -9.810301 -0.063723 -0.423316
v -10.364334 -0.063723 -0.193828
v -10.918367 -0.063723 -0.423316
v -11.147856 -0.063723 -0.977350
v -10.918367 -0.063723 -1.531383
vn 0.3474 -0.4194 -0.8387
vn 0.8387 -0.4194 -0.3474
vn 0.8387 -0.4194 0.3474
vn 0.3474 -0.4194 0.8387
vn -0.3474 -0.4194 0.8387
vn -0.8387 -0.4194 0.3474
vn -0.9239 -0.0000 -0.3827
vn -0.8387 -0.4194 -0.3474
vn -0.3474 -0.4194 -0.8387
vn -0.0000 -1.0000 -0.0000
vn -0.3474 0.4194 -0.8387
vn 0.9239 -0.0000 -0.3827
vn -0.3827 -0.0000 0.9239
vn -0.3827 -0.0000 -0.9239
vn 0.3827 -0.0000 -0.9239
vn 0.9239 -0.0000 0.3827
vn -0.9239 -0.0000 0.3827
vn 0.3827 -0.0000 0.9239
vn -0.8387 0.4194 0.3474
vn 0.3474 0.4194 0.8387
vn 0.8387 0.4194 -0.3474
vn -0.8387 0.4194 -0.3474
vn -0.3474 0.4194 0.8387
vn 0.8387 0.4194 0.3474
vn 0.3474 0.4194 -0.8387
vn -0.0000 1.0000 -0.0000
vt 0.650674 0.801989
vt 0.643526 0.778675
vt 0.644569 0.801989
vt 0.636810 0.778675
vt 0.627744 0.801989
vt 0.636378 0.801989
vt 0.611098 0.755361
vt 0.618245 0.732047
vt 0.612140 0.732047
vt 0.617814 0.755361
vt 0.626880 0.732047
vt 0.589209 0.732047
vt 0.594883 0.755361
vt 0.595315 0.732047
vt 0.604381 0.755361
vt 0.603949 0.732047
vt 0.611098 0.778675
vt 0.610055 0.732047
vt 0.659741 0.778675
vt 0.659309 0.801989
vt 0.641645 0.824141
vt 0.647581 0.808331
vt 0.633249 0.802197
vt 0.659741 0.755361
vt 0.650674 0.732047
vt 0.650243 0.755361
vt 0.627312 0.755361
vt 0.627312 0.778675
vt 0.588167 0.755361
vt 0.594883 0.778675
vt 0.650243 0.778675
vt 0.636810 0.755361
vt 0.617814 0.778675
vt 0.604381 0.778675
vt 0.627312 0.778675
vt 0.627312 0.755361
vt 0.664525 0.790332
vt 0.659741 0.732047
vt 0.659741 0.790332
vt 0.603949 0.801989
vt 0.626880 0.801989
vt 0.627744 0.732047
vt 0.610055 0.801989
vt 0.588167 0.778675
vt 0.595315 0.801989
vt 0.618245 0.801989
vt 0.644569 0.732047
vt 0.643526 0.755361
vt 0.606242 0.816567
vt 0.602499 0.824141
vt 0.608436 0.817506
vt 0.601591 0.821766
vt 0.594104 0.824349
vt 0.590361 0.816960
vt 0.595012 0.821929
vt 0.590361 0.809770
vt 0.588167 0.818007
vt 0.595012 0.804572
vt 0.588167 0.808831
vt 0.601591 0.804409
vt 0.594104 0.802197
vt 0.606242 0.809378
vt 0.602499 0.801989
vt 0.608436 0.808331
vt 0.261390 0.894919
vt 0.266041 0.882761
vt 0.254811 0.877400
vt 0.676074 0.790332
vt 0.671290 0.732047
vt 0.671290 0.790332
vt 0.699173 0.790332
vt 0.694389 0.732047
vt 0.694389 0.790332
vt 0.680858 0.790332
vt 0.676074 0.732047
vt 0.687624 0.790332
vt 0.680858 0.732047
vt 0.664525 0.732047
vt 0.687624 0.732047
vt 0.666506 0.848617
vt 0.659741 0.848617
vt 0.627312 0.808831
vt 0.627312 0.818007
vt 0.633249 0.824349
vt 0.647581 0.817506
vt 0.641645 0.801989
vt 0.659309 0.732047
vt 0.636378 0.732047
vt 0.589209 0.801989
vt 0.612140 0.801989
vt 0.250160 0.882369
vt 0.250160 0.889558
vt 0.254812 0.894757
vt 0.266041 0.889951
vt 0.261390 0.877563
vt 0.699173 0.732047
vt 0.666506 0.790332
s 1
usemtl molesAtlas.008
f 1897/777/2049 1900/778/2049 1899/779/2049
f 1900/780/2050 1901/781/2050 1899/782/2050
f 1902/783/2051 1903/784/2051 1901/785/2051
f 1904/786/2052 1905/787/2052 1903/784/2052
f 1905/788/2053 1908/789/2053 1907/790/2053
f 1907/790/2054 1910/791/2054 1909/792/2054
f 1910/791/2055 1920/793/2055 1912/783/2055
f 1910/791/2056 1911/794/2056 1909/792/2056
f 1912/795/2057 1897/777/2057 1911/796/2057
f 1903/797/2058 1907/798/2058 1911/799/2058
f 1920/800/2059 1930/801/2059 1914/802/2059
f 1900/780/2060 1915/803/2060 1902/804/2060
f 1906/805/2061 1918/806/2061 1908/789/2061
f 1912/795/2062 1914/802/2062 1898/807/2062
f 1898/778/2063 1913/808/2063 1900/780/2063
f 1902/783/2064 1916/809/2064 1904/786/2064
f 1908/789/2065 1919/810/2065 1910/791/2065
f 1904/786/2066 1917/811/2066 1906/812/2066
f 1927/813/2064 1944/814/2064 1928/815/2064
f 1918/806/2067 1935/816/2067 1919/810/2067
f 1916/809/2068 1933/817/2068 1917/811/2068
f 1913/808/2069 1931/818/2069 1915/803/2069
f 1919/810/2070 1936/819/2070 1920/793/2070
f 1917/820/2071 1934/821/2071 1918/806/2071
f 1915/793/2072 1932/822/2072 1916/809/2072
f 1914/802/2073 1929/823/2073 1913/824/2073
f 1922/825/2074 1929/826/2074 1930/827/2074
f 1921/828/2074 1931/829/2074 1929/826/2074
f 1924/830/2074 1931/829/2074 1923/831/2074
f 1925/832/2074 1932/833/2074 1924/830/2074
f 1926/834/2074 1933/835/2074 1925/832/2074
f 1927/836/2074 1934/837/2074 1926/834/2074
f 1928/838/2074 1935/839/2074 1927/836/2074
f 1928/838/2074 1930/827/2074 1936/840/2074
f 1943/841/2074 1941/842/2074 1939/843/2074
f 1925/844/2063 1942/845/2063 1926/846/2063
f 1923/847/2055 1940/848/2055 1924/849/2055
f 1922/850/2061 1937/851/2061 1921/844/2061
f 1928/852/2066 1938/853/2066 1922/850/2066
f 1926/846/2060 1943/854/2060 1927/813/2060
f 1924/849/2062 1941/855/2062 1925/852/2062
f 1921/856/2065 1939/815/2065 1923/857/2065
f 1897/777/2049 1898/807/2049 1900/778/2049
f 1900/780/2050 1902/804/2050 1901/781/2050
f 1902/783/2051 1904/786/2051 1903/784/2051
f 1904/786/2052 1906/812/2052 1905/787/2052
f 1905/788/2053 1906/805/2053 1908/789/2053
f 1907/790/2054 1908/789/2054 1910/791/2054
f 1910/791/2055 1919/810/2055 1920/793/2055
f 1910/791/2056 1912/783/2056 1911/794/2056
f 1912/795/2057 1898/807/2057 1897/777/2057
f 1911/799/2058 1897/858/2058 1899/859/2058
f 1899/859/2058 1901/860/2058 1903/797/2058
f 1903/797/2058 1905/861/2058 1907/798/2058
f 1907/798/2058 1909/862/2058 1911/799/2058
f 1911/799/2058 1899/859/2058 1903/797/2058
f 1920/800/2059 1936/863/2059 1930/801/2059
f 1900/780/2060 1913/808/2060 1915/803/2060
f 1906/805/2061 1917/820/2061 1918/806/2061
f 1912/795/2062 1920/800/2062 1914/802/2062
f 1898/778/2063 1914/824/2063 1913/808/2063
f 1902/783/2064 1915/793/2064 1916/809/2064
f 1908/789/2065 1918/806/2065 1919/810/2065
f 1904/786/2066 1916/809/2066 1917/811/2066
f 1927/813/2064 1943/854/2064 1944/814/2064
f 1918/806/2067 1934/821/2067 1935/816/2067
f 1916/809/2068 1932/822/2068 1933/817/2068
f 1913/808/2069 1929/864/2069 1931/818/2069
f 1919/810/2070 1935/816/2070 1936/819/2070
f 1917/820/2071 1933/865/2071 1934/821/2071
f 1915/793/2072 1931/866/2072 1932/822/2072
f 1914/802/2073 1930/801/2073 1929/823/2073
f 1922/825/2074 1921/828/2074 1929/826/2074
f 1921/828/2074 1923/831/2074 1931/829/2074
f 1924/830/2074 1932/833/2074 1931/829/2074
f 1925/832/2074 1933/835/2074 1932/833/2074
f 1926/834/2074 1934/837/2074 1933/835/2074
f 1927/836/2074 1935/839/2074 1934/837/2074
f 1928/838/2074 1936/840/2074 1935/839/2074
f 1928/838/2074 1922/825/2074 1930/827/2074
f 1939/843/2074 1937/867/2074 1938/868/2074
f 1938/868/2074 1944/869/2074 1943/841/2074
f 1943/841/2074 1942/870/2074 1941/842/2074
f 1941/842/2074 1940/871/2074 1939/843/2074
f 1939/843/2074 1938/868/2074 1943/841/2074
f 1925/844/2063 1941/851/2063 1942/845/2063
f 1923/847/2055 1939/872/2055 1940/848/2055
f 1922/850/2061 1938/853/2061 1937/851/2061
f 1928/852/2066 1944/855/2066 1938/853/2066
f 1926/846/2060 1942/845/2060 1943/854/2060
f 1924/849/2062 1940/848/2062 1941/855/2062
f 1921/856/2065 1937/873/2065 1939/815/2065
o Hole.009
v -8.601025 -0.163723 -9.389967
v -8.601025 0.036276 -9.489967
v -7.893918 -0.163723 -9.097074
v -7.823207 0.036277 -9.167785
v -7.601025 -0.163723 -8.389967
v -7.501025 0.036277 -8.389967
v -7.893918 -0.163723 -7.682860
v -7.823207 0.036277 -7.612150
v -8.601025 -0.163723 -7.389967
v -8.601025 0.036277 -7.289967
v -9.308131 -0.163723 -7.682860
v -9.378842 0.036277 -7.612150
v -9.601025 -0.163723 -8.389967
v -9.701025 0.036277 -8.389967
v -9.308131 -0.163723 -9.097074
v -9.378842 0.036277 -9.167785
v -7.823207 0.236277 -9.167785
v -8.601025 0.236277 -9.489967
v -7.501025 0.236277 -8.389967
v -7.823207 0.236277 -7.612150
v -8.601025 0.236277 -7.289967
v -9.378842 0.236277 -7.612150
v -9.701025 0.236277 -8.389967
v -9.378842 0.236277 -9.167785
v -8.046991 0.436277 -8.944000
v -8.601025 0.436277 -9.173489
v -7.817503 0.436277 -8.389967
v -8.046991 0.436277 -7.835934
v -8.601025 0.436277 -7.606445
v -9.155058 0.436277 -7.835934
v -9.384546 0.436277 -8.389967
v -9.155058 0.436277 -8.944000
v -7.893918 0.436277 -9.097074
v -8.601025 0.436277 -9.389967
v -7.601025 0.436277 -8.389967
v -7.893918 0.436277 -7.682860
v -8.601025 0.436277 -7.389967
v -9.308131 0.436277 -7.682860
v -9.601025 0.436277 -8.389967
v -9.308131 0.436277 -9.097074
v -8.046991 -0.063723 -8.944000
v -8.601025 -0.063723 -9.173489
v -7.817503 -0.063723 -8.389967
v -8.046991 -0.063723 -7.835934
v -8.601025 -0.063723 -7.606445
v -9.155058 -0.063723 -7.835934
v -9.384546 -0.063723 -8.389967
v -9.155058 -0.063723 -8.944000
vn 0.3474 -0.4194 -0.8387
vn 0.8387 -0.4194 -0.3474
vn 0.8387 -0.4194 0.3474
vn 0.3474 -0.4194 0.8387
vn -0.3474 -0.4194 0.8387
vn -0.8387 -0.4194 0.3474
vn -0.9239 -0.0000 -0.3827
vn -0.8387 -0.4194 -0.3474
vn -0.3474 -0.4194 -0.8387
vn -0.0000 -1.0000 -0.0000
vn -0.3474 0.4194 -0.8387
vn 0.9239 -0.0000 -0.3827
vn -0.3827 -0.0000 0.9239
vn -0.3827 -0.0000 -0.9239
vn 0.3827 -0.0000 -0.9239
vn 0.9239 -0.0000 0.3827
vn -0.9239 -0.0000 0.3827
vn 0.3827 -0.0000 0.9239
vn -0.8387 0.4194 0.3474
vn 0.3474 0.4194 0.8387
vn 0.8387 0.4194 -0.3474
vn -0.8387 0.4194 -0.3474
vn -0.3474 0.4194 0.8387
vn 0.8387 0.4194 0.3474
vn 0.3474 0.4194 -0.8387
vn -0.0000 1.0000 -0.0000
vt 0.650674 0.801989
vt 0.643526 0.778675
vt 0.644569 0.801989
vt 0.636810 0.778675
vt 0.627744 0.801989
vt 0.636378 0.801989
vt 0.611098 0.755361
vt 0.618245 0.732047
vt 0.612140 0.732047
vt 0.617814 0.755361
vt 0.626880 0.732047
vt 0.589209 0.732047
vt 0.594883 0.755361
vt 0.595315 0.732047
vt 0.604381 0.755361
vt 0.603949 0.732047
vt 0.611098 0.778675
vt 0.610055 0.732047
vt 0.659741 0.778675
vt 0.659309 0.801989
vt 0.641645 0.824141
vt 0.647581 0.808331
vt 0.633249 0.802197
vt 0.659741 0.755361
vt 0.650674 0.732047
vt 0.650243 0.755361
vt 0.627312 0.755361
vt 0.627312 0.778675
vt 0.588167 0.755361
vt 0.594883 0.778675
vt 0.650243 0.778675
vt 0.636810 0.755361
vt 0.617814 0.778675
vt 0.604381 0.778675
vt 0.627312 0.778675
vt 0.627312 0.755361
vt 0.664525 0.790332
vt 0.659741 0.732047
vt 0.659741 0.790332
vt 0.603949 0.801989
vt 0.626880 0.801989
vt 0.627744 0.732047
vt 0.610055 0.801989
vt 0.588167 0.778675
vt 0.595315 0.801989
vt 0.618245 0.801989
vt 0.644569 0.732047
vt 0.643526 0.755361
vt 0.606242 0.816567
vt 0.602499 0.824141
vt 0.608436 0.817506
vt 0.601591 0.821766
vt 0.594104 0.824349
vt 0.590361 0.816960
vt 0.595012 0.821929
vt 0.590361 0.809770
vt 0.588167 0.818007
vt 0.595012 0.804572
vt 0.588167 0.808831
vt 0.601591 0.804409
vt 0.594104 0.802197
vt 0.606242 0.809378
vt 0.602499 0.801989
vt 0.608436 0.808331
vt 0.261390 0.894919
vt 0.266041 0.882761
vt 0.254811 0.877400
vt 0.676074 0.790332
vt 0.671290 0.732047
vt 0.671290 0.790332
vt 0.699173 0.790332
vt 0.694389 0.732047
vt 0.694389 0.790332
vt 0.680858 0.790332
vt 0.676074 0.732047
vt 0.687624 0.790332
vt 0.680858 0.732047
vt 0.664525 0.732047
vt 0.687624 0.732047
vt 0.666506 0.848617
vt 0.659741 0.848617
vt 0.627312 0.808831
vt 0.627312 0.818007
vt 0.633249 0.824349
vt 0.647581 0.817506
vt 0.641645 0.801989
vt 0.659309 0.732047
vt 0.636378 0.732047
vt 0.589209 0.801989
vt 0.612140 0.801989
vt 0.250160 0.882369
vt 0.250160 0.889558
vt 0.254812 0.894757
vt 0.266041 0.889951
vt 0.261390 0.877563
vt 0.699173 0.732047
vt 0.666506 0.790332
s 1
usemtl molesAtlas.009
f 1945/874/2075 1948/875/2075 1947/876/2075
f 1948/877/2076 1949/878/2076 1947/879/2076
f 1950/880/2077 1951/881/2077 1949/882/2077
f 1952/883/2078 1953/884/2078 1951/881/2078
f 1953/885/2079 1956/886/2079 1955/887/2079
f 1955/887/2080 1958/888/2080 1957/889/2080
f 1958/888/2081 1968/890/2081 1960/880/2081
f 1958/888/2082 1959/891/2082 1957/889/2082
f 1960/892/2083 1945/874/2083 1959/893/2083
f 1951/894/2084 1955/895/2084 1959/896/2084
f 1968/897/2085 1978/898/2085 1962/899/2085
f 1948/877/2086 1963/900/2086 1950/901/2086
f 1954/902/2087 1966/903/2087 1956/886/2087
f 1960/892/2088 1962/899/2088 1946/904/2088
f 1946/875/2089 1961/905/2089 1948/877/2089
f 1950/880/2090 1964/906/2090 1952/883/2090
f 1956/886/2091 1967/907/2091 1958/888/2091
f 1952/883/2092 1965/908/2092 1954/909/2092
f 1975/910/2090 1992/911/2090 1976/912/2090
f 1966/903/2093 1983/913/2093 1967/907/2093
f 1964/906/2094 1981/914/2094 1965/908/2094
f 1961/905/2095 1979/915/2095 1963/900/2095
f 1967/907/2096 1984/916/2096 1968/890/2096
f 1965/917/2097 1982/918/2097 1966/903/2097
f 1963/890/2098 1980/919/2098 1964/906/2098
f 1962/899/2099 1977/920/2099 1961/921/2099
f 1970/922/2100 1977/923/2100 1978/924/2100
f 1969/925/2100 1979/926/2100 1977/923/2100
f 1972/927/2100 1979/926/2100 1971/928/2100
f 1973/929/2100 1980/930/2100 1972/927/2100
f 1974/931/2100 1981/932/2100 1973/929/2100
f 1975/933/2100 1982/934/2100 1974/931/2100
f 1976/935/2100 1983/936/2100 1975/933/2100
f 1976/935/2100 1978/924/2100 1984/937/2100
f 1991/938/2100 1989/939/2100 1987/940/2100
f 1973/941/2089 1990/942/2089 1974/943/2089
f 1971/944/2081 1988/945/2081 1972/946/2081
f 1970/947/2087 1985/948/2087 1969/941/2087
f 1976/949/2092 1986/950/2092 1970/947/2092
f 1974/943/2086 1991/951/2086 1975/910/2086
f 1972/946/2088 1989/952/2088 1973/949/2088
f 1969/953/2091 1987/912/2091 1971/954/2091
f 1945/874/2075 1946/904/2075 1948/875/2075
f 1948/877/2076 1950/901/2076 1949/878/2076
f 1950/880/2077 1952/883/2077 1951/881/2077
f 1952/883/2078 1954/909/2078 1953/884/2078
f 1953/885/2079 1954/902/2079 1956/886/2079
f 1955/887/2080 1956/886/2080 1958/888/2080
f 1958/888/2081 1967/907/2081 1968/890/2081
f 1958/888/2082 1960/880/2082 1959/891/2082
f 1960/892/2083 1946/904/2083 1945/874/2083
f 1959/896/2084 1945/955/2084 1947/956/2084
f 1947/956/2084 1949/957/2084 1951/894/2084
f 1951/894/2084 1953/958/2084 1955/895/2084
f 1955/895/2084 1957/959/2084 1959/896/2084
f 1959/896/2084 1947/956/2084 1951/894/2084
f 1968/897/2085 1984/960/2085 1978/898/2085
f 1948/877/2086 1961/905/2086 1963/900/2086
f 1954/902/2087 1965/917/2087 1966/903/2087
f 1960/892/2088 1968/897/2088 1962/899/2088
f 1946/875/2089 1962/921/2089 1961/905/2089
f 1950/880/2090 1963/890/2090 1964/906/2090
f 1956/886/2091 1966/903/2091 1967/907/2091
f 1952/883/2092 1964/906/2092 1965/908/2092
f 1975/910/2090 1991/951/2090 1992/911/2090
f 1966/903/2093 1982/918/2093 1983/913/2093
f 1964/906/2094 1980/919/2094 1981/914/2094
f 1961/905/2095 1977/961/2095 1979/915/2095
f 1967/907/2096 1983/913/2096 1984/916/2096
f 1965/917/2097 1981/962/2097 1982/918/2097
f 1963/890/2098 1979/963/2098 1980/919/2098
f 1962/899/2099 1978/898/2099 1977/920/2099
f 1970/922/2100 1969/925/2100 1977/923/2100
f 1969/925/2100 1971/928/2100 1979/926/2100
f 1972/927/2100 1980/930/2100 1979/926/2100
f 1973/929/2100 1981/932/2100 1980/930/2100
f 1974/931/2100 1982/934/2100 1981/932/2100
f 1975/933/2100 1983/936/2100 1982/934/2100
f 1976/935/2100 1984/937/2100 1983/936/2100
f 1976/935/2100 1970/922/2100 1978/924/2100
f 1987/940/2100 1985/964/2100 1986/965/2100
f 1986/965/2100 1992/966/2100 1991/938/2100
f 1991/938/2100 1990/967/2100 1989/939/2100
f 1989/939/2100 1988/968/2100 1987/940/2100
f 1987/940/2100 1986/965/2100 1991/938/2100
f 1973/941/2089 1989/948/2089 1990/942/2089
f 1971/944/2081 1987/969/2081 1988/945/2081
f 1970/947/2087 1986/950/2087 1985/948/2087
f 1976/949/2092 1992/952/2092 1986/950/2092
f 1974/943/2086 1990/942/2086 1991/951/2086
f 1972/946/2088 1988/945/2088 1989/952/2088
f 1969/953/2091 1985/970/2091 1987/912/2091
o Hole.010
v 8.786499 -0.163723 3.215338
v 8.786499 0.036276 3.115338
v 9.493606 -0.163723 3.508231
v 9.564317 0.036277 3.437520
v 9.786499 -0.163723 4.215338
v 9.886499 0.036277 4.215338
v 9.493606 -0.163723 4.922444
v 9.564317 0.036277 4.993155
v 8.786499 -0.163723 5.215338
v 8.786499 0.036277 5.315338
v 8.079392 -0.163723 4.922444
v 8.008681 0.036277 4.993155
v 7.786499 -0.163723 4.215338
v 7.686499 0.036277 4.215338
v 8.079392 -0.163723 3.508231
v 8.008681 0.036277 3.437521
v 9.564317 0.236277 3.437520
v 8.786499 0.236277 3.115338
v 9.886499 0.236277 4.215338
v 9.564317 0.236277 4.993155
v 8.786499 0.236277 5.315338
v 8.008681 0.236277 4.993155
v 7.686499 0.236277 4.215338
v 8.008681 0.236277 3.437520
v 9.340532 0.436277 3.661304
v 8.786499 0.436277 3.431816
v 9.570021 0.436277 4.215338
v 9.340532 0.436277 4.769371
v 8.786499 0.436277 4.998859
v 8.232466 0.436277 4.769371
v 8.002977 0.436277 4.215338
v 8.232466 0.436277 3.661304
v 9.493606 0.436277 3.508231
v 8.786499 0.436277 3.215338
v 9.786499 0.436277 4.215338
v 9.493606 0.436277 4.922444
v 8.786499 0.436277 5.215338
v 8.079392 0.436277 4.922444
v 7.786499 0.436277 4.215338
v 8.079392 0.436277 3.508231
v 9.340532 -0.063723 3.661304
v 8.786499 -0.063723 3.431816
v 9.570021 -0.063723 4.215338
v 9.340532 -0.063723 4.769371
v 8.786499 -0.063723 4.998859
v 8.232466 -0.063723 4.769371
v 8.002977 -0.063723 4.215338
v 8.232466 -0.063723 3.661304
vn 0.3474 -0.4194 -0.8387
vn 0.8387 -0.4194 -0.3474
vn 0.8387 -0.4194 0.3474
vn 0.3474 -0.4194 0.8387
vn -0.3474 -0.4194 0.8387
vn -0.8387 -0.4194 0.3474
vn -0.9239 -0.0000 -0.3827
vn -0.8387 -0.4194 -0.3474
vn -0.3474 -0.4194 -0.8387
vn -0.0000 -1.0000 -0.0000
vn -0.3474 0.4194 -0.8387
vn 0.9239 -0.0000 -0.3827
vn -0.3827 -0.0000 0.9239
vn -0.3827 -0.0000 -0.9239
vn 0.3827 -0.0000 -0.9239
vn 0.9239 -0.0000 0.3827
vn -0.9239 -0.0000 0.3827
vn 0.3827 -0.0000 0.9239
vn -0.8387 0.4194 0.3474
vn 0.3474 0.4194 0.8387
vn 0.8387 0.4194 -0.3474
vn -0.8387 0.4194 -0.3474
vn -0.3474 0.4194 0.8387
vn 0.8387 0.4194 0.3474
vn 0.3474 0.4194 -0.8387
vn -0.0000 1.0000 -0.0000
vt 0.650674 0.801989
vt 0.643526 0.778675
vt 0.644569 0.801989
vt 0.636810 0.778675
vt 0.627744 0.801989
vt 0.636378 0.801989
vt 0.611098 0.755361
vt 0.618245 0.732047
vt 0.612140 0.732047
vt 0.617814 0.755361
vt 0.626880 0.732047
vt 0.589209 0.732047
vt 0.594883 0.755361
vt 0.595315 0.732047
vt 0.604381 0.755361
vt 0.603949 0.732047
vt 0.611098 0.778675
vt 0.610055 0.732047
vt 0.659741 0.778675
vt 0.659309 0.801989
vt 0.641645 0.824141
vt 0.647581 0.808331
vt 0.633249 0.802197
vt 0.659741 0.755361
vt 0.650674 0.732047
vt 0.650243 0.755361
vt 0.627312 0.755361
vt 0.627312 0.778675
vt 0.588167 0.755361
vt 0.594883 0.778675
vt 0.650243 0.778675
vt 0.636810 0.755361
vt 0.617814 0.778675
vt 0.604381 0.778675
vt 0.627312 0.778675
vt 0.627312 0.755361
vt 0.664525 0.790332
vt 0.659741 0.732047
vt 0.659741 0.790332
vt 0.603949 0.801989
vt 0.626880 0.801989
vt 0.627744 0.732047
vt 0.610055 0.801989
vt 0.588167 0.778675
vt 0.595315 0.801989
vt 0.618245 0.801989
vt 0.644569 0.732047
vt 0.643526 0.755361
vt 0.606242 0.816567
vt 0.602499 0.824141
vt 0.608436 0.817506
vt 0.601591 0.821766
vt 0.594104 0.824349
vt 0.590361 0.816960
vt 0.595012 0.821929
vt 0.590361 0.809770
vt 0.588167 0.818007
vt 0.595012 0.804572
vt 0.588167 0.808831
vt 0.601591 0.804409
vt 0.594104 0.802197
vt 0.606242 0.809378
vt 0.602499 0.801989
vt 0.608436 0.808331
vt 0.261390 0.894919
vt 0.266041 0.882761
vt 0.254811 0.877400
vt 0.676074 0.790332
vt 0.671290 0.732047
vt 0.671290 0.790332
vt 0.699173 0.790332
vt 0.694389 0.732047
vt 0.694389 0.790332
vt 0.680858 0.790332
vt 0.676074 0.732047
vt 0.687624 0.790332
vt 0.680858 0.732047
vt 0.664525 0.732047
vt 0.687624 0.732047
vt 0.666506 0.848617
vt 0.659741 0.848617
vt 0.627312 0.808831
vt 0.627312 0.818007
vt 0.633249 0.824349
vt 0.647581 0.817506
vt 0.641645 0.801989
vt 0.659309 0.732047
vt 0.636378 0.732047
vt 0.589209 0.801989
vt 0.612140 0.801989
vt 0.250160 0.882369
vt 0.250160 0.889558
vt 0.254812 0.894757
vt 0.266041 0.889951
vt 0.261390 0.877563
vt 0.699173 0.732047
vt 0.666506 0.790332
s 1
usemtl molesAtlas.010
f 1993/971/2101 1996/972/2101 1995/973/2101
f 1996/974/2102 1997/975/2102 1995/976/2102
f 1998/977/2103 1999/978/2103 1997/979/2103
f 2000/980/2104 2001/981/2104 1999/978/2104
f 2001/982/2105 2004/983/2105 2003/984/2105
f 2003/984/2106 2006/985/2106 2005/986/2106
f 2006/985/2107 2016/987/2107 2008/977/2107
f 2006/985/2108 2007/988/2108 2005/986/2108
f 2008/989/2109 1993/971/2109 2007/990/2109
f 1999/991/2110 2003/992/2110 2007/993/2110
f 2016/994/2111 2026/995/2111 2010/996/2111
f 1996/974/2112 2011/997/2112 1998/998/2112
f 2002/999/2113 2014/1000/2113 2004/983/2113
f 2008/989/2114 2010/996/2114 1994/1001/2114
f 1994/972/2115 2009/1002/2115 1996/974/2115
f 1998/977/2116 2012/1003/2116 2000/980/2116
f 2004/983/2117 2015/1004/2117 2006/985/2117
f 2000/980/2118 2013/1005/2118 2002/1006/2118
f 2023/1007/2116 2040/1008/2116 2024/1009/2116
f 2014/1000/2119 2031/1010/2119 2015/1004/2119
f 2012/1003/2120 2029/1011/2120 2013/1005/2120
f 2009/1002/2121 2027/1012/2121 2011/997/2121
f 2015/1004/2122 2032/1013/2122 2016/987/2122
f 2013/1014/2123 2030/1015/2123 2014/1000/2123
f 2011/987/2124 2028/1016/2124 2012/1003/2124
f 2010/996/2125 2025/1017/2125 2009/1018/2125
f 2018/1019/2126 2025/1020/2126 2026/1021/2126
f 2017/1022/2126 2027/1023/2126 2025/1020/2126
f 2020/1024/2126 2027/1023/2126 2019/1025/2126
f 2021/1026/2126 2028/1027/2126 2020/1024/2126
f 2022/1028/2126 2029/1029/2126 2021/1026/2126
f 2023/1030/2126 2030/1031/2126 2022/1028/2126
f 2024/1032/2126 2031/1033/2126 2023/1030/2126
f 2024/1032/2126 2026/1021/2126 2032/1034/2126
f 2039/1035/2126 2037/1036/2126 2035/1037/2126
f 2021/1038/2115 2038/1039/2115 2022/1040/2115
f 2019/1041/2107 2036/1042/2107 2020/1043/2107
f 2018/1044/2113 2033/1045/2113 2017/1038/2113
f 2024/1046/2118 2034/1047/2118 2018/1044/2118
f 2022/1040/2112 2039/1048/2112 2023/1007/2112
f 2020/1043/2114 2037/1049/2114 2021/1046/2114
f 2017/1050/2117 2035/1009/2117 2019/1051/2117
f 1993/971/2101 1994/1001/2101 1996/972/2101
f 1996/974/2102 1998/998/2102 1997/975/2102
f 1998/977/2103 2000/980/2103 1999/978/2103
f 2000/980/2104 2002/1006/2104 2001/981/2104
f 2001/982/2105 2002/999/2105 2004/983/2105
f 2003/984/2106 2004/983/2106 2006/985/2106
f 2006/985/2107 2015/1004/2107 2016/987/2107
f 2006/985/2108 2008/977/2108 2007/988/2108
f 2008/989/2109 1994/1001/2109 1993/971/2109
f 2007/993/2110 1993/1052/2110 1995/1053/2110
f 1995/1053/2110 1997/1054/2110 1999/991/2110
f 1999/991/2110 2001/1055/2110 2003/992/2110
f 2003/992/2110 2005/1056/2110 2007/993/2110
f 2007/993/2110 1995/1053/2110 1999/991/2110
f 2016/994/2111 2032/1057/2111 2026/995/2111
f 1996/974/2112 2009/1002/2112 2011/997/2112
f 2002/999/2113 2013/1014/2113 2014/1000/2113
f 2008/989/2114 2016/994/2114 2010/996/2114
f 1994/972/2115 2010/1018/2115 2009/1002/2115
f 1998/977/2116 2011/987/2116 2012/1003/2116
f 2004/983/2117 2014/1000/2117 2015/1004/2117
f 2000/980/2118 2012/1003/2118 2013/1005/2118
f 2023/1007/2116 2039/1048/2116 2040/1008/2116
f 2014/1000/2119 2030/1015/2119 2031/1010/2119
f 2012/1003/2120 2028/1016/2120 2029/1011/2120
f 2009/1002/2121 2025/1058/2121 2027/1012/2121
f 2015/1004/2122 2031/1010/2122 2032/1013/2122
f 2013/1014/2123 2029/1059/2123 2030/1015/2123
f 2011/987/2124 2027/1060/2124 2028/1016/2124
f 2010/996/2125 2026/995/2125 2025/1017/2125
f 2018/1019/2126 2017/1022/2126 2025/1020/2126
f 2017/1022/2126 2019/1025/2126 2027/1023/2126
f 2020/1024/2126 2028/1027/2126 2027/1023/2126
f 2021/1026/2126 2029/1029/2126 2028/1027/2126
f 2022/1028/2126 2030/1031/2126 2029/1029/2126
f 2023/1030/2126 2031/1033/2126 2030/1031/2126
f 2024/1032/2126 2032/1034/2126 2031/1033/2126
f 2024/1032/2126 2018/1019/2126 2026/1021/2126
f 2035/1037/2126 2033/1061/2126 2034/1062/2126
f 2034/1062/2126 2040/1063/2126 2039/1035/2126
f 2039/1035/2126 2038/1064/2126 2037/1036/2126
f 2037/1036/2126 2036/1065/2126 2035/1037/2126
f 2035/1037/2126 2034/1062/2126 2039/1035/2126
f 2021/1038/2115 2037/1045/2115 2038/1039/2115
f 2019/1041/2107 2035/1066/2107 2036/1042/2107
f 2018/1044/2113 2034/1047/2113 2033/1045/2113
f 2024/1046/2118 2040/1049/2118 2034/1047/2118
f 2022/1040/2112 2038/1039/2112 2039/1048/2112
f 2020/1043/2114 2036/1042/2114 2037/1049/2114
f 2017/1050/2117 2033/1067/2117 2035/1009/2117
o Hole.011
v 8.763027 -0.163723 -1.318429
v 8.763027 0.036276 -1.418429
v 9.470134 -0.163723 -1.025535
v 9.540845 0.036277 -1.096246
v 9.763027 -0.163723 -0.318428
v 9.863028 0.036277 -0.318428
v 9.470134 -0.163723 0.388678
v 9.540845 0.036277 0.459389
v 8.763027 -0.163723 0.681571
v 8.763027 0.036277 0.781572
v 8.055921 -0.163723 0.388678
v 7.985209 0.036277 0.459389
v 7.763027 -0.163723 -0.318429
v 7.663027 0.036277 -0.318429
v 8.055921 -0.163723 -1.025535
v 7.985209 0.036277 -1.096246
v 9.540845 0.236277 -1.096246
v 8.763027 0.236277 -1.418429
v 9.863028 0.236277 -0.318429
v 9.540845 0.236277 0.459389
v 8.763027 0.236277 0.781572
v 7.985209 0.236277 0.459389
v 7.663027 0.236277 -0.318429
v 7.985209 0.236277 -1.096246
v 9.317060 0.436277 -0.872462
v 8.763027 0.436277 -1.101950
v 9.546549 0.436277 -0.318429
v 9.317060 0.436277 0.235605
v 8.763027 0.436277 0.465093
v 8.208994 0.436277 0.235605
v 7.979506 0.436277 -0.318429
v 8.208994 0.436277 -0.872462
v 9.470134 0.436277 -1.025535
v 8.763027 0.436277 -1.318429
v 9.763027 0.436277 -0.318429
v 9.470134 0.436277 0.388678
v 8.763027 0.436277 0.681571
v 8.055921 0.436277 0.388678
v 7.763027 0.436277 -0.318429
v 8.055921 0.436277 -1.025535
v 9.317060 -0.063723 -0.872462
v 8.763027 -0.063723 -1.101950
v 9.546549 -0.063723 -0.318428
v 9.317060 -0.063723 0.235605
v 8.763027 -0.063723 0.465093
v 8.208994 -0.063723 0.235605
v 7.979506 -0.063723 -0.318429
v 8.208994 -0.063723 -0.872462
vn 0.3474 -0.4194 -0.8387
vn 0.8387 -0.4194 -0.3474
vn 0.8387 -0.4194 0.3474
vn 0.3474 -0.4194 0.8387
vn -0.3474 -0.4194 0.8387
vn -0.8387 -0.4194 0.3474
vn -0.9239 -0.0000 -0.3827
vn -0.8387 -0.4194 -0.3474
vn -0.3474 -0.4194 -0.8387
vn -0.0000 -1.0000 -0.0000
vn -0.3474 0.4194 -0.8387
vn 0.9239 -0.0000 -0.3827
vn -0.3827 -0.0000 0.9239
vn -0.3827 -0.0000 -0.9239
vn 0.3827 -0.0000 -0.9239
vn 0.9239 -0.0000 0.3827
vn -0.9239 -0.0000 0.3827
vn 0.3827 -0.0000 0.9239
vn -0.8387 0.4194 0.3474
vn 0.3474 0.4194 0.8387
vn 0.8387 0.4194 -0.3474
vn -0.8387 0.4194 -0.3474
vn -0.3474 0.4194 0.8387
vn 0.8387 0.4194 0.3474
vn 0.3474 0.4194 -0.8387
vn -0.0000 1.0000 -0.0000
vt 0.650674 0.801989
vt 0.643526 0.778675
vt 0.644569 0.801989
vt 0.636810 0.778675
vt 0.627744 0.801989
vt 0.636378 0.801989
vt 0.611098 0.755361
vt 0.618245 0.732047
vt 0.612140 0.732047
vt 0.617814 0.755361
vt 0.626880 0.732047
vt 0.589209 0.732047
vt 0.594883 0.755361
vt 0.595315 0.732047
vt 0.604381 0.755361
vt 0.603949 0.732047
vt 0.611098 0.778675
vt 0.610055 0.732047
vt 0.659741 0.778675
vt 0.659309 0.801989
vt 0.641645 0.824141
vt 0.647581 0.808331
vt 0.633249 0.802197
vt 0.659741 0.755361
vt 0.650674 0.732047
vt 0.650243 0.755361
vt 0.627312 0.755361
vt 0.627312 0.778675
vt 0.588167 0.755361
vt 0.594883 0.778675
vt 0.650243 0.778675
vt 0.636810 0.755361
vt 0.617814 0.778675
vt 0.604381 0.778675
vt 0.627312 0.778675
vt 0.627312 0.755361
vt 0.664525 0.790332
vt 0.659741 0.732047
vt 0.659741 0.790332
vt 0.603949 0.801989
vt 0.626880 0.801989
vt 0.627744 0.732047
vt 0.610055 0.801989
vt 0.588167 0.778675
vt 0.595315 0.801989
vt 0.618245 0.801989
vt 0.644569 0.732047
vt 0.643526 0.755361
vt 0.606242 0.816567
vt 0.602499 0.824141
vt 0.608436 0.817506
vt 0.601591 0.821766
vt 0.594104 0.824349
vt 0.590361 0.816960
vt 0.595012 0.821929
vt 0.590361 0.809770
vt 0.588167 0.818007
vt 0.595012 0.804572
vt 0.588167 0.808831
vt 0.601591 0.804409
vt 0.594104 0.802197
vt 0.606242 0.809378
vt 0.602499 0.801989
vt 0.608436 0.808331
vt 0.261390 0.894919
vt 0.266041 0.882761
vt 0.254811 0.877400
vt 0.676074 0.790332
vt 0.671290 0.732047
vt 0.671290 0.790332
vt 0.699173 0.790332
vt 0.694389 0.732047
vt 0.694389 0.790332
vt 0.680858 0.790332
vt 0.676074 0.732047
vt 0.687624 0.790332
vt 0.680858 0.732047
vt 0.664525 0.732047
vt 0.687624 0.732047
vt 0.666506 0.848617
vt 0.659741 0.848617
vt 0.627312 0.808831
vt 0.627312 0.818007
vt 0.633249 0.824349
vt 0.647581 0.817506
vt 0.641645 0.801989
vt 0.659309 0.732047
vt 0.636378 0.732047
vt 0.589209 0.801989
vt 0.612140 0.801989
vt 0.250160 0.882369
vt 0.250160 0.889558
vt 0.254812 0.894757
vt 0.266041 0.889951
vt 0.261390 0.877563
vt 0.699173 0.732047
vt 0.666506 0.790332
s 1
usemtl molesAtlas.011
f 2041/1068/2127 2044/1069/2127 2043/1070/2127
f 2044/1071/2128 2045/1072/2128 2043/1073/2128
f 2046/1074/2129 2047/1075/2129 2045/1076/2129
f 2048/1077/2130 2049/1078/2130 2047/1075/2130
f 2049/1079/2131 2052/1080/2131 2051/1081/2131
f 2051/1081/2132 2054/1082/2132 2053/1083/2132
f 2054/1082/2133 2064/1084/2133 2056/1074/2133
f 2054/1082/2134 2055/1085/2134 2053/1083/2134
f 2056/1086/2135 2041/1068/2135 2055/1087/2135
f 2047/1088/2136 2051/1089/2136 2055/1090/2136
f 2064/1091/2137 2074/1092/2137 2058/1093/2137
f 2044/1071/2138 2059/1094/2138 2046/1095/2138
f 2050/1096/2139 2062/1097/2139 2052/1080/2139
f 2056/1086/2140 2058/1093/2140 2042/1098/2140
f 2042/1069/2141 2057/1099/2141 2044/1071/2141
f 2046/1074/2142 2060/1100/2142 2048/1077/2142
f 2052/1080/2143 2063/1101/2143 2054/1082/2143
f 2048/1077/2144 2061/1102/2144 2050/1103/2144
f 2071/1104/2142 2088/1105/2142 2072/1106/2142
f 2062/1097/2145 2079/1107/2145 2063/1101/2145
f 2060/1100/2146 2077/1108/2146 2061/1102/2146
f 2057/1099/2147 2075/1109/2147 2059/1094/2147
f 2063/1101/2148 2080/1110/2148 2064/1084/2148
f 2061/1111/2149 2078/1112/2149 2062/1097/2149
f 2059/1084/2150 2076/1113/2150 2060/1100/2150
f 2058/1093/2151 2073/1114/2151 2057/1115/2151
f 2066/1116/2152 2073/1117/2152 2074/1118/2152
f 2065/1119/2152 2075/1120/2152 2073/1117/2152
f 2068/1121/2152 2075/1120/2152 2067/1122/2152
f 2069/1123/2152 2076/1124/2152 2068/1121/2152
f 2070/1125/2152 2077/1126/2152 2069/1123/2152
f 2071/1127/2152 2078/1128/2152 2070/1125/2152
f 2072/1129/2152 2079/1130/2152 2071/1127/2152
f 2072/1129/2152 2074/1118/2152 2080/1131/2152
f 2087/1132/2152 2085/1133/2152 2083/1134/2152
f 2069/1135/2141 2086/1136/2141 2070/1137/2141
f 2067/1138/2133 2084/1139/2133 2068/1140/2133
f 2066/1141/2139 2081/1142/2139 2065/1135/2139
f 2072/1143/2144 2082/1144/2144 2066/1141/2144
f 2070/1137/2138 2087/1145/2138 2071/1104/2138
f 2068/1140/2140 2085/1146/2140 2069/1143/2140
f 2065/1147/2143 2083/1106/2143 2067/1148/2143
f 2041/1068/2127 2042/1098/2127 2044/1069/2127
f 2044/1071/2128 2046/1095/2128 2045/1072/2128
f 2046/1074/2129 2048/1077/2129 2047/1075/2129
f 2048/1077/2130 2050/1103/2130 2049/1078/2130
f 2049/1079/2131 2050/1096/2131 2052/1080/2131
f 2051/1081/2132 2052/1080/2132 2054/1082/2132
f 2054/1082/2133 2063/1101/2133 2064/1084/2133
f 2054/1082/2134 2056/1074/2134 2055/1085/2134
f 2056/1086/2135 2042/1098/2135 2041/1068/2135
f 2055/1090/2136 2041/1149/2136 2043/1150/2136
f 2043/1150/2136 2045/1151/2136 2047/1088/2136
f 2047/1088/2136 2049/1152/2136 2051/1089/2136
f 2051/1089/2136 2053/1153/2136 2055/1090/2136
f 2055/1090/2136 2043/1150/2136 2047/1088/2136
f 2064/1091/2137 2080/1154/2137 2074/1092/2137
f 2044/1071/2138 2057/1099/2138 2059/1094/2138
f 2050/1096/2139 2061/1111/2139 2062/1097/2139
f 2056/1086/2140 2064/1091/2140 2058/1093/2140
f 2042/1069/2141 2058/1115/2141 2057/1099/2141
f 2046/1074/2142 2059/1084/2142 2060/1100/2142
f 2052/1080/2143 2062/1097/2143 2063/1101/2143
f 2048/1077/2144 2060/1100/2144 2061/1102/2144
f 2071/1104/2142 2087/1145/2142 2088/1105/2142
f 2062/1097/2145 2078/1112/2145 2079/1107/2145
f 2060/1100/2146 2076/1113/2146 2077/1108/2146
f 2057/1099/2147 2073/1155/2147 2075/1109/2147
f 2063/1101/2148 2079/1107/2148 2080/1110/2148
f 2061/1111/2149 2077/1156/2149 2078/1112/2149
f 2059/1084/2150 2075/1157/2150 2076/1113/2150
f 2058/1093/2151 2074/1092/2151 2073/1114/2151
f 2066/1116/2152 2065/1119/2152 2073/1117/2152
f 2065/1119/2152 2067/1122/2152 2075/1120/2152
f 2068/1121/2152 2076/1124/2152 2075/1120/2152
f 2069/1123/2152 2077/1126/2152 2076/1124/2152
f 2070/1125/2152 2078/1128/2152 2077/1126/2152
f 2071/1127/2152 2079/1130/2152 2078/1128/2152
f 2072/1129/2152 2080/1131/2152 2079/1130/2152
f 2072/1129/2152 2066/1116/2152 2074/1118/2152
f 2083/1134/2152 2081/1158/2152 2082/1159/2152
f 2082/1159/2152 2088/1160/2152 2087/1132/2152
f 2087/1132/2152 2086/1161/2152 2085/1133/2152
f 2085/1133/2152 2084/1162/2152 2083/1134/2152
f 2083/1134/2152 2082/1159/2152 2087/1132/2152
f 2069/1135/2141 2085/1142/2141 2086/1136/2141
f 2067/1138/2133 2083/1163/2133 2084/1139/2133
f 2066/1141/2139 2082/1144/2139 2081/1142/2139
f 2072/1143/2144 2088/1146/2144 2082/1144/2144
f 2070/1137/2138 2086/1136/2138 2087/1145/2138
f 2068/1140/2140 2084/1139/2140 2085/1146/2140
f 2065/1147/2143 2081/1164/2143 2083/1106/2143
o Hole.012
v 2.244413 -0.163723 9.786682
v 2.244413 0.036276 9.686682
v 2.951519 -0.163723 10.079576
v 3.022230 0.036277 10.008864
v 3.244413 -0.163723 10.786682
v 3.344413 0.036277 10.786682
v 2.951519 -0.163723 11.493789
v 3.022230 0.036277 11.564500
v 2.244413 -0.163723 11.786682
v 2.244413 0.036277 11.886683
v 1.537306 -0.163723 11.493789
v 1.466595 0.036277 11.564500
v 1.244413 -0.163723 10.786682
v 1.144413 0.036277 10.786682
v 1.537306 -0.163723 10.079576
v 1.466595 0.036277 10.008864
v 3.022230 0.236277 10.008864
v 2.244413 0.236277 9.686682
v 3.344413 0.236277 10.786682
v 3.022230 0.236277 11.564500
v 2.244413 0.236277 11.886683
v 1.466595 0.236277 11.564499
v 1.144413 0.236277 10.786682
v 1.466595 0.236277 10.008864
v 2.798446 0.436277 10.232649
v 2.244413 0.436277 10.003160
v 3.027934 0.436277 10.786682
v 2.798446 0.436277 11.340715
v 2.244413 0.436277 11.570204
v 1.690379 0.436277 11.340715
v 1.460891 0.436277 10.786682
v 1.690379 0.436277 10.232649
v 2.951519 0.436277 10.079576
v 2.244413 0.436277 9.786682
v 3.244413 0.436277 10.786682
v 2.951519 0.436277 11.493789
v 2.244413 0.436277 11.786682
v 1.537306 0.436277 11.493789
v 1.244413 0.436277 10.786682
v 1.537306 0.436277 10.079576
v 2.798446 -0.063723 10.232649
v 2.244413 -0.063723 10.003160
v 3.027934 -0.063723 10.786682
v 2.798446 -0.063723 11.340715
v 2.244413 -0.063723 11.570204
v 1.690379 -0.063723 11.340715
v 1.460891 -0.063723 10.786682
v 1.690379 -0.063723 10.232649
vn 0.3474 -0.4194 -0.8387
vn 0.8387 -0.4194 -0.3474
vn 0.8387 -0.4194 0.3474
vn 0.3474 -0.4194 0.8387
vn -0.3474 -0.4194 0.8387
vn -0.8387 -0.4194 0.3474
vn -0.9239 -0.0000 -0.3827
vn -0.8387 -0.4194 -0.3474
vn -0.3474 -0.4194 -0.8387
vn -0.0000 -1.0000 -0.0000
vn -0.3474 0.4194 -0.8387
vn 0.9239 -0.0000 -0.3827
vn -0.3827 -0.0000 0.9239
vn -0.3827 -0.0000 -0.9239
vn 0.3827 -0.0000 -0.9239
vn 0.9239 -0.0000 0.3827
vn -0.9239 -0.0000 0.3827
vn 0.3827 -0.0000 0.9239
vn -0.8387 0.4194 0.3474
vn 0.3474 0.4194 0.8387
vn 0.8387 0.4194 -0.3474
vn -0.8387 0.4194 -0.3474
vn -0.3474 0.4194 0.8387
vn 0.8387 0.4194 0.3474
vn 0.3474 0.4194 -0.8387
vn -0.0000 1.0000 -0.0000
vt 0.650674 0.801989
vt 0.643526 0.778675
vt 0.644569 0.801989
vt 0.636810 0.778675
vt 0.627744 0.801989
vt 0.636378 0.801989
vt 0.611098 0.755361
vt 0.618245 0.732047
vt 0.612140 0.732047
vt 0.617814 0.755361
vt 0.626880 0.732047
vt 0.589209 0.732047
vt 0.594883 0.755361
vt 0.595315 0.732047
vt 0.604381 0.755361
vt 0.603949 0.732047
vt 0.611098 0.778675
vt 0.610055 0.732047
vt 0.659741 0.778675
vt 0.659309 0.801989
vt 0.641645 0.824141
vt 0.647581 0.808331
vt 0.633249 0.802197
vt 0.659741 0.755361
vt 0.650674 0.732047
vt 0.650243 0.755361
vt 0.627312 0.755361
vt 0.627312 0.778675
vt 0.588167 0.755361
vt 0.594883 0.778675
vt 0.650243 0.778675
vt 0.636810 0.755361
vt 0.617814 0.778675
vt 0.604381 0.778675
vt 0.627312 0.778675
vt 0.627312 0.755361
vt 0.664525 0.790332
vt 0.659741 0.732047
vt 0.659741 0.790332
vt 0.603949 0.801989
vt 0.626880 0.801989
vt 0.627744 0.732047
vt 0.610055 0.801989
vt 0.588167 0.778675
vt 0.595315 0.801989
vt 0.618245 0.801989
vt 0.644569 0.732047
vt 0.643526 0.755361
vt 0.606242 0.816567
vt 0.602499 0.824141
vt 0.608436 0.817506
vt 0.601591 0.821766
vt 0.594104 0.824349
vt 0.590361 0.816960
vt 0.595012 0.821929
vt 0.590361 0.809770
vt 0.588167 0.818007
vt 0.595012 0.804572
vt 0.588167 0.808831
vt 0.601591 0.804409
vt 0.594104 0.802197
vt 0.606242 0.809378
vt 0.602499 0.801989
vt 0.608436 0.808331
vt 0.261390 0.894919
vt 0.266041 0.882761
vt 0.254811 0.877400
vt 0.676074 0.790332
vt 0.671290 0.732047
vt 0.671290 0.790332
vt 0.699173 0.790332
vt 0.694389 0.732047
vt 0.694389 0.790332
vt 0.680858 0.790332
vt 0.676074 0.732047
vt 0.687624 0.790332
vt 0.680858 0.732047
vt 0.664525 0.732047
vt 0.687624 0.732047
vt 0.666506 0.848617
vt 0.659741 0.848617
vt 0.627312 0.808831
vt 0.627312 0.818007
vt 0.633249 0.824349
vt 0.647581 0.817506
vt 0.641645 0.801989
vt 0.659309 0.732047
vt 0.636378 0.732047
vt 0.589209 0.801989
vt 0.612140 0.801989
vt 0.250160 0.882369
vt 0.250160 0.889558
vt 0.254812 0.894757
vt 0.266041 0.889951
vt 0.261390 0.877563
vt 0.699173 0.732047
vt 0.666506 0.790332
s 1
usemtl molesAtlas.012
f 2089/1165/2153 2092/1166/2153 2091/1167/2153
f 2092/1168/2154 2093/1169/2154 2091/1170/2154
f 2094/1171/2155 2095/1172/2155 2093/1173/2155
f 2096/1174/2156 2097/1175/2156 2095/1172/2156
f 2097/1176/2157 2100/1177/2157 2099/1178/2157
f 2099/1178/2158 2102/1179/2158 2101/1180/2158
f 2102/1179/2159 2112/1181/2159 2104/1171/2159
f 2102/1179/2160 2103/1182/2160 2101/1180/2160
f 2104/1183/2161 2089/1165/2161 2103/1184/2161
f 2095/1185/2162 2099/1186/2162 2103/1187/2162
f 2112/1188/2163 2122/1189/2163 2106/1190/2163
f 2092/1168/2164 2107/1191/2164 2094/1192/2164
f 2098/1193/2165 2110/1194/2165 2100/1177/2165
f 2104/1183/2166 2106/1190/2166 2090/1195/2166
f 2090/1166/2167 2105/1196/2167 2092/1168/2167
f 2094/1171/2168 2108/1197/2168 2096/1174/2168
f 2100/1177/2169 2111/1198/2169 2102/1179/2169
f 2096/1174/2170 2109/1199/2170 2098/1200/2170
f 2119/1201/2168 2136/1202/2168 2120/1203/2168
f 2110/1194/2171 2127/1204/2171 2111/1198/2171
f 2108/1197/2172 2125/1205/2172 2109/1199/2172
f 2105/1196/2173 2123/1206/2173 2107/1191/2173
f 2111/1198/2174 2128/1207/2174 2112/1181/2174
f 2109/1208/2175 2126/1209/2175 2110/1194/2175
f 2107/1181/2176 2124/1210/2176 2108/1197/2176
f 2106/1190/2177 2121/1211/2177 2105/1212/2177
f 2114/1213/2178 2121/1214/2178 2122/1215/2178
f 2113/1216/2178 2123/1217/2178 2121/1214/2178
f 2116/1218/2178 2123/1217/2178 2115/1219/2178
f 2117/1220/2178 2124/1221/2178 2116/1218/2178
f 2118/1222/2178 2125/1223/2178 2117/1220/2178
f 2119/1224/2178 2126/1225/2178 2118/1222/2178
f 2120/1226/2178 2127/1227/2178 2119/1224/2178
f 2120/1226/2178 2122/1215/2178 2128/1228/2178
f 2135/1229/2178 2133/1230/2178 2131/1231/2178
f 2117/1232/2167 2134/1233/2167 2118/1234/2167
f 2115/1235/2159 2132/1236/2159 2116/1237/2159
f 2114/1238/2165 2129/1239/2165 2113/1232/2165
f 2120/1240/2170 2130/1241/2170 2114/1238/2170
f 2118/1234/2164 2135/1242/2164 2119/1201/2164
f 2116/1237/2166 2133/1243/2166 2117/1240/2166
f 2113/1244/2169 2131/1203/2169 2115/1245/2169
f 2089/1165/2153 2090/1195/2153 2092/1166/2153
f 2092/1168/2154 2094/1192/2154 2093/1169/2154
f 2094/1171/2155 2096/1174/2155 2095/1172/2155
f 2096/1174/2156 2098/1200/2156 2097/1175/2156
f 2097/1176/2157 2098/1193/2157 2100/1177/2157
f 2099/1178/2158 2100/1177/2158 2102/1179/2158
f 2102/1179/2159 2111/1198/2159 2112/1181/2159
f 2102/1179/2160 2104/1171/2160 2103/1182/2160
f 2104/1183/2161 2090/1195/2161 2089/1165/2161
f 2103/1187/2162 2089/1246/2162 2091/1247/2162
f 2091/1247/2162 2093/1248/2162 2095/1185/2162
f 2095/1185/2162 2097/1249/2162 2099/1186/2162
f 2099/1186/2162 2101/1250/2162 2103/1187/2162
f 2103/1187/2162 2091/1247/2162 2095/1185/2162
f 2112/1188/2163 2128/1251/2163 2122/1189/2163
f 2092/1168/2164 2105/1196/2164 2107/1191/2164
f 2098/1193/2165 2109/1208/2165 2110/1194/2165
f 2104/1183/2166 2112/1188/2166 2106/1190/2166
f 2090/1166/2167 2106/1212/2167 2105/1196/2167
f 2094/1171/2168 2107/1181/2168 2108/1197/2168
f 2100/1177/2169 2110/1194/2169 2111/1198/2169
f 2096/1174/2170 2108/1197/2170 2109/1199/2170
f 2119/1201/2168 2135/1242/2168 2136/1202/2168
f 2110/1194/2171 2126/1209/2171 2127/1204/2171
f 2108/1197/2172 2124/1210/2172 2125/1205/2172
f 2105/1196/2173 2121/1252/2173 2123/1206/2173
f 2111/1198/2174 2127/1204/2174 2128/1207/2174
f 2109/1208/2175 2125/1253/2175 2126/1209/2175
f 2107/1181/2176 2123/1254/2176 2124/1210/2176
f 2106/1190/2177 2122/1189/2177 2121/1211/2177
f 2114/1213/2178 2113/1216/2178 2121/1214/2178
f 2113/1216/2178 2115/1219/2178 2123/1217/2178
f 2116/1218/2178 2124/1221/2178 2123/1217/2178
f 2117/1220/2178 2125/1223/2178 2124/1221/2178
f 2118/1222/2178 2126/1225/2178 2125/1223/2178
f 2119/1224/2178 2127/1227/2178 2126/1225/2178
f 2120/1226/2178 2128/1228/2178 2127/1227/2178
f 2120/1226/2178 2114/1213/2178 2122/1215/2178
f 2131/1231/2178 2129/1255/2178 2130/1256/2178
f 2130/1256/2178 2136/1257/2178 2135/1229/2178
f 2135/1229/2178 2134/1258/2178 2133/1230/2178
f 2133/1230/2178 2132/1259/2178 2131/1231/2178
f 2131/1231/2178 2130/1256/2178 2135/1229/2178
f 2117/1232/2167 2133/1239/2167 2134/1233/2167
f 2115/1235/2159 2131/1260/2159 2132/1236/2159
f 2114/1238/2165 2130/1241/2165 2129/1239/2165
f 2120/1240/2170 2136/1243/2170 2130/1241/2170
f 2118/1234/2164 2134/1233/2164 2135/1242/2164
f 2116/1237/2166 2132/1236/2166 2133/1243/2166
f 2113/1244/2169 2129/1261/2169 2131/1203/2169
o Hole.013
v -8.541874 -0.163723 10.471567
v -8.541874 0.036276 10.371567
v -7.834767 -0.163723 10.764461
v -7.764057 0.036277 10.693749
v -7.541874 -0.163723 11.471567
v -7.441874 0.036277 11.471567
v -7.834767 -0.163723 12.178674
v -7.764057 0.036277 12.249385
v -8.541874 -0.163723 12.471567
v -8.541874 0.036277 12.571568
v -9.248981 -0.163723 12.178674
v -9.319692 0.036277 12.249385
v -9.541874 -0.163723 11.471567
v -9.641874 0.036277 11.471567
v -9.248981 -0.163723 10.764461
v -9.319692 0.036277 10.693749
v -7.764057 0.236277 10.693749
v -8.541874 0.236277 10.371567
v -7.441874 0.236277 11.471567
v -7.764057 0.236277 12.249385
v -8.541874 0.236277 12.571568
v -9.319692 0.236277 12.249384
v -9.641874 0.236277 11.471567
v -9.319692 0.236277 10.693749
v -7.987841 0.436277 10.917534
v -8.541874 0.436277 10.688046
v -7.758352 0.436277 11.471567
v -7.987841 0.436277 12.025600
v -8.541874 0.436277 12.255089
v -9.095907 0.436277 12.025600
v -9.325396 0.436277 11.471567
v -9.095907 0.436277 10.917534
v -7.834767 0.436277 10.764461
v -8.541874 0.436277 10.471567
v -7.541874 0.436277 11.471567
v -7.834767 0.436277 12.178674
v -8.541874 0.436277 12.471567
v -9.248981 0.436277 12.178674
v -9.541874 0.436277 11.471567
v -9.248981 0.436277 10.764461
v -7.987841 -0.063723 10.917534
v -8.541874 -0.063723 10.688046
v -7.758352 -0.063723 11.471567
v -7.987841 -0.063723 12.025600
v -8.541874 -0.063723 12.255089
v -9.095907 -0.063723 12.025600
v -9.325396 -0.063723 11.471567
v -9.095907 -0.063723 10.917534
vn 0.3474 -0.4194 -0.8387
vn 0.8387 -0.4194 -0.3474
vn 0.8387 -0.4194 0.3474
vn 0.3474 -0.4194 0.8387
vn -0.3474 -0.4194 0.8387
vn -0.8387 -0.4194 0.3474
vn -0.9239 -0.0000 -0.3827
vn -0.8387 -0.4194 -0.3474
vn -0.3474 -0.4194 -0.8387
vn -0.0000 -1.0000 -0.0000
vn -0.3474 0.4194 -0.8387
vn 0.9239 -0.0000 -0.3827
vn -0.3827 -0.0000 0.9239
vn -0.3827 -0.0000 -0.9239
vn 0.3827 -0.0000 -0.9239
vn 0.9239 -0.0000 0.3827
vn -0.9239 -0.0000 0.3827
vn 0.3827 -0.0000 0.9239
vn -0.8387 0.4194 0.3474
vn 0.3474 0.4194 0.8387
vn 0.8387 0.4194 -0.3474
vn -0.8387 0.4194 -0.3474
vn -0.3474 0.4194 0.8387
vn 0.8387 0.4194 0.3474
vn 0.3474 0.4194 -0.8387
vn -0.0000 1.0000 -0.0000
vt 0.650674 0.801989
vt 0.643526 0.778675
vt 0.644569 0.801989
vt 0.636810 0.778675
vt 0.627744 0.801989
vt 0.636378 0.801989
vt 0.611098 0.755361
vt 0.618245 0.732047
vt 0.612140 0.732047
vt 0.617814 0.755361
vt 0.626880 0.732047
vt 0.589209 0.732047
vt 0.594883 0.755361
vt 0.595315 0.732047
vt 0.604381 0.755361
vt 0.603949 0.732047
vt 0.611098 0.778675
vt 0.610055 0.732047
vt 0.659741 0.778675
vt 0.659309 0.801989
vt 0.641645 0.824141
vt 0.647581 0.808331
vt 0.633249 0.802197
vt 0.659741 0.755361
vt 0.650674 0.732047
vt 0.650243 0.755361
vt 0.627312 0.755361
vt 0.627312 0.778675
vt 0.588167 0.755361
vt 0.594883 0.778675
vt 0.650243 0.778675
vt 0.636810 0.755361
vt 0.617814 0.778675
vt 0.604381 0.778675
vt 0.627312 0.778675
vt 0.627312 0.755361
vt 0.664525 0.790332
vt 0.659741 0.732047
vt 0.659741 0.790332
vt 0.603949 0.801989
vt 0.626880 0.801989
vt 0.627744 0.732047
vt 0.610055 0.801989
vt 0.588167 0.778675
vt 0.595315 0.801989
vt 0.618245 0.801989
vt 0.644569 0.732047
vt 0.643526 0.755361
vt 0.606242 0.816567
vt 0.602499 0.824141
vt 0.608436 0.817506
vt 0.601591 0.821766
vt 0.594104 0.824349
vt 0.590361 0.816960
vt 0.595012 0.821929
vt 0.590361 0.809770
vt 0.588167 0.818007
vt 0.595012 0.804572
vt 0.588167 0.808831
vt 0.601591 0.804409
vt 0.594104 0.802197
vt 0.606242 0.809378
vt 0.602499 0.801989
vt 0.608436 0.808331
vt 0.261390 0.894919
vt 0.266041 0.882761
vt 0.254811 0.877400
vt 0.676074 0.790332
vt 0.671290 0.732047
vt 0.671290 0.790332
vt 0.699173 0.790332
vt 0.694389 0.732047
vt 0.694389 0.790332
vt 0.680858 0.790332
vt 0.676074 0.732047
vt 0.687624 0.790332
vt 0.680858 0.732047
vt 0.664525 0.732047
vt 0.687624 0.732047
vt 0.666506 0.848617
vt 0.659741 0.848617
vt 0.627312 0.808831
vt 0.627312 0.818007
vt 0.633249 0.824349
vt 0.647581 0.817506
vt 0.641645 0.801989
vt 0.659309 0.732047
vt 0.636378 0.732047
vt 0.589209 0.801989
vt 0.612140 0.801989
vt 0.250160 0.882369
vt 0.250160 0.889558
vt 0.254812 0.894757
vt 0.266041 0.889951
vt 0.261390 0.877563
vt 0.699173 0.732047
vt 0.666506 0.790332
s 1
usemtl molesAtlas.013
f 2137/1262/2179 2140/1263/2179 2139/1264/2179
f 2140/1265/2180 2141/1266/2180 2139/1267/2180
f 2142/1268/2181 2143/1269/2181 2141/1270/2181
f 2144/1271/2182 2145/1272/2182 2143/1269/2182
f 2145/1273/2183 2148/1274/2183 2147/1275/2183
f 2147/1275/2184 2150/1276/2184 2149/1277/2184
f 2150/1276/2185 2160/1278/2185 2152/1268/2185
f 2150/1276/2186 2151/1279/2186 2149/1277/2186
f 2152/1280/2187 2137/1262/2187 2151/1281/2187
f 2143/1282/2188 2147/1283/2188 2151/1284/2188
f 2160/1285/2189 2170/1286/2189 2154/1287/2189
f 2140/1265/2190 2155/1288/2190 2142/1289/2190
f 2146/1290/2191 2158/1291/2191 2148/1274/2191
f 2152/1280/2192 2154/1287/2192 2138/1292/2192
f 2138/1263/2193 2153/1293/2193 2140/1265/2193
f 2142/1268/2194 2156/1294/2194 2144/1271/2194
f 2148/1274/2195 2159/1295/2195 2150/1276/2195
f 2144/1271/2196 2157/1296/2196 2146/1297/2196
f 2167/1298/2194 2184/1299/2194 2168/1300/2194
f 2158/1291/2197 2175/1301/2197 2159/1295/2197
f 2156/1294/2198 2173/1302/2198 2157/1296/2198
f 2153/1293/2199 2171/1303/2199 2155/1288/2199
f 2159/1295/2200 2176/1304/2200 2160/1278/2200
f 2157/1305/2201 2174/1306/2201 2158/1291/2201
f 2155/1278/2202 2172/1307/2202 2156/1294/2202
f 2154/1287/2203 2169/1308/2203 2153/1309/2203
f 2162/1310/2204 2169/1311/2204 2170/1312/2204
f 2161/1313/2204 2171/1314/2204 2169/1311/2204
f 2164/1315/2204 2171/1314/2204 2163/1316/2204
f 2165/1317/2204 2172/1318/2204 2164/1315/2204
f 2166/1319/2204 2173/1320/2204 2165/1317/2204
f 2167/1321/2204 2174/1322/2204 2166/1319/2204
f 2168/1323/2204 2175/1324/2204 2167/1321/2204
f 2168/1323/2204 2170/1312/2204 2176/1325/2204
f 2183/1326/2204 2181/1327/2204 2179/1328/2204
f 2165/1329/2193 2182/1330/2193 2166/1331/2193
f 2163/1332/2185 2180/1333/2185 2164/1334/2185
f 2162/1335/2191 2177/1336/2191 2161/1329/2191
f 2168/1337/2196 2178/1338/2196 2162/1335/2196
f 2166/1331/2190 2183/1339/2190 2167/1298/2190
f 2164/1334/2192 2181/1340/2192 2165/1337/2192
f 2161/1341/2195 2179/1300/2195 2163/1342/2195
f 2137/1262/2179 2138/1292/2179 2140/1263/2179
f 2140/1265/2180 2142/1289/2180 2141/1266/2180
f 2142/1268/2181 2144/1271/2181 2143/1269/2181
f 2144/1271/2182 2146/1297/2182 2145/1272/2182
f 2145/1273/2183 2146/1290/2183 2148/1274/2183
f 2147/1275/2184 2148/1274/2184 2150/1276/2184
f 2150/1276/2185 2159/1295/2185 2160/1278/2185
f 2150/1276/2186 2152/1268/2186 2151/1279/2186
f 2152/1280/2187 2138/1292/2187 2137/1262/2187
f 2151/1284/2188 2137/1343/2188 2139/1344/2188
f 2139/1344/2188 2141/1345/2188 2143/1282/2188
f 2143/1282/2188 2145/1346/2188 2147/1283/2188
f 2147/1283/2188 2149/1347/2188 2151/1284/2188
f 2151/1284/2188 2139/1344/2188 2143/1282/2188
f 2160/1285/2189 2176/1348/2189 2170/1286/2189
f 2140/1265/2190 2153/1293/2190 2155/1288/2190
f 2146/1290/2191 2157/1305/2191 2158/1291/2191
f 2152/1280/2192 2160/1285/2192 2154/1287/2192
f 2138/1263/2193 2154/1309/2193 2153/1293/2193
f 2142/1268/2194 2155/1278/2194 2156/1294/2194
f 2148/1274/2195 2158/1291/2195 2159/1295/2195
f 2144/1271/2196 2156/1294/2196 2157/1296/2196
f 2167/1298/2194 2183/1339/2194 2184/1299/2194
f 2158/1291/2197 2174/1306/2197 2175/1301/2197
f 2156/1294/2198 2172/1307/2198 2173/1302/2198
f 2153/1293/2199 2169/1349/2199 2171/1303/2199
f 2159/1295/2200 2175/1301/2200 2176/1304/2200
f 2157/1305/2201 2173/1350/2201 2174/1306/2201
f 2155/1278/2202 2171/1351/2202 2172/1307/2202
f 2154/1287/2203 2170/1286/2203 2169/1308/2203
f 2162/1310/2204 2161/1313/2204 2169/1311/2204
f 2161/1313/2204 2163/1316/2204 2171/1314/2204
f 2164/1315/2204 2172/1318/2204 2171/1314/2204
f 2165/1317/2204 2173/1320/2204 2172/1318/2204
f 2166/1319/2204 2174/1322/2204 2173/1320/2204
f 2167/1321/2204 2175/1324/2204 2174/1322/2204
f 2168/1323/2204 2176/1325/2204 2175/1324/2204
f 2168/1323/2204 2162/1310/2204 2170/1312/2204
f 2179/1328/2204 2177/1352/2204 2178/1353/2204
f 2178/1353/2204 2184/1354/2204 2183/1326/2204
f 2183/1326/2204 2182/1355/2204 2181/1327/2204
f 2181/1327/2204 2180/1356/2204 2179/1328/2204
f 2179/1328/2204 2178/1353/2204 2183/1326/2204
f 2165/1329/2193 2181/1336/2193 2182/1330/2193
f 2163/1332/2185 2179/1357/2185 2180/1333/2185
f 2162/1335/2191 2178/1338/2191 2177/1336/2191
f 2168/1337/2196 2184/1340/2196 2178/1338/2196
f 2166/1331/2190 2182/1330/2190 2183/1339/2190
f 2164/1334/2192 2180/1333/2192 2181/1340/2192
f 2161/1341/2195 2177/1358/2195 2179/1300/2195
o Hole.014
v 9.924524 -0.081531 -8.814971
v 9.924524 0.118469 -8.914971
v 10.631631 -0.081531 -8.522078
v 10.702342 0.118469 -8.592789
v 10.924524 -0.081531 -7.814971
v 11.024525 0.118469 -7.814971
v 10.631631 -0.081531 -7.107864
v 10.702342 0.118469 -7.037154
v 9.924524 -0.081531 -6.814971
v 9.924524 0.118469 -6.714971
v 9.217418 -0.081531 -7.107864
v 9.146707 0.118469 -7.037154
v 8.924524 -0.081531 -7.814971
v 8.824524 0.118469 -7.814971
v 9.217418 -0.081531 -8.522078
v 9.146707 0.118469 -8.592789
v 10.702342 0.318469 -8.592789
v 9.924524 0.318469 -8.914971
v 11.024525 0.318469 -7.814971
v 10.702342 0.318469 -7.037154
v 9.924524 0.318469 -6.714971
v 9.146707 0.318469 -7.037154
v 8.824524 0.318469 -7.814971
v 9.146707 0.318469 -8.592789
v 10.478558 0.518469 -8.369004
v 9.924524 0.518469 -8.598493
v 10.708046 0.518469 -7.814971
v 10.478558 0.518469 -7.260938
v 9.924524 0.518469 -7.031449
v 9.370491 0.518469 -7.260938
v 9.141003 0.518469 -7.814971
v 9.370491 0.518469 -8.369004
v 10.631631 0.518469 -8.522078
v 9.924524 0.518469 -8.814971
v 10.924524 0.518469 -7.814971
v 10.631631 0.518469 -7.107864
v 9.924524 0.518469 -6.814971
v 9.217418 0.518469 -7.107864
v 8.924524 0.518469 -7.814971
v 9.217418 0.518469 -8.522078
v 10.478558 0.018469 -8.369004
v 9.924524 0.018469 -8.598493
v 10.708046 0.018469 -7.814971
v 10.478558 0.018469 -7.260938
v 9.924524 0.018469 -7.031449
v 9.370491 0.018469 -7.260938
v 9.141003 0.018469 -7.814971
v 9.370491 0.018469 -8.369004
vn 0.3474 -0.4194 -0.8387
vn 0.8387 -0.4194 -0.3474
vn 0.8387 -0.4194 0.3474
vn 0.3474 -0.4194 0.8387
vn -0.3474 -0.4194 0.8387
vn -0.8387 -0.4194 0.3474
vn -0.9239 -0.0000 -0.3827
vn -0.8387 -0.4194 -0.3474
vn -0.3474 -0.4194 -0.8387
vn -0.0000 -1.0000 -0.0000
vn -0.3474 0.4194 -0.8387
vn 0.9239 -0.0000 -0.3827
vn -0.3827 -0.0000 0.9239
vn -0.3827 -0.0000 -0.9239
vn 0.3827 -0.0000 -0.9239
vn 0.9239 -0.0000 0.3827
vn -0.9239 -0.0000 0.3827
vn 0.3827 -0.0000 0.9239
vn -0.8387 0.4194 0.3474
vn 0.3474 0.4194 0.8387
vn 0.8387 0.4194 -0.3474
vn -0.8387 0.4194 -0.3474
vn -0.3474 0.4194 0.8387
vn 0.8387 0.4194 0.3474
vn 0.3474 0.4194 -0.8387
vn -0.0000 1.0000 -0.0000
vt 0.650674 0.801989
vt 0.643526 0.778675
vt 0.644569 0.801989
vt 0.636810 0.778675
vt 0.627744 0.801989
vt 0.636378 0.801989
vt 0.611098 0.755361
vt 0.618245 0.732047
vt 0.612140 0.732047
vt 0.617814 0.755361
vt 0.626880 0.732047
vt 0.589209 0.732047
vt 0.594883 0.755361
vt 0.595315 0.732047
vt 0.604381 0.755361
vt 0.603949 0.732047
vt 0.611098 0.778675
vt 0.610055 0.732047
vt 0.659741 0.778675
vt 0.659309 0.801989
vt 0.641645 0.824141
vt 0.647581 0.808331
vt 0.633249 0.802197
vt 0.659741 0.755361
vt 0.650674 0.732047
vt 0.650243 0.755361
vt 0.627312 0.755361
vt 0.627312 0.778675
vt 0.588167 0.755361
vt 0.594883 0.778675
vt 0.650243 0.778675
vt 0.636810 0.755361
vt 0.617814 0.778675
vt 0.604381 0.778675
vt 0.627312 0.778675
vt 0.627312 0.755361
vt 0.664525 0.790332
vt 0.659741 0.732047
vt 0.659741 0.790332
vt 0.603949 0.801989
vt 0.626880 0.801989
vt 0.627744 0.732047
vt 0.610055 0.801989
vt 0.588167 0.778675
vt 0.595315 0.801989
vt 0.618245 0.801989
vt 0.644569 0.732047
vt 0.643526 0.755361
vt 0.606242 0.816567
vt 0.602499 0.824141
vt 0.608436 0.817506
vt 0.601591 0.821766
vt 0.594104 0.824349
vt 0.590361 0.816960
vt 0.595012 0.821929
vt 0.590361 0.809770
vt 0.588167 0.818007
vt 0.595012 0.804572
vt 0.588167 0.808831
vt 0.601591 0.804409
vt 0.594104 0.802197
vt 0.606242 0.809378
vt 0.602499 0.801989
vt 0.608436 0.808331
vt 0.261390 0.894919
vt 0.266041 0.882761
vt 0.254811 0.877400
vt 0.676074 0.790332
vt 0.671290 0.732047
vt 0.671290 0.790332
vt 0.699173 0.790332
vt 0.694389 0.732047
vt 0.694389 0.790332
vt 0.680858 0.790332
vt 0.676074 0.732047
vt 0.687624 0.790332
vt 0.680858 0.732047
vt 0.664525 0.732047
vt 0.687624 0.732047
vt 0.666506 0.848617
vt 0.659741 0.848617
vt 0.627312 0.808831
vt 0.627312 0.818007
vt 0.633249 0.824349
vt 0.647581 0.817506
vt 0.641645 0.801989
vt 0.659309 0.732047
vt 0.636378 0.732047
vt 0.589209 0.801989
vt 0.612140 0.801989
vt 0.250160 0.882369
vt 0.250160 0.889558
vt 0.254812 0.894757
vt 0.266041 0.889951
vt 0.261390 0.877563
vt 0.699173 0.732047
vt 0.666506 0.790332
s 1
usemtl molesAtlas.014
f 2185/1359/2205 2188/1360/2205 2187/1361/2205
f 2188/1362/2206 2189/1363/2206 2187/1364/2206
f 2190/1365/2207 2191/1366/2207 2189/1367/2207
f 2192/1368/2208 2193/1369/2208 2191/1366/2208
f 2193/1370/2209 2196/1371/2209 2195/1372/2209
f 2195/1372/2210 2198/1373/2210 2197/1374/2210
f 2198/1373/2211 2208/1375/2211 2200/1365/2211
f 2198/1373/2212 2199/1376/2212 2197/1374/2212
f 2200/1377/2213 2185/1359/2213 2199/1378/2213
f 2191/1379/2214 2195/1380/2214 2199/1381/2214
f 2208/1382/2215 2218/1383/2215 2202/1384/2215
f 2188/1362/2216 2203/1385/2216 2190/1386/2216
f 2194/1387/2217 2206/1388/2217 2196/1371/2217
f 2200/1377/2218 2202/1384/2218 2186/1389/2218
f 2186/1360/2219 2201/1390/2219 2188/1362/2219
f 2190/1365/2220 2204/1391/2220 2192/1368/2220
f 2196/1371/2221 2207/1392/2221 2198/1373/2221
f 2192/1368/2222 2205/1393/2222 2194/1394/2222
f 2215/1395/2220 2232/1396/2220 2216/1397/2220
f 2206/1388/2223 2223/1398/2223 2207/1392/2223
f 2204/1391/2224 2221/1399/2224 2205/1393/2224
f 2201/1390/2225 2219/1400/2225 2203/1385/2225
f 2207/1392/2226 2224/1401/2226 2208/1375/2226
f 2205/1402/2227 2222/1403/2227 2206/1388/2227
f 2203/1375/2228 2220/1404/2228 2204/1391/2228
f 2202/1384/2229 2217/1405/2229 2201/1406/2229
f 2210/1407/2230 2217/1408/2230 2218/1409/2230
f 2209/1410/2230 2219/1411/2230 2217/1408/2230
f 2212/1412/2230 2219/1411/2230 2211/1413/2230
f 2213/1414/2230 2220/1415/2230 2212/1412/2230
f 2214/1416/2230 2221/1417/2230 2213/1414/2230
f 2215/1418/2230 2222/1419/2230 2214/1416/2230
f 2216/1420/2230 2223/1421/2230 2215/1418/2230
f 2216/1420/2230 2218/1409/2230 2224/1422/2230
f 2231/1423/2230 2229/1424/2230 2227/1425/2230
f 2213/1426/2219 2230/1427/2219 2214/1428/2219
f 2211/1429/2211 2228/1430/2211 2212/1431/2211
f 2210/1432/2217 2225/1433/2217 2209/1426/2217
f 2216/1434/2222 2226/1435/2222 2210/1432/2222
f 2214/1428/2216 2231/1436/2216 2215/1395/2216
f 2212/1431/2218 2229/1437/2218 2213/1434/2218
f 2209/1438/2221 2227/1397/2221 2211/1439/2221
f 2185/1359/2205 2186/1389/2205 2188/1360/2205
f 2188/1362/2206 2190/1386/2206 2189/1363/2206
f 2190/1365/2207 2192/1368/2207 2191/1366/2207
f 2192/1368/2208 2194/1394/2208 2193/1369/2208
f 2193/1370/2209 2194/1387/2209 2196/1371/2209
f 2195/1372/2210 2196/1371/2210 2198/1373/2210
f 2198/1373/2211 2207/1392/2211 2208/1375/2211
f 2198/1373/2212 2200/1365/2212 2199/1376/2212
f 2200/1377/2213 2186/1389/2213 2185/1359/2213
f 2199/1381/2214 2185/1440/2214 2187/1441/2214
f 2187/1441/2214 2189/1442/2214 2191/1379/2214
f 2191/1379/2214 2193/1443/2214 2195/1380/2214
f 2195/1380/2214 2197/1444/2214 2199/1381/2214
f 2199/1381/2214 2187/1441/2214 2191/1379/2214
f 2208/1382/2215 2224/1445/2215 2218/1383/2215
f 2188/1362/2216 2201/1390/2216 2203/1385/2216
f 2194/1387/2217 2205/1402/2217 2206/1388/2217
f 2200/1377/2218 2208/1382/2218 2202/1384/2218
f 2186/1360/2219 2202/1406/2219 2201/1390/2219
f 2190/1365/2220 2203/1375/2220 2204/1391/2220
f 2196/1371/2221 2206/1388/2221 2207/1392/2221
f 2192/1368/2222 2204/1391/2222 2205/1393/2222
f 2215/1395/2220 2231/1436/2220 2232/1396/2220
f 2206/1388/2223 2222/1403/2223 2223/1398/2223
f 2204/1391/2224 2220/1404/2224 2221/1399/2224
f 2201/1390/2225 2217/1446/2225 2219/1400/2225
f 2207/1392/2226 2223/1398/2226 2224/1401/2226
f 2205/1402/2227 2221/1447/2227 2222/1403/2227
f 2203/1375/2228 2219/1448/2228 2220/1404/2228
f 2202/1384/2229 2218/1383/2229 2217/1405/2229
f 2210/1407/2230 2209/1410/2230 2217/1408/2230
f 2209/1410/2230 2211/1413/2230 2219/1411/2230
f 2212/1412/2230 2220/1415/2230 2219/1411/2230
f 2213/1414/2230 2221/1417/2230 2220/1415/2230
f 2214/1416/2230 2222/1419/2230 2221/1417/2230
f 2215/1418/2230 2223/1421/2230 2222/1419/2230
f 2216/1420/2230 2224/1422/2230 2223/1421/2230
f 2216/1420/2230 2210/1407/2230 2218/1409/2230
f 2227/1425/2230 2225/1449/2230 2226/1450/2230
f 2226/1450/2230 2232/1451/2230 2231/1423/2230
f 2231/1423/2230 2230/1452/2230 2229/1424/2230
f 2229/1424/2230 2228/1453/2230 2227/1425/2230
f 2227/1425/2230 2226/1450/2230 2231/1423/2230
f 2213/1426/2219 2229/1433/2219 2230/1427/2219
f 2211/1429/2211 2227/1454/2211 2228/1430/2211
f 2210/1432/2217 2226/1435/2217 2225/1433/2217
f 2216/1434/2222 2232/1437/2222 2226/1435/2222
f 2214/1428/2216 2230/1427/2216 2231/1436/2216
f 2212/1431/2218 2228/1430/2218 2229/1437/2218
f 2209/1438/2221 2225/1455/2221 2227/1397/2221
o Hole.015
v -3.590989 -0.163723 -8.030270
v -3.590989 0.036276 -8.130269
v -2.883883 -0.163723 -7.737376
v -2.813172 0.036277 -7.808086
v -2.590989 -0.163723 -7.030269
v -2.490989 0.036277 -7.030269
v -2.883883 -0.163723 -6.323163
v -2.813172 0.036277 -6.252452
v -3.590989 -0.163723 -6.030269
v -3.590989 0.036277 -5.930269
v -4.298096 -0.163723 -6.323163
v -4.368807 0.036277 -6.252452
v -4.590989 -0.163723 -7.030269
v -4.690989 0.036277 -7.030269
v -4.298096 -0.163723 -7.737376
v -4.368807 0.036277 -7.808086
v -2.813172 0.236277 -7.808086
v -3.590989 0.236277 -8.130269
v -2.490989 0.236277 -7.030269
v -2.813172 0.236277 -6.252452
v -3.590989 0.236277 -5.930269
v -4.368807 0.236277 -6.252452
v -4.690989 0.236277 -7.030269
v -4.368807 0.236277 -7.808086
v -3.036956 0.436277 -7.584302
v -3.590989 0.436277 -7.813791
v -2.807468 0.436277 -7.030269
v -3.036956 0.436277 -6.476236
v -3.590989 0.436277 -6.246747
v -4.145023 0.436277 -6.476236
v -4.374511 0.436277 -7.030269
v -4.145023 0.436277 -7.584302
v -2.883883 0.436277 -7.737376
v -3.590989 0.436277 -8.030270
v -2.590989 0.436277 -7.030269
v -2.883883 0.436277 -6.323163
v -3.590989 0.436277 -6.030269
v -4.298096 0.436277 -6.323163
v -4.590989 0.436277 -7.030269
v -4.298096 0.436277 -7.737376
v -3.036956 -0.063723 -7.584302
v -3.590989 -0.063723 -7.813791
v -2.807468 -0.063723 -7.030269
v -3.036956 -0.063723 -6.476236
v -3.590989 -0.063723 -6.246747
v -4.145023 -0.063723 -6.476236
v -4.374511 -0.063723 -7.030269
v -4.145023 -0.063723 -7.584302
vn 0.3474 -0.4194 -0.8387
vn 0.8387 -0.4194 -0.3474
vn 0.8387 -0.4194 0.3474
vn 0.3474 -0.4194 0.8387
vn -0.3474 -0.4194 0.8387
vn -0.8387 -0.4194 0.3474
vn -0.9239 -0.0000 -0.3827
vn -0.8387 -0.4194 -0.3474
vn -0.3474 -0.4194 -0.8387
vn -0.0000 -1.0000 -0.0000
vn -0.3474 0.4194 -0.8387
vn 0.9239 -0.0000 -0.3827
vn -0.3827 -0.0000 0.9239
vn -0.3827 -0.0000 -0.9239
vn 0.3827 -0.0000 -0.9239
vn 0.9239 -0.0000 0.3827
vn -0.9239 -0.0000 0.3827
vn 0.3827 -0.0000 0.9239
vn -0.8387 0.4194 0.3474
vn 0.3474 0.4194 0.8387
vn 0.8387 0.4194 -0.3474
vn -0.8387 0.4194 -0.3474
vn -0.3474 0.4194 0.8387
vn 0.8387 0.4194 0.3474
vn 0.3474 0.4194 -0.8387
vn -0.0000 1.0000 -0.0000
vt 0.650674 0.801989
vt 0.643526 0.778675
vt 0.644569 0.801989
vt 0.636810 0.778675
vt 0.627744 0.801989
vt 0.636378 0.801989
vt 0.611098 0.755361
vt 0.618245 0.732047
vt 0.612140 0.732047
vt 0.617814 0.755361
vt 0.626880 0.732047
vt 0.589209 0.732047
vt 0.594883 0.755361
vt 0.595315 0.732047
vt 0.604381 0.755361
vt 0.603949 0.732047
vt 0.611098 0.778675
vt 0.610055 0.732047
vt 0.659741 0.778675
vt 0.659309 0.801989
vt 0.641645 0.824141
vt 0.647581 0.808331
vt 0.633249 0.802197
vt 0.659741 0.755361
vt 0.650674 0.732047
vt 0.650243 0.755361
vt 0.627312 0.755361
vt 0.627312 0.778675
vt 0.588167 0.755361
vt 0.594883 0.778675
vt 0.650243 0.778675
vt 0.636810 0.755361
vt 0.617814 0.778675
vt 0.604381 0.778675
vt 0.627312 0.778675
vt 0.627312 0.755361
vt 0.664525 0.790332
vt 0.659741 0.732047
vt 0.659741 0.790332
vt 0.603949 0.801989
vt 0.626880 0.801989
vt 0.627744 0.732047
vt 0.610055 0.801989
vt 0.588167 0.778675
vt 0.595315 0.801989
vt 0.618245 0.801989
vt 0.644569 0.732047
vt 0.643526 0.755361
vt 0.606242 0.816567
vt 0.602499 0.824141
vt 0.608436 0.817506
vt 0.601591 0.821766
vt 0.594104 0.824349
vt 0.590361 0.816960
vt 0.595012 0.821929
vt 0.590361 0.809770
vt 0.588167 0.818007
vt 0.595012 0.804572
vt 0.588167 0.808831
vt 0.601591 0.804409
vt 0.594104 0.802197
vt 0.606242 0.809378
vt 0.602499 0.801989
vt 0.608436 0.808331
vt 0.261390 0.894919
vt 0.266041 0.882761
vt 0.254811 0.877400
vt 0.676074 0.790332
vt 0.671290 0.732047
vt 0.671290 0.790332
vt 0.699173 0.790332
vt 0.694389 0.732047
vt 0.694389 0.790332
vt 0.680858 0.790332
vt 0.676074 0.732047
vt 0.687624 0.790332
vt 0.680858 0.732047
vt 0.664525 0.732047
vt 0.687624 0.732047
vt 0.666506 0.848617
vt 0.659741 0.848617
vt 0.627312 0.808831
vt 0.627312 0.818007
vt 0.633249 0.824349
vt 0.647581 0.817506
vt 0.641645 0.801989
vt 0.659309 0.732047
vt 0.636378 0.732047
vt 0.589209 0.801989
vt 0.612140 0.801989
vt 0.250160 0.882369
vt 0.250160 0.889558
vt 0.254812 0.894757
vt 0.266041 0.889951
vt 0.261390 0.877563
vt 0.699173 0.732047
vt 0.666506 0.790332
s 1
usemtl molesAtlas.016
f 2233/1456/2231 2236/1457/2231 2235/1458/2231
f 2236/1459/2232 2237/1460/2232 2235/1461/2232
f 2238/1462/2233 2239/1463/2233 2237/1464/2233
f 2240/1465/2234 2241/1466/2234 2239/1463/2234
f 2241/1467/2235 2244/1468/2235 2243/1469/2235
f 2243/1469/2236 2246/1470/2236 2245/1471/2236
f 2246/1470/2237 2256/1472/2237 2248/1462/2237
f 2246/1470/2238 2247/1473/2238 2245/1471/2238
f 2248/1474/2239 2233/1456/2239 2247/1475/2239
f 2239/1476/2240 2243/1477/2240 2247/1478/2240
f 2256/1479/2241 2266/1480/2241 2250/1481/2241
f 2236/1459/2242 2251/1482/2242 2238/1483/2242
f 2242/1484/2243 2254/1485/2243 2244/1468/2243
f 2248/1474/2244 2250/1481/2244 2234/1486/2244
f 2234/1457/2245 2249/1487/2245 2236/1459/2245
f 2238/1462/2246 2252/1488/2246 2240/1465/2246
f 2244/1468/2247 2255/1489/2247 2246/1470/2247
f 2240/1465/2248 2253/1490/2248 2242/1491/2248
f 2263/1492/2246 2280/1493/2246 2264/1494/2246
f 2254/1485/2249 2271/1495/2249 2255/1489/2249
f 2252/1488/2250 2269/1496/2250 2253/1490/2250
f 2249/1487/2251 2267/1497/2251 2251/1482/2251
f 2255/1489/2252 2272/1498/2252 2256/1472/2252
f 2253/1499/2253 2270/1500/2253 2254/1485/2253
f 2251/1472/2254 2268/1501/2254 2252/1488/2254
f 2250/1481/2255 2265/1502/2255 2249/1503/2255
f 2258/1504/2256 2265/1505/2256 2266/1506/2256
f 2257/1507/2256 2267/1508/2256 2265/1505/2256
f 2260/1509/2256 2267/1508/2256 2259/1510/2256
f 2261/1511/2256 2268/1512/2256 2260/1509/2256
f 2262/1513/2256 2269/1514/2256 2261/1511/2256
f 2263/1515/2256 2270/1516/2256 2262/1513/2256
f 2264/1517/2256 2271/1518/2256 2263/1515/2256
f 2264/1517/2256 2266/1506/2256 2272/1519/2256
f 2279/1520/2256 2277/1521/2256 2275/1522/2256
f 2261/1523/2245 2278/1524/2245 2262/1525/2245
f 2259/1526/2237 2276/1527/2237 2260/1528/2237
f 2258/1529/2243 2273/1530/2243 2257/1523/2243
f 2264/1531/2248 2274/1532/2248 2258/1529/2248
f 2262/1525/2242 2279/1533/2242 2263/1492/2242
f 2260/1528/2244 2277/1534/2244 2261/1531/2244
f 2257/1535/2247 2275/1494/2247 2259/1536/2247
f 2233/1456/2231 2234/1486/2231 2236/1457/2231
f 2236/1459/2232 2238/1483/2232 2237/1460/2232
f 2238/1462/2233 2240/1465/2233 2239/1463/2233
f 2240/1465/2234 2242/1491/2234 2241/1466/2234
f 2241/1467/2235 2242/1484/2235 2244/1468/2235
f 2243/1469/2236 2244/1468/2236 2246/1470/2236
f 2246/1470/2237 2255/1489/2237 2256/1472/2237
f 2246/1470/2238 2248/1462/2238 2247/1473/2238
f 2248/1474/2239 2234/1486/2239 2233/1456/2239
f 2247/1478/2240 2233/1537/2240 2235/1538/2240
f 2235/1538/2240 2237/1539/2240 2239/1476/2240
f 2239/1476/2240 2241/1540/2240 2243/1477/2240
f 2243/1477/2240 2245/1541/2240 2247/1478/2240
f 2247/1478/2240 2235/1538/2240 2239/1476/2240
f 2256/1479/2241 2272/1542/2241 2266/1480/2241
f 2236/1459/2242 2249/1487/2242 2251/1482/2242
f 2242/1484/2243 2253/1499/2243 2254/1485/2243
f 2248/1474/2244 2256/1479/2244 2250/1481/2244
f 2234/1457/2245 2250/1503/2245 2249/1487/2245
f 2238/1462/2246 2251/1472/2246 2252/1488/2246
f 2244/1468/2247 2254/1485/2247 2255/1489/2247
f 2240/1465/2248 2252/1488/2248 2253/1490/2248
f 2263/1492/2246 2279/1533/2246 2280/1493/2246
f 2254/1485/2249 2270/1500/2249 2271/1495/2249
f 2252/1488/2250 2268/1501/2250 2269/1496/2250
f 2249/1487/2251 2265/1543/2251 2267/1497/2251
f 2255/1489/2252 2271/1495/2252 2272/1498/2252
f 2253/1499/2253 2269/1544/2253 2270/1500/2253
f 2251/1472/2254 2267/1545/2254 2268/1501/2254
f 2250/1481/2255 2266/1480/2255 2265/1502/2255
f 2258/1504/2256 2257/1507/2256 2265/1505/2256
f 2257/1507/2256 2259/1510/2256 2267/1508/2256
f 2260/1509/2256 2268/1512/2256 2267/1508/2256
f 2261/1511/2256 2269/1514/2256 2268/1512/2256
f 2262/1513/2256 2270/1516/2256 2269/1514/2256
f 2263/1515/2256 2271/1518/2256 2270/1516/2256
f 2264/1517/2256 2272/1519/2256 2271/1518/2256
f 2264/1517/2256 2258/1504/2256 2266/1506/2256
f 2275/1522/2256 2273/1546/2256 2274/1547/2256
f 2274/1547/2256 2280/1548/2256 2279/1520/2256
f 2279/1520/2256 2278/1549/2256 2277/1521/2256
f 2277/1521/2256 2276/1550/2256 2275/1522/2256
f 2275/1522/2256 2274/1547/2256 2279/1520/2256
f 2261/1523/2245 2277/1530/2245 2278/1524/2245
f 2259/1526/2237 2275/1551/2237 2276/1527/2237
f 2258/1529/2243 2274/1532/2243 2273/1530/2243
f 2264/1531/2248 2280/1534/2248 2274/1532/2248
f 2262/1525/2242 2278/1524/2242 2279/1533/2242
f 2260/1528/2244 2276/1527/2244 2277/1534/2244
f 2257/1535/2247 2273/1552/2247 2275/1494/2247
