# Blender 5.0.0
# www.blender.org
mtllib TreeTrunk.mtl
o Cylinder.014
v -22.310995 1.350474 5.142002
v -22.465893 1.354933 5.539268
v -22.152357 1.992878 5.498561
v -22.708847 1.452565 5.547190
v -22.853434 1.508812 5.237162
v -22.224512 1.908871 4.841620
v -22.304607 1.242375 5.163360
v -22.470713 1.286157 5.589175
v -22.811180 1.410388 4.801445
v -22.216478 1.137004 5.081488
v -22.841307 1.345402 5.791315
v -22.856449 1.398946 4.703243
v -21.688246 2.814633 5.219900
v -22.106710 2.847747 4.977248
v -22.477249 4.134205 5.091485
v -21.317789 4.258697 3.992930
v -21.296764 4.276013 4.057026
v -21.378775 3.595737 5.436883
v -21.431633 4.316338 4.154196
v -21.886635 3.261617 5.103884
v -21.677105 3.256707 5.092956
v -21.798477 2.882484 4.973019
v -21.998821 2.953182 5.645174
v -21.848465 3.307548 5.690530
v -22.554272 4.027076 4.995452
v -22.162798 2.981607 5.334433
v -20.624922 3.142341 5.828455
v -20.587032 3.104643 6.029218
v -21.768698 2.885320 5.569472
v -21.857082 2.393036 5.156462
v -22.450562 2.362864 5.272086
v -22.343731 2.294025 4.918182
v -22.078297 2.212492 5.509507
v -21.998823 2.360038 5.502889
v -22.248325 2.498343 5.551351
v -22.133322 1.732964 5.175831
v -22.315935 1.695157 5.506345
v -22.367989 1.523016 5.506565
v -22.620663 1.672940 5.566206
v -22.678915 1.879006 5.244421
v -22.793219 1.649036 5.237225
v -22.533550 1.878983 4.907749
v -22.607893 1.695806 4.919288
v -21.438198 3.541643 5.759486
v -20.626717 3.219743 6.072349
v -21.473337 3.686170 5.124196
v -21.451447 3.274097 5.365936
v -21.425060 3.692589 5.807231
v -21.951456 3.471481 5.455140
v -21.553556 3.255365 5.646875
v -20.156271 3.205820 6.058016
v -22.769611 4.482142 4.899079
v -21.229242 4.553816 3.492712
v -22.748705 4.440457 4.641018
v -20.173317 3.120719 5.999158
v -21.345942 4.667013 3.466940
v -22.830919 4.403773 4.826115
v -20.012257 3.133560 6.323860
v -22.970978 4.597681 4.796947
v -21.207132 4.681512 3.159470
v -23.004230 4.487648 4.728848
v -20.044842 3.032852 6.288357
v -22.069515 1.929671 5.140098
v -22.303926 2.053794 5.589927
v -22.683598 1.580547 5.569390
v -22.806911 1.502424 5.429304
v -22.523396 2.105649 5.432286
v -22.513248 2.094645 5.047891
v -22.716675 1.508572 4.891050
v -22.584061 1.449312 4.832636
v -22.236300 2.163824 4.858555
v -22.459864 1.393430 4.840476
v -22.366791 1.359269 4.959589
v -22.070250 2.055625 4.969806
v -22.326712 1.176172 5.448199
v -22.749281 1.376151 5.668934
v -22.904545 1.444392 5.453503
v -22.597235 1.345352 4.723810
v -22.752363 1.441740 5.586323
v -22.449820 1.318684 4.777462
v -22.737974 1.463144 4.812678
v -22.300924 1.123927 5.426829
v -22.654364 1.241255 5.791659
v -22.986641 1.390951 5.588092
v -22.642820 1.291649 4.595675
v -22.266195 1.168454 4.833037
v -22.418732 1.218000 4.645454
v -23.052631 1.436940 5.277204
v -22.421551 1.208002 5.683480
v -21.763044 2.721446 5.347726
v -22.251583 2.800290 5.264782
v -21.950819 2.523271 5.499108
v -22.382874 2.187651 5.570548
v -21.367422 3.507004 5.460681
v -21.697163 3.774338 5.186662
v -21.753958 3.440919 5.719760
v -21.385174 3.384282 5.393261
v -21.408117 3.810931 5.177241
v -21.497389 3.873473 5.240966
v -22.126438 2.712371 5.553374
v -21.577194 3.096289 5.292035
v -21.702990 3.084798 5.617956
v -21.885504 2.940131 5.632942
v -21.701227 3.233276 5.641135
v -22.043999 3.078402 5.221002
v -21.857204 3.493591 5.141950
v -21.848938 2.718304 5.508029
v -21.495293 3.253004 5.545363
v -21.792576 3.195422 5.034901
v -21.716215 3.374073 5.140129
v -22.125362 2.151803 4.829492
v -21.944773 2.509145 4.888980
v -21.817011 2.533617 5.126097
v -21.926281 2.249433 5.165910
v -22.329128 2.638550 5.297602
v -22.204140 2.661386 4.958158
v -22.273369 2.465672 4.943142
v -22.131592 2.099494 5.531614
v -22.031887 2.304611 5.522451
v -22.325544 2.334196 5.579458
v -22.400908 2.359621 5.443007
v -22.303822 2.585661 5.419362
v -21.892731 2.381933 5.334488
v -22.200926 2.293348 4.851810
v -21.959833 2.144485 5.156570
v -22.199474 1.895959 5.529003
v -22.560818 1.845963 5.567237
v -22.584496 2.041884 5.242551
v -22.571466 1.801291 4.897170
v -22.334698 1.648288 4.840900
v -22.295307 1.501503 4.941153
v -22.528082 1.593657 4.854380
v -22.706274 1.719375 5.085676
v -22.643806 1.842014 5.063900
v -22.592264 1.896138 5.405180
v -20.611671 3.244954 5.848169
v -22.447681 4.156119 4.951319
v -21.464308 4.273752 4.039083
v -22.412886 4.132140 4.885388
v -20.910984 3.212246 5.660822
v -22.544174 4.075830 5.073222
v -22.443634 4.052543 4.823097
v -20.644390 3.118481 5.884147
v -20.967779 3.351076 5.685531
v -21.994892 3.921095 5.084186
v -22.188078 3.875043 5.279072
v -21.541840 4.037546 4.607025
v -21.394161 4.023860 4.478319
v -22.226658 3.740133 5.209934
v -21.112196 3.189602 5.811757
v -20.196032 3.222707 6.151173
v -21.355619 4.567225 3.526373
v -21.274343 4.670017 3.449293
v -22.780903 4.359406 4.734273
v -20.479694 3.211799 6.117165
v -22.605736 4.408530 4.760285
v -22.663992 4.321265 4.994230
v -22.615303 4.277018 4.713253
v -21.208328 4.670031 3.342445
v -22.723122 4.248375 4.900156
v -21.254366 4.713119 3.145126
v -19.954834 3.142282 6.166534
v -21.329275 4.728102 3.174130
v -21.259132 4.734046 3.191851
v -20.039318 3.082693 6.334550
v -21.328253 4.724241 3.236192
v -19.972755 3.051914 6.115108
v -21.199772 4.654611 3.249301
v -20.085222 3.166081 6.300440
v -20.023758 3.181425 6.146321
v -22.874567 4.611297 4.639669
v -22.869827 4.549699 4.867513
v -22.927288 4.516786 4.547872
v -22.978609 4.494867 4.601783
v -22.906218 4.480237 4.831288
v -22.911259 4.564849 4.565787
v -21.283524 4.651664 3.256677
v -22.923271 4.585587 4.738122
v -22.957476 4.553932 4.651427
v -19.969028 3.068751 6.242810
v -21.407564 4.470853 3.767896
v -20.192808 3.181208 5.995399
v -21.337542 4.456258 3.840628
v -21.335234 4.427614 3.734223
v -22.194204 3.779541 5.119105
v -21.909771 3.564087 5.501249
v -21.391821 4.036346 4.686647
v -21.447353 3.614146 5.777903
v -21.379908 3.985893 4.605766
v -22.229313 1.633430 5.273638
v -22.372280 1.326268 5.346382
v -22.491953 1.651885 5.561753
v -22.529305 1.524479 5.551052
v -22.692137 1.766517 5.400825
v -22.334803 2.553033 5.117845
v -22.433258 2.305538 5.085259
v -22.156080 2.444934 4.893270
v -21.993872 2.151215 5.314271
v -22.532103 2.237414 5.277913
v -21.928692 2.886967 4.968650
v -22.012703 3.289763 5.447222
v -22.124186 2.919169 5.472256
v -21.627111 3.083685 5.444854
v -21.605099 3.167673 5.178728
v -21.736086 2.820820 5.058820
v -22.148895 2.923386 5.149718
v -21.951412 2.759859 5.564341
v -21.373091 3.757142 5.389562
v -21.392157 3.908209 5.321153
v -21.425165 3.596629 5.569064
v -22.706177 4.477770 4.759541
v -21.770035 3.614578 5.662689
v -21.882534 2.496099 5.326092
v -22.055288 2.641957 4.872246
v -22.174204 2.550179 5.570454
v -21.544703 3.474564 5.169675
v -22.621162 1.309237 5.755433
v -22.987928 1.427885 4.951147
v -22.960817 1.428517 5.559003
v -22.977629 1.455210 5.266851
v -22.367298 1.280314 4.943506
v -22.167469 1.801847 5.008228
v -22.459177 2.002932 4.874821
v -21.842789 2.567835 5.010650
v -22.347111 1.921607 5.591331
v -22.141365 1.842439 5.299066
v -22.576651 3.693473 6.383419
v -22.388927 3.667625 6.252206
v -22.792210 3.802890 6.792009
v -22.524456 3.676852 6.623926
v -21.149567 3.972332 5.183520
v -21.586466 3.426988 5.977199
v -21.386393 3.489214 5.880177
v -21.053982 3.701271 5.361001
v -21.291584 3.601160 5.941412
v -22.291206 3.777353 5.722872
v -22.048170 3.492697 5.791216
v -22.087906 3.526269 5.742908
v -21.610237 3.205329 6.945743
v -21.416798 3.166779 6.655510
v -21.436119 3.100684 7.362465
v -21.452799 3.075116 6.853056
v -21.688646 3.361326 6.346274
v -21.540642 3.276860 6.425190
vn 0.8909 -0.3377 0.3038
vn -0.1160 0.0605 -0.9914
vn 0.8799 -0.3802 -0.2850
vn 0.3680 0.8036 -0.4677
vn 0.3606 0.6522 -0.6667
vn 0.7697 0.5016 0.3949
vn -0.4551 0.8607 0.2281
vn -0.6983 0.6717 0.2476
vn 0.8952 0.3115 0.3187
vn 0.2091 0.3784 0.9017
vn -0.3042 -0.1010 -0.9473
vn -0.7441 0.6190 -0.2511
vn -0.9136 0.3189 -0.2524
vn 0.8803 -0.0612 0.4705
vn -0.4202 0.0677 -0.9049
vn 0.3110 0.0391 0.9496
vn 0.8807 -0.1505 -0.4491
vn 0.8909 -0.3938 -0.2265
vn -0.7791 0.4409 -0.4457
vn -0.8936 0.2783 0.3523
vn -0.7494 0.5659 0.3437
vn -0.0907 -0.0603 0.9940
vn 0.9912 0.1044 0.0809
vn 0.6934 0.5794 0.4285
vn -0.3179 0.8228 0.4712
vn 0.9205 0.1812 0.3460
vn -0.1253 0.9468 -0.2963
vn -0.3567 -0.7757 -0.5206
vn -0.4300 -0.2300 0.8730
vn 0.4917 0.6737 -0.5517
vn 0.0189 0.9701 0.2420
vn 0.0182 0.9701 0.2422
vn 0.0187 0.9701 0.2421
vn -0.5531 -0.7414 -0.3800
vn 0.3650 0.9250 0.1058
vn 0.9363 0.3500 0.0281
vn 0.7447 -0.2677 0.6113
vn -0.9735 -0.0397 -0.2252
vn -0.2852 -0.4210 0.8611
vn -0.3592 0.1224 0.9252
vn 0.0838 0.8688 0.4881
vn 0.5470 0.6910 0.4725
vn 0.7114 0.1902 -0.6765
vn 0.0051 -0.9198 -0.3923
vn 0.6866 0.6517 0.3223
vn 0.5430 -0.7862 -0.2949
vn 0.4725 0.3381 -0.8139
vn -0.4213 -0.8156 -0.3967
vn 0.8785 -0.2651 0.3974
vn 0.8074 -0.3830 0.4488
vn 0.3202 -0.0956 0.9425
vn 0.3510 -0.2863 0.8915
vn -0.8737 0.4270 0.2332
vn -0.7548 0.5708 0.3232
vn -0.7604 0.0375 0.6484
vn -0.1180 0.1767 -0.9772
vn -0.5996 0.0394 -0.7993
vn -0.2933 0.2526 -0.9221
vn -0.3176 0.3192 -0.8929
vn 0.8024 -0.3379 -0.4918
vn 0.8427 -0.4598 -0.2799
vn 0.9135 -0.2645 -0.3091
vn 0.8328 -0.3494 -0.4293
vn 0.8563 -0.4135 -0.3095
vn -0.8279 0.3278 -0.4551
vn -0.8694 0.3847 -0.3100
vn -0.2477 0.0528 -0.9674
vn 0.8357 -0.3046 0.4570
vn 0.8356 -0.3047 0.4570
vn 0.8357 -0.3045 0.4571
vn -0.8911 0.3679 0.2658
vn -0.8077 0.5364 0.2448
vn -0.7396 0.4908 0.4606
vn 0.3672 0.1738 -0.9138
vn -0.1365 0.4230 -0.8958
vn -0.8109 0.2502 0.5291
vn -0.8793 0.2900 0.3777
vn -0.8030 0.2772 0.5276
vn -0.8057 0.2752 0.5245
vn -0.8034 0.2768 0.5271
vn 0.7970 -0.4355 0.4185
vn 0.8084 -0.3875 -0.4432
vn 0.7287 -0.1816 -0.6604
vn -0.7735 0.5130 -0.3723
vn 0.1634 0.8088 -0.5649
vn 0.9240 0.2048 0.3229
vn 0.1551 -0.3151 0.9363
vn 0.7059 0.6413 0.3008
vn 0.2741 0.1077 -0.9556
vn -0.4790 0.1528 -0.8644
vn 0.3054 0.0103 0.9522
vn -0.0053 -0.3391 0.9407
vn 0.2965 -0.0651 0.9528
vn -0.0493 0.3583 -0.9323
vn -0.2458 0.9664 -0.0756
vn 0.7282 0.6793 -0.0904
vn 0.8206 0.5394 0.1890
vn 0.0706 0.9384 0.3381
vn 0.9477 0.1148 0.2978
vn 0.1435 0.8388 -0.5252
vn 0.2139 0.9541 -0.2098
vn 0.2946 0.5476 0.7831
vn 0.3227 0.7569 0.5682
vn 0.8821 -0.3445 -0.3213
vn 0.9022 -0.3150 -0.2948
vn 0.7387 -0.5833 -0.3378
vn -0.9260 0.2703 0.2634
vn -0.7516 0.3862 0.5348
vn -0.9488 0.2119 0.2343
vn 0.7950 -0.1812 -0.5789
vn -0.5357 0.8005 -0.2687
vn -0.4111 -0.9107 -0.0401
vn -0.3273 -0.9406 -0.0907
vn -0.3431 -0.9393 -0.0066
vn 0.8678 -0.4628 0.1809
vn 0.8630 -0.4691 0.1874
vn 0.8714 -0.4580 0.1760
vn -0.4426 0.3173 -0.8387
vn -0.6969 0.2750 0.6624
vn 0.8557 -0.3670 -0.3649
vn -0.1355 0.0590 0.9890
vn -0.1368 0.0589 0.9888
vn -0.1326 0.0595 0.9894
vn 0.2746 -0.4350 0.8576
vn 0.2777 -0.4393 0.8543
vn 0.2840 -0.4483 0.8476
vn 0.0476 -0.1546 0.9868
vn 0.1432 -0.1543 0.9776
vn -0.0154 -0.1540 0.9879
vn 0.7558 -0.6403 0.1374
vn 0.7580 -0.6313 0.1640
vn 0.7599 -0.6194 0.1971
vn -0.1676 0.3513 -0.9211
vn -0.3075 0.3534 -0.8835
vn -0.3801 0.3515 -0.8556
vn -0.8096 0.2219 0.5433
vn -0.8061 0.2750 0.5240
vn -0.0080 0.3178 -0.9481
vn -0.0703 0.4010 -0.9134
vn 0.1120 0.1471 -0.9828
vn -0.8322 0.2714 0.4836
vn -0.8280 0.2754 0.4884
vn -0.8145 0.2880 0.5035
vn -0.7437 0.3992 0.5362
vn -0.7458 0.4109 0.5243
vn -0.7500 0.4377 0.4958
vn -0.1986 0.1110 -0.9738
vn -0.1554 0.1490 -0.9765
vn -0.2170 0.0945 -0.9716
vn 0.8942 -0.4208 0.1528
vn -0.3543 0.1955 -0.9145
vn -0.8197 0.5218 -0.2361
vn -0.0811 0.0415 -0.9958
vn 0.0729 -0.0568 0.9957
vn 0.0541 -0.0684 0.9962
vn 0.0198 -0.0894 0.9958
vn -0.7175 0.4913 -0.4938
vn 0.8731 -0.3191 0.3686
vn 0.8235 -0.3959 0.4062
vn 0.8237 -0.3960 0.4058
vn 0.8215 -0.3956 0.4107
vn 0.4721 -0.0659 -0.8791
vn -0.1302 -0.9903 -0.0484
vn -0.1485 -0.9885 -0.0289
vn -0.1286 -0.9904 -0.0508
vn -0.6905 -0.0486 0.7217
vn -0.6314 -0.7574 -0.1665
vn -0.6006 -0.6897 -0.4044
vn -0.7834 -0.6070 -0.1334
vn -0.0152 0.9645 -0.2635
vn -0.0662 0.9952 -0.0717
vn -0.1002 0.9929 0.0634
vn 0.6425 0.7590 0.1059
vn 0.4774 0.8551 0.2024
vn 0.7245 0.6876 0.0479
vn -0.6005 -0.0991 0.7934
vn -0.0704 -0.7619 -0.6438
vn -0.1094 -0.8426 -0.5274
vn -0.1254 -0.8717 -0.4738
vn -0.4331 -0.8978 -0.0795
vn -0.5565 -0.8303 0.0292
vn -0.3732 -0.9190 -0.1275
vn -0.5508 -0.5829 0.5974
vn -0.4482 -0.4919 0.7464
vn -0.3937 -0.4422 0.8058
vn -0.7153 -0.1985 0.6700
vn 0.5752 0.3617 -0.7337
vn 0.6350 0.2262 -0.7386
vn 0.6566 0.1659 -0.7357
vn 0.4497 0.3727 -0.8117
vn 0.0178 0.9700 0.2423
vn 0.6375 0.4648 -0.6145
vn 0.6292 0.4586 -0.6275
vn 0.6397 0.4665 -0.6109
vn 0.5063 0.1478 -0.8496
vn -0.2030 -0.8799 -0.4297
vn -0.1512 -0.9053 -0.3968
vn -0.3600 -0.7742 -0.5206
vn -0.1444 -0.9254 -0.3504
vn -0.0631 -0.9270 -0.3698
vn -0.0012 -0.9239 -0.3827
vn 0.4557 0.8844 0.1015
vn 0.4782 0.8656 0.1482
vn 0.4384 0.8962 0.0675
vn 0.3910 0.8369 0.3830
vn 0.5459 0.8241 0.1510
vn 0.5628 0.8178 0.1203
vn 0.3746 0.9010 0.2187
vn 0.3980 0.8919 0.2147
vn 0.3355 0.9148 0.2249
vn 0.2345 0.9649 0.1178
vn 0.2337 0.9719 0.0273
vn 0.2339 0.9539 0.1882
vn 0.9938 -0.0501 0.0996
vn -0.5767 0.8049 -0.1398
vn -0.5767 0.8051 -0.1385
vn -0.5744 0.8155 -0.0712
vn 0.5911 0.7569 -0.2787
vn -0.7648 0.5024 -0.4032
vn -0.7489 0.5237 -0.4062
vn -0.8204 0.4187 -0.3894
vn -0.8895 0.4214 -0.1764
vn -0.8913 0.4149 -0.1830
vn -0.8958 0.3958 -0.2021
vn 0.5229 -0.8231 0.2216
vn 0.5799 -0.7035 0.4108
vn 0.4749 -0.8742 0.1014
vn 0.8661 -0.4821 -0.1320
vn 0.9935 -0.0831 0.0779
vn 0.9940 -0.0691 0.0849
vn 0.9812 -0.1928 -0.0032
vn -0.9069 0.4077 0.1066
vn -0.1784 0.9174 0.3558
vn -0.4210 -0.6984 -0.5788
vn -0.4396 -0.7624 -0.4748
vn -0.4500 -0.8067 -0.3832
vn -0.5929 -0.6712 -0.4449
vn -0.5891 -0.6539 -0.4748
vn -0.7160 -0.1392 0.6840
vn -0.7544 -0.1471 0.6398
vn -0.7794 -0.1522 0.6078
vn -0.7805 -0.2240 0.5837
vn -0.8066 -0.3986 0.4366
vn -0.7666 -0.1754 0.6177
vn 0.3555 -0.4620 -0.8125
vn 0.3584 0.0236 -0.9333
vn 0.3554 0.0565 -0.9330
vn 0.3000 0.8109 -0.5024
vn 0.3317 0.6875 -0.6460
vn 0.2981 0.8163 -0.4948
vn 0.6008 0.6663 0.4417
vn 0.6535 0.2123 -0.7265
vn 0.7212 0.2322 -0.6527
vn -0.2174 -0.8211 -0.5278
vn -0.2419 -0.8198 -0.5190
vn -0.2473 -0.8189 -0.5180
vn -0.2268 -0.8216 -0.5230
vn -0.2274 -0.8186 -0.5275
vn -0.6022 -0.5806 -0.5480
vn -0.9776 0.2094 0.0211
vn -0.9954 0.0812 -0.0499
vn -0.9963 0.0600 -0.0615
vn -0.0390 -0.9877 -0.1511
vn 0.0112 -0.9237 -0.3829
vn 0.0158 -0.9150 -0.4031
vn -0.5687 -0.7809 -0.2584
vn -0.5555 -0.7156 -0.4235
vn -0.5445 -0.6808 -0.4899
vn -0.1446 -0.9888 -0.0372
vn -0.1418 -0.9893 -0.0343
vn -0.3873 -0.7959 -0.4653
vn -0.4206 -0.8130 -0.4027
vn -0.4253 -0.8151 -0.3934
vn -0.3177 0.3428 0.8840
vn -0.3999 0.2064 0.8930
vn -0.3122 0.3513 0.8827
vn -0.7363 -0.5203 0.4325
vn -0.7238 -0.4844 0.4915
vn -0.7229 -0.4822 0.4950
vn 0.5020 0.7804 0.3728
vn 0.8893 -0.4467 -0.0980
vn 0.6922 -0.6718 -0.2637
vn 0.8976 -0.4319 -0.0879
vn 0.9903 -0.0264 0.1361
vn 0.9890 -0.0036 0.1479
vn -0.8793 0.4703 0.0756
vn 0.5546 0.3577 -0.7513
vn 0.5575 0.3395 -0.7576
vn 0.5580 0.3361 -0.7587
vn 0.3830 -0.0015 -0.9237
vn 0.4693 0.0319 -0.8824
vn 0.3132 -0.0274 -0.9493
vn -0.4403 -0.7687 -0.4640
vn -0.4590 -0.7620 -0.4569
vn -0.4661 -0.7593 -0.4541
vn 0.5458 0.3754 -0.7491
vn -0.2312 -0.8610 -0.4530
vn 0.8423 -0.4073 0.3529
vn 0.8905 -0.3762 0.2560
vn 0.8238 -0.4167 0.3845
vn 0.8238 -0.3960 0.4055
vn 0.0338 -0.1375 0.9899
vn 0.0187 -0.1000 0.9948
vn 0.0512 -0.1805 0.9822
vn 0.0318 -0.0170 0.9994
vn -0.8458 0.4514 0.2843
vn -0.8031 0.4999 0.3243
vn -0.7564 0.5449 0.3620
vn 0.2660 0.0325 0.9634
vn 0.2613 -0.1566 0.9525
vn -0.8141 0.2786 0.5095
vn -0.8443 0.2574 -0.4699
vn -0.8294 0.2764 -0.4855
vn -0.8765 0.2121 -0.4321
vn -0.6743 0.4787 0.5623
vn -0.8633 0.4225 -0.2760
vn -0.8670 0.4181 -0.2710
vn -0.8794 0.4029 -0.2536
vn -0.8684 0.3620 -0.3389
vn -0.8676 0.3635 -0.3393
vn -0.8727 0.3537 -0.3365
vn 0.8154 -0.3834 -0.4337
vn 0.8243 -0.3682 -0.4301
vn 0.8444 -0.3316 -0.4208
vn 0.1101 0.1061 -0.9882
vn 0.8975 -0.3125 -0.3113
vn 0.7782 -0.1982 -0.5959
vn 0.6569 -0.4120 -0.6315
vn 0.6363 -0.3113 -0.7058
vn -0.7978 0.3842 -0.4646
vn -0.8001 0.3860 -0.4592
vn -0.7972 0.3790 -0.4699
vn 0.7713 -0.3416 -0.5371
vn -0.8979 0.4029 -0.1772
vn -0.8996 0.3929 -0.1907
vn -0.8965 0.4103 -0.1669
vn -0.8005 0.3895 -0.4555
vn -0.8031 0.3771 -0.4613
vn 0.2081 0.0872 0.9742
vn 0.2554 0.1427 0.9562
vn 0.2772 0.1685 0.9459
vn 0.1910 0.0654 0.9794
vn 0.1942 0.0290 0.9805
vn 0.1719 0.2397 0.9555
vn 0.1648 -0.2182 0.9619
vn -0.0491 0.2259 -0.9729
vn -0.0259 0.1995 -0.9796
vn -0.1080 0.2919 -0.9503
vn 0.3812 -0.3407 0.8595
vn -0.3601 0.3142 -0.8784
vn -0.3679 0.3100 -0.8767
vn -0.4021 0.2911 -0.8681
vn 0.7945 -0.4566 0.4004
vn 0.7605 -0.5568 0.3340
vn 0.8195 -0.3214 0.4745
vn -0.2515 0.0183 -0.9677
vn -0.2383 0.2349 -0.9423
vn 0.8390 -0.3535 0.4137
vn 0.9097 -0.2371 0.3408
vn 0.9347 -0.1824 0.3051
vn 0.8422 -0.4802 0.2450
vn 0.8375 -0.4845 0.2526
vn 0.8650 -0.4575 0.2062
vn 0.9250 -0.3147 0.2131
vn -0.8825 0.2249 0.4130
vn -0.8825 0.2287 0.4109
vn -0.8810 0.1811 0.4372
vn -0.8469 0.4004 0.3499
vn 0.2162 0.4253 -0.8789
vn 0.0395 0.1931 -0.9804
vn 0.0434 0.3463 -0.9371
vn 0.6431 -0.6830 0.3463
vn 0.6701 -0.6680 0.3237
vn 0.6145 -0.6974 0.3689
vn 0.8537 -0.3990 0.3348
vn 0.8550 -0.4613 0.2371
vn 0.8525 -0.4830 0.1997
vn 0.8607 -0.4272 0.2771
vn 0.8443 -0.4434 0.3009
vn 0.8764 -0.4102 0.2524
vn 0.9193 -0.2518 -0.3024
vn 0.9018 -0.2532 -0.3502
vn 0.8899 -0.2538 -0.3790
vn 0.7552 -0.0401 -0.6543
vn 0.7724 -0.0682 -0.6315
vn 0.7494 -0.0311 -0.6614
vn -0.7818 0.5407 -0.3106
vn -0.7274 0.5820 -0.3635
vn -0.6406 0.6332 -0.4344
vn 0.9024 -0.3272 -0.2806
vn -0.9196 0.1744 -0.3520
vn -0.8099 0.4803 -0.3367
vn 0.2002 -0.1714 0.9646
vn 0.1281 -0.1662 0.9777
vn 0.2335 -0.1735 0.9568
vn -0.8538 0.3667 -0.3696
vn -0.8403 0.4958 -0.2195
vn 0.0517 -0.3744 0.9258
vn 0.0479 -0.3753 0.9257
vn 0.0570 -0.3732 0.9260
vn 0.3297 -0.3241 0.8867
vn 0.0117 -0.2658 0.9640
vn 0.3892 -0.2439 0.8883
vn -0.0156 0.9827 -0.1848
vn 0.0374 0.9939 0.1041
vn 0.0192 0.9934 0.1130
vn 0.9335 -0.1958 -0.3003
vn 0.9216 -0.2739 -0.2749
vn 0.8984 -0.3671 -0.2412
vn 0.9873 0.0574 -0.1483
vn 0.9327 0.3244 0.1575
vn 0.9766 0.1796 0.1187
vn 0.9095 0.3785 0.1716
vn 0.6119 0.7121 0.3441
vn 0.6173 0.7373 0.2745
vn 0.6101 0.7054 0.3607
vn 0.0197 -0.3729 0.9277
vn 0.5001 0.6995 0.5105
vn 0.7522 0.6262 0.2050
vn 0.7665 0.6164 0.1803
vn 0.8492 0.0626 -0.5243
vn 0.8465 0.0862 -0.5253
vn 0.8551 -0.0294 -0.5176
vn 0.7820 -0.2106 -0.5867
vn 0.7665 -0.2303 -0.5995
vn 0.8076 -0.1755 -0.5630
vn 0.6724 -0.1537 -0.7240
vn -0.8204 0.1994 0.5359
vn -0.8035 0.2170 0.5543
vn -0.7694 0.2498 0.5878
vn -0.7517 0.4960 0.4347
vn -0.7520 0.4958 0.4343
vn -0.7198 0.5124 0.4683
vn -0.5513 0.2140 0.8064
vn 0.8770 -0.1652 0.4512
vn 0.8858 -0.1482 0.4398
vn 0.9258 -0.0552 0.3740
vn -0.5540 0.5679 0.6087
vn 0.7985 -0.4606 0.3875
vn 0.9637 -0.1380 0.2285
vn 0.9579 -0.1580 0.2397
vn 0.9401 -0.2099 0.2686
vn -0.8612 0.3995 -0.3142
vn -0.8435 0.4281 -0.3244
vn -0.8824 0.3621 -0.3005
vn 0.0143 -0.1133 -0.9935
vn 0.0946 0.1132 -0.9891
vn 0.0946 0.1115 -0.9893
vn 0.0942 0.1040 -0.9901
vn -0.7800 0.5743 -0.2486
vn 0.3895 0.8922 0.2287
vn 0.4842 0.8121 0.3255
vn 0.3507 0.9170 0.1900
vn 0.4371 0.2473 0.8647
vn 0.0206 0.9955 -0.0921
vn 0.0073 0.9942 -0.1076
vn 0.0002 0.9933 -0.1158
vn 0.2103 0.8991 0.3840
vn 0.7784 0.5739 -0.2543
vn 0.7783 0.5741 -0.2543
vn 0.7782 0.5741 -0.2543
vn 0.2182 0.9727 0.0795
vn 0.1160 0.9647 0.2364
vn 0.0909 0.9556 0.2803
vn 0.1284 0.9683 0.2142
vn 0.9063 0.3513 0.2349
vn 0.7081 0.6790 0.1936
vn -0.4788 0.7191 0.5036
vn -0.1910 0.9743 0.1193
vn -0.1511 0.9848 0.0853
vn -0.2160 0.9662 0.1406
vn 0.8146 0.3630 -0.4523
vn 0.8752 0.1955 -0.4425
vn 0.8999 0.0815 -0.4284
vn -0.4243 0.8898 -0.1683
vn -0.5729 0.7670 -0.2889
vn 0.9581 0.0357 -0.2844
vn 0.9606 0.0145 -0.2776
vn 0.9618 0.0027 -0.2738
vn -0.3997 0.7848 0.4736
vn -0.4550 0.7114 0.5355
vn -0.3737 0.8141 0.4445
vn 0.0643 0.6489 -0.7582
vn -0.0940 0.5256 -0.8455
vn 0.1531 0.7052 -0.6922
vn -0.3691 0.9216 0.1200
vn 0.9092 0.3845 0.1599
vn 0.8891 0.2264 0.3978
vn -0.8020 0.3767 -0.4636
vn -0.8093 0.3800 -0.4479
vn 0.3295 0.6341 -0.6996
vn 0.2151 0.8710 -0.4416
vn 0.3320 0.7861 -0.5214
vn 0.3956 0.7264 0.5620
vn 0.7768 -0.3743 -0.5064
vn -0.1940 -0.1415 -0.9707
vn -0.8550 0.4629 -0.2340
vn -0.8634 0.4536 -0.2208
vn -0.8753 0.4396 -0.2012
vn -0.8876 0.3634 0.2832
vn -0.8745 0.3812 0.2999
vn -0.9370 0.2812 0.2072
vn -0.9207 0.2933 -0.2575
vn 0.4278 -0.0649 0.9016
vn 0.4671 -0.0320 0.8836
vn 0.5206 0.0150 0.8537
vn 0.3285 -0.2919 0.8983
vn 0.8035 -0.5021 0.3199
vn 0.9265 -0.2493 0.2819
vn 0.9230 -0.2812 0.2629
vn -0.3481 -0.9117 0.2181
vn -0.3789 -0.9251 0.0264
vn -0.8298 -0.5119 -0.2223
vn -0.3855 -0.9201 -0.0690
vn -0.3836 -0.6905 -0.6132
vn -0.1489 -0.9823 -0.1137
vn -0.2920 -0.9553 -0.0469
vn -0.2588 -0.9656 -0.0245
vn 0.8592 -0.4741 0.1926
vn -0.1446 0.0577 0.9878
vn 0.2689 -0.4269 0.8634
vn 0.2011 -0.1534 0.9675
vn 0.7525 -0.6497 0.1075
vn -0.1218 0.3491 -0.9292
vn -0.1974 0.5588 -0.8054
vn -0.8407 0.2630 0.4734
vn -0.7389 0.3759 0.5593
vn -0.1111 0.1871 -0.9760
vn 0.1047 -0.0370 0.9938
vn 0.0253 0.9133 -0.4065
vn 0.3942 0.8861 0.2437
vn -0.0620 -0.7426 -0.6668
vn -0.5932 -0.8025 0.0646
vn -0.1729 0.2898 0.9413
vn -0.5906 -0.6168 0.5204
vn 0.5576 0.3955 -0.7298
vn 0.6276 0.4574 -0.6299
vn 0.0084 -0.9577 -0.2875
vn -0.1881 -0.9218 -0.3389
vn 0.5028 0.8404 0.2023
vn 0.3748 0.8348 0.4034
vn 0.4363 0.8755 0.2078
vn 0.2303 0.9700 -0.0776
vn -0.5763 0.7897 -0.2103
vn -0.6891 0.5947 -0.4142
vn -0.8828 0.4443 -0.1528
vn 0.6037 -0.5769 0.5502
vn 0.8496 -0.5082 -0.1415
vn -0.3951 -0.6215 -0.6765
vn -0.6840 -0.1327 0.7173
vn -0.8060 -0.4488 0.3860
vn 0.3534 -0.4796 -0.8031
vn 0.3326 0.6828 -0.6505
vn -0.9738 0.2253 0.0300
vn -0.0440 -0.9909 -0.1272
vn -0.5691 -0.7903 -0.2271
vn -0.3796 -0.7915 -0.4790
vn -0.3693 -0.2075 0.9058
vn -0.4034 -0.4398 0.8024
vn -0.4090 0.1897 0.8926
vn -0.7377 -0.5248 0.4248
vn 0.6645 -0.6926 -0.2806
vn 0.5541 0.3603 -0.7504
vn 0.5131 0.0495 -0.8569
vn -0.4338 -0.7709 -0.4663
vn 0.9024 -0.3662 0.2272
vn 0.0055 -0.0673 0.9977
vn -0.8944 0.3840 0.2293
vn -0.7970 0.3144 -0.5158
vn -0.8537 0.4334 -0.2887
vn -0.8636 0.3710 -0.3415
vn 0.7970 -0.4131 -0.4406
vn -0.9007 0.3848 -0.2015
vn 0.1973 0.0746 0.9775
vn 0.2055 -0.1393 0.9687
vn 0.0084 0.1601 -0.9871
vn -0.3175 0.3364 -0.8866
vn 0.7475 -0.5864 0.3121
vn 0.7602 -0.4490 0.4696
vn 0.8211 -0.4987 0.2777
vn -0.8809 0.2867 0.3767
vn 0.6896 -0.6561 0.3065
vn 0.8496 -0.3710 0.3748
vn 0.8346 -0.4524 0.3142
vn 0.9252 -0.2511 -0.2844
vn 0.7785 -0.0787 -0.6227
vn -0.8094 0.5161 -0.2801
vn 0.0873 -0.1628 0.9828
vn 0.0441 -0.3762 0.9255
vn 0.9387 -0.1271 -0.3206
vn 0.9902 0.1005 0.0968
vn 0.6185 0.7459 0.2471
vn 0.4789 0.7004 0.5292
vn 0.8333 0.1687 -0.5265
vn 0.7246 -0.2796 -0.6299
vn -0.8636 0.1490 0.4816
vn -0.8070 0.4616 0.3683
vn 0.8360 -0.2344 0.4962
vn 0.9788 -0.0733 0.1914
vn -0.8199 0.4631 -0.3367
vn 0.0954 0.1275 -0.9872
vn 0.5225 0.7702 0.3659
vn 0.0249 0.9959 -0.0870
vn 0.7785 0.5738 -0.2543
vn 0.0800 0.9509 0.2991
vn -0.1386 0.9875 0.0747
vn 0.7525 0.4807 -0.4502
vn 0.9556 0.0529 -0.2898
vn -0.4751 0.6804 0.5579
vn -0.1841 0.4423 -0.8778
vn -0.7953 0.3812 -0.4713
vn -0.8364 0.4818 -0.2614
vn -0.7982 0.4671 0.3805
vn 0.3701 -0.1111 0.9223
vn -0.7124 -0.5780 -0.3980
vn -0.4121 -0.9108 0.0265
vn -0.6151 -0.7862 0.0596
vn -0.1593 -0.9867 -0.0336
s 1
usemtl Material.061
f 226//1 3//1 126//1
f 71//2 6//2 223//2
f 74//3 63//3 222//3
f 78//4 87//4 85//4
f 70//5 80//5 78//5
f 191//6 8//6 75//6
f 220//7 77//7 66//7
f 88//8 84//8 219//8
f 89//9 82//9 75//9
f 217//10 11//10 83//10
f 95//11 46//11 216//11
f 26//12 105//12 206//12
f 201//13 49//13 106//13
f 90//14 13//14 107//14
f 32//15 124//15 71//15
f 118//16 33//16 64//16
f 111//17 125//17 74//17
f 131//18 36//18 1//18
f 134//19 42//19 129//19
f 194//20 41//20 65//20
f 135//21 40//21 194//21
f 225//22 127//22 192//22
f 187//23 98//23 189//23
f 159//24 153//24 183//24
f 183//25 56//25 181//25
f 180//26 162//26 58//26
f 59//27 178//27 179//27
f 177//28 163//28 161//28
f 52//29 172//29 175//29
f 51//30 170//30 182//30
f 56//31 153//32 166//33
f 152//34 163//34 177//34
f 172//35 178//35 59//35
f 168//36 60//36 159//36
f 180//37 58//37 165//37
f 181//38 56//38 152//38
f 45//39 28//39 155//39
f 15//40 157//40 141//40
f 183//41 153//41 56//41
f 17//42 183//42 19//42
f 139//43 158//43 156//43
f 27//44 143//44 140//44
f 187//45 99//45 98//45
f 16//46 189//46 148//46
f 140//47 144//47 136//47
f 138//48 148//48 147//48
f 190//49 37//49 38//49
f 191//50 38//50 2//50
f 37//51 192//51 38//51
f 37//52 225//52 192//52
f 194//53 40//53 41//53
f 127//54 135//54 194//54
f 4//55 65//55 66//55
f 129//56 130//56 132//56
f 43//57 129//57 132//57
f 69//58 132//58 70//58
f 43//59 132//59 69//59
f 6//60 222//60 130//60
f 131//61 1//61 73//61
f 125//62 112//62 114//62
f 111//63 112//63 125//63
f 74//64 125//64 63//64
f 117//65 195//65 116//65
f 199//66 196//66 68//66
f 71//67 111//67 6//67
f 198//68 33//69 118//68
f 3//70 198//68 118//68
f 31//71 121//71 115//71
f 199//72 121//72 31//72
f 93//73 199//73 67//73
f 109//74 21//74 22//74
f 214//75 14//75 200//75
f 201//76 24//76 49//76
f 202//77 201//77 26//77
f 202//78 23//79 201//80
f 90//81 107//81 92//81
f 101//82 204//82 47//82
f 224//83 22//83 205//83
f 26//84 201//84 105//84
f 99//85 209//85 98//85
f 94//86 18//86 210//86
f 104//87 96//87 24//87
f 211//88 52//88 157//88
f 112//89 214//89 22//89
f 116//90 214//90 197//90
f 215//91 92//91 100//91
f 34//92 215//92 35//92
f 34//93 92//93 215//93
f 110//94 216//94 21//94
f 220//95 218//95 88//95
f 7//96 10//96 221//96
f 7//97 75//97 10//97
f 66//98 79//98 4//98
f 1//99 191//99 7//99
f 70//100 81//100 69//100
f 9//101 78//101 12//101
f 2//102 79//102 8//102
f 4//103 79//103 2//103
f 222//104 63//104 36//104
f 224//105 13//105 113//105
f 112//106 224//106 113//106
f 127//107 67//107 135//107
f 93//108 67//108 127//108
f 67//109 199//109 128//109
f 112//110 22//110 224//110
f 220//111 81//111 9//111
f 10//112 11//113 12//114
f 90//115 113//116 13//117
f 214//118 116//118 14//118
f 122//119 215//119 100//119
f 216//120 46//120 18//120
f 225//121 93//122 127//123
f 29//124 207//125 107//126
f 104//127 102//128 50//129
f 47//130 203//131 101//132
f 200//133 20//134 109//135
f 100//136 23//136 202//136
f 201//80 23//79 24//137
f 110//138 20//139 106//140
f 121//141 93//142 120//143
f 35//144 121//145 120//146
f 130//147 42//148 6//149
f 114//150 30//150 123//150
f 117//151 116//151 197//151
f 196//152 199//152 31//152
f 132//153 130//153 72//153
f 39//154 193//155 192//156
f 133//157 43//157 69//157
f 191//158 190//158 38//158
f 190//159 226//160 37//161
f 140//162 47//162 97//162
f 108//163 150//164 50//165
f 149//166 49//166 186//166
f 185//167 142//167 106//167
f 184//168 181//168 152//168
f 160//169 57//169 154//169
f 164//170 163//171 166//172
f 164//173 159//174 60//175
f 175//176 172//176 59//176
f 54//177 174//178 173//179
f 174//180 57//181 61//182
f 175//183 57//184 52//185
f 175//186 59//186 61//186
f 170//187 55//188 182//189
f 167//190 170//190 162//190
f 166//33 153//32 164//191
f 171//192 54//193 176//194
f 54//195 173//195 176//195
f 60//196 177//197 161//198
f 53//199 177//200 168//201
f 172//202 211//203 178//204
f 171//205 211//206 156//207
f 58//208 170//209 169//210
f 170//211 151//212 169//213
f 159//214 53//214 168//214
f 171//215 179//216 178//217
f 60//218 161//218 164//218
f 173//219 179//220 176//221
f 179//222 61//223 59//224
f 180//225 62//226 167//227
f 17//228 53//229 159//230
f 167//231 162//231 180//231
f 138//232 19//232 181//232
f 19//233 183//233 181//233
f 154//234 158//235 160//236
f 142//237 160//237 158//237
f 142//238 25//238 160//238
f 52//239 160//240 157//241
f 160//242 141//243 157//244
f 27//245 182//246 55//247
f 182//248 136//249 51//250
f 17//251 159//251 183//251
f 156//252 158//252 54//252
f 139//253 142//253 158//253
f 184//254 16//255 138//256
f 53//257 184//254 152//258
f 138//259 181//259 184//259
f 166//260 152//261 56//262
f 108//263 140//264 143//265
f 106//266 149//267 185//268
f 28//269 150//164 143//270
f 185//271 25//272 142//273
f 146//274 141//275 186//276
f 141//277 149//278 186//279
f 17//280 19//280 187//280
f 46//281 189//282 98//283
f 189//284 17//228 187//285
f 19//286 138//286 147//286
f 144//287 97//288 94//289
f 106//290 145//291 95//292
f 46//293 147//294 148//295
f 142//296 139//296 145//296
f 138//297 16//297 148//297
f 190//298 1//299 36//300
f 36//301 226//160 190//159
f 4//302 193//303 65//304
f 192//305 127//305 39//305
f 41//306 66//307 65//308
f 2//309 38//309 193//309
f 38//310 192//310 193//310
f 39//311 127//311 194//311
f 43//312 134//313 129//314
f 65//315 39//315 194//315
f 133//316 40//317 134//318
f 69//319 41//320 133//321
f 30//322 112//323 113//324
f 70//325 132//325 72//325
f 131//326 222//326 36//326
f 130//327 222//327 131//327
f 72//328 131//328 73//328
f 72//329 130//329 131//329
f 117//330 196//331 195//332
f 6//333 111//333 74//333
f 195//334 31//335 115//336
f 32//337 68//338 196//331
f 35//339 119//340 34//341
f 33//342 93//343 64//344
f 33//345 119//345 120//345
f 112//346 124//347 197//348
f 64//349 3//349 118//349
f 117//350 124//351 32//352
f 119//353 123//354 34//355
f 111//356 71//356 124//356
f 223//357 32//357 71//357
f 119//358 198//359 114//360
f 198//361 63//362 125//363
f 198//364 125//364 114//364
f 202//365 91//366 100//367
f 115//368 121//368 122//368
f 109//369 110//369 21//369
f 200//370 109//370 22//370
f 22//371 214//371 200//371
f 50//372 203//373 108//374
f 203//375 29//376 107//377
f 203//378 13//379 101//380
f 13//381 204//382 101//383
f 204//384 22//385 21//386
f 105//387 14//388 206//389
f 224//390 205//390 13//390
f 20//391 201//391 106//391
f 105//392 201//392 20//392
f 24//393 103//394 104//395
f 14//396 91//396 206//396
f 91//397 26//397 206//397
f 23//398 207//399 103//400
f 29//401 102//401 103//401
f 92//402 207//402 100//402
f 92//403 107//403 207//403
f 155//404 151//404 51//404
f 136//405 155//405 51//405
f 136//406 45//406 155//406
f 208//407 46//408 98//409
f 208//410 98//410 209//410
f 210//411 44//412 94//413
f 157//414 137//415 211//416
f 50//417 44//417 104//417
f 156//418 137//419 139//420
f 94//421 216//422 18//423
f 216//424 47//425 204//426
f 204//427 21//427 216//427
f 186//428 24//429 212//430
f 91//431 122//432 100//433
f 24//434 96//434 212//434
f 92//435 123//436 213//437
f 35//438 215//438 122//438
f 213//439 90//439 92//439
f 213//440 30//441 113//442
f 91//443 116//444 115//445
f 197//446 214//446 112//446
f 216//447 106//448 95//449
f 195//450 115//450 116//450
f 217//451 8//452 76//453
f 217//454 83//454 89//454
f 218//455 9//456 12//457
f 76//458 11//458 217//458
f 87//459 221//460 10//461
f 87//462 10//462 86//462
f 219//463 76//464 77//465
f 10//466 75//466 82//466
f 8//467 89//467 75//467
f 11//468 219//468 84//468
f 88//469 77//470 220//471
f 80//472 73//473 221//474
f 5//475 69//475 220//475
f 69//476 81//476 220//476
f 221//477 1//478 7//479
f 77//480 79//481 66//482
f 78//483 81//484 70//485
f 5//486 220//486 66//486
f 7//487 191//487 75//487
f 2//488 8//488 191//488
f 42//489 68//338 223//490
f 72//491 80//491 70//491
f 78//492 85//492 12//492
f 80//493 87//493 78//493
f 8//494 79//494 76//494
f 6//495 74//495 222//495
f 42//496 223//496 6//496
f 134//497 128//498 68//499
f 128//500 135//501 67//502
f 128//503 199//503 68//503
f 64//504 126//505 3//506
f 37//507 126//507 225//507
f 226//508 126//508 37//508
f 36//509 63//509 226//509
f 63//510 3//510 226//510
f 12//114 85//511 87//512
f 10//112 82//513 89//514
f 89//514 83//515 11//113
f 11//113 84//516 88//517
f 88//517 218//518 12//114
f 12//114 87//512 10//112
f 10//112 89//514 11//113
f 11//113 88//517 12//114
f 90//115 213//519 113//116
f 225//121 64//520 93//122
f 29//124 103//521 207//125
f 104//127 103//522 102//128
f 47//130 108//523 203//131
f 200//133 14//524 20//134
f 110//138 109//525 20//139
f 121//141 199//526 93//142
f 35//144 122//527 121//145
f 130//147 129//528 42//148
f 39//154 65//529 193//155
f 108//163 143//270 150//164
f 164//170 161//530 163//171
f 164//173 153//531 159//174
f 54//177 154//532 174//178
f 174//180 154//533 57//181
f 165//534 58//534 169//534
f 175//183 61//535 57//184
f 170//187 167//536 55//188
f 171//192 156//537 54//193
f 60//196 168//538 177//197
f 53//199 152//539 177//200
f 172//202 52//540 211//203
f 171//205 178//541 211//206
f 58//208 162//542 170//209
f 170//211 51//543 151//212
f 171//215 176//544 179//216
f 173//219 174//545 179//220
f 179//222 174//546 61//223
f 180//225 165//547 62//226
f 17//228 16//548 53//229
f 154//234 54//549 158//235
f 52//239 57//550 160//240
f 160//242 25//551 141//243
f 27//245 140//552 182//246
f 182//248 140//553 136//249
f 184//254 53//257 16//255
f 166//260 163//554 152//261
f 108//263 47//555 140//264
f 106//266 49//556 149//267
f 185//271 149//557 25//272
f 44//558 50//558 150//558
f 150//559 28//559 45//559
f 146//274 15//560 141//275
f 141//277 25//561 149//278
f 46//281 148//562 189//282
f 189//284 16//548 17//228
f 144//287 140//563 97//288
f 106//290 142//564 145//291
f 46//293 95//565 147//294
f 190//298 191//566 1//299
f 4//302 2//567 193//303
f 41//306 5//568 66//307
f 43//312 133//569 134//313
f 133//316 41//570 40//317
f 69//319 5//571 41//320
f 30//322 114//572 112//323
f 117//330 32//337 196//331
f 195//334 196//573 31//335
f 32//337 223//490 68//338
f 35//339 120//574 119//340
f 33//342 120//575 93//343
f 112//346 111//576 124//347
f 117//350 197//577 124//351
f 119//353 114//578 123//354
f 119//358 33//579 198//359
f 198//361 3//580 63//362
f 202//365 26//581 91//366
f 50//372 102//582 203//373
f 203//375 102//583 29//376
f 203//378 107//584 13//379
f 13//381 205//585 204//382
f 204//384 205//586 22//385
f 105//387 20//587 14//388
f 24//393 23//588 103//394
f 23//398 100//589 207//399
f 208//407 18//590 46//408
f 210//411 188//591 44//412
f 157//414 15//592 137//415
f 156//418 211//593 137//419
f 94//421 97//594 216//422
f 216//424 97//595 47//425
f 186//428 49//596 24//429
f 91//431 115//597 122//432
f 92//435 34//598 123//436
f 213//440 123//599 30//441
f 91//443 14//600 116//444
f 216//447 110//601 106//448
f 217//451 89//602 8//452
f 218//455 220//603 9//456
f 87//459 80//604 221//460
f 219//463 11//605 76//464
f 88//469 219//606 77//470
f 80//472 72//607 73//473
f 221//477 73//608 1//478
f 77//480 76//609 79//481
f 78//483 9//610 81//484
f 42//489 134//611 68//338
f 134//497 40//612 128//498
f 128//500 40//613 135//501
f 64//504 225//614 126//505
usemtl Material.062
f 242//615 239//615 240//615
f 229//616 227//616 230//616
f 241//617 239//617 242//617
f 228//618 230//618 227//618
l 237 238
l 232 243
l 233 235
l 243 244
l 48 188
l 231 234
l 240 244
o Cylinder.002
v -27.721907 6.003215 -5.763925
v -27.869389 6.002064 -5.363822
v -27.592251 6.655948 -5.414479
v -28.117159 6.086264 -5.351899
v -28.270372 6.132220 -5.659471
v -27.671898 6.563308 -6.069391
v -27.709183 5.895788 -5.742014
v -27.869486 5.933494 -5.313404
v -28.230888 6.033084 -6.095285
v -27.616928 5.794820 -5.824884
v -28.238949 5.973776 -5.104635
v -28.277279 6.018456 -6.192536
v -27.179340 7.499889 -5.707056
v -27.603441 7.508203 -5.941916
v -28.042027 8.773174 -5.828729
v -26.911839 8.953114 -6.949874
v -26.890608 8.972025 -6.886299
v -26.909340 8.298371 -5.500894
v -27.025660 9.005592 -6.786839
v -27.404156 7.934445 -5.822083
v -27.194914 7.940969 -5.836958
v -27.297718 7.559779 -5.952219
v -27.489096 7.624279 -5.276835
v -27.357651 7.986688 -5.236567
v -28.114813 8.661279 -5.922608
v -27.660149 7.641386 -5.584577
v -26.124514 7.889925 -5.120880
v -26.080873 7.855832 -4.920640
v -27.257036 7.568604 -5.356468
v -27.325871 7.069205 -5.764629
v -27.914534 7.007338 -5.637564
v -27.810684 6.941885 -5.992995
v -27.530199 6.879372 -5.406320
v -27.459105 7.031006 -5.415372
v -27.714893 7.155753 -5.363047
v -27.564955 6.395120 -5.735877
v -27.739023 6.349759 -5.401722
v -27.781509 6.175025 -5.399434
v -28.040897 6.311281 -5.335944
v -28.116386 6.511481 -5.657851
v -28.217974 6.275536 -5.661431
v -27.977535 6.516980 -5.997217
v -28.041456 6.330087 -5.983119
v -26.959677 8.243455 -5.176888
v -26.126022 7.968892 -4.877486
v -27.014544 8.381189 -5.812289
v -26.965508 7.972716 -5.568429
v -26.953979 8.395239 -5.130348
v -27.473875 8.142994 -5.470981
v -27.061182 7.950459 -5.285489
v -25.655872 7.980717 -4.900667
v -28.356628 9.103118 -6.017724
v -26.849001 9.248987 -7.453526
v -28.338270 9.060760 -6.275869
v -25.669302 7.894382 -4.958655
v -26.972212 9.355413 -7.477785
v -28.414879 9.020969 -6.089017
v -25.503174 7.918417 -4.637159
v -28.565916 9.206676 -6.116735
v -26.840164 9.375266 -7.787921
v -28.594326 9.094490 -6.183498
v -25.530823 7.815816 -4.671404
v -27.512747 6.594768 -5.774048
v -27.745214 6.709115 -5.320634
v -28.098581 6.215598 -5.330986
v -28.219995 6.129800 -5.468211
v -27.970104 6.747688 -5.474399
v -27.966528 6.734450 -5.858841
v -28.140276 6.136961 -6.008110
v -28.005713 6.084647 -6.068660
v -27.697380 6.817346 -6.053835
v -27.878504 6.035727 -6.062831
v -27.781490 6.007600 -5.945296
v -27.523584 6.719244 -5.945082
v -27.722300 5.830554 -5.456397
v -28.151051 6.008636 -5.228932
v -28.313822 6.066673 -5.441798
v -28.015169 5.979328 -6.176563
v -28.159277 6.073352 -5.311880
v -27.865538 5.961188 -6.125556
v -28.160498 6.089861 -6.085777
v -27.694080 5.779649 -5.477925
v -28.046585 5.880056 -5.107189
v -28.390329 6.009790 -5.305341
v -28.060110 5.922268 -6.303470
v -27.672920 5.821676 -6.072538
v -27.831419 5.861400 -6.257495
v -28.464531 6.049814 -5.615202
v -27.814348 5.858847 -5.219561
v -27.246502 7.403672 -5.577249
v -27.740101 7.454964 -5.651389
v -27.420235 7.196597 -5.421087
v -27.831757 6.838290 -5.339349
v -26.892679 8.210571 -5.476760
v -27.241680 8.457388 -5.746135
v -27.270100 8.125257 -5.209974
v -26.904903 8.086571 -5.543059
v -26.955313 8.509727 -5.761275
v -27.046688 8.567737 -5.696259
v -27.604954 7.376160 -5.364682
v -27.082636 7.787737 -5.638811
v -27.201515 7.771738 -5.310493
v -27.375479 7.617381 -5.291136
v -27.207495 7.920254 -5.288283
v -27.548988 7.743727 -5.700849
v -27.386833 8.167957 -5.786038
v -27.329094 7.396989 -5.415327
v -27.004778 7.950559 -5.388072
v -27.307898 7.873013 -5.892424
v -27.239538 8.056351 -5.789788
v -27.586512 6.811223 -6.084924
v -27.424784 7.178367 -6.031120
v -27.294170 7.211548 -5.796631
v -27.386871 6.922092 -5.752968
v -27.808001 7.289454 -5.616089
v -27.690804 7.316638 -5.957982
v -27.749424 7.117314 -5.970452
v -27.576773 6.763781 -5.382496
v -27.488697 6.973992 -5.394837
v -27.782425 6.987824 -5.332448
v -27.861599 7.008075 -5.467600
v -27.777559 7.238925 -5.494503
v -27.357533 7.057463 -5.585892
v -27.669321 6.948564 -6.062062
v -27.414766 6.815395 -5.761010
v -27.633389 6.556812 -5.382541
v -27.990656 6.487332 -5.337136
v -28.031124 6.679281 -5.662535
v -28.011311 6.437249 -6.006586
v -27.767569 6.297070 -6.066383
v -27.718298 6.153406 -5.965979
v -27.957367 6.232003 -6.048890
v -28.137871 6.349433 -5.815042
v -28.082663 6.475155 -5.838770
v -28.027830 6.534519 -5.498878
v -26.116568 7.993252 -5.102065
v -28.016327 8.795654 -5.969566
v -27.058079 8.960438 -6.901041
v -27.981499 8.773141 -6.035995
v -26.417063 7.942791 -5.283483
v -28.105967 8.711081 -5.845351
v -28.008974 8.691522 -6.097190
v -26.141600 7.865439 -5.064680
v -26.480942 8.078470 -5.258570
v -27.548893 8.586823 -5.843855
v -27.735586 8.531658 -5.645049
v -27.111900 8.724485 -6.330258
v -26.966116 8.717989 -6.461658
v -27.767965 8.394331 -5.712594
v -26.613878 7.910236 -5.128613
v -25.694761 7.996075 -4.806879
v -26.975277 9.255682 -7.417553
v -26.901230 9.362216 -7.496806
v -28.364216 8.978746 -6.181513
v -25.977976 7.969360 -4.835423
v -28.191563 9.037603 -6.159142
v -28.240561 8.948982 -5.923590
v -28.194752 8.905424 -6.205158
v -26.837317 9.365073 -7.604888
v -28.297331 8.872271 -6.016064
v -26.889322 9.404125 -7.801563
v -25.449259 7.929130 -4.795599
v -26.964390 9.415184 -7.771235
v -26.894363 9.425100 -7.754888
v -25.527191 7.866221 -4.625638
v -26.962002 9.411839 -7.709181
v -25.463133 7.837541 -4.846108
v -26.829662 9.349466 -7.698079
v -25.578243 7.946711 -4.659391
v -25.520596 7.964280 -4.814744
v -28.473347 9.224416 -6.275898
v -28.460981 9.164838 -6.047803
v -28.522486 9.126485 -6.366082
v -28.571510 9.102175 -6.311069
v -28.494162 9.093220 -6.082894
v -28.508797 9.175486 -6.348776
v -26.912971 9.341979 -7.689095
v -28.518721 9.196791 -6.176378
v -28.552738 9.162672 -6.262208
v -25.457962 7.855491 -4.718608
v -27.017330 9.158370 -7.174488
v -25.692160 7.953679 -4.962422
v -26.945269 9.148174 -7.103009
v -26.943371 9.118923 -7.209257
v -27.739426 8.434797 -5.804268
v -27.436499 8.238085 -5.426253
v -26.960587 8.732107 -6.253495
v -26.972464 8.315478 -5.158754
v -26.947424 8.681794 -6.334270
v -27.653484 6.291182 -5.635641
v -27.777948 5.977174 -5.558269
v -27.911329 6.297293 -5.342710
v -27.941805 6.167953 -5.351900
v -28.120481 6.399582 -5.500522
v -27.812309 7.202444 -5.795166
v -27.897583 6.949684 -5.824322
v -27.632122 7.102684 -6.022413
v -27.446180 6.821398 -5.602736
v -27.988922 6.877645 -5.629403
v -27.428041 7.557074 -5.954141
v -27.525166 7.958135 -5.476594
v -27.615599 7.582170 -5.447123
v -27.128927 7.773528 -5.484995
v -27.116531 7.856652 -5.752013
v -27.230440 7.502262 -5.867233
v -27.646503 7.582669 -5.769153
v -27.432632 7.433265 -5.357340
v -26.913431 8.459496 -5.549326
v -26.942053 8.608784 -5.618306
v -26.953239 8.297681 -5.367863
v -28.295660 9.101216 -6.158412
v -27.296772 8.297350 -5.267817
v -27.353792 7.171952 -5.595195
v -27.542734 7.304784 -6.046584
v -27.643394 7.211719 -5.345681
v -27.073296 8.166322 -5.764136
v -28.017855 5.949491 -5.144464
v -28.405512 6.041943 -5.942366
v -28.367161 6.048503 -5.335151
v -28.390852 6.072098 -5.627092
v -27.777950 5.928620 -5.960871
v -27.605957 6.460798 -5.903229
v -27.910725 6.644582 -6.032329
v -27.323936 7.243455 -5.911780
v -27.781025 6.574770 -5.317581
v -27.576714 6.504886 -5.613200
v -28.092941 8.337099 -4.532401
v -27.906557 8.320641 -4.666993
v -28.306547 8.437498 -4.120484
v -28.035440 8.325127 -4.292830
v -26.705963 8.685122 -5.760922
v -27.097328 8.122425 -4.955682
v -26.902826 8.194833 -5.056876
v -26.592318 8.421023 -5.583593
v -26.813198 8.312260 -4.998156
v -27.824898 8.431698 -5.198766
v -27.565334 8.161324 -5.133268
v -27.607750 8.192308 -5.181022
v -27.090820 7.906877 -3.985491
v -26.900991 7.876888 -4.279099
v -26.903477 7.814999 -3.571503
v -26.928207 7.784832 -4.080333
v -27.188850 8.053950 -4.584328
v -27.034975 7.978316 -4.507710
vn 0.9136 -0.2861 0.2889
vn -0.1376 0.0468 -0.9894
vn 0.8940 -0.3334 -0.2993
vn 0.3145 0.8192 -0.4797
vn 0.3117 0.6662 -0.6775
vn 0.7482 0.5460 0.3771
vn -0.4974 0.8361 0.2313
vn -0.7294 0.6341 0.2566
vn 0.8825 0.3625 0.2997
vn 0.2047 0.3959 0.8952
vn -0.3157 -0.1245 -0.9407
vn -0.7816 0.5754 -0.2408
vn -0.9343 0.2664 -0.2370
vn 0.8909 -0.0093 0.4540
vn -0.4401 0.0379 -0.8971
vn 0.3260 0.0631 0.9433
vn 0.8792 -0.1052 -0.4648
vn 0.9068 -0.3459 -0.2409
vn -0.8103 0.3942 -0.4336
vn -0.9008 0.2314 0.3674
vn -0.7729 0.5264 0.3543
vn -0.0687 -0.0579 0.9960
vn 0.9853 0.1592 0.0614
vn 0.6683 0.6197 0.4116
vn -0.3539 0.8075 0.4720
vn 0.9155 0.2340 0.3273
vn -0.1827 0.9363 -0.2998
vn -0.3231 -0.7979 -0.5088
vn -0.4004 -0.2469 0.8825
vn 0.4435 0.6956 -0.5652
vn -0.0300 0.9714 0.2356
vn -0.0307 0.9713 0.2357
vn -0.0303 0.9714 0.2357
vn -0.5184 -0.7734 -0.3648
vn 0.3154 0.9444 0.0931
vn 0.9160 0.4010 0.0081
vn 0.7696 -0.2220 0.5987
vn -0.9739 -0.0948 -0.2064
vn -0.2455 -0.4297 0.8689
vn -0.3481 0.1092 0.9311
vn 0.0450 0.8756 0.4809
vn 0.5169 0.7234 0.4577
vn 0.6872 0.2240 -0.6911
vn 0.0484 -0.9210 -0.3865
vn 0.6556 0.6908 0.3051
vn 0.5799 -0.7574 -0.3003
vn 0.4379 0.3576 -0.8248
vn -0.3831 -0.8403 -0.3835
vn 0.8990 -0.2136 0.3822
vn 0.8355 -0.3348 0.4357
vn 0.3425 -0.0710 0.9368
vn 0.3828 -0.2600 0.8865
vn -0.8914 0.3800 0.2471
vn -0.7790 0.5308 0.3339
vn -0.7491 0.0005 0.6625
vn -0.1458 0.1628 -0.9758
vn -0.6156 0.0006 -0.7880
vn -0.3238 0.2294 -0.9179
vn -0.3513 0.2947 -0.8887
vn 0.8105 -0.2970 -0.5048
vn 0.8614 -0.4149 -0.2930
vn 0.9208 -0.2162 -0.3247
vn 0.8427 -0.3063 -0.4428
vn 0.8718 -0.3681 -0.3231
vn -0.8531 0.2785 -0.4413
vn -0.8949 0.3341 -0.2959
vn -0.2682 0.0321 -0.9628
vn 0.8595 -0.2549 0.4430
vn 0.8595 -0.2550 0.4429
vn 0.8595 -0.2548 0.4430
vn -0.9048 0.3203 0.2804
vn -0.8313 0.4930 0.2568
vn -0.7568 0.4528 0.4715
vn 0.3400 0.1870 -0.9217
vn -0.1762 0.4083 -0.8957
vn -0.8134 0.2092 0.5428
vn -0.8868 0.2441 0.3926
vn -0.8070 0.2365 0.5410
vn -0.8097 0.2344 0.5380
vn -0.8075 0.2362 0.5405
vn 0.8274 -0.3880 0.4060
vn 0.8201 -0.3457 -0.4560
vn 0.7251 -0.1461 -0.6729
vn -0.8073 0.4670 -0.3608
vn 0.1081 0.8124 -0.5729
vn 0.9172 0.2576 0.3040
vn 0.1897 -0.2993 0.9351
vn 0.6750 0.6813 0.2833
vn 0.2499 0.1156 -0.9613
vn -0.5027 0.1199 -0.8561
vn 0.3220 0.0340 0.9461
vn 0.0309 -0.3320 0.9428
vn 0.3173 -0.0418 0.9474
vn -0.0863 0.3482 -0.9334
vn -0.3000 0.9508 -0.0770
vn 0.6879 0.7176 -0.1085
vn 0.7930 0.5850 0.1700
vn 0.0252 0.9433 0.3308
vn 0.9453 0.1689 0.2790
vn 0.0873 0.8416 -0.5331
vn 0.1571 0.9628 -0.2198
vn 0.2785 0.5687 0.7740
vn 0.2911 0.7777 0.5573
vn 0.8936 -0.2979 -0.3358
vn 0.9125 -0.2671 -0.3099
vn 0.7633 -0.5443 -0.3481
vn -0.9344 0.2210 0.2792
vn -0.7616 0.3483 0.5465
vn -0.9545 0.1611 0.2510
vn 0.7928 -0.1415 -0.5928
vn -0.5838 0.7679 -0.2635
vn -0.3610 -0.9322 -0.0266
vn -0.2767 -0.9577 -0.0786
vn -0.2910 -0.9567 0.0058
vn 0.8952 -0.4132 0.1673
vn 0.8909 -0.4197 0.1740
vn 0.8984 -0.4082 0.1623
vn -0.4750 0.2864 -0.8321
vn -0.6985 0.2411 0.6738
vn 0.8676 -0.3221 -0.3788
vn -0.1201 0.0587 0.9910
vn -0.1214 0.0585 0.9909
vn -0.1172 0.0593 0.9913
vn 0.3140 -0.4129 0.8549
vn 0.3173 -0.4172 0.8516
vn 0.3240 -0.4258 0.8448
vn 0.0744 -0.1446 0.9867
vn 0.1696 -0.1391 0.9756
vn 0.0116 -0.1474 0.9890
vn 0.7923 -0.5968 0.1270
vn 0.7945 -0.5875 0.1535
vn 0.7964 -0.5753 0.1865
vn -0.2038 0.3348 -0.9200
vn -0.3429 0.3295 -0.8797
vn -0.4147 0.3238 -0.8504
vn -0.8104 0.1811 0.5572
vn -0.8101 0.2341 0.5375
vn -0.0432 0.3099 -0.9498
vn -0.1093 0.3898 -0.9144
vn 0.0854 0.1458 -0.9856
vn -0.8367 0.2288 0.4976
vn -0.8327 0.2331 0.5023
vn -0.8196 0.2465 0.5171
vn -0.7544 0.3617 0.5477
vn -0.7574 0.3731 0.5358
vn -0.7636 0.3995 0.5072
vn -0.2225 0.0928 -0.9705
vn -0.1815 0.1331 -0.9743
vn -0.2400 0.0753 -0.9679
vn 0.9187 -0.3700 0.1384
vn -0.3815 0.1690 -0.9088
vn -0.8515 0.4743 -0.2237
vn -0.1018 0.0297 -0.9944
vn 0.0945 -0.0454 0.9945
vn 0.0763 -0.0580 0.9954
vn 0.0433 -0.0809 0.9958
vn -0.7525 0.4476 -0.4832
vn 0.8961 -0.2680 0.3539
vn 0.8515 -0.3471 0.3930
vn 0.8517 -0.3472 0.3925
vn 0.8495 -0.3469 0.3975
vn 0.4586 -0.0463 -0.8875
vn -0.0764 -0.9963 -0.0397
vn -0.0943 -0.9953 -0.0199
vn -0.0748 -0.9963 -0.0421
vn -0.6732 -0.0811 0.7350
vn -0.5917 -0.7921 -0.1497
vn -0.5692 -0.7246 -0.3886
vn -0.7512 -0.6501 -0.1147
vn -0.0731 0.9603 -0.2692
vn -0.1222 0.9895 -0.0767
vn -0.1535 0.9864 0.0591
vn 0.6016 0.7939 0.0889
vn 0.4333 0.8814 0.1879
vn 0.6863 0.7267 0.0298
vn -0.5793 -0.1262 0.8053
vn -0.0404 -0.7693 -0.6376
vn -0.0727 -0.8511 -0.5199
vn -0.0861 -0.8807 -0.4659
vn -0.3844 -0.9208 -0.0656
vn -0.5093 -0.8594 0.0450
vn -0.3244 -0.9390 -0.1146
vn -0.5067 -0.6078 0.6114
vn -0.4065 -0.5103 0.7579
vn -0.3537 -0.4573 0.8159
vn -0.6907 -0.2326 0.6847
vn 0.5406 0.3874 -0.7468
vn 0.6077 0.2553 -0.7520
vn 0.6327 0.1963 -0.7491
vn 0.4133 0.3909 -0.8224
vn -0.0311 0.9713 0.2358
vn 0.5994 0.4946 -0.6294
vn 0.5912 0.4879 -0.6422
vn 0.6016 0.4964 -0.6259
vn 0.4815 0.1692 -0.8600
vn -0.1622 -0.8928 -0.4202
vn -0.1085 -0.9152 -0.3882
vn -0.3264 -0.7966 -0.5088
vn -0.0998 -0.9345 -0.3418
vn -0.0189 -0.9317 -0.3627
vn 0.0425 -0.9253 -0.3768
vn 0.4081 0.9088 0.0873
vn 0.4325 0.8917 0.1336
vn 0.3896 0.9194 0.0535
vn 0.3514 0.8599 0.3703
vn 0.5025 0.8539 0.1355
vn 0.5191 0.8483 0.1044
vn 0.3285 0.9218 0.2058
vn 0.3523 0.9140 0.2015
vn 0.2888 0.9335 0.2127
vn 0.1832 0.9772 0.1072
vn 0.1803 0.9835 0.0167
vn 0.1845 0.9666 0.1778
vn 0.9967 0.0053 0.0810
vn -0.6227 0.7710 -0.1338
vn -0.6226 0.7712 -0.1325
vn -0.6196 0.7822 -0.0654
vn 0.5433 0.7862 -0.2946
vn -0.7987 0.4567 -0.3917
vn -0.7840 0.4788 -0.3951
vn -0.8493 0.3702 -0.3763
vn -0.9145 0.3706 -0.1621
vn -0.9160 0.3640 -0.1687
vn -0.9198 0.3445 -0.1875
vn 0.5714 -0.7915 0.2168
vn 0.6253 -0.6676 0.4041
vn 0.5241 -0.8460 0.0978
vn 0.8887 -0.4347 -0.1454
vn 0.9978 -0.0279 0.0596
vn 0.9977 -0.0138 0.0665
vn 0.9901 -0.1386 -0.0206
vn -0.9258 0.3581 0.1212
vn -0.2219 0.9088 0.3534
vn -0.3926 -0.7247 -0.5663
vn -0.4057 -0.7889 -0.4616
vn -0.4119 -0.8329 -0.3695
vn -0.5633 -0.7059 -0.4293
vn -0.5609 -0.6887 -0.4594
vn -0.6944 -0.1734 0.6984
vn -0.7331 -0.1836 0.6549
vn -0.7584 -0.1903 0.6234
vn -0.7560 -0.2623 0.5998
vn -0.7751 -0.4390 0.4543
vn -0.7441 -0.2127 0.6333
vn 0.3652 -0.4477 -0.8162
vn 0.3392 0.0364 -0.9400
vn 0.3343 0.0691 -0.9399
vn 0.2455 0.8225 -0.5131
vn 0.2813 0.6999 -0.6565
vn 0.2435 0.8278 -0.5055
vn 0.5714 0.7014 0.4260
vn 0.6272 0.2425 -0.7401
vn 0.6950 0.2666 -0.6677
vn -0.1817 -0.8356 -0.5184
vn -0.2060 -0.8357 -0.5091
vn -0.2115 -0.8350 -0.5080
vn -0.1910 -0.8366 -0.5134
vn -0.1918 -0.8336 -0.5180
vn -0.5794 -0.6168 -0.5328
vn -0.9871 0.1555 0.0383
vn -0.9992 0.0261 -0.0315
vn -0.9991 0.0048 -0.0429
vn 0.0126 -0.9895 -0.1441
vn 0.0549 -0.9245 -0.3772
vn 0.0586 -0.9157 -0.3976
vn -0.5295 -0.8128 -0.2426
vn -0.5230 -0.7481 -0.4084
vn -0.5152 -0.7132 -0.4752
vn -0.0906 -0.9955 -0.0282
vn -0.0877 -0.9958 -0.0254
vn -0.3516 -0.8193 -0.4529
vn -0.3827 -0.8378 -0.3895
vn -0.3870 -0.8401 -0.3801
vn -0.3196 0.3313 0.8877
vn -0.3939 0.1907 0.8992
vn -0.3146 0.3400 0.8862
vn -0.6984 -0.5568 0.4497
vn -0.6867 -0.5198 0.5081
vn -0.6859 -0.5175 0.5116
vn 0.4651 0.8095 0.3583
vn 0.9106 -0.3979 -0.1120
vn 0.7231 -0.6347 -0.2725
vn 0.9183 -0.3826 -0.1022
vn 0.9927 0.0290 0.1174
vn 0.9903 0.0518 0.1291
vn -0.9022 0.4219 0.0893
vn 0.5200 0.3821 -0.7640
vn 0.5238 0.3640 -0.7702
vn 0.5244 0.3607 -0.7713
vn 0.3652 0.0128 -0.9308
vn 0.4504 0.0512 -0.8914
vn 0.2965 -0.0171 -0.9549
vn -0.4059 -0.7951 -0.4507
vn -0.4248 -0.7893 -0.4433
vn -0.4320 -0.7870 -0.4404
vn 0.5103 0.3993 -0.7617
vn -0.1918 -0.8757 -0.4431
vn 0.8699 -0.3579 0.3394
vn 0.9144 -0.3248 0.2414
vn 0.8525 -0.3680 0.3713
vn 0.8518 -0.3472 0.3923
vn 0.0597 -0.1282 0.9899
vn 0.0427 -0.0916 0.9949
vn 0.0793 -0.1702 0.9822
vn 0.0513 -0.0079 0.9987
vn -0.8639 0.4064 0.2975
vn -0.8232 0.4574 0.3364
vn -0.7784 0.5051 0.3728
vn 0.2817 0.0541 0.9580
vn 0.2872 -0.1350 0.9483
vn -0.8186 0.2372 0.5231
vn -0.8658 0.2072 -0.4554
vn -0.8522 0.2269 -0.4714
vn -0.8948 0.1605 -0.4167
vn -0.6890 0.4450 0.5720
vn -0.8903 0.3724 -0.2622
vn -0.8936 0.3679 -0.2571
vn -0.9048 0.3522 -0.2394
vn -0.8931 0.3113 -0.3246
vn -0.8925 0.3128 -0.3250
vn -0.8970 0.3028 -0.3221
vn 0.8270 -0.3412 -0.4467
vn 0.8352 -0.3255 -0.4433
vn 0.8534 -0.2878 -0.4346
vn 0.0857 0.1048 -0.9908
vn 0.9074 -0.2650 -0.3263
vn 0.7767 -0.1595 -0.6093
vn 0.6667 -0.3799 -0.6412
vn 0.6392 -0.2811 -0.7158
vn -0.8263 0.3364 -0.4518
vn -0.8285 0.3382 -0.4463
vn -0.8255 0.3312 -0.4570
vn 0.7788 -0.3026 -0.5495
vn -0.9219 0.3517 -0.1626
vn -0.9232 0.3415 -0.1760
vn -0.9207 0.3593 -0.1524
vn -0.8291 0.3416 -0.4427
vn -0.8311 0.3290 -0.4484
vn 0.2211 0.1056 0.9695
vn 0.2650 0.1635 0.9503
vn 0.2850 0.1904 0.9394
vn 0.2053 0.0829 0.9752
vn 0.2105 0.0467 0.9765
vn 0.1762 0.2558 0.9505
vn 0.1944 -0.2018 0.9600
vn -0.0796 0.2157 -0.9732
vn -0.0551 0.1906 -0.9801
vn -0.1416 0.2786 -0.9499
vn 0.4153 -0.3129 0.8542
vn -0.3932 0.2875 -0.8734
vn -0.4007 0.2829 -0.8715
vn -0.4336 0.2622 -0.8621
vn 0.8257 -0.4094 0.3880
vn 0.7961 -0.5118 0.3230
vn 0.8446 -0.2724 0.4608
vn -0.2701 -0.0026 -0.9628
vn -0.2684 0.2146 -0.9391
vn 0.8647 -0.3039 0.3999
vn 0.9276 -0.1843 0.3250
vn 0.9488 -0.1286 0.2884
vn 0.8718 -0.4314 0.2320
vn 0.8675 -0.4360 0.2397
vn 0.8925 -0.4078 0.1926
vn 0.9447 -0.2619 0.1974
vn -0.8857 0.1791 0.4283
vn -0.8860 0.1829 0.4261
vn -0.8813 0.1356 0.4527
vn -0.8610 0.3558 0.3634
vn 0.1760 0.4301 -0.8855
vn 0.0106 0.1878 -0.9821
vn 0.0068 0.3413 -0.9399
vn 0.6860 -0.6441 0.3383
vn 0.7117 -0.6278 0.3151
vn 0.6587 -0.6599 0.3615
vn 0.8804 -0.3490 0.3210
vn 0.8833 -0.4119 0.2237
vn 0.8814 -0.4340 0.1865
vn 0.8879 -0.3773 0.2633
vn 0.8729 -0.3942 0.2876
vn 0.9022 -0.3596 0.2383
vn 0.9260 -0.2031 -0.3183
vn 0.9077 -0.2059 -0.3657
vn 0.8953 -0.2073 -0.3943
vn 0.7439 -0.0034 -0.6683
vn 0.7631 -0.0303 -0.6456
vn 0.7375 0.0053 -0.6753
vn -0.8160 0.4947 -0.2990
vn -0.7650 0.5385 -0.3533
vn -0.6824 0.5939 -0.4261
vn 0.9136 -0.2792 -0.2956
vn -0.9342 0.1211 -0.3355
vn -0.8412 0.4327 -0.3243
vn 0.2273 -0.1531 0.9617
vn 0.1552 -0.1517 0.9762
vn 0.2604 -0.1534 0.9532
vn -0.8794 0.3165 -0.3556
vn -0.8702 0.4473 -0.2066
vn 0.0894 -0.3643 0.9270
vn 0.0857 -0.3653 0.9269
vn 0.0947 -0.3627 0.9271
vn 0.3635 -0.2990 0.8823
vn 0.0443 -0.2577 0.9652
vn 0.4185 -0.2157 0.8822
vn -0.0731 0.9789 -0.1906
vn -0.0154 0.9951 0.0972
vn -0.0334 0.9938 0.1064
vn 0.9371 -0.1464 -0.3167
vn 0.9300 -0.2249 -0.2906
vn 0.9126 -0.3189 -0.2559
vn 0.9797 0.1105 -0.1674
vn 0.9162 0.3762 0.1377
vn 0.9672 0.2338 0.0990
vn 0.8904 0.4292 0.1519
vn 0.5781 0.7471 0.3280
vn 0.5808 0.7720 0.2581
vn 0.5770 0.7405 0.3447
vn 0.0575 -0.3644 0.9295
vn 0.4703 0.7296 0.4965
vn 0.7203 0.6680 0.1868
vn 0.7346 0.6589 0.1619
vn 0.8346 0.1053 -0.5407
vn 0.8306 0.1287 -0.5418
vn 0.8456 0.0138 -0.5336
vn 0.7813 -0.1716 -0.6001
vn 0.7667 -0.1923 -0.6125
vn 0.8054 -0.1350 -0.5772
vn 0.6663 -0.1218 -0.7357
vn -0.8200 0.1579 0.5501
vn -0.8038 0.1766 0.5681
vn -0.7709 0.2115 0.6008
vn -0.7696 0.4572 0.4458
vn -0.7699 0.4570 0.4454
vn -0.7381 0.4756 0.4786
vn -0.5472 0.1892 0.8153
vn 0.8930 -0.1135 0.4355
vn 0.9007 -0.0961 0.4238
vn 0.9342 -0.0015 0.3567
vn -0.5730 0.5411 0.6155
vn 0.8298 -0.4132 0.3751
vn 0.9739 -0.0832 0.2110
vn 0.9694 -0.1034 0.2225
vn 0.9551 -0.1560 0.2520
vn -0.8876 0.3493 -0.3003
vn -0.8717 0.3787 -0.3110
vn -0.9064 0.3109 -0.2860
vn 0.0020 -0.1196 -0.9928
vn 0.0698 0.1110 -0.9914
vn 0.0698 0.1093 -0.9915
vn 0.0699 0.1018 -0.9924
vn -0.8149 0.5288 -0.2373
vn 0.3440 0.9139 0.2156
vn 0.4448 0.8399 0.3111
vn 0.3031 0.9363 0.1776
vn 0.4389 0.2772 0.8547
vn -0.0360 0.9945 -0.0987
vn -0.0495 0.9923 -0.1140
vn -0.0566 0.9909 -0.1220
vn 0.1676 0.9120 0.3743
vn 0.7408 0.6139 -0.2727
vn 0.7407 0.6141 -0.2727
vn 0.7406 0.6141 -0.2727
vn 0.1658 0.9837 0.0692
vn 0.0671 0.9713 0.2281
vn 0.0434 0.9612 0.2725
vn 0.0789 0.9754 0.2056
vn 0.8898 0.4022 0.2155
vn 0.6732 0.7183 0.1758
vn -0.5082 0.6954 0.5081
vn -0.2421 0.9632 0.1168
vn -0.2034 0.9757 0.0820
vn -0.2661 0.9539 0.1386
vn 0.7849 0.4039 -0.4699
vn 0.8547 0.2401 -0.4603
vn 0.8859 0.1276 -0.4459
vn -0.4756 0.8639 -0.1657
vn -0.6195 0.7323 -0.2828
vn 0.9492 0.0861 -0.3027
vn 0.9530 0.0652 -0.2959
vn 0.9549 0.0535 -0.2920
vn -0.4334 0.7651 0.4762
vn -0.4834 0.6893 0.5396
vn -0.4096 0.7956 0.4464
vn 0.0144 0.6459 -0.7633
vn -0.1385 0.5135 -0.8469
vn 0.1012 0.7075 -0.6994
vn -0.4169 0.9008 0.1212
vn 0.8894 0.4350 0.1402
vn 0.8825 0.2778 0.3795
vn -0.8300 0.3287 -0.4506
vn -0.8372 0.3317 -0.4349
vn 0.2810 0.6461 -0.7097
vn 0.1586 0.8783 -0.4511
vn 0.2784 0.7993 -0.5325
vn 0.3654 0.7511 0.5498
vn 0.7867 -0.3347 -0.5187
vn -0.2040 -0.1590 -0.9660
vn -0.8833 0.4135 -0.2207
vn -0.8911 0.4038 -0.2072
vn -0.9018 0.3894 -0.1873
vn -0.9008 0.3161 0.2978
vn -0.8884 0.3348 0.3140
vn -0.9470 0.2308 0.2232
vn -0.9401 0.2404 -0.2418
vn 0.4474 -0.0347 0.8937
vn 0.4845 0.0002 0.8748
vn 0.5348 0.0498 0.8435
vn 0.3608 -0.2668 0.8937
vn 0.8357 -0.4549 0.3077
vn 0.9439 -0.1960 0.2658
vn 0.9418 -0.2281 0.2470
vn -0.2933 -0.9279 0.2304
vn -0.3269 -0.9442 0.0394
vn -0.8043 -0.5583 -0.2033
vn -0.3355 -0.9404 -0.0559
vn -0.3563 -0.7150 -0.6015
vn -0.0967 -0.9898 -0.1047
vn -0.2398 -0.9702 -0.0354
vn -0.2057 -0.9785 -0.0136
vn 0.8874 -0.4248 0.1792
vn -0.1291 0.0569 0.9900
vn 0.3080 -0.4051 0.8608
vn 0.2272 -0.1351 0.9644
vn 0.7890 -0.6066 0.0973
vn -0.1581 0.3350 -0.9288
vn -0.2429 0.5412 -0.8050
vn -0.8449 0.2198 0.4876
vn -0.7479 0.3388 0.5709
vn -0.1393 0.1736 -0.9749
vn 0.1250 -0.0240 0.9919
vn -0.0326 0.9103 -0.4126
vn 0.3493 0.9082 0.2306
vn -0.0334 -0.7498 -0.6609
vn -0.5468 -0.8334 0.0809
vn -0.1711 0.2868 0.9426
vn -0.5459 -0.6444 0.5354
vn 0.5213 0.4202 -0.7428
vn 0.5897 0.4866 -0.6446
vn 0.0557 -0.9579 -0.2816
vn -0.1433 -0.9332 -0.3295
vn 0.4595 0.8682 0.1874
vn 0.3357 0.8570 0.3909
vn 0.3912 0.8996 0.1940
vn 0.1750 0.9806 -0.0880
vn -0.6227 0.7554 -0.2043
vn -0.7283 0.5529 -0.4047
vn -0.9086 0.3940 -0.1388
vn 0.6447 -0.5388 0.5423
vn 0.8735 -0.4618 -0.1544
vn -0.3728 -0.6471 -0.6650
vn -0.6622 -0.1648 0.7310
vn -0.7728 -0.4895 0.4040
vn 0.3643 -0.4654 -0.8067
vn 0.2823 0.6952 -0.6610
vn -0.9840 0.1717 0.0471
vn 0.0083 -0.9927 -0.1202
vn -0.5289 -0.8220 -0.2113
vn -0.3443 -0.8146 -0.4668
vn -0.3404 -0.2208 0.9140
vn -0.3636 -0.4554 0.8127
vn -0.4022 0.1735 0.8990
vn -0.6997 -0.5614 0.4420
vn 0.6963 -0.6571 -0.2889
vn 0.5194 0.3846 -0.7631
vn 0.4935 0.0713 -0.8668
vn -0.3993 -0.7970 -0.4532
vn 0.9252 -0.3144 0.2123
vn 0.0278 -0.0596 0.9978
vn -0.9098 0.3360 0.2439
vn -0.8225 0.2664 -0.5025
vn -0.8815 0.3837 -0.2751
vn -0.8889 0.3205 -0.3273
vn 0.8102 -0.3719 -0.4531
vn -0.9241 0.3333 -0.1868
vn 0.2110 0.0924 0.9731
vn 0.2309 -0.1207 0.9655
vn -0.0189 0.1531 -0.9880
vn -0.3520 0.3120 -0.8825
vn 0.7843 -0.5422 0.3016
vn 0.7923 -0.4031 0.4579
vn 0.8523 -0.4508 0.2652
vn -0.8882 0.2406 0.3915
vn 0.7303 -0.6150 0.2975
vn 0.8756 -0.3210 0.3609
vn 0.8640 -0.4036 0.3012
vn 0.9322 -0.2020 -0.3004
vn 0.7699 -0.0404 -0.6369
vn -0.8417 0.4688 -0.2679
vn 0.1144 -0.1506 0.9819
vn 0.0819 -0.3664 0.9268
vn 0.9381 -0.0777 -0.3376
vn 0.9848 0.1554 0.0773
vn 0.5810 0.7805 0.2306
vn 0.4494 0.7295 0.5156
vn 0.8128 0.2103 -0.5432
vn 0.7270 -0.2440 -0.6418
vn -0.8614 0.1048 0.4970
vn -0.8242 0.4193 0.3806
vn 0.8567 -0.1845 0.4817
vn 0.9847 -0.0181 0.1732
vn -0.8502 0.4149 -0.3239
vn 0.0698 0.1254 -0.9897
vn 0.4860 0.8003 0.3511
vn -0.0316 0.9951 -0.0937
vn 0.7409 0.6138 -0.2726
vn 0.0331 0.9560 0.2915
vn -0.1913 0.9790 0.0711
vn 0.7164 0.5179 -0.4674
vn 0.9457 0.1032 -0.3082
vn -0.5014 0.6574 0.5626
vn -0.2245 0.4251 -0.8769
vn -0.8237 0.3335 -0.4585
vn -0.8663 0.4333 -0.2485
vn -0.8155 0.4253 0.3926
vn 0.3928 -0.0839 0.9158
vn -0.6868 -0.6191 -0.3808
vn -0.3608 -0.9318 0.0400
vn -0.5697 -0.8183 0.0762
vn -0.1054 -0.9941 -0.0244
s 1
usemtl Material.071
f 470//619 247//619 370//619
f 315//620 250//620 467//620
f 318//621 307//621 466//621
f 322//622 331//622 329//622
f 314//623 324//623 322//623
f 435//624 252//624 319//624
f 464//625 321//625 310//625
f 332//626 328//626 463//626
f 333//627 326//627 319//627
f 461//628 255//628 327//628
f 339//629 290//629 460//629
f 270//630 349//630 450//630
f 445//631 293//631 350//631
f 334//632 257//632 351//632
f 276//633 368//633 315//633
f 362//634 277//634 308//634
f 355//635 369//635 318//635
f 375//636 280//636 245//636
f 378//637 286//637 373//637
f 438//638 285//638 309//638
f 379//639 284//639 438//639
f 469//640 371//640 436//640
f 431//641 342//641 433//641
f 403//642 397//642 427//642
f 427//643 300//643 425//643
f 424//644 406//644 302//644
f 303//645 422//645 423//645
f 421//646 407//646 405//646
f 296//647 416//647 419//647
f 295//648 414//648 426//648
f 300//649 397//650 410//651
f 396//652 407//652 421//652
f 416//653 422//653 303//653
f 412//654 304//654 403//654
f 424//655 302//655 409//655
f 425//656 300//656 396//656
f 289//657 272//657 399//657
f 259//658 401//658 385//658
f 427//659 397//659 300//659
f 261//660 427//660 263//660
f 383//661 402//661 400//661
f 271//662 387//662 384//662
f 431//663 343//663 342//663
f 260//664 433//664 392//664
f 384//665 388//665 380//665
f 382//666 392//666 391//666
f 434//667 281//667 282//667
f 435//668 282//668 246//668
f 281//669 436//669 282//669
f 281//670 469//670 436//670
f 438//671 284//671 285//671
f 371//672 379//672 438//672
f 248//673 309//673 310//673
f 373//674 374//674 376//674
f 287//675 373//675 376//675
f 313//676 376//676 314//676
f 287//677 376//677 313//677
f 250//678 466//678 374//678
f 375//679 245//679 317//679
f 369//680 356//680 358//680
f 355//681 356//681 369//681
f 318//682 369//682 307//682
f 361//683 439//683 360//683
f 443//684 440//684 312//684
f 315//685 355//685 250//685
f 442//686 277//687 362//686
f 247//688 442//686 362//686
f 275//689 365//689 359//689
f 443//690 365//690 275//690
f 337//691 443//691 311//691
f 353//692 265//692 266//692
f 458//693 258//693 444//693
f 445//694 268//694 293//694
f 446//695 445//695 270//695
f 446//696 267//697 445//698
f 334//699 351//699 336//699
f 345//700 448//700 291//700
f 468//701 266//701 449//701
f 270//702 445//702 349//702
f 343//703 453//703 342//703
f 338//704 262//704 454//704
f 348//705 340//705 268//705
f 455//706 296//706 401//706
f 356//707 458//707 266//707
f 360//708 458//708 441//708
f 459//709 336//709 344//709
f 278//710 459//710 279//710
f 278//711 336//711 459//711
f 354//712 460//712 265//712
f 464//713 462//713 332//713
f 251//714 254//714 465//714
f 251//715 319//715 254//715
f 310//716 323//716 248//716
f 245//717 435//717 251//717
f 314//718 325//718 313//718
f 253//719 322//719 256//719
f 246//720 323//720 252//720
f 248//721 323//721 246//721
f 466//722 307//722 280//722
f 468//723 257//723 357//723
f 356//724 468//724 357//724
f 371//725 311//725 379//725
f 337//726 311//726 371//726
f 311//727 443//727 372//727
f 356//728 266//728 468//728
f 464//729 325//729 253//729
f 254//730 255//731 256//732
f 334//733 357//734 257//735
f 458//736 360//736 258//736
f 366//737 459//737 344//737
f 460//738 290//738 262//738
f 469//739 337//740 371//741
f 273//742 451//743 351//744
f 348//745 346//746 294//747
f 291//748 447//749 345//750
f 444//751 264//752 353//753
f 344//754 267//754 446//754
f 445//698 267//697 268//755
f 354//756 264//757 350//758
f 365//759 337//760 364//761
f 279//762 365//763 364//764
f 374//765 286//766 250//767
f 358//768 274//768 367//768
f 361//769 360//769 441//769
f 440//770 443//770 275//770
f 376//771 374//771 316//771
f 283//772 437//773 436//774
f 377//775 287//775 313//775
f 435//776 434//776 282//776
f 434//777 470//778 281//779
f 384//780 291//780 341//780
f 352//781 394//782 294//783
f 393//784 293//784 430//784
f 429//785 386//785 350//785
f 428//786 425//786 396//786
f 404//787 301//787 398//787
f 408//788 407//789 410//790
f 408//791 403//792 304//793
f 419//794 416//794 303//794
f 298//795 418//796 417//797
f 418//798 301//799 305//800
f 419//801 301//802 296//803
f 419//804 303//804 305//804
f 414//805 299//806 426//807
f 411//808 414//808 406//808
f 410//651 397//650 408//809
f 415//810 298//811 420//812
f 298//813 417//813 420//813
f 304//814 421//815 405//816
f 297//817 421//818 412//819
f 416//820 455//821 422//822
f 415//823 455//824 400//825
f 302//826 414//827 413//828
f 414//829 395//830 413//831
f 403//832 297//832 412//832
f 415//833 423//834 422//835
f 304//836 405//836 408//836
f 417//837 423//838 420//839
f 423//840 305//841 303//842
f 424//843 306//844 411//845
f 261//846 297//847 403//848
f 411//849 406//849 424//849
f 382//850 263//850 425//850
f 263//851 427//851 425//851
f 398//852 402//853 404//854
f 386//855 404//855 402//855
f 386//856 269//856 404//856
f 296//857 404//858 401//859
f 404//860 385//861 401//862
f 271//863 426//864 299//865
f 426//866 380//867 295//868
f 261//869 403//869 427//869
f 400//870 402//870 298//870
f 383//871 386//871 402//871
f 428//872 260//873 382//874
f 297//875 428//872 396//876
f 382//877 425//877 428//877
f 410//878 396//879 300//880
f 352//881 384//882 387//883
f 350//884 393//885 429//886
f 272//887 394//782 387//888
f 429//889 269//890 386//891
f 390//892 385//893 430//894
f 385//895 393//896 430//897
f 261//898 263//898 431//898
f 290//899 433//900 342//901
f 433//902 261//846 431//903
f 263//904 382//904 391//904
f 388//905 341//906 338//907
f 350//908 389//909 339//910
f 290//911 391//912 392//913
f 386//914 383//914 389//914
f 382//915 260//915 392//915
f 434//916 245//917 280//918
f 280//919 470//778 434//777
f 248//920 437//921 309//922
f 436//923 371//923 283//923
f 285//924 310//925 309//926
f 246//927 282//927 437//927
f 282//928 436//928 437//928
f 283//929 371//929 438//929
f 287//930 378//931 373//932
f 309//933 283//933 438//933
f 377//934 284//935 378//936
f 313//937 285//938 377//939
f 274//940 356//941 357//942
f 314//943 376//943 316//943
f 375//944 466//944 280//944
f 374//945 466//945 375//945
f 316//946 375//946 317//946
f 316//947 374//947 375//947
f 361//948 440//949 439//950
f 250//951 355//951 318//951
f 439//952 275//953 359//954
f 276//955 312//956 440//949
f 279//957 363//958 278//959
f 277//960 337//961 308//962
f 277//963 363//963 364//963
f 356//964 368//965 441//966
f 308//967 247//967 362//967
f 361//968 368//969 276//970
f 363//971 367//972 278//973
f 355//974 315//974 368//974
f 467//975 276//975 315//975
f 363//976 442//977 358//978
f 442//979 307//980 369//981
f 442//982 369//982 358//982
f 446//983 335//984 344//985
f 359//986 365//986 366//986
f 353//987 354//987 265//987
f 444//988 353//988 266//988
f 266//989 458//989 444//989
f 294//990 447//991 352//992
f 447//993 273//994 351//995
f 447//996 257//997 345//998
f 257//999 448//1000 345//1001
f 448//1002 266//1003 265//1004
f 349//1005 258//1006 450//1007
f 468//1008 449//1008 257//1008
f 264//1009 445//1009 350//1009
f 349//1010 445//1010 264//1010
f 268//1011 347//1012 348//1013
f 258//1014 335//1014 450//1014
f 335//1015 270//1015 450//1015
f 267//1016 451//1017 347//1018
f 273//1019 346//1019 347//1019
f 336//1020 451//1020 344//1020
f 336//1021 351//1021 451//1021
f 399//1022 395//1022 295//1022
f 380//1023 399//1023 295//1023
f 380//1024 289//1024 399//1024
f 452//1025 290//1026 342//1027
f 452//1028 342//1028 453//1028
f 454//1029 288//1030 338//1031
f 401//1032 381//1033 455//1034
f 294//1035 288//1035 348//1035
f 400//1036 381//1037 383//1038
f 338//1039 460//1040 262//1041
f 460//1042 291//1043 448//1044
f 448//1045 265//1045 460//1045
f 430//1046 268//1047 456//1048
f 335//1049 366//1050 344//1051
f 268//1052 340//1052 456//1052
f 336//1053 367//1054 457//1055
f 279//1056 459//1056 366//1056
f 457//1057 334//1057 336//1057
f 457//1058 274//1059 357//1060
f 335//1061 360//1062 359//1063
f 441//1064 458//1064 356//1064
f 460//1065 350//1066 339//1067
f 439//1068 359//1068 360//1068
f 461//1069 252//1070 320//1071
f 461//1072 327//1072 333//1072
f 462//1073 253//1074 256//1075
f 320//1076 255//1076 461//1076
f 331//1077 465//1078 254//1079
f 331//1080 254//1080 330//1080
f 463//1081 320//1082 321//1083
f 254//1084 319//1084 326//1084
f 252//1085 333//1085 319//1085
f 255//1086 463//1086 328//1086
f 332//1087 321//1088 464//1089
f 324//1090 317//1091 465//1092
f 249//1093 313//1093 464//1093
f 313//1094 325//1094 464//1094
f 465//1095 245//1096 251//1097
f 321//1098 323//1099 310//1100
f 322//1101 325//1102 314//1103
f 249//1104 464//1104 310//1104
f 251//1105 435//1105 319//1105
f 246//1106 252//1106 435//1106
f 286//1107 312//956 467//1108
f 316//1109 324//1109 314//1109
f 322//1110 329//1110 256//1110
f 324//1111 331//1111 322//1111
f 252//1112 323//1112 320//1112
f 250//1113 318//1113 466//1113
f 286//1114 467//1114 250//1114
f 378//1115 372//1116 312//1117
f 372//1118 379//1119 311//1120
f 372//1121 443//1121 312//1121
f 308//1122 370//1123 247//1124
f 281//1125 370//1125 469//1125
f 470//1126 370//1126 281//1126
f 280//1127 307//1127 470//1127
f 307//1128 247//1128 470//1128
f 256//732 329//1129 331//1130
f 254//730 326//1131 333//1132
f 333//1132 327//1133 255//731
f 255//731 328//1134 332//1135
f 332//1135 462//1136 256//732
f 256//732 331//1130 254//730
f 254//730 333//1132 255//731
f 255//731 332//1135 256//732
f 334//733 457//1137 357//734
f 469//739 308//1138 337//740
f 273//742 347//1139 451//743
f 348//745 347//1140 346//746
f 291//748 352//1141 447//749
f 444//751 258//1142 264//752
f 354//756 353//1143 264//757
f 365//759 443//1144 337//760
f 279//762 366//1145 365//763
f 374//765 373//1146 286//766
f 283//772 309//1147 437//773
f 352//781 387//888 394//782
f 408//788 405//1148 407//789
f 408//791 397//1149 403//792
f 298//795 398//1150 418//796
f 418//798 398//1151 301//799
f 409//1152 302//1152 413//1152
f 419//801 305//1153 301//802
f 414//805 411//1154 299//806
f 415//810 400//1155 298//811
f 304//814 412//1156 421//815
f 297//817 396//1157 421//818
f 416//820 296//1158 455//821
f 415//823 422//1159 455//824
f 302//826 406//1160 414//827
f 414//829 295//1161 395//830
f 415//833 420//1162 423//834
f 417//837 418//1163 423//838
f 423//840 418//1164 305//841
f 424//843 409//1165 306//844
f 261//846 260//1166 297//847
f 398//852 298//1167 402//853
f 296//857 301//1168 404//858
f 404//860 269//1169 385//861
f 271//863 384//1170 426//864
f 426//866 384//1171 380//867
f 428//872 297//875 260//873
f 410//878 407//1172 396//879
f 352//881 291//1173 384//882
f 350//884 293//1174 393//885
f 429//889 393//1175 269//890
f 288//1176 294//1176 394//1176
f 394//1177 272//1177 289//1177
f 390//892 259//1178 385//893
f 385//895 269//1179 393//896
f 290//899 392//1180 433//900
f 433//902 260//1166 261//846
f 388//905 384//1181 341//906
f 350//908 386//1182 389//909
f 290//911 339//1183 391//912
f 434//916 435//1184 245//917
f 248//920 246//1185 437//921
f 285//924 249//1186 310//925
f 287//930 377//1187 378//931
f 377//934 285//1188 284//935
f 313//937 249//1189 285//938
f 274//940 358//1190 356//941
f 361//948 276//955 440//949
f 439//952 440//1191 275//953
f 276//955 467//1108 312//956
f 279//957 364//1192 363//958
f 277//960 364//1193 337//961
f 356//964 355//1194 368//965
f 361//968 441//1195 368//969
f 363//971 358//1196 367//972
f 363//976 277//1197 442//977
f 442//979 247//1198 307//980
f 446//983 270//1199 335//984
f 294//990 346//1200 447//991
f 447//993 346//1201 273//994
f 447//996 351//1202 257//997
f 257//999 449//1203 448//1000
f 448//1002 449//1204 266//1003
f 349//1005 264//1205 258//1006
f 268//1011 267//1206 347//1012
f 267//1016 344//1207 451//1017
f 452//1025 262//1208 290//1026
f 454//1029 432//1209 288//1030
f 401//1032 259//1210 381//1033
f 400//1036 455//1211 381//1037
f 338//1039 341//1212 460//1040
f 460//1042 341//1213 291//1043
f 430//1046 293//1214 268//1047
f 335//1049 359//1215 366//1050
f 336//1053 278//1216 367//1054
f 457//1058 367//1217 274//1059
f 335//1061 258//1218 360//1062
f 460//1065 354//1219 350//1066
f 461//1069 333//1220 252//1070
f 462//1073 464//1221 253//1074
f 331//1077 324//1222 465//1078
f 463//1081 255//1223 320//1082
f 332//1087 463//1224 321//1088
f 324//1090 316//1225 317//1091
f 465//1095 317//1226 245//1096
f 321//1098 320//1227 323//1099
f 322//1101 253//1228 325//1102
f 286//1107 378//1229 312//956
f 378//1115 284//1230 372//1116
f 372//1118 284//1231 379//1119
f 308//1122 469//1232 370//1123
usemtl Material.072
f 486//1233 483//1233 484//1233
f 473//1234 471//1234 474//1234
f 485//1235 483//1235 486//1235
f 472//1236 474//1236 471//1236
l 481 482
l 476 487
l 477 479
l 487 488
l 292 432
l 475 478
l 484 488
o Cylinder.003
v -29.622875 6.022228 -20.687773
v -29.700125 6.019559 -20.268415
v -29.514717 6.698274 -20.377533
v -29.950602 6.075481 -20.215919
v -30.157476 6.092019 -20.493616
v -29.691322 6.572354 -21.007446
v -29.594044 5.917851 -20.666401
v -29.683668 5.953388 -20.217480
v -30.180042 5.981504 -20.927895
v -29.505671 5.824930 -20.761946
v -30.015112 5.959381 -19.949488
v -30.239996 5.958018 -21.015518
v -29.259396 7.571890 -20.751616
v -29.714785 7.523071 -20.910763
v -30.274786 8.733463 -20.747456
v -29.377527 8.997766 -22.048124
v -29.348345 9.021370 -21.989462
v -29.055099 8.403119 -20.609142
v -29.467855 9.043148 -21.869040
v -29.550108 7.973427 -20.834486
v -29.348568 8.003091 -20.884970
v -29.423380 7.608589 -20.974030
v -29.505287 7.676585 -20.277182
v -29.412775 8.052839 -20.266548
v -30.348499 8.610541 -20.825481
v -29.726238 7.662449 -20.551476
v -28.175007 8.101151 -20.361265
v -28.094746 8.079871 -20.170824
v -29.284895 7.644624 -20.394222
v -29.361492 7.125481 -20.775480
v -29.909071 7.002069 -20.548708
v -29.859171 6.935359 -20.915396
v -29.479053 6.927444 -20.384155
v -29.428923 7.085714 -20.407970
v -29.685286 7.182518 -20.315041
v -29.510931 6.430197 -20.694067
v -29.620008 6.378111 -20.334337
v -29.640537 6.199898 -20.321648
v -29.899914 6.308144 -20.217316
v -30.051365 6.486094 -20.525209
v -30.123478 6.240177 -20.507101
v -29.972912 6.494409 -20.883337
v -30.011002 6.302141 -20.855133
v -29.043642 8.355205 -20.280352
v -28.145090 8.188634 -20.122665
v -29.219986 8.461557 -20.899471
v -29.082848 8.070862 -20.660154
v -29.048235 8.508314 -20.238241
v -29.584259 8.185914 -20.480495
v -29.126501 8.048664 -20.364679
v -27.690201 8.252861 -20.225956
v -30.653379 9.018136 -20.885967
v -29.435328 9.279492 -22.560417
v -30.673603 8.968349 -21.142643
v -27.702835 8.163416 -20.279219
v -29.572575 9.370245 -22.565228
v -30.712605 8.927256 -20.944763
v -27.489269 8.218364 -19.991283
v -30.887047 9.093428 -20.949677
v -29.497585 9.393150 -22.893660
v -30.912754 8.976284 -21.008558
v -27.509924 8.112059 -20.018433
v -29.489843 6.632884 -20.744221
v -29.655018 6.737263 -20.259943
v -29.944221 6.206789 -20.200842
v -30.075874 6.102608 -20.313747
v -29.905430 6.744184 -20.373751
v -29.964706 6.716827 -20.752855
v -30.089056 6.098235 -20.859369
v -29.961292 6.059270 -20.941034
v -29.743719 6.822264 -20.992401
v -29.830021 6.025363 -20.956110
v -29.712069 6.012920 -20.856363
v -29.543802 6.748731 -20.913136
v -29.551361 5.862459 -20.381594
v -29.954008 5.999241 -20.087578
v -30.155817 6.030289 -20.270563
v -29.976149 5.949532 -21.043802
v -29.983599 6.059403 -20.169069
v -29.819008 5.950447 -21.018757
v -30.116274 6.046225 -20.931576
v -29.521320 5.814305 -20.406693
v -29.816170 5.888073 -19.983126
v -30.201132 5.970319 -20.122038
v -30.034622 5.882955 -21.160116
v -29.605101 5.835820 -20.996857
v -29.795891 5.850233 -21.152744
v -30.330355 5.989849 -20.415365
v -29.605164 5.889106 -20.133080
v -29.292023 7.473678 -20.610519
v -29.793617 7.465751 -20.600254
v -29.411428 7.254309 -20.423252
v -29.758139 6.854974 -20.265965
v -29.024364 8.318760 -20.586609
v -29.440245 8.513941 -20.796923
v -29.339025 8.201362 -20.257816
v -29.032755 8.191742 -20.647579
v -29.168684 8.597835 -20.861666
v -29.254101 8.647527 -20.783077
v -29.604031 7.413757 -20.339430
v -29.187380 7.871241 -20.706133
v -29.246893 7.854347 -20.362106
v -29.395660 7.682089 -20.310535
v -29.266602 8.001961 -20.341911
v -29.649008 7.772250 -20.686859
v -29.554749 8.208597 -20.806187
v -29.344969 7.463825 -20.436783
v -29.088476 8.051265 -20.475368
v -29.460396 7.920689 -20.919092
v -29.398003 8.114371 -20.832987
v -29.639683 6.827588 -21.041838
v -29.515823 7.212496 -21.023123
v -29.352663 7.269182 -20.815010
v -29.401840 6.972945 -20.750900
v -29.834587 7.295066 -20.550875
v -29.780315 7.322356 -20.908190
v -29.816195 7.117337 -20.906839
v -29.506973 6.808304 -20.350632
v -29.447704 7.026532 -20.381651
v -29.726391 7.009295 -20.270311
v -29.828901 7.015273 -20.390314
v -29.778461 7.252980 -20.435368
v -29.361177 7.117026 -20.593777
v -29.733158 6.955410 -21.007687
v -29.417866 6.863543 -20.752117
v -29.537907 6.596395 -20.337242
v -29.871769 6.488586 -20.230272
v -29.988550 6.662187 -20.547434
v -29.998102 6.411061 -20.885349
v -29.752958 6.297285 -20.983303
v -29.670931 6.164065 -20.890181
v -29.928101 6.211806 -20.932493
v -30.079527 6.316795 -20.673450
v -30.044338 6.446977 -20.708538
v -29.940805 6.525064 -20.384129
v -28.176306 8.205352 -20.345970
v -30.275864 8.753344 -20.890999
v -29.513357 8.990295 -21.975193
v -30.250229 8.732420 -20.961975
v -28.494814 8.114244 -20.472492
v -30.332804 8.663927 -20.751787
v -30.277704 8.645942 -21.016087
v -28.179426 8.077039 -20.302538
v -28.569221 8.242643 -20.439520
v -29.772604 8.603855 -20.843122
v -29.915533 8.535456 -20.614399
v -29.442587 8.771637 -21.399395
v -29.321121 8.776739 -21.553606
v -29.942280 8.392872 -20.672913
v -28.657679 8.065472 -20.285738
v -27.714384 8.267261 -20.127203
v -29.553692 9.273173 -22.503551
v -29.507088 9.384333 -22.596207
v -30.673502 8.887569 -21.043764
v -27.993202 8.207503 -20.106501
v -30.507734 8.966452 -21.052263
v -30.505783 8.881865 -20.810230
v -30.502918 8.833111 -21.094645
v -29.462959 9.390314 -22.713644
v -30.567749 8.795744 -20.890245
v -29.551399 9.415703 -22.899237
v -27.464285 8.229094 -20.156769
v -29.621105 9.419314 -22.856749
v -29.551003 9.437730 -22.852776
v -27.504673 8.164255 -19.974882
v -29.607986 9.418625 -22.795961
v -27.475481 8.134668 -20.202492
v -29.469217 9.372145 -22.806475
v -27.569815 8.237087 -20.000889
v -27.541471 8.255165 -20.164095
v -30.825182 9.115495 -21.122601
v -30.767853 9.066423 -20.898916
v -30.876783 9.009260 -21.201275
v -30.912683 8.981653 -21.138269
v -30.797728 8.990218 -20.926517
v -30.866285 9.060121 -21.187456
v -29.548368 9.355597 -22.783268
v -30.849667 9.086702 -21.016310
v -30.893291 9.045704 -21.094439
v -27.451204 8.157924 -20.078093
v -29.542660 9.181031 -22.255142
v -27.732855 8.219550 -20.280109
v -29.458958 9.181807 -22.196836
v -29.471420 9.148941 -22.301298
v -29.934479 8.432800 -20.768835
v -29.551441 8.286264 -20.444544
v -29.282539 8.799298 -21.349731
v -29.061644 8.425948 -20.261620
v -29.277224 8.747769 -21.430639
v -29.568506 6.320770 -20.578316
v -29.640226 5.997833 -20.475128
v -29.772573 6.308707 -20.245838
v -29.788637 6.176489 -20.247334
v -30.015800 6.380517 -20.367477
v -29.858480 7.201382 -20.724974
v -29.916916 6.939652 -20.734537
v -29.708347 7.114152 -20.977781
v -29.422832 6.871956 -20.590940
v -29.965170 6.865175 -20.525610
v -29.550938 7.591037 -20.953632
v -29.613527 7.996348 -20.473904
v -29.652622 7.613944 -20.422586
v -29.205265 7.857728 -20.546440
v -29.247656 7.931507 -20.813126
v -29.336500 7.562355 -20.900738
v -29.736830 7.598683 -20.734571
v -29.440895 7.490292 -20.362648
v -29.086273 8.560778 -20.659094
v -29.143496 8.703120 -20.724886
v -29.075720 8.402509 -20.470581
v -30.617027 9.017818 -21.034937
v -29.395174 8.366989 -20.313385
v -29.372622 7.230762 -20.605667
v -29.648817 7.324027 -21.020531
v -29.619019 7.246858 -20.311155
v -29.244009 8.243397 -20.838091
v -29.802505 5.958853 -20.026018
v -30.326414 5.976293 -20.747604
v -30.188025 6.010251 -20.156063
v -30.262867 6.019884 -20.440060
v -29.701866 5.934319 -20.870872
v -29.586843 6.484385 -20.853136
v -29.928493 6.627343 -20.931656
v -29.404846 7.293102 -20.923952
v -29.673660 6.599936 -20.248377
v -29.514894 6.542505 -20.573204
v -30.056059 8.344042 -19.453730
v -29.894211 8.343740 -19.617832
v -30.208067 8.435136 -19.013298
v -29.958267 8.347793 -19.227308
v -28.945322 8.800287 -20.907068
v -29.127028 8.227832 -20.036732
v -28.962160 8.317949 -20.170938
v -28.773161 8.557731 -20.746954
v -28.878500 8.446939 -20.130526
v -29.916428 8.443047 -20.157675
v -29.619421 8.206572 -20.132519
v -29.672594 8.230704 -20.172892
v -28.932775 8.051467 -19.078121
v -28.792568 8.032077 -19.399221
v -28.669250 7.997259 -18.700575
v -28.775049 7.945152 -19.197084
v -29.146351 8.163582 -19.654020
v -28.973972 8.108873 -19.603422
vn 0.9764 -0.1693 0.1339
vn -0.3058 -0.0068 -0.9521
vn 0.8644 -0.2409 -0.4414
vn 0.1306 0.8307 -0.5411
vn 0.1129 0.6710 -0.7328
vn 0.7308 0.6413 0.2338
vn -0.5471 0.7824 0.2975
vn -0.7460 0.5565 0.3657
vn 0.8710 0.4715 0.1380
vn 0.3034 0.4503 0.8398
vn -0.4517 -0.1952 -0.8705
vn -0.8734 0.4734 -0.1143
vn -0.9856 0.1494 -0.0789
vn 0.9491 0.1091 0.2954
vn -0.5854 -0.0465 -0.8094
vn 0.4695 0.1355 0.8725
vn 0.7951 -0.0223 -0.6060
vn 0.8882 -0.2497 -0.3858
vn -0.9123 0.2829 -0.2960
vn -0.8476 0.1414 0.5115
vn -0.7595 0.4483 0.4713
vn 0.1063 -0.0274 0.9940
vn 0.9558 0.2723 -0.1106
vn 0.6497 0.7067 0.2801
vn -0.3629 0.7795 0.5106
vn 0.9231 0.3487 0.1620
vn -0.3398 0.8975 -0.2812
vn -0.3070 -0.8482 -0.4316
vn -0.2150 -0.2570 0.9422
vn 0.2572 0.7195 -0.6451
vn -0.1048 0.9700 0.2195
vn -0.1055 0.9698 0.2198
vn -0.1051 0.9699 0.2196
vn -0.4770 -0.8406 -0.2568
vn 0.2125 0.9769 0.0206
vn 0.8505 0.5024 -0.1557
vn 0.8797 -0.1103 0.4625
vn -0.9765 -0.2125 -0.0354
vn -0.0440 -0.4215 0.9058
vn -0.1978 0.1043 0.9747
vn 0.0209 0.8927 0.4502
vn 0.4969 0.7943 0.3495
vn 0.5304 0.2741 -0.8022
vn 0.0917 -0.9236 -0.3723
vn 0.6110 0.7718 0.1761
vn 0.6069 -0.6975 -0.3810
vn 0.2483 0.3734 -0.8938
vn -0.3397 -0.8924 -0.2971
vn 0.9692 -0.0955 0.2270
vn 0.9303 -0.2210 0.2928
vn 0.5004 0.0040 0.8658
vn 0.5538 -0.1810 0.8127
vn -0.8760 0.2855 0.3886
vn -0.7693 0.4512 0.4522
vn -0.6224 -0.0594 0.7805
vn -0.3253 0.1080 -0.9394
vn -0.7345 -0.0992 -0.6713
vn -0.4977 0.1561 -0.8532
vn -0.5274 0.2190 -0.8209
vn 0.7440 -0.2220 -0.6303
vn 0.8432 -0.3253 -0.4281
vn 0.8724 -0.1225 -0.4731
vn 0.7869 -0.2253 -0.5745
vn 0.8428 -0.2788 -0.4604
vn -0.9418 0.1629 -0.2942
vn -0.9649 0.2189 -0.1448
vn -0.4275 -0.0352 -0.9033
vn 0.9456 -0.1387 0.2944
vn 0.9456 -0.1388 0.2943
vn 0.9456 -0.1386 0.2944
vn 0.9456 -0.1385 0.2944
vn -0.8766 0.2260 0.4248
vn -0.8290 0.4048 0.3858
vn -0.7154 0.3815 0.5854
vn 0.1564 0.1892 -0.9694
vn -0.3707 0.3513 -0.8598
vn -0.7300 0.1360 0.6697
vn -0.8311 0.1566 0.5336
vn -0.7273 0.1638 0.6664
vn -0.7302 0.1612 0.6639
vn -0.7278 0.1634 0.6660
vn 0.9237 -0.2758 0.2659
vn 0.7672 -0.2675 -0.5829
vn 0.6144 -0.0884 -0.7840
vn -0.9058 0.3583 -0.2261
vn -0.0862 0.7971 -0.5977
vn 0.9181 0.3714 0.1383
vn 0.3776 -0.2400 0.8943
vn 0.6274 0.7638 0.1515
vn 0.0701 0.1066 -0.9918
vn -0.6495 0.0295 -0.7598
vn 0.4695 0.1063 0.8765
vn 0.2273 -0.2903 0.9295
vn 0.4741 0.0306 0.8800
vn -0.2819 0.3004 -0.9112
vn -0.4190 0.9070 -0.0420
vn 0.5703 0.7864 -0.2374
vn 0.7354 0.6773 0.0215
vn -0.0316 0.9520 0.3045
vn 0.9520 0.2856 0.1104
vn -0.1033 0.8251 -0.5554
vn 0.0031 0.9654 -0.2609
vn 0.3349 0.6257 0.7046
vn 0.2862 0.8263 0.4851
vn 0.8536 -0.2071 -0.4779
vn 0.8728 -0.1734 -0.4562
vn 0.7532 -0.4670 -0.4633
vn -0.8940 0.1239 0.4305
vn -0.6952 0.2801 0.6621
vn -0.9113 0.0612 0.4072
vn 0.6935 -0.0730 -0.7167
vn -0.7064 0.6861 -0.1739
vn -0.2475 -0.9675 0.0524
vn -0.1706 -0.9853 -0.0127
vn -0.1706 -0.9826 0.0729
vn 0.9530 -0.3022 0.0196
vn 0.9507 -0.3089 0.0270
vn 0.9547 -0.2971 0.0140
vn -0.6380 0.1988 -0.7439
vn -0.5994 0.1857 0.7786
vn 0.8239 -0.2357 -0.5154
vn 0.0414 0.0824 0.9957
vn 0.0401 0.0819 0.9958
vn 0.0442 0.0833 0.9955
vn 0.4993 -0.3418 0.7962
vn 0.5025 -0.3458 0.7924
vn 0.5089 -0.3538 0.7848
vn 0.2551 -0.0976 0.9620
vn 0.3458 -0.0817 0.9348
vn 0.1943 -0.1075 0.9750
vn 0.8673 -0.4977 0.0008
vn 0.8729 -0.4873 0.0264
vn 0.8788 -0.4736 0.0583
vn -0.3931 0.2743 -0.8776
vn -0.5218 0.2548 -0.8141
vn -0.5866 0.2421 -0.7729
vn -0.7213 0.1090 0.6839
vn -0.7306 0.1609 0.6635
vn -0.2379 0.2667 -0.9340
vn -0.3061 0.3398 -0.8893
vn -0.0986 0.1170 -0.9882
vn -0.7627 0.1511 0.6288
vn -0.7585 0.1560 0.6327
vn -0.7449 0.1714 0.6448
vn -0.6895 0.2943 0.6618
vn -0.6958 0.3048 0.6503
vn -0.7098 0.3292 0.6227
vn -0.3912 0.0300 -0.9198
vn -0.3565 0.0745 -0.9313
vn -0.4058 0.0107 -0.9139
vn 0.9661 -0.2578 -0.0137
vn -0.5455 0.0900 -0.8333
vn -0.9269 0.3657 -0.0837
vn -0.2696 -0.0199 -0.9628
vn 0.2643 0.0035 0.9644
vn 0.2482 -0.0111 0.9687
vn 0.2186 -0.0376 0.9751
vn -0.8703 0.3405 -0.3557
vn 0.9680 -0.1509 0.2006
vn 0.9403 -0.2330 0.2481
vn 0.9404 -0.2331 0.2477
vn 0.9390 -0.2329 0.2530
vn 0.3058 -0.0277 -0.9517
vn 0.0365 -0.9993 -0.0080
vn 0.0221 -0.9996 0.0147
vn 0.0376 -0.9992 -0.0106
vn -0.5263 -0.1290 0.8405
vn -0.5105 -0.8593 -0.0321
vn -0.5364 -0.7988 -0.2725
vn -0.6775 -0.7350 0.0270
vn -0.2303 0.9348 -0.2703
vn -0.2495 0.9656 -0.0727
vn -0.2570 0.9641 0.0664
vn 0.5098 0.8598 -0.0295
vn 0.3513 0.9314 0.0951
vn 0.5907 0.8005 -0.1010
vn -0.4173 -0.1604 0.8945
vn -0.0552 -0.7926 -0.6072
vn -0.0574 -0.8730 -0.4843
vn -0.0580 -0.9018 -0.4282
vn -0.2783 -0.9603 0.0178
vn -0.3893 -0.9093 0.1469
vn -0.2256 -0.9734 -0.0404
vn -0.3217 -0.6377 0.6998
vn -0.2106 -0.5239 0.8253
vn -0.1555 -0.4631 0.8725
vn -0.5339 -0.2833 0.7967
vn 0.3583 0.4175 -0.8350
vn 0.4388 0.2939 -0.8492
vn 0.4707 0.2382 -0.8496
vn 0.2207 0.4038 -0.8879
vn -0.1058 0.9698 0.2199
vn 0.4228 0.5351 -0.7314
vn 0.4135 0.5271 -0.7425
vn 0.4253 0.5373 -0.7283
vn 0.3073 0.1899 -0.9325
vn -0.1235 -0.9208 -0.3700
vn -0.0629 -0.9357 -0.3472
vn -0.3104 -0.8473 -0.4310
vn -0.0443 -0.9521 -0.3027
vn 0.0311 -0.9410 -0.3371
vn 0.0880 -0.9282 -0.3616
vn 0.3065 0.9519 -0.0002
vn 0.3402 0.9394 0.0416
vn 0.2815 0.9591 -0.0305
vn 0.3042 0.9077 0.2891
vn 0.4135 0.9100 0.0321
vn 0.4252 0.9051 -0.0012
vn 0.2469 0.9603 0.1299
vn 0.2704 0.9550 0.1217
vn 0.2078 0.9676 0.1433
vn 0.0817 0.9951 0.0566
vn 0.0629 0.9975 -0.0322
vn 0.0960 0.9874 0.1260
vn 0.9885 0.1215 -0.0904
vn -0.7231 0.6896 -0.0396
vn -0.7228 0.6899 -0.0384
vn -0.7099 0.7038 0.0271
vn 0.3894 0.8310 -0.3973
vn -0.9014 0.3479 -0.2579
vn -0.8901 0.3713 -0.2642
vn -0.9381 0.2568 -0.2325
vn -0.9661 0.2580 -0.0104
vn -0.9679 0.2510 -0.0165
vn -0.9725 0.2305 -0.0341
vn 0.6892 -0.7127 0.1304
vn 0.7587 -0.5764 0.3036
vn 0.6294 -0.7767 0.0224
vn 0.8970 -0.3363 -0.2870
vn 0.9899 0.0878 -0.1111
vn 0.9893 0.1021 -0.1045
vn 0.9821 -0.0260 -0.1868
vn -0.9282 0.2550 0.2709
vn -0.2656 0.8905 0.3695
vn -0.3933 -0.7856 -0.4777
vn -0.3810 -0.8468 -0.3711
vn -0.3665 -0.8878 -0.2785
vn -0.5397 -0.7811 -0.3140
vn -0.5444 -0.7649 -0.3443
vn -0.5423 -0.2244 0.8097
vn -0.5862 -0.2406 0.7736
vn -0.6154 -0.2513 0.7471
vn -0.6085 -0.3234 0.7247
vn -0.6307 -0.5066 0.5879
vn -0.5972 -0.2716 0.7547
vn 0.2738 -0.4341 -0.8583
vn 0.1703 0.0389 -0.9846
vn 0.1617 0.0709 -0.9843
vn 0.0571 0.8249 -0.5624
vn 0.0826 0.7018 -0.7075
vn 0.0558 0.8302 -0.5546
vn 0.5475 0.7775 0.3094
vn 0.4613 0.2838 -0.8406
vn 0.5370 0.3182 -0.7813
vn -0.1657 -0.8699 -0.4645
vn -0.1880 -0.8724 -0.4512
vn -0.1932 -0.8723 -0.4492
vn -0.1738 -0.8718 -0.4580
vn -0.1757 -0.8691 -0.4624
vn -0.5833 -0.6984 -0.4148
vn -0.9781 0.0438 0.2034
vn -0.9863 -0.0887 0.1390
vn -0.9856 -0.1103 0.1281
vn 0.1053 -0.9864 -0.1261
vn 0.1000 -0.9260 -0.3642
vn 0.0992 -0.9176 -0.3850
vn -0.4627 -0.8763 -0.1338
vn -0.4918 -0.8176 -0.2994
vn -0.4994 -0.7847 -0.3672
vn 0.0244 -0.9997 0.0058
vn 0.0277 -0.9996 0.0081
vn -0.3229 -0.8706 -0.3712
vn -0.3406 -0.8900 -0.3032
vn -0.3430 -0.8924 -0.2931
vn -0.2034 0.3264 0.9231
vn -0.2576 0.1788 0.9496
vn -0.1998 0.3356 0.9206
vn -0.5424 -0.6150 0.5723
vn -0.5256 -0.5747 0.6273
vn -0.5245 -0.5722 0.6305
vn 0.4194 0.8701 0.2589
vn 0.9196 -0.2959 -0.2585
vn 0.7372 -0.5584 -0.3803
vn 0.9269 -0.2795 -0.2505
vn 0.9878 0.1459 -0.0543
vn 0.9847 0.1687 -0.0427
vn -0.9181 0.3198 0.2343
vn 0.3358 0.4093 -0.8483
vn 0.3407 0.3916 -0.8548
vn 0.3415 0.3883 -0.8559
vn 0.2002 0.0188 -0.9796
vn 0.2856 0.0681 -0.9559
vn 0.1324 -0.0196 -0.9910
vn -0.3786 -0.8526 -0.3602
vn -0.3965 -0.8487 -0.3499
vn -0.4034 -0.8471 -0.3458
vn 0.3247 0.4254 -0.8447
vn -0.1583 -0.9081 -0.3878
vn 0.9506 -0.2437 0.1924
vn 0.9739 -0.2095 0.0877
vn 0.9401 -0.2544 0.2270
vn 0.9405 -0.2331 0.2474
vn 0.2393 -0.0829 0.9674
vn 0.2191 -0.0482 0.9745
vn 0.2621 -0.1226 0.9572
vn 0.2183 0.0360 0.9752
vn -0.8439 0.3167 0.4331
vn -0.8035 0.3734 0.4635
vn -0.7592 0.4273 0.4909
vn 0.4296 0.1221 0.8947
vn 0.4558 -0.0654 0.8877
vn -0.7417 0.1624 0.6507
vn -0.9482 0.0901 -0.3046
vn -0.9399 0.1106 -0.3230
vn -0.9645 0.0419 -0.2607
vn -0.6313 0.3854 0.6730
vn -0.9593 0.2587 -0.1132
vn -0.9612 0.2540 -0.1075
vn -0.9673 0.2378 -0.0878
vn -0.9653 0.1953 -0.1730
vn -0.9649 0.1969 -0.1736
vn -0.9677 0.1866 -0.1697
vn 0.7751 -0.2619 -0.5750
vn 0.7818 -0.2452 -0.5733
vn 0.7966 -0.2054 -0.5686
vn -0.0943 0.0761 -0.9926
vn 0.8648 -0.1725 -0.4715
vn 0.6771 -0.0933 -0.7299
vn 0.5902 -0.3259 -0.7386
vn 0.5391 -0.2337 -0.8092
vn -0.9241 0.2230 -0.3102
vn -0.9257 0.2247 -0.3044
vn -0.9236 0.2177 -0.3154
vn 0.7061 -0.2330 -0.6687
vn -0.9711 0.2383 -0.0093
vn -0.9735 0.2276 -0.0221
vn -0.9692 0.2464 0.0004
vn -0.9260 0.2282 -0.3008
vn -0.9274 0.2153 -0.3059
vn 0.3662 0.1668 0.9155
vn 0.3990 0.2286 0.8880
vn 0.4137 0.2571 0.8734
vn 0.3543 0.1427 0.9242
vn 0.3639 0.1074 0.9252
vn 0.3013 0.3101 0.9017
vn 0.3748 -0.1417 0.9162
vn -0.2663 0.1681 -0.9491
vn -0.2405 0.1457 -0.9596
vn -0.3305 0.2244 -0.9167
vn 0.5864 -0.2311 0.7763
vn -0.5650 0.2076 -0.7985
vn -0.5715 0.2022 -0.7953
vn -0.5997 0.1783 -0.7801
vn 0.9216 -0.2979 0.2488
vn 0.8938 -0.4054 0.1916
vn 0.9361 -0.1571 0.3148
vn -0.4252 -0.0699 -0.9024
vn -0.4453 0.1468 -0.8833
vn 0.9492 -0.1884 0.2519
vn 0.9841 -0.0653 0.1652
vn 0.9922 -0.0090 0.1245
vn 0.9432 -0.3205 0.0876
vn 0.9407 -0.3252 0.0960
vn 0.9541 -0.2962 0.0449
vn 0.9887 -0.1452 0.0380
vn -0.8164 0.0936 0.5698
vn -0.8175 0.0972 0.5677
vn -0.8029 0.0518 0.5939
vn -0.8240 0.2693 0.4985
vn -0.0268 0.4133 -0.9102
vn -0.1762 0.1503 -0.9728
vn -0.1911 0.3039 -0.9334
vn 0.8043 -0.5488 0.2280
vn 0.8236 -0.5305 0.2004
vn 0.7833 -0.5666 0.2558
vn 0.9567 -0.2344 0.1724
vn 0.9508 -0.3002 0.0772
vn 0.9452 -0.3238 0.0412
vn 0.9577 -0.2638 0.1148
vn 0.9491 -0.2813 0.1415
vn 0.9654 -0.2455 0.0873
vn 0.8771 -0.1087 -0.4679
vn 0.8516 -0.1153 -0.5114
vn 0.8348 -0.1192 -0.5374
vn 0.6167 0.0557 -0.7852
vn 0.6424 0.0320 -0.7657
vn 0.6082 0.0633 -0.7912
vn -0.9072 0.3872 -0.1644
vn -0.8716 0.4343 -0.2273
vn -0.8095 0.4960 -0.3141
vn 0.8778 -0.1847 -0.4420
vn -0.9849 0.0014 -0.1733
vn -0.9288 0.3217 -0.1838
vn 0.4015 -0.0896 0.9115
vn 0.3332 -0.0959 0.9380
vn 0.4326 -0.0865 0.8974
vn -0.9577 0.2009 -0.2061
vn -0.9392 0.3374 -0.0632
vn 0.2858 -0.3162 0.9046
vn 0.2822 -0.3177 0.9052
vn 0.2907 -0.3141 0.9038
vn 0.5388 -0.2221 0.8126
vn 0.2354 -0.2141 0.9480
vn 0.5828 -0.1331 0.8016
vn -0.2193 0.9563 -0.1932
vn -0.1166 0.9899 0.0802
vn -0.1324 0.9869 0.0924
vn 0.8816 -0.0510 -0.4693
vn 0.8882 -0.1287 -0.4410
vn 0.8881 -0.2228 -0.4021
vn 0.9178 0.2145 -0.3341
vn 0.8753 0.4828 -0.0276
vn 0.9356 0.3457 -0.0718
vn 0.8461 0.5329 -0.0102
vn 0.5323 0.8199 0.2108
vn 0.5203 0.8422 0.1410
vn 0.5348 0.8137 0.2276
vn 0.2549 -0.3199 0.9125
vn 0.4570 0.7966 0.3956
vn 0.6572 0.7521 0.0489
vn 0.6682 0.7437 0.0221
vn 0.7139 0.1788 -0.6771
vn 0.7070 0.2015 -0.6779
vn 0.7367 0.0894 -0.6703
vn 0.6846 -0.1045 -0.7214
vn 0.6707 -0.1271 -0.7307
vn 0.7077 -0.0646 -0.7036
vn 0.5434 -0.0733 -0.8363
vn -0.7292 0.0846 0.6790
vn -0.7125 0.1056 0.6936
vn -0.6790 0.1453 0.7196
vn -0.7327 0.3835 0.5622
vn -0.7331 0.3832 0.5619
vn -0.6986 0.4066 0.5888
vn -0.4215 0.1568 0.8932
vn 0.9604 0.0053 0.2787
vn 0.9638 0.0230 0.2655
vn 0.9743 0.1181 0.1920
vn -0.5219 0.4956 0.6943
vn 0.9238 -0.3018 0.2355
vn 0.9984 0.0360 0.0431
vn 0.9983 0.0158 0.0556
vn 0.9954 -0.0369 0.0881
vn -0.9603 0.2347 -0.1508
vn -0.9500 0.2652 -0.1645
vn -0.9718 0.1949 -0.1327
vn -0.1501 -0.1563 -0.9762
vn -0.1107 0.0804 -0.9906
vn -0.1105 0.0788 -0.9907
vn -0.1098 0.0712 -0.9914
vn -0.8999 0.4234 -0.1043
vn 0.2647 0.9545 0.1370
vn 0.3880 0.8961 0.2153
vn 0.2156 0.9707 0.1061
vn 0.5398 0.3576 0.7621
vn -0.1694 0.9795 -0.1092
vn -0.1849 0.9752 -0.1219
vn -0.1931 0.9727 -0.1286
vn 0.1188 0.9387 0.3235
vn 0.6068 0.6833 -0.4062
vn 0.6066 0.6834 -0.4062
vn 0.0575 0.9981 0.0219
vn -0.0111 0.9806 0.1955
vn -0.0257 0.9696 0.2435
vn -0.0038 0.9852 0.1713
vn 0.8594 0.5085 0.0531
vn 0.6033 0.7962 0.0452
vn -0.4947 0.6520 0.5746
vn -0.3314 0.9332 0.1388
vn -0.3008 0.9487 0.0977
vn -0.3502 0.9221 0.1646
vn 0.6418 0.4722 -0.6043
vn 0.7311 0.3179 -0.6037
vn 0.7774 0.2103 -0.5928
vn -0.5955 0.7974 -0.0978
vn -0.7403 0.6459 -0.1862
vn 0.8682 0.1817 -0.4618
vn 0.8755 0.1616 -0.4553
vn 0.8794 0.1505 -0.4516
vn -0.4350 0.7285 0.5292
vn -0.4644 0.6500 0.6016
vn -0.4204 0.7603 0.4952
vn -0.1901 0.6138 -0.7662
vn -0.3381 0.4618 -0.8200
vn -0.1017 0.6873 -0.7192
vn -0.4944 0.8516 0.1742
vn 0.8426 0.5382 -0.0216
vn 0.8944 0.3904 0.2181
vn -0.9267 0.2150 -0.3083
vn -0.9314 0.2177 -0.2916
vn 0.0798 0.6463 -0.7589
vn -0.0242 0.8728 -0.4874
vn 0.0888 0.8049 -0.5867
vn 0.3608 0.8081 0.4656
vn 0.7228 -0.2628 -0.6392
vn -0.3425 -0.2177 -0.9139
vn -0.9505 0.3019 -0.0742
vn -0.9546 0.2919 -0.0594
vn -0.9601 0.2771 -0.0377
vn -0.8692 0.2229 0.4413
vn -0.8566 0.2435 0.4549
vn -0.9169 0.1302 0.3773
vn -0.9890 0.1228 -0.0821
vn 0.5916 0.0503 0.8047
vn 0.6206 0.0885 0.7791
vn 0.6587 0.1422 0.7388
vn 0.5342 -0.1900 0.8237
vn 0.9233 -0.3450 0.1688
vn 0.9915 -0.0773 0.1044
vn 0.9901 -0.1102 0.0868
vn -0.1387 -0.9457 0.2939
vn -0.2016 -0.9731 0.1118
vn -0.7552 -0.6534 -0.0528
vn -0.2264 -0.9738 0.0194
vn -0.3648 -0.7732 -0.5187
vn 0.0050 -0.9976 -0.0686
vn -0.1258 -0.9918 0.0238
vn -0.0878 -0.9954 0.0396
vn 0.9488 -0.3142 0.0328
vn 0.0326 0.0795 0.9963
vn 0.4935 -0.3345 0.8029
vn 0.3998 -0.0716 0.9138
vn 0.8603 -0.5090 -0.0278
vn -0.3498 0.2794 -0.8942
vn -0.4365 0.4792 -0.7615
vn -0.7714 0.1409 0.6206
vn -0.6765 0.2732 0.6839
vn -0.3201 0.1195 -0.9398
vn 0.2912 0.0281 0.9562
vn -0.2087 0.8844 -0.4175
vn 0.2731 0.9501 0.1510
vn -0.0546 -0.7733 -0.6317
vn -0.4230 -0.8864 0.1882
vn -0.0436 0.3011 0.9526
vn -0.3685 -0.6814 0.6324
vn 0.3362 0.4481 -0.8284
vn 0.4117 0.5255 -0.7445
vn 0.1207 -0.9554 -0.2695
vn -0.0850 -0.9553 -0.2831
vn 0.3784 0.9212 0.0904
vn 0.2926 0.9038 0.3122
vn 0.3089 0.9449 0.1079
vn 0.0406 0.9901 -0.1344
vn -0.7330 0.6715 -0.1087
vn -0.8460 0.4509 -0.2845
vn -0.9591 0.2827 0.0112
vn 0.7855 -0.4411 0.4340
vn 0.8837 -0.3652 -0.2927
vn -0.3996 -0.7101 -0.5797
vn -0.5063 -0.2110 0.8362
vn -0.6308 -0.5583 0.5388
vn 0.2766 -0.4513 -0.8484
vn 0.0834 0.6972 -0.7120
vn -0.9756 0.0605 0.2112
vn 0.1054 -0.9892 -0.1017
vn -0.4558 -0.8841 -0.1029
vn -0.3188 -0.8656 -0.3862
vn -0.1541 -0.2231 0.9625
vn -0.1660 -0.4625 0.8710
vn -0.2637 0.1607 0.9511
vn -0.5444 -0.6199 0.5651
vn 0.7109 -0.5843 -0.3914
vn 0.3351 0.4118 -0.8474
vn 0.3295 0.0938 -0.9395
vn -0.3724 -0.8538 -0.3638
vn 0.9783 -0.1991 0.0570
vn 0.2012 -0.0181 0.9794
vn -0.8894 0.2395 0.3894
vn -0.9207 0.1520 -0.3595
vn -0.9543 0.2704 -0.1276
vn -0.9627 0.2049 -0.1766
vn 0.7612 -0.2945 -0.5778
vn -0.9752 0.2189 -0.0324
vn 0.3585 0.1527 0.9210
vn 0.4018 -0.0569 0.9139
vn -0.2019 0.1123 -0.9729
vn -0.5291 0.2362 -0.8150
vn 0.8823 -0.4378 0.1731
vn 0.8999 -0.2929 0.3232
vn 0.9320 -0.3407 0.1240
vn -0.8322 0.1529 0.5329
vn 0.8373 -0.5164 0.1796
vn 0.9554 -0.2056 0.2120
vn 0.9438 -0.2911 0.1566
vn 0.8860 -0.1061 -0.4513
vn 0.6518 0.0231 -0.7581
vn -0.9241 0.3597 -0.1289
vn 0.2942 -0.0992 0.9506
vn 0.2787 -0.3192 0.9058
vn 0.8709 0.0165 -0.4913
vn 0.9585 0.2690 -0.0947
vn 0.5149 0.8497 0.1138
vn 0.4399 0.7949 0.4180
vn 0.6797 0.2804 -0.6777
vn 0.6330 -0.1841 -0.7519
vn -0.7723 0.0252 0.6347
vn -0.7926 0.3372 0.5080
vn 0.9410 -0.0676 0.3317
vn 0.9949 0.1004 0.0030
vn -0.9355 0.3031 -0.1816
vn -0.1122 0.0947 -0.9892
vn 0.4398 0.8631 0.2483
vn -0.1643 0.9808 -0.1051
vn 0.6069 0.6831 -0.4062
vn -0.0319 0.9640 0.2641
vn -0.2912 0.9529 0.0849
vn 0.5617 0.5778 -0.5922
vn 0.8618 0.1980 -0.4669
vn -0.4743 0.6171 0.6278
vn -0.4167 0.3632 -0.8333
vn -0.9225 0.2201 -0.3172
vn -0.9408 0.3224 -0.1048
vn -0.7827 0.3446 0.5182
vn 0.5476 -0.0039 0.8367
vn -0.6627 -0.7071 -0.2466
vn -0.2362 -0.9645 0.1180
vn -0.4480 -0.8742 0.1872
vn 0.0104 -0.9999 0.0121
s 1
usemtl Material.073
f 714//1237 491//1237 614//1237
f 559//1238 494//1238 711//1238
f 562//1239 551//1239 710//1239
f 566//1240 575//1240 573//1240
f 558//1241 568//1241 566//1241
f 679//1242 496//1242 563//1242
f 708//1243 565//1243 554//1243
f 576//1244 572//1244 707//1244
f 577//1245 570//1245 563//1245
f 705//1246 499//1246 571//1246
f 583//1247 534//1247 704//1247
f 514//1248 593//1248 694//1248
f 689//1249 537//1249 594//1249
f 578//1250 501//1250 595//1250
f 520//1251 612//1251 559//1251
f 606//1252 521//1252 552//1252
f 599//1253 613//1253 562//1253
f 619//1254 524//1254 489//1254
f 622//1255 530//1255 617//1255
f 682//1256 529//1256 553//1256
f 623//1257 528//1257 682//1257
f 713//1258 615//1258 680//1258
f 675//1259 586//1259 677//1259
f 647//1260 641//1260 671//1260
f 671//1261 544//1261 669//1261
f 668//1262 650//1262 546//1262
f 547//1263 666//1263 667//1263
f 665//1264 651//1264 649//1264
f 540//1265 660//1265 663//1265
f 539//1266 658//1266 670//1266
f 544//1267 641//1268 654//1269
f 640//1270 651//1270 665//1270
f 660//1271 666//1271 547//1271
f 656//1272 548//1272 647//1272
f 668//1273 546//1273 653//1273
f 669//1274 544//1274 640//1274
f 533//1275 516//1275 643//1275
f 503//1276 645//1276 629//1276
f 671//1277 641//1277 544//1277
f 505//1278 671//1278 507//1278
f 627//1279 646//1279 644//1279
f 515//1280 631//1280 628//1280
f 675//1281 587//1281 586//1281
f 504//1282 677//1282 636//1282
f 628//1283 632//1283 624//1283
f 626//1284 636//1284 635//1284
f 678//1285 525//1285 526//1285
f 679//1286 526//1286 490//1286
f 525//1287 680//1287 526//1287
f 525//1288 713//1288 680//1288
f 682//1289 528//1289 529//1289
f 615//1290 623//1290 682//1290
f 492//1291 553//1291 554//1291
f 617//1292 618//1292 620//1292
f 531//1293 617//1293 620//1293
f 557//1294 620//1294 558//1294
f 531//1295 620//1295 557//1295
f 494//1296 710//1296 618//1296
f 619//1297 489//1297 561//1297
f 613//1298 600//1298 602//1298
f 599//1299 600//1299 613//1299
f 562//1300 613//1300 551//1300
f 605//1301 683//1301 604//1301
f 687//1302 684//1302 556//1302
f 559//1303 599//1303 494//1303
f 686//1304 521//1305 606//1306
f 491//1307 686//1304 606//1306
f 519//1308 609//1308 603//1308
f 687//1309 609//1309 519//1309
f 581//1310 687//1310 555//1310
f 597//1311 509//1311 510//1311
f 702//1312 502//1312 688//1312
f 689//1313 512//1313 537//1313
f 690//1314 689//1314 514//1314
f 690//1315 511//1316 689//1317
f 578//1318 595//1318 580//1318
f 589//1319 692//1319 535//1319
f 712//1320 510//1320 693//1320
f 514//1321 689//1321 593//1321
f 587//1322 697//1322 586//1322
f 582//1323 506//1323 698//1323
f 592//1324 584//1324 512//1324
f 699//1325 540//1325 645//1325
f 600//1326 702//1326 510//1326
f 604//1327 702//1327 685//1327
f 703//1328 580//1328 588//1328
f 522//1329 703//1329 523//1329
f 522//1330 580//1330 703//1330
f 598//1331 704//1331 509//1331
f 708//1332 706//1332 576//1332
f 495//1333 498//1333 709//1333
f 495//1334 563//1334 498//1334
f 554//1335 567//1335 492//1335
f 489//1336 679//1336 495//1336
f 558//1337 569//1337 557//1337
f 497//1338 566//1338 500//1338
f 490//1339 567//1339 496//1339
f 492//1340 567//1340 490//1340
f 710//1341 551//1341 524//1341
f 712//1342 501//1342 601//1342
f 600//1343 712//1343 601//1343
f 615//1344 555//1344 623//1344
f 581//1345 555//1345 615//1345
f 555//1346 687//1346 616//1346
f 600//1347 510//1347 712//1347
f 708//1348 569//1348 497//1348
f 498//1349 499//1350 500//1351
f 578//1352 601//1353 501//1354
f 702//1355 604//1355 502//1355
f 610//1356 703//1356 588//1356
f 704//1357 534//1357 506//1357
f 713//1358 581//1359 615//1360
f 517//1361 695//1362 595//1363
f 592//1364 590//1365 538//1366
f 535//1367 691//1368 589//1369
f 688//1370 508//1371 597//1372
f 588//1373 511//1373 690//1373
f 689//1317 511//1316 512//1374
f 598//1375 508//1376 594//1377
f 609//1378 581//1379 608//1380
f 523//1381 609//1382 608//1383
f 618//1384 530//1385 494//1386
f 602//1387 518//1387 611//1387
f 605//1388 604//1388 685//1388
f 684//1389 687//1389 519//1389
f 620//1390 618//1390 560//1390
f 527//1391 681//1392 680//1393
f 621//1394 531//1394 557//1394
f 679//1395 678//1395 526//1395
f 678//1396 714//1397 525//1398
f 628//1399 535//1399 585//1399
f 596//1400 638//1401 538//1402
f 637//1403 537//1403 674//1403
f 673//1404 630//1404 594//1404
f 672//1405 669//1405 640//1405
f 648//1406 545//1406 642//1406
f 652//1407 651//1408 654//1409
f 652//1410 647//1411 548//1412
f 663//1413 660//1413 547//1413
f 542//1414 662//1415 661//1416
f 662//1417 545//1418 549//1419
f 663//1420 545//1421 540//1422
f 663//1423 547//1423 549//1423
f 658//1424 543//1425 670//1426
f 655//1427 658//1427 650//1427
f 654//1269 641//1268 652//1428
f 659//1429 542//1430 664//1431
f 542//1432 661//1432 664//1432
f 548//1433 665//1434 649//1435
f 541//1436 665//1437 656//1438
f 660//1439 699//1440 666//1441
f 659//1442 699//1443 644//1444
f 546//1445 658//1446 657//1447
f 658//1448 639//1449 657//1450
f 647//1451 541//1451 656//1451
f 659//1452 667//1453 666//1454
f 548//1455 649//1455 652//1455
f 661//1456 667//1457 664//1458
f 667//1459 549//1460 547//1461
f 668//1462 550//1463 655//1464
f 505//1465 541//1466 647//1467
f 655//1468 650//1468 668//1468
f 626//1469 507//1469 669//1469
f 507//1470 671//1470 669//1470
f 642//1471 646//1472 648//1473
f 630//1474 648//1474 646//1474
f 630//1475 513//1475 648//1475
f 540//1476 648//1477 645//1478
f 648//1479 629//1480 645//1481
f 515//1482 670//1483 543//1484
f 670//1485 624//1486 539//1487
f 505//1488 647//1488 671//1488
f 644//1489 646//1489 542//1489
f 627//1490 630//1490 646//1490
f 672//1491 504//1492 626//1493
f 541//1494 672//1491 640//1495
f 626//1496 669//1496 672//1496
f 654//1497 640//1498 544//1499
f 596//1500 628//1501 631//1502
f 594//1503 637//1504 673//1505
f 516//1506 638//1401 631//1507
f 673//1508 513//1509 630//1510
f 634//1511 629//1512 674//1513
f 629//1514 637//1515 674//1516
f 505//1517 507//1517 675//1517
f 534//1518 677//1519 586//1520
f 677//1521 505//1465 675//1522
f 507//1523 626//1523 635//1523
f 632//1524 585//1525 582//1526
f 594//1527 633//1528 583//1529
f 534//1530 635//1531 636//1532
f 630//1533 627//1533 633//1533
f 626//1534 504//1534 636//1534
f 678//1535 489//1536 524//1537
f 524//1538 714//1397 678//1396
f 492//1539 681//1540 553//1541
f 680//1542 615//1542 527//1542
f 529//1543 554//1544 553//1545
f 490//1546 526//1546 681//1546
f 526//1547 680//1547 681//1547
f 527//1548 615//1548 682//1548
f 531//1549 622//1550 617//1551
f 553//1552 527//1552 682//1552
f 621//1553 528//1554 622//1555
f 557//1556 529//1557 621//1558
f 518//1559 600//1560 601//1561
f 558//1562 620//1562 560//1562
f 619//1563 710//1563 524//1563
f 618//1564 710//1564 619//1564
f 560//1565 619//1565 561//1565
f 560//1566 618//1566 619//1566
f 605//1567 684//1568 683//1569
f 494//1570 599//1570 562//1570
f 683//1571 519//1572 603//1573
f 520//1574 556//1575 684//1568
f 523//1576 607//1577 522//1578
f 521//1579 581//1580 552//1581
f 521//1582 607//1582 608//1582
f 600//1583 612//1584 685//1585
f 552//1586 491//1586 606//1586
f 605//1587 612//1588 520//1589
f 607//1590 611//1591 522//1592
f 599//1593 559//1593 612//1593
f 711//1594 520//1594 559//1594
f 607//1595 686//1596 602//1597
f 686//1598 551//1599 613//1600
f 686//1601 613//1601 602//1601
f 690//1602 579//1603 588//1604
f 603//1605 609//1605 610//1605
f 597//1606 598//1606 509//1606
f 688//1607 597//1607 510//1607
f 510//1608 702//1608 688//1608
f 538//1609 691//1610 596//1611
f 691//1612 517//1613 595//1614
f 691//1615 501//1616 589//1617
f 501//1618 692//1619 589//1620
f 692//1621 510//1622 509//1623
f 593//1624 502//1625 694//1626
f 712//1627 693//1627 501//1627
f 508//1628 689//1628 594//1628
f 593//1629 689//1629 508//1629
f 512//1630 591//1631 592//1632
f 502//1633 579//1633 694//1633
f 579//1634 514//1634 694//1634
f 511//1635 695//1636 591//1637
f 517//1638 590//1638 591//1638
f 580//1639 695//1639 588//1639
f 580//1640 595//1640 695//1640
f 643//1641 639//1641 539//1641
f 624//1642 643//1642 539//1642
f 624//1643 533//1643 643//1643
f 696//1644 534//1645 586//1646
f 696//1647 586//1647 697//1647
f 698//1648 532//1649 582//1650
f 645//1651 625//1652 699//1653
f 538//1654 532//1654 592//1654
f 644//1655 625//1656 627//1657
f 582//1658 704//1659 506//1660
f 704//1661 535//1662 692//1663
f 692//1664 509//1664 704//1664
f 674//1665 512//1666 700//1667
f 579//1668 610//1669 588//1670
f 512//1671 584//1671 700//1671
f 580//1672 611//1673 701//1674
f 523//1675 703//1675 610//1675
f 701//1676 578//1676 580//1676
f 701//1677 518//1678 601//1679
f 579//1680 604//1681 603//1682
f 685//1683 702//1683 600//1683
f 704//1684 594//1685 583//1686
f 683//1687 603//1687 604//1687
f 705//1688 496//1689 564//1690
f 705//1691 571//1691 577//1691
f 706//1692 497//1693 500//1694
f 564//1695 499//1695 705//1695
f 575//1696 709//1697 498//1697
f 575//1698 498//1698 574//1698
f 707//1699 564//1700 565//1701
f 498//1702 563//1702 570//1702
f 496//1703 577//1703 563//1703
f 499//1704 707//1704 572//1704
f 576//1705 565//1706 708//1707
f 568//1708 561//1709 709//1710
f 493//1711 557//1711 708//1711
f 557//1712 569//1712 708//1712
f 709//1713 489//1714 495//1715
f 565//1716 567//1717 554//1718
f 566//1719 569//1720 558//1721
f 493//1722 708//1722 554//1722
f 495//1723 679//1723 563//1723
f 490//1724 496//1724 679//1724
f 530//1725 556//1575 711//1726
f 560//1727 568//1727 558//1727
f 566//1728 573//1728 500//1728
f 568//1729 575//1729 566//1729
f 496//1730 567//1730 564//1730
f 494//1731 562//1731 710//1731
f 530//1732 711//1732 494//1732
f 622//1733 616//1734 556//1735
f 616//1736 623//1737 555//1738
f 616//1739 687//1739 556//1739
f 552//1740 614//1741 491//1742
f 525//1743 614//1743 713//1743
f 714//1744 614//1744 525//1744
f 524//1745 551//1745 714//1745
f 551//1746 491//1746 714//1746
f 500//1351 573//1747 575//1748
f 498//1349 570//1749 577//1750
f 577//1750 571//1751 499//1350
f 499//1350 572//1752 576//1753
f 576//1753 706//1754 500//1351
f 500//1351 575//1748 498//1349
f 498//1349 577//1750 499//1350
f 499//1350 576//1753 500//1351
f 578//1352 701//1755 601//1353
f 713//1358 552//1756 581//1359
f 517//1361 591//1757 695//1362
f 592//1364 591//1758 590//1365
f 535//1367 596//1759 691//1368
f 688//1370 502//1760 508//1371
f 598//1375 597//1761 508//1376
f 609//1378 687//1762 581//1379
f 523//1381 610//1763 609//1382
f 618//1384 617//1764 530//1385
f 527//1391 553//1765 681//1392
f 596//1400 631//1507 638//1401
f 652//1407 649//1766 651//1408
f 652//1410 641//1767 647//1411
f 542//1414 642//1768 662//1415
f 662//1417 642//1769 545//1418
f 653//1770 546//1770 657//1770
f 663//1420 549//1771 545//1421
f 658//1424 655//1772 543//1425
f 659//1429 644//1773 542//1430
f 548//1433 656//1774 665//1434
f 541//1436 640//1775 665//1437
f 660//1439 540//1776 699//1440
f 659//1442 666//1777 699//1443
f 546//1445 650//1778 658//1446
f 658//1448 539//1779 639//1449
f 659//1452 664//1780 667//1453
f 661//1456 662//1781 667//1457
f 667//1459 662//1782 549//1460
f 668//1462 653//1783 550//1463
f 505//1465 504//1784 541//1466
f 642//1471 542//1785 646//1472
f 540//1476 545//1786 648//1477
f 648//1479 513//1787 629//1480
f 515//1482 628//1788 670//1483
f 670//1485 628//1789 624//1486
f 672//1491 541//1494 504//1492
f 654//1497 651//1790 640//1498
f 596//1500 535//1791 628//1501
f 594//1503 537//1792 637//1504
f 673//1508 637//1793 513//1509
f 532//1794 538//1794 638//1794
f 638//1795 516//1795 533//1795
f 634//1511 503//1796 629//1512
f 629//1514 513//1797 637//1515
f 534//1518 636//1798 677//1519
f 677//1521 504//1784 505//1465
f 632//1524 628//1799 585//1525
f 594//1527 630//1800 633//1528
f 534//1530 583//1801 635//1531
f 678//1535 679//1802 489//1536
f 492//1539 490//1803 681//1540
f 529//1543 493//1804 554//1544
f 531//1549 621//1805 622//1550
f 621//1553 529//1806 528//1554
f 557//1556 493//1807 529//1557
f 518//1559 602//1808 600//1560
f 605//1567 520//1574 684//1568
f 683//1571 684//1809 519//1572
f 520//1574 711//1726 556//1575
f 523//1576 608//1810 607//1577
f 521//1579 608//1811 581//1580
f 600//1583 599//1812 612//1584
f 605//1587 685//1813 612//1588
f 607//1590 602//1814 611//1591
f 607//1595 521//1815 686//1596
f 686//1598 491//1816 551//1599
f 690//1602 514//1817 579//1603
f 538//1609 590//1818 691//1610
f 691//1612 590//1819 517//1613
f 691//1615 595//1820 501//1616
f 501//1618 693//1821 692//1619
f 692//1621 693//1822 510//1622
f 593//1624 508//1823 502//1625
f 512//1630 511//1824 591//1631
f 511//1635 588//1825 695//1636
f 696//1644 506//1826 534//1645
f 698//1648 676//1827 532//1649
f 645//1651 503//1828 625//1652
f 644//1655 699//1829 625//1656
f 582//1658 585//1830 704//1659
f 704//1661 585//1831 535//1662
f 674//1665 537//1832 512//1666
f 579//1668 603//1833 610//1669
f 580//1672 522//1834 611//1673
f 701//1677 611//1835 518//1678
f 579//1680 502//1836 604//1681
f 704//1684 598//1837 594//1685
f 705//1688 577//1838 496//1689
f 706//1692 708//1839 497//1693
f 575//1696 568//1840 709//1697
f 707//1699 499//1841 564//1700
f 576//1705 707//1842 565//1706
f 568//1708 560//1843 561//1709
f 709//1713 561//1844 489//1714
f 565//1716 564//1845 567//1717
f 566//1719 497//1846 569//1720
f 530//1725 622//1847 556//1575
f 622//1733 528//1848 616//1734
f 616//1736 528//1849 623//1737
f 552//1740 713//1850 614//1741
usemtl Material.074
f 730//1851 727//1851 728//1851
f 717//1852 715//1852 718//1852
f 729//1853 727//1853 730//1853
f 716//1854 718//1854 715//1854
l 725 726
l 720 731
l 721 723
l 731 732
l 536 676
l 719 722
l 728 732
o Cylinder.006
v -11.573083 13.486611 -29.776012
v -11.644356 13.157379 -29.514555
v -11.711909 13.711235 -29.072269
v -11.898374 13.093941 -29.506046
v -12.097651 13.259381 -29.736492
v -11.832326 14.053438 -29.631046
v -11.509083 13.411813 -29.825930
v -11.605485 13.081973 -29.521400
v -12.079524 13.504126 -30.112116
v -11.393484 13.444692 -29.931421
v -11.917479 12.808760 -29.422783
v -12.127237 13.539463 -30.203211
v -11.783277 14.600293 -28.656559
v -12.191690 14.577443 -28.916878
v -13.144828 15.087737 -28.119099
v -12.399792 16.428493 -28.581663
v -12.380886 16.407185 -28.518112
v -11.887301 15.069684 -27.934183
v -12.500345 16.303539 -28.452955
v -12.197576 14.845385 -28.511995
v -12.019686 14.949690 -28.472980
v -11.949610 14.748030 -28.824524
v -12.050318 14.257868 -28.328009
v -12.097368 14.510032 -28.037424
v -13.170115 15.049854 -28.275806
v -12.251867 14.398037 -28.580965
v -10.957331 14.907351 -27.744463
v -10.874743 14.772829 -27.609386
v -11.832930 14.376793 -28.371511
v -11.720285 14.311239 -29.006922
v -12.188413 13.934753 -29.081842
v -12.118085 14.174764 -29.362642
v -11.759906 13.869514 -28.909544
v -11.769212 13.999121 -28.803503
v -12.043242 13.930315 -28.741037
v -11.613225 13.775956 -29.469944
v -11.696714 13.451792 -29.291162
v -11.652654 13.324881 -29.410723
v -11.933563 13.254180 -29.333454
v -12.138312 13.557187 -29.458624
v -12.118449 13.371115 -29.634651
v -12.067918 13.845160 -29.674484
v -12.035289 13.693719 -29.797832
v -11.859584 14.799876 -27.741920
v -10.960412 14.794003 -27.515068
v -12.062194 15.280990 -28.133320
v -11.795317 14.890622 -28.204817
v -11.918220 14.864512 -27.609177
v -12.304919 14.710644 -28.135235
v -11.828251 14.648393 -28.031773
v -10.557934 15.019854 -27.421684
v -13.599810 15.278882 -28.115643
v -12.553819 16.970173 -28.749029
v -13.601048 15.431700 -28.328751
v -10.537999 14.999538 -27.522614
v -12.714341 16.998146 -28.725657
v -13.622925 15.250558 -28.233488
v -10.357840 14.873340 -27.234251
v -13.844988 15.317348 -28.167957
v -12.652364 17.272625 -28.912296
v -13.827443 15.280529 -28.295185
v -10.339419 14.821201 -27.331240
v -11.665447 13.946075 -29.358704
v -11.856915 13.615566 -29.002607
v -11.939013 13.167352 -29.403730
v -12.025119 13.153114 -29.586258
v -12.093481 13.643716 -29.140268
v -12.139189 13.891554 -29.430906
v -12.035890 13.549239 -29.961578
v -11.902616 13.615443 -30.010216
v -11.970010 14.187729 -29.462418
v -11.767857 13.636620 -30.009434
v -11.653167 13.583557 -29.919725
v -11.757010 14.130814 -29.407204
v -11.449519 13.177180 -29.660387
v -11.874500 12.950367 -29.472696
v -12.074189 13.056404 -29.627792
v -11.877555 13.618248 -30.159174
v -11.923517 13.041340 -29.494081
v -11.730970 13.638077 -30.100515
v -12.042877 13.563043 -30.053341
v -11.404343 13.172447 -29.702669
v -11.706180 12.836212 -29.442617
v -12.095270 12.898186 -29.580547
v -11.908593 13.647848 -30.298964
v -11.490306 13.600817 -30.108734
v -11.673790 13.679015 -30.254087
v -12.223011 13.095667 -29.799189
v -11.509276 12.997989 -29.488094
v -11.778921 14.426422 -28.637363
v -12.245048 14.293496 -28.767067
v -11.812695 14.121135 -28.693113
v -11.995100 13.669656 -28.952557
v -11.828627 15.007138 -27.969027
v -12.286704 15.185684 -28.085512
v -12.081136 14.615163 -27.909918
v -11.791389 14.969774 -28.099939
v -12.062600 15.351572 -28.000465
v -12.160093 15.304574 -27.935442
v -12.049349 14.113932 -28.576975
v -11.822195 14.773254 -28.400755
v -11.871838 14.494796 -28.195383
v -11.949781 14.312227 -28.318094
v -11.942655 14.568481 -28.085196
v -12.218636 14.585725 -28.576649
v -12.285382 14.972052 -28.332071
v -11.824924 14.279470 -28.540546
v -11.793625 14.740723 -28.094866
v -12.094988 14.895922 -28.582060
v -12.105398 14.969856 -28.374105
v -11.874636 14.252485 -29.464962
v -11.895453 14.511684 -29.154757
v -11.763034 14.433309 -28.932343
v -11.703869 14.187039 -29.105938
v -12.222769 14.139402 -28.861982
v -12.181717 14.432967 -29.070549
v -12.142494 14.293786 -29.220255
v -11.743723 13.762813 -28.976257
v -11.765766 13.937816 -28.831392
v -12.020191 13.778010 -28.840881
v -12.118150 13.845618 -28.944700
v -12.155361 14.041156 -28.798210
v -11.716991 14.172080 -28.889826
v -12.007393 14.285678 -29.378265
v -11.680020 14.114947 -29.186319
v -11.697431 13.611592 -29.121279
v -11.971293 13.384524 -29.210546
v -12.142087 13.699929 -29.335911
v -12.061888 13.787920 -29.739851
v -11.792320 13.847010 -29.820339
v -11.668351 13.713873 -29.827705
v -11.925723 13.713520 -29.890680
v -12.104554 13.552662 -29.682833
v -12.117860 13.669239 -29.607670
v -12.048783 13.504387 -29.307487
v -10.995528 14.961625 -27.662678
v -13.152891 15.205816 -28.202726
v -12.524126 16.337437 -28.573029
v -13.121499 15.251042 -28.258419
v -11.260964 14.920850 -27.894274
v -13.174388 15.033059 -28.185104
v -13.116493 15.229666 -28.361761
v -10.952905 14.847776 -27.722527
v -11.376100 14.959852 -27.802990
v -12.629339 15.196809 -28.141724
v -12.738687 14.950745 -28.071600
v -12.380357 15.791934 -28.315891
v -12.268609 15.937937 -28.384863
v -12.713087 14.897329 -28.216377
v -11.395916 14.713334 -27.844215
v -10.585652 14.950384 -27.351328
v -12.662235 16.895876 -28.745893
v -12.658117 17.045589 -28.719767
v -13.572281 15.307808 -28.317528
v -10.825110 14.830462 -27.451420
v -13.445303 15.403701 -28.225578
v -13.413457 15.172360 -28.119719
v -13.393475 15.351810 -28.344830
v -12.618985 17.146492 -28.783497
v -13.440822 15.162024 -28.249344
v -12.710678 17.278076 -28.914604
v -10.338290 15.008057 -27.332199
v -12.777128 17.232327 -28.901623
v -12.718124 17.257858 -28.867916
v -10.353036 14.823360 -27.264469
v -12.764617 17.190247 -28.857573
v -10.315244 14.979383 -27.431087
v -12.618386 17.201912 -28.860407
v -10.439785 14.872926 -27.248913
v -10.419704 15.011414 -27.339378
v -13.794982 15.473559 -28.253477
v -13.723969 15.291475 -28.121069
v -13.805520 15.452009 -28.393345
v -13.829284 15.379519 -28.379158
v -13.724853 15.256483 -28.200041
v -13.813757 15.476490 -28.346218
v -12.686512 17.155361 -28.876820
v -13.807653 15.371166 -28.207859
v -13.833887 15.392357 -28.300329
v -10.300802 14.908240 -27.324619
v -12.619217 16.657244 -28.638550
v -10.585988 15.028470 -27.492397
v -12.541239 16.634853 -28.576710
v -12.541226 16.688065 -28.673229
v -12.719965 14.995117 -28.251677
v -12.309855 14.755449 -28.033216
v -12.240547 15.811224 -28.221405
v -11.901523 14.826464 -27.685228
v -12.217287 15.839550 -28.310207
v -11.628213 13.607688 -29.482134
v -11.580647 13.310340 -29.653603
v -11.814713 13.306108 -29.319046
v -11.782804 13.219790 -29.415342
v -12.067592 13.382766 -29.415421
v -12.211856 14.202746 -29.050467
v -12.173594 14.030354 -29.252520
v -12.040538 14.369924 -29.242203
v -11.687650 14.000307 -29.072861
v -12.192273 13.817752 -29.175203
v -12.062633 14.691301 -28.856186
v -12.265001 14.578954 -28.269024
v -12.165828 14.290070 -28.507994
v -11.834120 14.642751 -28.306784
v -11.899938 14.875721 -28.447334
v -11.851976 14.685650 -28.784105
v -12.239137 14.490112 -28.751442
v -11.923999 14.218554 -28.497282
v -11.972403 15.198656 -27.867495
v -12.076420 15.323370 -27.828878
v -11.906363 14.962250 -27.846323
v -13.565711 15.397176 -28.207064
v -12.192413 14.747318 -27.848070
v -11.768056 14.249980 -28.822504
v -12.059372 14.548355 -29.110952
v -12.004125 13.984015 -28.676756
v -12.007223 15.092113 -28.248398
v -11.718526 12.915831 -29.419279
v -12.214516 13.332860 -30.032103
v -12.097188 12.951641 -29.572613
v -12.170577 13.149039 -29.777542
v -11.615730 13.547018 -29.981014
v -11.703427 13.909203 -29.560003
v -12.073572 13.975438 -29.603954
v -11.820309 14.516182 -29.003159
v -11.825603 13.515776 -29.094269
v -11.656791 13.756927 -29.311905
v -12.802126 13.940789 -27.455559
v -12.650708 14.100355 -27.524380
v -12.976570 13.637351 -27.134813
v -12.712032 13.799782 -27.274330
v -11.925634 15.566576 -27.833275
v -11.892334 14.519850 -27.686777
v -11.770184 14.715258 -27.672306
v -11.678594 15.336599 -27.847101
v -11.737752 14.787075 -27.534246
v -12.706725 14.555580 -27.826731
v -12.345125 14.458851 -27.894957
v -12.403401 14.491093 -27.919529
v -11.648132 13.748621 -27.109415
v -11.510172 14.006617 -27.303181
v -11.382524 13.499390 -26.822603
v -11.462940 13.806933 -27.221828
v -11.887595 14.192598 -27.477365
v -11.707021 14.162097 -27.435766
vn 0.9729 0.0286 0.2292
vn -0.2835 0.6239 -0.7283
vn 0.8936 0.3804 -0.2383
vn -0.1728 0.9551 0.2406
vn -0.1326 0.9912 -0.0036
vn 0.4556 0.4083 0.7910
vn -0.7892 0.1440 0.5970
vn -0.8950 -0.0968 0.4355
vn 0.6470 0.4053 0.6459
vn 0.1238 -0.2614 0.9573
vn -0.3530 0.4097 -0.8411
vn -0.9846 0.1739 0.0204
vn -0.9745 -0.0839 -0.2082
vn 0.8486 0.0790 0.5231
vn -0.5308 0.4266 -0.7323
vn 0.3908 -0.4446 0.8060
vn 0.7513 0.6232 -0.2171
vn 0.9189 0.3396 -0.2005
vn -0.9533 0.1780 -0.2438
vn -0.8426 -0.4909 0.2215
vn -0.8692 -0.2462 0.4289
vn 0.1091 -0.7243 0.6809
vn 0.7970 0.4829 0.3628
vn 0.3565 0.3962 0.8461
vn -0.6159 0.0293 0.7873
vn 0.7393 0.3225 0.5912
vn -0.6362 0.6929 0.3393
vn 0.0140 -0.2917 -0.9564
vn -0.1098 -0.9083 0.4037
vn -0.0149 0.9918 0.1268
vn -0.4423 0.4262 0.7892
vn -0.4429 0.4257 0.7891
vn -0.4425 0.4260 0.7891
vn -0.1476 -0.4565 -0.8774
vn -0.1480 0.6532 0.7425
vn 0.6168 0.6363 0.4633
vn 0.8616 -0.1994 0.4668
vn -0.8375 -0.3425 -0.4257
vn 0.1084 -0.9444 0.3105
vn -0.2220 -0.6997 0.6791
vn -0.2973 0.2375 0.9248
vn 0.1826 0.3637 0.9134
vn 0.3986 0.8916 -0.2148
vn 0.4135 -0.2874 -0.8640
vn 0.2973 0.5047 0.8105
vn 0.8150 -0.0145 -0.5793
vn 0.0996 0.9542 -0.2821
vn -0.0009 -0.4266 -0.9045
vn 0.9400 0.0049 0.3412
vn 0.9482 -0.1322 0.2890
vn 0.4664 -0.5154 0.7189
vn 0.5820 -0.5804 0.5696
vn -0.9203 -0.3161 0.2303
vn -0.8794 -0.2326 0.4154
vn -0.5608 -0.7620 0.3240
vn -0.3424 0.6825 -0.6458
vn -0.6515 0.2557 -0.7143
vn -0.5207 0.6079 -0.5994
vn -0.5708 0.6167 -0.5421
vn 0.7743 0.5026 -0.3845
vn 0.9037 0.3122 -0.2930
vn 0.8591 0.4805 -0.1761
vn 0.8156 0.4698 -0.3378
vn 0.8869 0.3653 -0.2829
vn -0.9382 0.0938 -0.3330
vn -0.9798 0.0135 -0.1995
vn -0.3871 0.5408 -0.7468
vn 0.9332 -0.0777 0.3508
vn 0.9333 -0.0777 0.3507
vn 0.9332 -0.0776 0.3508
vn 0.9332 -0.0776 0.3509
vn -0.8997 -0.3806 0.2136
vn -0.9187 -0.2274 0.3229
vn -0.8042 -0.3619 0.4715
vn 0.0791 0.8714 -0.4841
vn -0.4712 0.7666 -0.4362
vn -0.7308 -0.5827 0.3555
vn -0.8326 -0.4937 0.2513
vn -0.7381 -0.5621 0.3732
vn -0.7399 -0.5625 0.3689
vn -0.7384 -0.5622 0.3724
vn 0.9615 -0.1486 0.2313
vn 0.8122 0.4446 -0.3777
vn 0.6057 0.6693 -0.4302
vn -0.9740 0.1757 -0.1429
vn -0.3635 0.9235 0.1225
vn 0.7265 0.3532 0.5895
vn 0.4382 -0.7201 0.5380
vn 0.3155 0.5217 0.7927
vn 0.0277 0.8150 -0.5788
vn -0.6177 0.4227 -0.6632
vn 0.4012 -0.4660 0.7886
vn 0.3156 -0.8139 0.4879
vn 0.4324 -0.5153 0.7399
vn -0.3702 0.7937 -0.4828
vn -0.7137 0.5036 0.4869
vn 0.2540 0.8088 0.5304
vn 0.4471 0.5887 0.6735
vn -0.3674 0.3698 0.8534
vn 0.7886 0.3275 0.5204
vn -0.3895 0.9060 0.1659
vn -0.3397 0.8031 0.4895
vn 0.0910 -0.0434 0.9949
vn -0.0257 0.2334 0.9720
vn 0.8716 0.4261 -0.2425
vn 0.8776 0.4360 -0.1996
vn 0.8699 0.2270 -0.4379
vn -0.8798 -0.4534 0.1426
vn -0.7493 -0.4776 0.4587
vn -0.8737 -0.4801 0.0791
vn 0.6743 0.6484 -0.3535
vn -0.9039 0.3923 0.1703
vn 0.1120 -0.7095 -0.6958
vn 0.1902 -0.6543 -0.7320
vn 0.1892 -0.7157 -0.6723
vn 0.9983 0.0232 0.0543
vn 0.9985 0.0130 0.0541
vn 0.9980 0.0310 0.0545
vn -0.6671 0.5207 -0.5328
vn -0.6263 -0.6002 0.4975
vn 0.8539 0.4285 -0.2953
vn 0.0095 -0.6717 0.7407
vn 0.0084 -0.6724 0.7402
vn 0.0117 -0.6703 0.7420
vn 0.5881 -0.6829 0.4333
vn 0.5925 -0.6819 0.4289
vn 0.6013 -0.6798 0.4199
vn 0.2731 -0.7093 0.6498
vn 0.3523 -0.6575 0.6661
vn 0.2198 -0.7398 0.6359
vn 0.9875 -0.1071 -0.1155
vn 0.9890 -0.1180 -0.0896
vn 0.9897 -0.1315 -0.0570
vn -0.4649 0.7257 -0.5071
vn -0.5783 0.6357 -0.5113
vn -0.6343 0.5818 -0.5091
vn -0.7131 -0.6082 0.3488
vn -0.7402 -0.5626 0.3683
vn -0.3170 0.7997 -0.5099
vn -0.4068 0.7966 -0.4471
vn -0.1337 0.7784 -0.6133
vn -0.7667 -0.5509 0.3298
vn -0.7645 -0.5496 0.3368
vn -0.7572 -0.5455 0.3592
vn -0.7491 -0.4671 0.4698
vn -0.7587 -0.4535 0.4677
vn -0.7804 -0.4211 0.4622
vn -0.3764 0.6029 -0.7035
vn -0.3597 0.6478 -0.6715
vn -0.3832 0.5828 -0.7166
vn 0.9947 0.0790 0.0659
vn -0.5419 0.5400 -0.6440
vn -0.9964 0.0704 -0.0471
vn -0.2450 0.6322 -0.7351
vn 0.2458 -0.6450 0.7235
vn 0.2360 -0.6612 0.7121
vn 0.2177 -0.6898 0.6905
vn -0.9345 0.2685 -0.2335
vn 0.9585 -0.0109 0.2848
vn 0.9618 -0.1045 0.2531
vn 0.9619 -0.1042 0.2528
vn 0.9606 -0.1083 0.2562
vn 0.2957 0.7571 -0.5825
vn 0.3888 -0.6170 -0.6843
vn 0.3755 -0.6373 -0.6730
vn 0.3898 -0.6147 -0.6857
vn -0.4462 -0.8271 0.3417
vn -0.1723 -0.6419 -0.7472
vn -0.2179 -0.4328 -0.8748
vn -0.3725 -0.6470 -0.6653
vn -0.5471 0.7348 0.4011
vn -0.5760 0.6040 0.5508
vn -0.5825 0.4987 0.6419
vn 0.1714 0.6875 0.7057
vn -0.0022 0.6029 0.7978
vn 0.2682 0.7221 0.6377
vn -0.3332 -0.8606 0.3851
vn 0.2297 -0.0668 -0.9710
vn 0.2562 -0.2087 -0.9438
vn 0.2658 -0.2684 -0.9259
vn 0.0807 -0.6868 -0.7223
vn -0.0412 -0.7764 -0.6289
vn 0.1346 -0.6396 -0.7569
vn -0.0744 -0.9960 -0.0504
vn -0.0110 -0.9898 0.1419
vn 0.0190 -0.9730 0.2301
vn -0.3986 -0.8942 0.2038
vn 0.1868 0.9652 -0.1831
vn 0.3059 0.9167 -0.2569
vn 0.3555 0.8895 -0.2871
vn 0.0630 0.9624 -0.2644
vn -0.4431 0.4254 0.7891
vn 0.2053 0.9786 -0.0152
vn 0.1995 0.9794 -0.0307
vn 0.2069 0.9783 -0.0110
vn 0.2199 0.8809 -0.4192
vn 0.2114 -0.3389 -0.9168
vn 0.2733 -0.3506 -0.8958
vn 0.0105 -0.2924 -0.9563
vn 0.2965 -0.3893 -0.8721
vn 0.3630 -0.3388 -0.8680
vn 0.4117 -0.2990 -0.8609
vn -0.0513 0.6753 0.7357
vn -0.0153 0.6447 0.7643
vn -0.0772 0.6962 0.7137
vn -0.0378 0.4336 0.9003
vn 0.0636 0.6506 0.7567
vn 0.0763 0.6749 0.7339
vn -0.1100 0.5704 0.8139
vn -0.0862 0.5788 0.8109
vn -0.1491 0.5558 0.8178
vn -0.2768 0.6068 0.7451
vn -0.2952 0.6693 0.6818
vn -0.2607 0.5542 0.7905
vn 0.8810 0.3806 0.2811
vn -0.9208 0.2916 0.2592
vn -0.9207 0.2909 0.2603
vn -0.9135 0.2545 0.3175
vn 0.0691 0.9114 0.4057
vn -0.9661 0.1937 -0.1705
vn -0.9640 0.2158 -0.1556
vn -0.9681 0.1086 -0.2256
vn -0.9948 -0.0611 -0.0820
vn -0.9939 -0.0615 -0.0913
vn -0.9910 -0.0626 -0.1186
vn 0.8973 -0.3812 -0.2225
vn 0.9139 -0.4060 0.0065
vn 0.8641 -0.3564 -0.3554
vn 0.9579 0.2142 -0.1911
vn 0.8943 0.3749 0.2443
vn 0.8886 0.3789 0.2584
vn 0.9273 0.3568 0.1127
vn -0.9583 -0.2612 0.1161
vn -0.5644 0.2268 0.7938
vn -0.0888 -0.2389 -0.9670
vn -0.0557 -0.3532 -0.9339
vn -0.0275 -0.4438 -0.8957
vn -0.2273 -0.3918 -0.8915
vn -0.2375 -0.3604 -0.9021
vn -0.4273 -0.8686 0.2510
vn -0.4626 -0.8628 0.2040
vn -0.4861 -0.8570 0.1710
vn -0.4541 -0.8844 0.1080
vn -0.4098 -0.9047 -0.1165
vn -0.4619 -0.8711 0.1670
vn 0.4100 0.4237 -0.8077
vn 0.1454 0.7910 -0.5943
vn 0.1260 0.8089 -0.5743
vn -0.2394 0.9495 0.2030
vn -0.1719 0.9848 0.0268
vn -0.2425 0.9468 0.2116
vn 0.2360 0.3947 0.8880
vn 0.3305 0.9095 -0.2521
vn 0.3891 0.9057 -0.1685
vn 0.1538 -0.2473 -0.9567
vn 0.1339 -0.2640 -0.9552
vn 0.1290 -0.2667 -0.9551
vn 0.1469 -0.2552 -0.9557
vn 0.1442 -0.2508 -0.9573
vn -0.2975 -0.2757 -0.9140
vn -0.9300 -0.3569 -0.0881
vn -0.8906 -0.3952 -0.2251
vn -0.8823 -0.4006 -0.2471
vn 0.4485 -0.5052 -0.7373
vn 0.4221 -0.2929 -0.8579
vn 0.4184 -0.2725 -0.8664
vn -0.1216 -0.5663 -0.8152
vn -0.1696 -0.4141 -0.8943
vn -0.1884 -0.3452 -0.9194
vn 0.3776 -0.6303 -0.6784
vn 0.3807 -0.6311 -0.6759
vn 0.0071 -0.3541 -0.9352
vn -0.0025 -0.4208 -0.9071
vn -0.0039 -0.4303 -0.9027
vn -0.3060 -0.5227 0.7957
vn -0.3043 -0.6485 0.6977
vn -0.3059 -0.5142 0.8013
vn -0.2889 -0.9406 -0.1786
vn -0.2874 -0.9516 -0.1093
vn -0.2873 -0.9521 -0.1051
vn 0.0833 0.4598 0.8841
vn 0.9647 0.2241 -0.1381
vn 0.8874 0.1042 -0.4490
vn 0.9658 0.2303 -0.1194
vn 0.8717 0.3692 0.3222
vn 0.8608 0.3744 0.3449
vn -0.9718 -0.1908 0.1386
vn 0.1687 0.9644 -0.2037
vn 0.1795 0.9591 -0.2190
vn 0.1815 0.9580 -0.2218
vn 0.1805 0.7817 -0.5969
vn 0.2428 0.8159 -0.5247
vn 0.1308 0.7496 -0.6488
vn -0.0513 -0.3642 -0.9299
vn -0.0695 -0.3738 -0.9249
vn -0.0765 -0.3774 -0.9229
vn 0.1526 0.9692 -0.1931
vn 0.1743 -0.3261 -0.9291
vn 0.9752 -0.0677 0.2108
vn 0.9848 0.0366 0.1697
vn 0.9692 -0.1026 0.2241
vn 0.9620 -0.1040 0.2527
vn 0.2532 -0.7078 0.6595
vn 0.2219 -0.6960 0.6829
vn 0.2886 -0.7199 0.6312
vn 0.1913 -0.6435 0.7412
vn -0.9013 -0.3215 0.2902
vn -0.8838 -0.2983 0.3605
vn -0.8614 -0.2738 0.4277
vn 0.3583 -0.4790 0.8014
vn 0.4493 -0.5861 0.6742
vn -0.7511 -0.5548 0.3578
vn -0.9184 0.0539 -0.3919
vn -0.9180 0.0824 -0.3880
vn -0.9166 -0.0128 -0.3996
vn -0.7270 -0.4038 0.5553
vn -0.9887 0.0167 -0.1492
vn -0.9888 0.0091 -0.1491
vn -0.9888 -0.0171 -0.1485
vn -0.9718 0.0193 -0.2349
vn -0.9720 0.0208 -0.2341
vn -0.9709 0.0108 -0.2393
vn 0.8176 0.4442 -0.3664
vn 0.8179 0.4551 -0.3521
vn 0.8176 0.4803 -0.3175
vn -0.1152 0.7569 -0.6433
vn 0.8698 0.4459 -0.2114
vn 0.6662 0.6413 -0.3807
vn 0.6674 0.4799 -0.5694
vn 0.5869 0.5779 -0.5670
vn -0.9431 0.1478 -0.2977
vn -0.9451 0.1442 -0.2931
vn -0.9408 0.1484 -0.3048
vn 0.7428 0.5149 -0.4279
vn -0.9925 -0.0756 -0.0961
vn -0.9909 -0.0735 -0.1127
vn -0.9935 -0.0771 -0.0834
vn -0.9467 0.1438 -0.2883
vn -0.9434 0.1389 -0.3010
vn 0.2831 -0.4813 0.8296
vn 0.2919 -0.4141 0.8621
vn 0.2955 -0.3818 0.8757
vn 0.2806 -0.5058 0.8158
vn 0.3021 -0.5265 0.7947
vn 0.1716 -0.3961 0.9020
vn 0.4007 -0.6748 0.6198
vn -0.3087 0.7417 -0.5954
vn -0.2766 0.7415 -0.6113
vn -0.3886 0.7380 -0.5516
vn 0.6303 -0.5774 0.5190
vn -0.6019 0.5840 -0.5446
vn -0.6061 0.5767 -0.5478
vn -0.6239 0.5436 -0.5614
vn 0.9673 -0.1505 0.2040
vn 0.9795 -0.1830 0.0840
vn 0.9309 -0.1067 0.3494
vn -0.3728 0.5188 -0.7694
vn -0.4684 0.6368 -0.6124
vn 0.9543 -0.0769 0.2888
vn 0.9432 0.0731 0.3241
vn 0.9308 0.1406 0.3375
vn 0.9955 -0.0408 0.0851
vn 0.9949 -0.0506 0.0869
vn 0.9971 0.0087 0.0758
vn 0.9758 0.1174 0.1842
vn -0.7965 -0.5566 0.2362
vn -0.7988 -0.5530 0.2369
vn -0.7690 -0.5975 0.2272
vn -0.8659 -0.3948 0.3070
vn -0.1717 0.9255 -0.3376
vn -0.2181 0.7696 -0.6002
vn -0.2865 0.8340 -0.4716
vn 0.9467 -0.3218 -0.0136
vn 0.9583 -0.2854 -0.0146
vn 0.9334 -0.3586 -0.0126
vn 0.9776 -0.0456 0.2053
vn 0.9954 -0.0184 0.0940
vn 0.9986 -0.0082 0.0520
vn 0.9890 -0.0215 0.1464
vn 0.9872 -0.0543 0.1501
vn 0.9897 0.0121 0.1424
vn 0.8586 0.4865 -0.1618
vn 0.8371 0.5083 -0.2024
vn 0.8228 0.5210 -0.2271
vn 0.5568 0.7618 -0.3312
vn 0.5892 0.7386 -0.3276
vn 0.5462 0.7690 -0.3322
vn -0.9856 0.1481 -0.0817
vn -0.9690 0.2329 -0.0824
vn -0.9329 0.3507 -0.0824
vn 0.8862 0.4196 -0.1965
vn -0.9213 -0.1077 -0.3738
vn -0.9825 0.1159 -0.1455
vn 0.4072 -0.6319 0.6595
vn 0.3456 -0.6718 0.6552
vn 0.4351 -0.6122 0.6602
vn -0.9667 0.0490 -0.2513
vn -0.9978 0.0344 -0.0559
vn 0.3794 -0.7979 0.4684
vn 0.3766 -0.8001 0.4669
vn 0.3833 -0.7947 0.4706
vn 0.5826 -0.6098 0.5373
vn 0.2960 -0.7774 0.5550
vn 0.5921 -0.5350 0.6027
vn -0.5445 0.6941 0.4709
vn -0.4603 0.5386 0.7057
vn -0.4741 0.5239 0.7077
vn 0.8423 0.5251 -0.1219
vn 0.8761 0.4567 -0.1545
vn 0.9094 0.3685 -0.1930
vn 0.7819 0.6020 0.1619
vn 0.6470 0.5355 0.5429
vn 0.7520 0.4959 0.4343
vn 0.6019 0.5473 0.5815
vn 0.2067 0.4906 0.8465
vn 0.1875 0.5532 0.8116
vn 0.2112 0.4749 0.8543
vn 0.3519 -0.8134 0.4632
vn 0.1445 0.3217 0.9358
vn 0.3475 0.5970 0.7231
vn 0.3607 0.6141 0.7020
vn 0.6040 0.7832 -0.1479
vn 0.5895 0.7965 -0.1346
vn 0.6570 0.7272 -0.1989
vn 0.6771 0.6298 -0.3806
vn 0.6722 0.6190 -0.4062
vn 0.6845 0.6474 -0.3351
vn 0.5340 0.7003 -0.4737
vn -0.7118 -0.6219 0.3266
vn -0.7036 -0.6153 0.3554
vn -0.6864 -0.6013 0.4090
vn -0.8211 -0.3477 0.4526
vn -0.8214 -0.3477 0.4521
vn -0.7974 -0.3445 0.4954
vn -0.4497 -0.6602 0.6016
vn 0.8960 0.0284 0.4432
vn 0.8929 0.0501 0.4474
vn 0.8689 0.1669 0.4660
vn -0.6638 -0.3236 0.6743
vn 0.9708 -0.1426 0.1929
vn 0.9207 0.2305 0.3151
vn 0.9277 0.2086 0.3096
vn 0.9437 0.1506 0.2945
vn -0.9811 0.0290 -0.1914
vn -0.9823 0.0609 -0.1770
vn -0.9777 -0.0122 -0.2096
vn -0.0848 0.5846 -0.8069
vn -0.1320 0.7542 -0.6432
vn -0.1313 0.7533 -0.6444
vn -0.1279 0.7492 -0.6499
vn -0.9916 0.1286 -0.0142
vn -0.0913 0.5658 0.8195
vn 0.0447 0.5009 0.8644
vn -0.1429 0.5870 0.7969
vn 0.3778 -0.2060 0.9027
vn -0.5060 0.6589 0.5566
vn -0.5190 0.6618 0.5410
vn -0.5257 0.6632 0.5326
vn -0.2221 0.3834 0.8965
vn 0.3248 0.8767 0.3548
vn 0.3246 0.8768 0.3548
vn 0.3245 0.8768 0.3548
vn -0.3005 0.6284 0.7175
vn -0.3584 0.4730 0.8048
vn -0.3681 0.4272 0.8258
vn -0.3532 0.4955 0.7935
vn 0.6230 0.4885 0.6109
vn 0.2815 0.6146 0.7369
vn -0.6939 -0.1300 0.7083
vn -0.6410 0.4080 0.6501
vn -0.6180 0.4554 0.6409
vn -0.6547 0.3775 0.6549
vn 0.4324 0.8977 0.0846
vn 0.5707 0.8212 0.0020
vn 0.6521 0.7563 -0.0526
vn -0.8397 0.4332 0.3274
vn -0.9214 0.3678 0.1255
vn 0.7471 0.6635 0.0401
vn 0.7612 0.6477 0.0325
vn 0.7688 0.6389 0.0283
vn -0.6653 -0.0339 0.7458
vn -0.6649 -0.1439 0.7330
vn -0.6628 0.0148 0.7486
vn -0.3956 0.9069 -0.1448
vn -0.4800 0.8150 -0.3246
vn -0.3391 0.9399 -0.0393
vn -0.7645 0.2913 0.5751
vn 0.5967 0.5582 0.5765
vn 0.6977 0.3006 0.6503
vn -0.9427 0.1407 -0.3026
vn -0.9481 0.1289 -0.2907
vn -0.1548 0.9868 -0.0469
vn -0.3324 0.9050 0.2654
vn -0.2026 0.9624 0.1811
vn 0.0505 0.2542 0.9658
vn 0.7690 0.4783 -0.4241
vn -0.2430 0.4536 -0.8574
vn -0.9957 0.0174 -0.0907
vn -0.9961 -0.0008 -0.0887
vn -0.9959 -0.0274 -0.0857
vn -0.8918 -0.3929 0.2246
vn -0.8873 -0.3868 0.2512
vn -0.9034 -0.4158 0.1050
vn -0.9682 -0.0992 -0.2296
vn 0.5352 -0.4192 0.7333
vn 0.5488 -0.3693 0.7500
vn 0.5654 -0.2964 0.7697
vn 0.5669 -0.5988 0.5657
vn 0.9856 -0.1209 0.1179
vn 0.9544 0.1121 0.2766
vn 0.9648 0.1040 0.2417
vn 0.2060 -0.8476 -0.4891
vn 0.1569 -0.7458 -0.6475
vn -0.4742 -0.5552 -0.6833
vn 0.1339 -0.6841 -0.7170
vn -0.0667 -0.1940 -0.9787
vn 0.3587 -0.5788 -0.7323
vn 0.2344 -0.6745 -0.7001
vn 0.2712 -0.6793 -0.6819
vn 0.9985 0.0049 0.0539
vn 0.0022 -0.6761 0.7368
vn 0.5801 -0.6846 0.4414
vn 0.3992 -0.6227 0.6730
vn 0.9850 -0.0948 -0.1444
vn -0.4262 0.7515 -0.5035
vn -0.5781 0.7592 -0.2989
vn -0.7712 -0.5533 0.3149
vn -0.7295 -0.4936 0.4736
vn -0.3416 0.6912 -0.6368
vn 0.2623 -0.6170 0.7420
vn -0.5090 0.8165 0.2725
vn -0.0819 0.5547 0.8280
vn 0.2234 -0.0364 -0.9740
vn -0.0809 -0.8004 -0.5940
vn -0.1477 -0.5221 0.8400
vn -0.1026 -0.9851 -0.1383
vn 0.1553 0.9743 -0.1634
vn 0.1984 0.9795 -0.0336
vn 0.4520 -0.3763 -0.8088
vn 0.2596 -0.4156 -0.8717
vn 0.0268 0.6064 0.7947
vn -0.0472 0.4114 0.9102
vn -0.0466 0.5918 0.8047
vn -0.3135 0.7346 0.6018
vn -0.9236 0.3286 0.1974
vn -0.9510 0.2916 -0.1030
vn -0.9970 -0.0597 -0.0485
vn 0.8909 -0.4101 0.1949
vn 0.9558 0.1970 -0.2184
vn -0.1216 -0.1175 -0.9856
vn -0.3984 -0.8710 0.2875
vn -0.3916 -0.9013 -0.1853
vn 0.4188 0.4063 -0.8121
vn -0.1694 0.9853 0.0207
vn -0.9335 -0.3515 -0.0706
vn 0.4497 -0.5250 -0.7226
vn -0.1123 -0.5923 -0.7978
vn 0.0092 -0.3389 -0.9408
vn -0.0648 -0.8873 0.4567
vn 0.0090 -0.9739 0.2268
vn -0.3036 -0.6625 0.6848
vn -0.2889 -0.9388 -0.1875
vn 0.8720 0.0897 -0.4812
vn 0.1672 0.9651 -0.2015
vn 0.2748 0.8306 -0.4843
vn -0.0451 -0.3609 -0.9315
vn 0.9853 0.0669 0.1573
vn 0.1945 -0.6848 0.7023
vn -0.9165 -0.3489 0.1957
vn -0.9147 0.1401 -0.3791
vn -0.9881 0.0359 -0.1495
vn -0.9728 0.0286 -0.2301
vn 0.8161 0.4223 -0.3944
vn -0.9894 -0.0718 -0.1261
vn 0.2809 -0.4961 0.8216
vn 0.3959 -0.6130 0.6837
vn -0.2286 0.7394 -0.6332
vn -0.5785 0.6229 -0.5266
vn 0.9802 -0.1926 0.0462
vn 0.9452 -0.2074 0.2521
vn 0.9922 -0.0831 0.0928
vn -0.8323 -0.4957 0.2480
vn 0.9661 -0.2578 -0.0153
vn 0.9662 -0.0569 0.2516
vn 0.9857 -0.0729 0.1521
vn 0.8660 0.4781 -0.1465
vn 0.6012 0.7296 -0.3261
vn -0.9916 0.1006 -0.0810
vn 0.3102 -0.6926 0.6512
vn 0.3738 -0.8023 0.4653
vn 0.8083 0.5814 -0.0929
vn 0.8006 0.4698 0.3719
vn 0.1798 0.5767 0.7969
vn 0.1291 0.2999 0.9452
vn 0.5360 0.8397 -0.0872
vn 0.6572 0.5896 -0.4696
vn -0.7310 -0.6371 0.2444
vn -0.8607 -0.3514 0.3684
vn 0.9037 -0.0613 0.4238
vn 0.8945 0.3000 0.3314
vn -0.9822 0.1009 -0.1586
vn -0.1385 0.7618 -0.6328
vn 0.1048 0.4680 0.8775
vn -0.5017 0.6579 0.5617
vn 0.3249 0.8767 0.3547
vn -0.3720 0.4070 0.8343
vn -0.6104 0.4699 0.6377
vn 0.3201 0.9363 0.1446
vn 0.7354 0.6760 0.0462
vn -0.6625 -0.1864 0.7255
vn -0.5185 0.7436 -0.4221
vn -0.9405 0.1515 -0.3041
vn -0.9940 0.0553 -0.0948
vn -0.8541 -0.3519 0.3830
vn 0.5133 -0.4876 0.7062
vn -0.3685 -0.4242 -0.8272
vn 0.1215 -0.7532 -0.6465
vn -0.1086 -0.7980 -0.5928
vn 0.3646 -0.6384 -0.6779
s 1
usemtl Material.075
f 958//1855 735//1855 858//1855
f 803//1856 738//1856 955//1856
f 806//1857 795//1857 954//1857
f 810//1858 819//1858 817//1858
f 802//1859 812//1859 810//1859
f 923//1860 740//1860 807//1860
f 952//1861 809//1861 798//1861
f 820//1862 816//1862 951//1862
f 821//1863 814//1863 807//1863
f 949//1864 743//1864 815//1864
f 827//1865 778//1865 948//1865
f 758//1866 837//1866 938//1866
f 933//1867 781//1867 838//1867
f 822//1868 745//1868 839//1868
f 764//1869 856//1869 803//1869
f 850//1870 765//1870 796//1870
f 843//1871 857//1871 806//1871
f 863//1872 768//1872 733//1872
f 866//1873 774//1873 861//1873
f 926//1874 773//1874 797//1874
f 867//1875 772//1875 926//1875
f 957//1876 859//1876 924//1876
f 919//1877 830//1877 921//1877
f 891//1878 885//1878 915//1878
f 915//1879 788//1879 913//1879
f 912//1880 894//1880 790//1880
f 791//1881 910//1881 911//1881
f 909//1882 895//1882 893//1882
f 784//1883 904//1883 907//1883
f 783//1884 902//1884 914//1884
f 788//1885 885//1886 898//1887
f 884//1888 895//1888 909//1888
f 904//1889 910//1889 791//1889
f 900//1890 792//1890 891//1890
f 912//1891 790//1891 897//1891
f 913//1892 788//1892 884//1892
f 777//1893 760//1893 887//1893
f 747//1894 889//1894 873//1894
f 915//1895 885//1895 788//1895
f 749//1896 915//1896 751//1896
f 871//1897 890//1897 888//1897
f 759//1898 875//1898 872//1898
f 919//1899 831//1899 830//1899
f 748//1900 921//1900 880//1900
f 872//1901 876//1901 868//1901
f 870//1902 880//1902 879//1902
f 922//1903 769//1903 770//1903
f 923//1904 770//1904 734//1904
f 769//1905 924//1905 770//1905
f 769//1906 957//1906 924//1906
f 926//1907 772//1907 773//1907
f 859//1908 867//1908 926//1908
f 736//1909 797//1909 798//1909
f 861//1910 862//1910 864//1910
f 775//1911 861//1911 864//1911
f 801//1912 864//1912 802//1912
f 775//1913 864//1913 801//1913
f 738//1914 954//1914 862//1914
f 863//1915 733//1915 805//1915
f 857//1916 844//1916 846//1916
f 843//1917 844//1917 857//1917
f 806//1918 857//1918 795//1918
f 849//1919 927//1919 848//1919
f 931//1920 928//1920 800//1920
f 803//1921 843//1921 738//1921
f 930//1922 765//1923 850//1924
f 735//1925 930//1922 850//1924
f 763//1926 853//1926 847//1926
f 931//1927 853//1927 763//1927
f 825//1928 931//1928 799//1928
f 841//1929 753//1929 754//1929
f 946//1930 746//1930 932//1930
f 933//1931 756//1931 781//1931
f 934//1932 933//1932 758//1932
f 934//1933 755//1934 933//1935
f 822//1936 839//1936 824//1936
f 833//1937 936//1937 779//1937
f 956//1938 754//1938 937//1938
f 758//1939 933//1939 837//1939
f 831//1940 941//1940 830//1940
f 826//1941 750//1941 942//1941
f 836//1942 828//1942 756//1942
f 943//1943 784//1943 889//1943
f 844//1944 946//1944 754//1944
f 848//1945 946//1945 929//1945
f 947//1946 824//1946 832//1946
f 766//1947 947//1947 767//1947
f 766//1948 824//1948 947//1948
f 842//1949 948//1949 753//1949
f 952//1950 950//1950 820//1950
f 739//1951 742//1951 953//1951
f 739//1952 807//1952 742//1952
f 798//1953 811//1953 736//1953
f 733//1954 923//1954 739//1954
f 802//1955 813//1955 801//1955
f 741//1956 810//1956 744//1956
f 734//1957 811//1957 740//1957
f 736//1958 811//1958 734//1958
f 954//1959 795//1959 768//1959
f 956//1960 745//1960 845//1960
f 844//1961 956//1961 845//1961
f 859//1962 799//1962 867//1962
f 825//1963 799//1963 859//1963
f 799//1964 931//1964 860//1964
f 844//1965 754//1965 956//1965
f 952//1966 813//1966 741//1966
f 742//1967 743//1968 744//1969
f 822//1970 845//1971 745//1972
f 946//1973 848//1973 746//1973
f 854//1974 947//1974 832//1974
f 948//1975 778//1975 750//1975
f 957//1976 825//1977 859//1978
f 761//1979 939//1980 839//1981
f 836//1982 834//1983 782//1984
f 779//1985 935//1986 833//1987
f 932//1988 752//1989 841//1990
f 832//1991 755//1991 934//1991
f 933//1935 755//1934 756//1992
f 842//1993 752//1994 838//1995
f 853//1996 825//1997 852//1998
f 767//1999 853//2000 852//2001
f 862//2002 774//2003 738//2004
f 846//2005 762//2005 855//2005
f 849//2006 848//2006 929//2006
f 928//2007 931//2007 763//2007
f 864//2008 862//2008 804//2008
f 771//2009 925//2010 924//2011
f 865//2012 775//2012 801//2012
f 923//2013 922//2013 770//2013
f 922//2014 958//2015 769//2016
f 872//2017 779//2017 829//2017
f 840//2018 882//2019 782//2020
f 881//2021 781//2021 918//2021
f 917//2022 874//2022 838//2022
f 916//2023 913//2023 884//2023
f 892//2024 789//2024 886//2024
f 896//2025 895//2026 898//2027
f 896//2028 891//2029 792//2030
f 907//2031 904//2031 791//2031
f 786//2032 906//2033 905//2034
f 906//2035 789//2036 793//2037
f 907//2038 789//2039 784//2040
f 907//2041 791//2041 793//2041
f 902//2042 787//2043 914//2044
f 899//2045 902//2045 894//2045
f 898//1887 885//1886 896//2046
f 903//2047 786//2048 908//2049
f 786//2050 905//2050 908//2050
f 792//2051 909//2052 893//2053
f 785//2054 909//2055 900//2056
f 904//2057 943//2058 910//2059
f 903//2060 943//2061 888//2062
f 790//2063 902//2064 901//2065
f 902//2066 883//2067 901//2068
f 891//2069 785//2069 900//2069
f 903//2070 911//2071 910//2072
f 792//2073 893//2073 896//2073
f 905//2074 911//2075 908//2076
f 911//2077 793//2078 791//2079
f 912//2080 794//2081 899//2082
f 749//2083 785//2084 891//2085
f 899//2086 894//2086 912//2086
f 870//2087 751//2087 913//2087
f 751//2088 915//2088 913//2088
f 886//2089 890//2090 892//2091
f 874//2092 892//2092 890//2092
f 874//2093 757//2093 892//2093
f 784//2094 892//2095 889//2096
f 892//2097 873//2098 889//2099
f 759//2100 914//2101 787//2102
f 914//2103 868//2104 783//2105
f 749//2106 891//2106 915//2106
f 888//2107 890//2107 786//2107
f 871//2108 874//2108 890//2108
f 916//2109 748//2110 870//2111
f 785//2112 916//2109 884//2113
f 870//2114 913//2114 916//2114
f 898//2115 884//2116 788//2117
f 840//2118 872//2119 875//2120
f 838//2121 881//2122 917//2123
f 760//2124 882//2019 875//2125
f 917//2126 757//2127 874//2128
f 878//2129 873//2130 918//2131
f 873//2132 881//2133 918//2134
f 749//2135 751//2135 919//2135
f 778//2136 921//2137 830//2138
f 921//2139 749//2083 919//2140
f 751//2141 870//2141 879//2141
f 876//2142 829//2143 826//2144
f 838//2145 877//2146 827//2147
f 778//2148 879//2149 880//2150
f 874//2151 871//2151 877//2151
f 870//2152 748//2152 880//2152
f 922//2153 733//2154 768//2155
f 768//2156 958//2015 922//2014
f 736//2157 925//2158 797//2159
f 924//2160 859//2160 771//2160
f 773//2161 798//2162 797//2163
f 734//2164 770//2164 925//2164
f 770//2165 924//2165 925//2165
f 771//2166 859//2166 926//2166
f 775//2167 866//2168 861//2169
f 797//2170 771//2170 926//2170
f 865//2171 772//2172 866//2173
f 801//2174 773//2175 865//2176
f 762//2177 844//2178 845//2179
f 802//2180 864//2180 804//2180
f 863//2181 954//2181 768//2181
f 862//2182 954//2182 863//2182
f 804//2183 863//2183 805//2183
f 804//2184 862//2184 863//2184
f 849//2185 928//2186 927//2187
f 738//2188 843//2188 806//2188
f 927//2189 763//2190 847//2191
f 764//2192 800//2193 928//2186
f 767//2194 851//2195 766//2196
f 765//2197 825//2198 796//2199
f 765//2200 851//2200 852//2200
f 844//2201 856//2202 929//2203
f 796//2204 735//2204 850//2204
f 849//2205 856//2206 764//2207
f 851//2208 855//2209 766//2210
f 843//2211 803//2211 856//2211
f 955//2212 764//2212 803//2212
f 851//2213 930//2214 846//2215
f 930//2216 795//2217 857//2218
f 930//2219 857//2219 846//2219
f 934//2220 823//2221 832//2222
f 847//2223 853//2223 854//2223
f 841//2224 842//2224 753//2224
f 932//2225 841//2225 754//2225
f 754//2226 946//2226 932//2226
f 782//2227 935//2228 840//2229
f 935//2230 761//2231 839//2232
f 935//2233 745//2234 833//2235
f 745//2236 936//2237 833//2238
f 936//2239 754//2240 753//2241
f 837//2242 746//2243 938//2244
f 956//2245 937//2245 745//2245
f 752//2246 933//2246 838//2246
f 837//2247 933//2247 752//2247
f 756//2248 835//2249 836//2250
f 746//2251 823//2251 938//2251
f 823//2252 758//2252 938//2252
f 755//2253 939//2254 835//2255
f 761//2256 834//2256 835//2256
f 824//2257 939//2257 832//2257
f 824//2258 839//2258 939//2258
f 887//2259 883//2259 783//2259
f 868//2260 887//2260 783//2260
f 868//2261 777//2261 887//2261
f 940//2262 778//2263 830//2264
f 940//2265 830//2265 941//2265
f 942//2266 776//2267 826//2268
f 889//2269 869//2270 943//2271
f 782//2272 776//2272 836//2272
f 888//2273 869//2274 871//2275
f 826//2276 948//2277 750//2278
f 948//2279 779//2280 936//2281
f 936//2282 753//2282 948//2282
f 918//2283 756//2284 944//2285
f 823//2286 854//2287 832//2288
f 756//2289 828//2289 944//2289
f 824//2290 855//2291 945//2292
f 767//2293 947//2293 854//2293
f 945//2294 822//2294 824//2294
f 945//2295 762//2296 845//2297
f 823//2298 848//2299 847//2300
f 929//2301 946//2301 844//2301
f 948//2302 838//2303 827//2304
f 927//2305 847//2305 848//2305
f 949//2306 740//2307 808//2308
f 949//2309 815//2309 821//2309
f 950//2310 741//2311 744//2312
f 808//2313 743//2313 949//2313
f 819//2314 953//2315 742//2316
f 819//2317 742//2317 818//2317
f 951//2318 808//2319 809//2320
f 742//2321 807//2321 814//2321
f 740//2322 821//2322 807//2322
f 743//2323 951//2323 816//2323
f 820//2324 809//2325 952//2326
f 812//2327 805//2328 953//2329
f 737//2330 801//2330 952//2330
f 801//2331 813//2331 952//2331
f 953//2332 733//2333 739//2334
f 809//2335 811//2336 798//2337
f 810//2338 813//2339 802//2340
f 737//2341 952//2341 798//2341
f 739//2342 923//2342 807//2342
f 734//2343 740//2343 923//2343
f 774//2344 800//2193 955//2345
f 804//2346 812//2346 802//2346
f 810//2347 817//2347 744//2347
f 812//2348 819//2348 810//2348
f 740//2349 811//2349 808//2349
f 738//2350 806//2350 954//2350
f 774//2351 955//2351 738//2351
f 866//2352 860//2353 800//2354
f 860//2355 867//2356 799//2357
f 860//2358 931//2358 800//2358
f 796//2359 858//2360 735//2361
f 769//2362 858//2362 957//2362
f 958//2363 858//2363 769//2363
f 768//2364 795//2364 958//2364
f 795//2365 735//2365 958//2365
f 744//1969 817//2366 819//2367
f 742//1967 814//2368 821//2369
f 821//2369 815//2370 743//1968
f 743//1968 816//2371 820//2372
f 820//2372 950//2373 744//1969
f 744//1969 819//2367 742//1967
f 742//1967 821//2369 743//1968
f 743//1968 820//2372 744//1969
f 822//1970 945//2374 845//1971
f 957//1976 796//2375 825//1977
f 761//1979 835//2376 939//1980
f 836//1982 835//2377 834//1983
f 779//1985 840//2378 935//1986
f 932//1988 746//2379 752//1989
f 842//1993 841//2380 752//1994
f 853//1996 931//2381 825//1997
f 767//1999 854//2382 853//2000
f 862//2002 861//2383 774//2003
f 771//2009 797//2384 925//2010
f 840//2018 875//2125 882//2019
f 896//2025 893//2385 895//2026
f 896//2028 885//2386 891//2029
f 786//2032 886//2387 906//2033
f 906//2035 886//2388 789//2036
f 897//2389 790//2389 901//2389
f 907//2038 793//2390 789//2039
f 902//2042 899//2391 787//2043
f 903//2047 888//2392 786//2048
f 792//2051 900//2393 909//2052
f 785//2054 884//2394 909//2055
f 904//2057 784//2395 943//2058
f 903//2060 910//2396 943//2061
f 790//2063 894//2397 902//2064
f 902//2066 783//2398 883//2067
f 903//2070 908//2399 911//2071
f 905//2074 906//2400 911//2075
f 911//2077 906//2401 793//2078
f 912//2080 897//2402 794//2081
f 749//2083 748//2403 785//2084
f 886//2089 786//2404 890//2090
f 784//2094 789//2405 892//2095
f 892//2097 757//2406 873//2098
f 759//2100 872//2407 914//2101
f 914//2103 872//2408 868//2104
f 916//2109 785//2112 748//2110
f 898//2115 895//2409 884//2116
f 840//2118 779//2410 872//2119
f 838//2121 781//2411 881//2122
f 917//2126 881//2412 757//2127
f 776//2413 782//2413 882//2413
f 882//2414 760//2414 777//2414
f 878//2129 747//2415 873//2130
f 873//2132 757//2416 881//2133
f 778//2136 880//2417 921//2137
f 921//2139 748//2403 749//2083
f 876//2142 872//2418 829//2143
f 838//2145 874//2419 877//2146
f 778//2148 827//2420 879//2149
f 922//2153 923//2421 733//2154
f 736//2157 734//2422 925//2158
f 773//2161 737//2423 798//2162
f 775//2167 865//2424 866//2168
f 865//2171 773//2425 772//2172
f 801//2174 737//2426 773//2175
f 762//2177 846//2427 844//2178
f 849//2185 764//2192 928//2186
f 927//2189 928//2428 763//2190
f 764//2192 955//2345 800//2193
f 767//2194 852//2429 851//2195
f 765//2197 852//2430 825//2198
f 844//2201 843//2431 856//2202
f 849//2205 929//2432 856//2206
f 851//2208 846//2433 855//2209
f 851//2213 765//2434 930//2214
f 930//2216 735//2435 795//2217
f 934//2220 758//2436 823//2221
f 782//2227 834//2437 935//2228
f 935//2230 834//2438 761//2231
f 935//2233 839//2439 745//2234
f 745//2236 937//2440 936//2237
f 936//2239 937//2441 754//2240
f 837//2242 752//2442 746//2243
f 756//2248 755//2443 835//2249
f 755//2253 832//2444 939//2254
f 940//2262 750//2445 778//2263
f 942//2266 920//2446 776//2267
f 889//2269 747//2447 869//2270
f 888//2273 943//2448 869//2274
f 826//2276 829//2449 948//2277
f 948//2279 829//2450 779//2280
f 918//2283 781//2451 756//2284
f 823//2286 847//2452 854//2287
f 824//2290 766//2453 855//2291
f 945//2295 855//2454 762//2296
f 823//2298 746//2455 848//2299
f 948//2302 842//2456 838//2303
f 949//2306 821//2457 740//2307
f 950//2310 952//2458 741//2311
f 819//2314 812//2459 953//2315
f 951//2318 743//2460 808//2319
f 820//2324 951//2461 809//2325
f 812//2327 804//2462 805//2328
f 953//2332 805//2463 733//2333
f 809//2335 808//2464 811//2336
f 810//2338 741//2465 813//2339
f 774//2344 866//2466 800//2193
f 866//2352 772//2467 860//2353
f 860//2355 772//2468 867//2356
f 796//2359 957//2469 858//2360
usemtl Material.076
f 974//2470 971//2470 972//2470
f 961//2471 959//2471 962//2471
f 973//2472 971//2472 974//2472
f 960//2473 962//2473 959//2473
l 969 970
l 964 975
l 965 967
l 975 976
l 780 920
l 963 966
l 972 976
o Cylinder.007
v 1.883079 5.520595 -26.480391
v 1.893042 5.409836 -26.068726
v 1.667022 6.084016 -26.032215
v 1.664732 5.307976 -25.990488
v 1.436356 5.249884 -26.244764
v 1.478514 5.981592 -26.662937
v 1.966176 5.448088 -26.484873
v 1.950683 5.357006 -26.035107
v 1.401231 5.215084 -26.690720
v 2.072308 5.436336 -26.603912
v 1.719093 5.135642 -25.753904
v 1.348846 5.176285 -26.777750
v 1.349478 6.997625 -26.213369
v 0.970334 6.729434 -26.352701
v -0.109208 7.380436 -25.887825
v 0.269027 8.298676 -27.144983
v 0.290827 8.324991 -27.084299
v 1.101581 7.767427 -25.898842
v 0.201010 8.257463 -26.955338
v 0.880628 7.176678 -26.186317
v 1.023209 7.320868 -26.240412
v 1.155513 6.971190 -26.411823
v 1.172075 6.872098 -25.714087
v 1.050575 7.228998 -25.624088
v -0.118474 7.251318 -25.987194
v 0.948926 6.780610 -25.971169
v 2.034699 7.971586 -25.777180
v 2.145520 7.969049 -25.601467
v 1.351531 6.986887 -25.847923
v 1.498042 6.580203 -26.331530
v 1.148925 6.139470 -26.107100
v 1.162291 6.170147 -26.481640
v 1.573601 6.291945 -25.988935
v 1.526894 6.452736 -25.979237
v 1.278969 6.374645 -25.852102
v 1.757896 5.916836 -26.400816
v 1.757423 5.757371 -26.056452
v 1.837351 5.598505 -26.083195
v 1.582816 5.526292 -25.942211
v 1.309346 5.635499 -26.192591
v 1.383439 5.391834 -26.226368
v 1.307978 5.741956 -26.543510
v 1.383503 5.559422 -26.557325
v 1.193467 7.683240 -25.590624
v 2.054291 8.022294 -25.527134
v 0.883553 7.768865 -26.158371
v 1.246396 7.488776 -26.021925
v 1.115546 7.799071 -25.514807
v 0.800616 7.275735 -25.792095
v 1.273151 7.400145 -25.737087
v 2.379403 8.343849 -25.639484
v -0.598417 7.423935 -25.936186
v -0.017354 8.576655 -27.576107
v -0.633144 7.412215 -26.195852
v 2.407263 8.272150 -25.710756
v -0.180226 8.575161 -27.552301
v -0.609379 7.326018 -26.010456
v 2.604953 8.390709 -25.430758
v -0.843204 7.365416 -25.967546
v -0.187082 8.686953 -27.870848
v -0.812427 7.264716 -26.049782
v 2.639647 8.296700 -25.479982
v 1.658937 6.101854 -26.405003
v 1.550326 6.019417 -25.900909
v 1.602819 5.416343 -25.946524
v 1.529516 5.275761 -26.072208
v 1.319336 5.903618 -25.995462
v 1.219114 5.907648 -26.366842
v 1.426467 5.350242 -26.602991
v 1.538972 5.402265 -26.698629
v 1.304808 6.154088 -26.588783
v 1.663224 5.449949 -26.728577
v 1.784897 5.489779 -26.641249
v 1.523370 6.192838 -26.539938
v 2.080312 5.382043 -26.222927
v 1.724657 5.223767 -25.882723
v 1.509161 5.165516 -26.041916
v 1.567212 5.320512 -26.822498
v 1.654032 5.269170 -25.946650
v 1.701341 5.404727 -26.807068
v 1.419053 5.303950 -26.683376
v 2.126477 5.363371 -26.259958
v 1.916120 5.193335 -25.814285
v 1.529185 5.068124 -25.908411
v 1.533995 5.251852 -26.947250
v 1.943421 5.426691 -26.824102
v 1.750595 5.356749 -26.961346
v 1.360892 5.058104 -26.181721
v 2.064556 5.334985 -25.972124
v 1.399068 6.877236 -26.096468
v 0.989198 6.590218 -26.059139
v 1.449117 6.602470 -25.957010
v 1.401206 6.059094 -25.874172
v 1.175814 7.712136 -25.897783
v 0.690843 7.673088 -26.034021
v 1.034265 7.389874 -25.586317
v 1.225836 7.613334 -25.985289
v 0.860177 7.902714 -26.093792
v 0.776543 7.883476 -26.001181
v 1.219171 6.612395 -25.828279
v 1.257903 7.274899 -26.105673
v 1.277093 7.174181 -25.771505
v 1.254265 6.942775 -25.751644
v 1.185768 7.280550 -25.717363
v 0.931144 6.934368 -26.082485
v 0.756646 7.361625 -26.105383
v 1.390482 6.812563 -25.926680
v 1.284134 7.440734 -25.846342
v 0.968399 7.196759 -26.285719
v 0.932059 7.376075 -26.161842
v 1.379675 6.224025 -26.641697
v 1.280960 6.604155 -26.543707
v 1.422119 6.708594 -26.338007
v 1.549943 6.429411 -26.339758
v 1.054527 6.420387 -26.047316
v 1.023162 6.528757 -26.391754
v 1.102651 6.341248 -26.434689
v 1.619599 6.173924 -25.981640
v 1.547343 6.389865 -25.965927
v 1.344728 6.203393 -25.845367
v 1.235788 6.170044 -25.954750
v 1.143427 6.399171 -25.947769
v 1.534250 6.545043 -26.156773
v 1.240129 6.271033 -26.574171
v 1.594612 6.331392 -26.364735
v 1.708935 5.981658 -26.014713
v 1.507973 5.691257 -25.915665
v 1.263954 5.817643 -26.178055
v 1.331057 5.660229 -26.562841
v 1.577837 5.719014 -26.698046
v 1.732791 5.641318 -26.642365
v 1.486871 5.543893 -26.657780
v 1.350347 5.504845 -26.373363
v 1.304235 5.636165 -26.380108
v 1.404709 5.706715 -26.053020
v 1.980870 8.053524 -25.738682
v -0.145517 7.418527 -26.022850
v 0.173011 8.205629 -27.067862
v -0.125425 7.426809 -26.098085
v 1.743340 7.821831 -25.863798
v -0.121087 7.292091 -25.904383
v -0.111594 7.349410 -26.168652
v 2.054020 7.940257 -25.725266
v 1.619092 7.880098 -25.798395
v 0.359489 7.568882 -26.039316
v 0.316947 7.397775 -25.824060
v 0.447606 7.976404 -26.561485
v 0.518905 8.072248 -26.717344
v 0.360449 7.275675 -25.911631
v 1.666570 7.662227 -25.683762
v 2.368791 8.326702 -25.538797
v -0.102285 8.496775 -27.515362
v -0.138784 8.627925 -27.583046
v -0.572996 7.330862 -26.117964
v 2.172983 8.119633 -25.515976
v -0.478973 7.488765 -26.118032
v -0.390488 7.382931 -25.901909
v -0.411423 7.389235 -26.189657
v -0.125706 8.675724 -27.698452
v -0.409924 7.290697 -25.995579
v -0.244653 8.676308 -27.868046
v 2.591317 8.439257 -25.590702
v -0.297011 8.633842 -27.821865
v -0.247993 8.687237 -27.817913
v 2.623789 8.335411 -25.426144
v -0.275244 8.631063 -27.763676
v 2.624322 8.363111 -25.655851
v -0.137303 8.671940 -27.792463
v 2.526558 8.362703 -25.431189
v 2.512193 8.418760 -25.587450
v -0.833577 7.444891 -26.134302
v -0.721238 7.401716 -25.931213
v -0.833497 7.341794 -26.231817
v -0.837676 7.289434 -26.174704
v -0.710270 7.327219 -25.973539
v -0.849442 7.386983 -26.207495
v -0.190111 8.610785 -27.769039
v -0.820170 7.391142 -26.036032
v -0.848065 7.345642 -26.118734
v 2.653619 8.376127 -25.531042
v -0.001149 8.388829 -27.295275
v 2.352376 8.301414 -25.697191
v 0.077926 8.426886 -27.243267
v 0.066985 8.409474 -27.351547
v 0.329085 7.327614 -25.996332
v 0.780695 7.370269 -25.736362
v 0.574187 8.080215 -26.516241
v 1.144173 7.728042 -25.555374
v 0.591987 8.053772 -26.606869
v 1.788377 5.777386 -26.309645
v 1.918472 5.457759 -26.278122
v 1.683154 5.602029 -25.977217
v 1.739873 5.485408 -26.007618
v 1.422266 5.544418 -26.065140
v 1.054390 6.357874 -26.236393
v 1.143439 6.113238 -26.301449
v 1.181478 6.409723 -26.510658
v 1.613921 6.310275 -26.205818
v 1.179194 5.992919 -26.112316
v 1.062620 6.882737 -26.388546
v 0.878277 7.103694 -25.826826
v 1.058059 6.761787 -25.861074
v 1.277902 7.228935 -25.952404
v 1.157367 7.307314 -26.192591
v 1.264809 6.970298 -26.356050
v 0.942354 6.751323 -26.163006
v 1.309713 6.769221 -25.843037
v 0.983267 7.886597 -25.909973
v 0.848758 7.981256 -25.938457
v 1.108794 7.733780 -25.763046
v -0.593895 7.467203 -26.083227
v 0.890036 7.502538 -25.599659
v 1.462235 6.633377 -26.141966
v 1.111850 6.620827 -26.508255
v 1.300375 6.463405 -25.837633
v 0.990249 7.567828 -26.146593
v 1.882394 5.265419 -25.840790
v 1.313857 5.101219 -26.508080
v 1.512932 5.113332 -25.933235
v 1.396601 5.124015 -26.202866
v 1.832634 5.433564 -26.673714
v 1.638615 5.943743 -26.538836
v 1.265765 5.882725 -26.563032
v 1.347280 6.716146 -26.435503
v 1.609885 5.895147 -25.919615
v 1.715821 5.987390 -26.257677
v 0.503116 6.981764 -24.730528
v 0.609055 7.097202 -24.899570
v 0.404895 6.902666 -24.272839
v 0.621392 7.003778 -24.515190
v 0.929865 8.199283 -26.105164
v 1.234223 7.494779 -25.377670
v 1.299769 7.681023 -25.497383
v 1.229274 8.071982 -26.014286
v 1.307546 7.826509 -25.433794
v 0.444393 7.250381 -25.400778
v 0.820714 7.218590 -25.447014
v 0.756811 7.215035 -25.477728
v 1.654973 7.308841 -24.496664
v 1.725943 7.421231 -24.821428
v 1.967629 7.352064 -24.157101
v 1.821673 7.328391 -24.645533
v 1.318609 7.371702 -25.018921
v 1.499370 7.414989 -24.992098
vn 0.9227 0.3839 0.0352
vn -0.4147 -0.0266 -0.9096
vn 0.7683 0.3531 -0.5338
vn -0.4271 0.8354 -0.3460
vn -0.3900 0.7251 -0.5675
vn 0.3054 0.8933 0.3299
vn -0.8181 0.2878 0.4979
vn -0.8511 -0.0179 0.5247
vn 0.4954 0.8476 0.1902
vn 0.1575 0.4049 0.9007
vn -0.4214 -0.2743 -0.8644
vn -0.9956 -0.0814 0.0465
vn -0.9103 -0.4138 0.0143
vn 0.7800 0.5706 0.2568
vn -0.6007 -0.2368 -0.7636
vn 0.4682 0.2351 0.8518
vn 0.5662 0.5188 -0.6405
vn 0.8023 0.3505 -0.4832
vn -0.9580 -0.2301 -0.1709
vn -0.6893 -0.4360 0.5786
vn -0.7865 -0.1302 0.6038
vn 0.2747 -0.1188 0.9542
vn 0.6286 0.7711 -0.1015
vn 0.2113 0.8943 0.3944
vn -0.6269 0.3545 0.6938
vn 0.6080 0.7727 0.1827
vn -0.8076 0.5876 -0.0509
vn 0.1217 -0.7955 -0.5935
vn 0.1215 -0.4768 0.8706
vn -0.2810 0.8312 -0.4797
vn -0.5646 0.6991 0.4387
vn -0.5651 0.6985 0.4390
vn -0.5648 0.6989 0.4389
vn 0.0070 -0.9112 -0.4119
vn -0.3396 0.9124 0.2285
vn 0.4110 0.9074 -0.0872
vn 0.8680 0.3269 0.3737
vn -0.7028 -0.7109 -0.0257
vn 0.3443 -0.5102 0.7881
vn -0.0508 -0.1774 0.9828
vn -0.3794 0.6698 0.6383
vn 0.0501 0.8700 0.4905
vn 0.1551 0.6443 -0.7489
vn 0.5026 -0.6446 -0.5761
vn 0.1267 0.9422 0.3101
vn 0.8081 -0.1722 -0.5634
vn -0.1474 0.5827 -0.7992
vn 0.1413 -0.8708 -0.4708
vn 0.8936 0.4255 0.1429
vn 0.9394 0.2912 0.1807
vn 0.5626 0.1461 0.8137
vn 0.6961 0.0330 0.7172
vn -0.8108 -0.3149 0.4933
vn -0.7995 -0.1303 0.5864
vn -0.3493 -0.5167 0.7817
vn -0.4897 0.0543 -0.8702
vn -0.6724 -0.3844 -0.6325
vn -0.6433 -0.0159 -0.7654
vn -0.6958 0.0139 -0.7181
vn 0.6257 0.3311 -0.7063
vn 0.7979 0.2704 -0.5388
vn 0.7066 0.4592 -0.5384
vn 0.6727 0.3436 -0.6553
vn 0.7673 0.3132 -0.5597
vn -0.9183 -0.3447 -0.1946
vn -0.9415 -0.3353 -0.0353
vn -0.4920 -0.1251 -0.8615
vn 0.9086 0.3666 0.2000
vn 0.9087 0.3665 0.1999
vn 0.9086 0.3667 0.2000
vn -0.7734 -0.3695 0.5151
vn -0.8358 -0.1909 0.5148
vn -0.6946 -0.1780 0.6970
vn -0.1387 0.3931 -0.9090
vn -0.6429 0.2152 -0.7351
vn -0.5616 -0.3998 0.7244
vn -0.6799 -0.4179 0.6026
vn -0.5748 -0.3751 0.7273
vn -0.5762 -0.3784 0.7244
vn -0.5750 -0.3756 0.7268
vn 0.9585 0.2469 0.1425
vn 0.6774 0.2995 -0.6719
vn 0.4206 0.3922 -0.8181
vn -0.9806 -0.1759 -0.0863
vn -0.5987 0.6962 -0.3960
vn 0.5876 0.7921 0.1651
vn 0.5955 -0.1259 0.7935
vn 0.1404 0.9487 0.2835
vn -0.1703 0.2812 -0.9444
vn -0.6857 -0.2182 -0.6944
vn 0.4844 0.2107 0.8491
vn 0.5037 -0.2560 0.8251
vn 0.5291 0.1509 0.8350
vn -0.5512 0.2310 -0.8018
vn -0.8369 0.5139 0.1885
vn 0.0136 0.9962 -0.0862
vn 0.2533 0.9584 0.1313
vn -0.4797 0.7118 0.5130
vn 0.6565 0.7452 0.1166
vn -0.6205 0.7030 -0.3476
vn -0.5559 0.8305 -0.0357
vn 0.0670 0.5867 0.8071
vn -0.1181 0.7577 0.6419
vn 0.7351 0.3805 -0.5611
vn 0.7369 0.4152 -0.5335
vn 0.7925 0.1102 -0.5998
vn -0.7326 -0.4634 0.4986
vn -0.6106 -0.2616 0.7475
vn -0.7176 -0.5206 0.4628
vn 0.4897 0.4382 -0.7537
vn -0.9805 0.1944 0.0270
vn 0.3182 -0.9355 -0.1533
vn 0.3802 -0.8971 -0.2251
vn 0.3936 -0.9084 -0.1413
vn 0.9542 0.2803 -0.1046
vn 0.9571 0.2723 -0.0988
vn 0.9519 0.2863 -0.1090
vn -0.7634 -0.0762 -0.6414
vn -0.4609 -0.3036 0.8339
vn 0.7192 0.3464 -0.6023
vn 0.1629 -0.0656 0.9845
vn 0.1620 -0.0667 0.9845
vn 0.1647 -0.0632 0.9843
vn 0.7335 -0.1259 0.6679
vn 0.7376 -0.1268 0.6632
vn 0.7458 -0.1286 0.6536
vn 0.4299 -0.0883 0.8986
vn 0.4919 -0.0207 0.8704
vn 0.3870 -0.1322 0.9126
vn 0.9839 0.0759 -0.1621
vn 0.9873 0.0835 -0.1352
vn 0.9905 0.0930 -0.1014
vn -0.6237 0.1426 -0.7686
vn -0.7090 0.0452 -0.7037
vn -0.7488 -0.0077 -0.6627
vn -0.5376 -0.4192 0.7316
vn -0.5764 -0.3788 0.7240
vn -0.5007 0.2315 -0.8341
vn -0.5884 0.2463 -0.7701
vn -0.3150 0.1953 -0.9288
vn -0.6038 -0.3992 0.6899
vn -0.6023 -0.3935 0.6946
vn -0.5971 -0.3752 0.7090
vn -0.6136 -0.2468 0.7501
vn -0.6264 -0.2399 0.7417
vn -0.6557 -0.2234 0.7212
vn -0.4995 -0.0491 -0.8649
vn -0.4964 0.0083 -0.8681
vn -0.5003 -0.0739 -0.8627
vn 0.9357 0.3290 -0.1277
vn -0.6443 -0.0995 -0.7583
vn -0.9775 -0.2038 0.0551
vn -0.3796 -0.0155 -0.9250
vn 0.3842 -0.0011 0.9232
vn 0.3793 -0.0226 0.9250
vn 0.3700 -0.0617 0.9270
vn -0.9642 -0.1504 -0.2184
vn 0.9175 0.3838 0.1047
vn 0.9464 0.2938 0.1340
vn 0.9465 0.2939 0.1335
vn 0.9461 0.2925 0.1388
vn 0.1035 0.2964 -0.9495
vn 0.5601 -0.7942 -0.2357
vn 0.5523 -0.8060 -0.2129
vn 0.5606 -0.7931 -0.2383
vn -0.2223 -0.5295 0.8187
vn 0.0281 -0.9803 -0.1957
vn -0.0672 -0.9077 -0.4143
vn -0.1662 -0.9810 -0.1005
vn -0.7347 0.6773 -0.0382
vn -0.7329 0.6608 0.1620
vn -0.7142 0.6336 0.2974
vn -0.0396 0.9899 0.1360
vn -0.1875 0.9407 0.2826
vn 0.0467 0.9977 0.0484
vn -0.1058 -0.5030 0.8578
vn 0.2705 -0.5826 -0.7664
vn 0.3327 -0.6688 -0.6649
vn 0.3572 -0.7014 -0.6168
vn 0.2829 -0.9414 -0.1836
vn 0.1861 -0.9817 -0.0401
vn 0.3235 -0.9136 -0.2462
vn 0.1935 -0.8090 0.5551
vn 0.2468 -0.6739 0.6964
vn 0.2683 -0.6011 0.7528
vn -0.1541 -0.6528 0.7417
vn -0.0695 0.6708 -0.7384
vn 0.0605 0.6167 -0.7848
vn 0.1165 0.5891 -0.7996
vn -0.1854 0.5912 -0.7849
vn -0.5653 0.6983 0.4392
vn -0.0606 0.7864 -0.6148
vn -0.0659 0.7763 -0.6269
vn -0.0591 0.7891 -0.6115
vn -0.0076 0.4719 -0.8816
vn 0.3231 -0.7623 -0.5607
vn 0.3852 -0.7444 -0.5455
vn 0.1185 -0.7968 -0.5926
vn 0.4171 -0.7544 -0.5069
vn 0.4677 -0.6980 -0.5423
vn 0.5039 -0.6521 -0.5665
vn -0.2520 0.9475 0.1971
vn -0.2102 0.9495 0.2330
vn -0.2818 0.9442 0.1707
vn -0.1804 0.8648 0.4686
vn -0.1354 0.9676 0.2129
vn -0.1289 0.9754 0.1787
vn -0.2834 0.9008 0.3290
vn -0.2625 0.9108 0.3185
vn -0.3173 0.8830 0.3459
vn -0.4515 0.8488 0.2751
vn -0.4838 0.8542 0.1904
vn -0.4236 0.8396 0.3401
vn 0.7393 0.6630 -0.1179
vn -0.9730 0.1670 0.1593
vn -0.9728 0.1672 0.1606
vn -0.9581 0.1754 0.2266
vn -0.1877 0.9570 -0.2211
vn -0.9769 -0.1769 -0.1198
vn -0.9811 -0.1505 -0.1213
vn -0.9545 -0.2757 -0.1136
vn -0.9399 -0.3250 0.1043
vn -0.9387 -0.3308 0.0969
vn -0.9347 -0.3473 0.0755
vn 0.9729 -0.2189 -0.0743
vn 0.9880 -0.0961 0.1208
vn 0.9387 -0.2875 -0.1904
vn 0.8727 0.2693 -0.4072
vn 0.7548 0.6396 -0.1457
vn 0.7478 0.6498 -0.1360
vn 0.7957 0.5541 -0.2446
vn -0.8582 -0.3504 0.3750
vn -0.6297 0.5213 0.5759
vn 0.0089 -0.7852 -0.6192
vn 0.0701 -0.8450 -0.5301
vn 0.1199 -0.8848 -0.4502
vn -0.0865 -0.8886 -0.4505
vn -0.1043 -0.8732 -0.4760
vn -0.1901 -0.6114 0.7681
vn -0.2242 -0.6434 0.7320
vn -0.2473 -0.6643 0.7054
vn -0.2071 -0.7157 0.6669
vn -0.1518 -0.8562 0.4938
vn -0.2201 -0.6719 0.7072
vn 0.3092 -0.0678 -0.9486
vn -0.0499 0.2805 -0.9585
vn -0.0740 0.3018 -0.9505
vn -0.4886 0.7931 -0.3637
vn -0.4271 0.7295 -0.5342
vn -0.4912 0.7955 -0.3549
vn 0.0942 0.8907 0.4448
vn 0.0860 0.6198 -0.7801
vn 0.1408 0.6806 -0.7190
vn 0.2447 -0.7295 -0.6387
vn 0.2298 -0.7460 -0.6250
vn 0.2258 -0.7492 -0.6227
vn 0.2401 -0.7366 -0.6323
vn 0.2363 -0.7348 -0.6358
vn -0.1841 -0.8295 -0.5272
vn -0.7990 -0.5400 0.2645
vn -0.7465 -0.6427 0.1724
vn -0.7363 -0.6582 0.1569
vn 0.5899 -0.7269 -0.3517
vn 0.5122 -0.6432 -0.5692
vn 0.5035 -0.6336 -0.5875
vn 0.0591 -0.9517 -0.3013
vn -0.0248 -0.8940 -0.4474
vn -0.0604 -0.8608 -0.5054
vn 0.5527 -0.8033 -0.2217
vn 0.5558 -0.8018 -0.2196
vn 0.1308 -0.8321 -0.5390
vn 0.1383 -0.8684 -0.4761
vn 0.1393 -0.8733 -0.4668
vn -0.1824 0.0088 0.9832
vn -0.1443 -0.1459 0.9787
vn -0.1847 0.0188 0.9826
vn -0.0237 -0.8932 0.4491
vn -0.0216 -0.8595 0.5106
vn -0.0215 -0.8574 0.5143
vn -0.0700 0.9029 0.4240
vn 0.8750 0.3103 -0.3717
vn 0.8423 0.0137 -0.5389
vn 0.8737 0.3266 -0.3606
vn 0.7320 0.6769 -0.0772
vn 0.7193 0.6920 -0.0606
vn -0.8906 -0.2862 0.3534
vn -0.0860 0.6536 -0.7519
vn -0.0737 0.6428 -0.7625
vn -0.0714 0.6408 -0.7644
vn -0.0136 0.2800 -0.9599
vn 0.0351 0.3639 -0.9308
vn -0.0513 0.2127 -0.9758
vn 0.0770 -0.8501 -0.5210
vn 0.0619 -0.8585 -0.5090
vn 0.0561 -0.8617 -0.5043
vn -0.1032 0.6600 -0.7441
vn 0.2844 -0.7685 -0.5731
vn 0.9510 0.2996 0.0768
vn 0.9340 0.3568 -0.0186
vn 0.9540 0.2796 0.1087
vn 0.9465 0.2940 0.1333
vn 0.4099 -0.0859 0.9081
vn 0.3760 -0.0700 0.9240
vn 0.4482 -0.1041 0.8878
vn 0.3307 -0.0019 0.9438
vn -0.7931 -0.2786 0.5417
vn -0.7845 -0.2146 0.5818
vn -0.7716 -0.1502 0.6181
vn 0.4461 0.1986 0.8726
vn 0.5663 0.0612 0.8219
vn -0.5887 -0.3817 0.7126
vn -0.8868 -0.4061 -0.2208
vn -0.8940 -0.3818 -0.2345
vn -0.8671 -0.4614 -0.1880
vn -0.6118 -0.1418 0.7782
vn -0.9525 -0.3046 0.0041
vn -0.9506 -0.3104 0.0088
vn -0.9436 -0.3301 0.0245
vn -0.9342 -0.3503 -0.0680
vn -0.9347 -0.3488 -0.0683
vn -0.9308 -0.3593 -0.0667
vn 0.6823 0.3073 -0.6634
vn 0.6793 0.3243 -0.6583
vn 0.6712 0.3643 -0.6456
vn -0.2905 0.1650 -0.9425
vn 0.7271 0.4139 -0.5477
vn 0.4846 0.4146 -0.7702
vn 0.5347 0.1778 -0.8261
vn 0.4311 0.2357 -0.8710
vn -0.9385 -0.2833 -0.1975
vn -0.9396 -0.2837 -0.1915
vn -0.9361 -0.2866 -0.2038
vn 0.5935 0.3071 -0.7439
vn -0.9335 -0.3441 0.1013
vn -0.9319 -0.3522 0.0865
vn -0.9344 -0.3379 0.1124
vn -0.9411 -0.2816 -0.1872
vn -0.9363 -0.2922 -0.1949
vn 0.3734 0.1965 0.9066
vn 0.3630 0.2695 0.8919
vn 0.3574 0.3032 0.8833
vn 0.3779 0.1689 0.9103
vn 0.4048 0.1453 0.9028
vn 0.2410 0.2796 0.9294
vn 0.5447 -0.0506 0.8371
vn -0.4745 0.1377 -0.8694
vn -0.4430 0.1353 -0.8862
vn -0.5520 0.1428 -0.8215
vn 0.7434 0.0160 0.6686
vn -0.7170 -0.0198 -0.6968
vn -0.7190 -0.0283 -0.6944
vn -0.7270 -0.0659 -0.6834
vn 0.9655 0.2304 0.1211
vn 0.9898 0.1361 0.0428
vn 0.9141 0.3431 0.2163
vn -0.4716 -0.1523 -0.8686
vn -0.6001 0.0104 -0.7998
vn 0.9307 0.3347 0.1473
vn 0.8792 0.4681 0.0887
vn 0.8489 0.5249 0.0614
vn 0.9675 0.2492 -0.0421
vn 0.9695 0.2427 -0.0348
vn 0.9562 0.2818 -0.0787
vn 0.9035 0.4253 -0.0533
vn -0.6280 -0.4668 0.6227
vn -0.6312 -0.4641 0.6215
vn -0.5904 -0.4971 0.6359
vn -0.7401 -0.3164 0.5935
vn -0.3995 0.4649 -0.7901
vn -0.3944 0.1769 -0.9017
vn -0.4815 0.2879 -0.8278
vn 0.9980 -0.0363 0.0509
vn 0.9996 -0.0064 0.0271
vn 0.9949 -0.0669 0.0752
vn 0.9477 0.3138 0.0591
vn 0.9612 0.2717 -0.0480
vn 0.9629 0.2549 -0.0880
vn 0.9541 0.2994 -0.0036
vn 0.9610 0.2760 0.0189
vn 0.9461 0.3228 -0.0266
vn 0.7040 0.4723 -0.5305
vn 0.6788 0.4595 -0.5728
vn 0.6625 0.4511 -0.5980
vn 0.3457 0.5113 -0.7868
vn 0.3831 0.5031 -0.7747
vn 0.3337 0.5137 -0.7904
vn -0.9865 -0.1628 -0.0196
vn -0.9929 -0.0946 -0.0722
vn -0.9892 0.0038 -0.1463
vn 0.7494 0.4065 -0.5226
vn -0.8473 -0.5194 -0.1110
vn -0.9729 -0.2251 -0.0521
vn 0.5383 0.0075 0.8427
vn 0.4896 -0.0397 0.8710
vn 0.5600 0.0295 0.8280
vn -0.9365 -0.3363 -0.0993
vn -0.9690 -0.2370 0.0694
vn 0.5616 -0.2408 0.7916
vn 0.5596 -0.2440 0.7920
vn 0.5645 -0.2362 0.7909
vn 0.7055 -0.0088 0.7087
vn 0.4731 -0.1922 0.8598
vn 0.6927 0.0900 0.7156
vn -0.7237 0.6889 0.0410
vn -0.6091 0.7307 0.3085
vn -0.6185 0.7174 0.3206
vn 0.6768 0.5220 -0.5191
vn 0.7285 0.4579 -0.5095
vn 0.7852 0.3749 -0.4929
vn 0.5890 0.7378 -0.3297
vn 0.4643 0.8851 0.0315
vn 0.5795 0.8137 -0.0461
vn 0.4164 0.9071 0.0614
vn 0.0419 0.9323 0.3594
vn 0.0080 0.9548 0.2973
vn 0.0502 0.9260 0.3741
vn 0.5394 -0.2622 0.8002
vn 0.0239 0.8425 0.5382
vn 0.1535 0.9717 0.1793
vn 0.1624 0.9751 0.1507
vn 0.3796 0.6488 -0.6595
vn 0.3617 0.6637 -0.6547
vn 0.4473 0.5876 -0.6743
vn 0.4983 0.4083 -0.7649
vn 0.4972 0.3836 -0.7783
vn 0.4993 0.4509 -0.7399
vn 0.3447 0.3732 -0.8613
vn -0.5320 -0.4427 0.7218
vn -0.5268 -0.4186 0.7398
vn -0.5157 -0.3716 0.7720
vn -0.7141 -0.1824 0.6759
vn -0.7143 -0.1828 0.6756
vn -0.6934 -0.1488 0.7050
vn -0.2782 -0.2462 0.9284
vn 0.8416 0.4948 0.2164
vn 0.8328 0.5132 0.2074
vn 0.7782 0.6081 0.1568
vn -0.5760 0.0056 0.8175
vn 0.9671 0.2305 0.1071
vn 0.8161 0.5778 -0.0079
vn 0.8289 0.5594 -0.0003
vn 0.8602 0.5096 0.0195
vn -0.9470 -0.3189 -0.0378
vn -0.9571 -0.2861 -0.0449
vn -0.9323 -0.3606 -0.0286
vn -0.2103 -0.0583 -0.9759
vn -0.3060 0.1591 -0.9386
vn -0.3050 0.1579 -0.9392
vn -0.3005 0.1522 -0.9416
vn -0.9893 -0.1385 0.0465
vn -0.2643 0.9049 0.3336
vn -0.1175 0.9136 0.3893
vn -0.3189 0.8956 0.3101
vn 0.3893 0.4728 0.7905
vn -0.6801 0.7224 0.1250
vn -0.6929 0.7122 0.1126
vn -0.6995 0.7067 0.1060
vn -0.3446 0.7817 0.5199
vn 0.0695 0.9587 -0.2758
vn 0.0693 0.9587 -0.2758
vn 0.0692 0.9587 -0.2758
vn -0.4792 0.8432 0.2436
vn -0.4967 0.7637 0.4124
vn -0.4946 0.7390 0.4574
vn -0.4973 0.7752 0.3895
vn 0.4514 0.8847 0.1166
vn 0.0847 0.9783 0.1889
vn -0.6573 0.1672 0.7348
vn -0.7469 0.5557 0.3652
vn -0.7369 0.5917 0.3269
vn -0.7521 0.5322 0.3888
vn 0.1764 0.8369 -0.5182
vn 0.3326 0.7605 -0.5577
vn 0.4301 0.6968 -0.5741
vn -0.9346 0.3350 0.1197
vn -0.9894 0.1447 0.0079
vn 0.5432 0.7034 -0.4584
vn 0.5611 0.6901 -0.4571
vn 0.5709 0.6825 -0.4562
vn -0.6564 0.2699 0.7045
vn -0.6265 0.1781 0.7588
vn -0.6670 0.3094 0.6777
vn -0.6166 0.5152 -0.5953
vn -0.6678 0.3173 -0.6734
vn -0.5743 0.6170 -0.5381
vn -0.8325 0.3929 0.3905
vn 0.4087 0.9112 0.0517
vn 0.5718 0.7819 0.2484
vn -0.9360 -0.2916 -0.1973
vn -0.9385 -0.2947 -0.1802
vn -0.4088 0.6907 -0.5965
vn -0.5685 0.7753 -0.2753
vn -0.4559 0.7982 -0.3938
vn -0.0499 0.7874 0.6144
vn 0.6283 0.2875 -0.7229
vn -0.3264 -0.2252 -0.9180
vn -0.9613 -0.2705 0.0513
vn -0.9569 -0.2833 0.0637
vn -0.9499 -0.3018 0.0817
vn -0.7628 -0.3705 0.5300
vn -0.7609 -0.3488 0.5471
vn -0.7640 -0.4627 0.4496
vn -0.8995 -0.4370 0.0053
vn 0.6030 0.2441 0.7594
vn 0.6024 0.2954 0.7415
vn 0.5984 0.3668 0.7123
vn 0.6865 0.0131 0.7270
vn 0.9781 0.2054 0.0326
vn 0.8812 0.4719 0.0264
vn 0.8945 0.4471 0.0020
vn 0.4387 -0.8951 0.0801
vn 0.3695 -0.9239 -0.0995
vn -0.2879 -0.9450 -0.1551
vn 0.3334 -0.9238 -0.1881
vn 0.0188 -0.7528 -0.6579
vn 0.5227 -0.8008 -0.2925
vn 0.4271 -0.8832 -0.1937
vn 0.4632 -0.8675 -0.1814
vn 0.9593 0.2661 -0.0942
vn 0.1572 -0.0729 0.9849
vn 0.7259 -0.1243 0.6764
vn 0.5277 0.0208 0.8492
vn 0.9791 0.0673 -0.1920
vn -0.5934 0.1734 -0.7860
vn -0.7484 0.2675 -0.6068
vn -0.6070 -0.4111 0.6801
vn -0.5878 -0.2603 0.7660
vn -0.4916 0.0666 -0.8683
vn 0.3920 0.0353 0.9193
vn -0.7155 0.6712 -0.1940
vn -0.2526 0.9037 0.3457
vn 0.2565 -0.5627 -0.7858
vn 0.1531 -0.9882 0.0073
vn -0.0314 0.0725 0.9969
vn 0.1663 -0.8601 0.4823
vn -0.1029 0.6823 -0.7238
vn -0.0669 0.7744 -0.6291
vn 0.5614 -0.6705 -0.4850
vn 0.3884 -0.7827 -0.4863
vn -0.1604 0.9482 0.2741
vn -0.1839 0.8516 0.4909
vn -0.2276 0.9262 0.3005
vn -0.5160 0.8518 0.0907
vn -0.9835 0.1575 0.0886
vn -0.9904 -0.0580 -0.1256
vn -0.9436 -0.3043 0.1305
vn 0.9609 0.0088 0.2767
vn 0.8761 0.2392 -0.4185
vn -0.0541 -0.7111 -0.7010
vn -0.1628 -0.5846 0.7948
vn -0.1329 -0.8909 0.4344
vn 0.3224 -0.0818 -0.9431
vn -0.4247 0.7269 -0.5397
vn -0.8044 -0.5262 0.2758
vn 0.5957 -0.7329 -0.3286
vn 0.0744 -0.9590 -0.2734
vn 0.1291 -0.8233 -0.5527
vn 0.1575 -0.4184 0.8945
vn 0.2590 -0.6061 0.7520
vn -0.1394 -0.1643 0.9765
vn -0.0239 -0.8972 0.4410
vn 0.8323 -0.0203 -0.5540
vn -0.0878 0.6551 -0.7504
vn 0.0607 0.4069 -0.9115
vn 0.0822 -0.8471 -0.5250
vn 0.9268 0.3727 -0.0464
vn 0.3460 -0.0561 0.9366
vn -0.7973 -0.3600 0.4844
vn -0.9063 -0.3317 -0.2618
vn -0.9570 -0.2900 -0.0075
vn -0.9377 -0.3405 -0.0695
vn 0.6876 0.2734 -0.6727
vn -0.9305 -0.3586 0.0747
vn 0.3754 0.1799 0.9092
vn 0.5216 0.0340 0.8525
vn -0.3955 0.1316 -0.9090
vn -0.7054 0.0261 -0.7084
vn 0.9942 0.1062 0.0181
vn 0.9577 0.2108 0.1959
vn 0.9753 0.2208 -0.0106
vn -0.6791 -0.4214 0.6011
vn 0.9998 0.0160 0.0093
vn 0.9381 0.3303 0.1042
vn 0.9644 0.2627 0.0316
vn 0.7129 0.4767 -0.5143
vn 0.3969 0.4999 -0.7698
vn -0.9797 -0.2001 0.0097
vn 0.4612 -0.0661 0.8848
vn 0.5575 -0.2473 0.7924
vn 0.6282 0.5747 -0.5245
vn 0.6352 0.7674 -0.0870
vn -0.0051 0.9621 0.2728
vn 0.0144 0.8280 0.5605
vn 0.2972 0.7130 -0.6351
vn 0.4926 0.3194 -0.8095
vn -0.5439 -0.5083 0.6677
vn -0.7485 -0.2450 0.6162
vn 0.8735 0.4162 0.2526
vn 0.7720 0.6348 -0.0322
vn -0.9682 -0.2444 -0.0537
vn -0.3146 0.1697 -0.9339
vn -0.0513 0.9102 0.4110
vn -0.6759 0.7256 0.1290
vn 0.0697 0.9587 -0.2759
vn -0.4933 0.7277 0.4765
vn -0.7333 0.6026 0.3148
vn 0.0560 0.8766 -0.4779
vn 0.5284 0.7140 -0.4593
vn -0.6127 0.1417 0.7775
vn -0.6829 0.1951 -0.7040
vn -0.9367 -0.2837 -0.2051
vn -0.9695 -0.2437 0.0256
vn -0.7425 -0.2351 0.6273
vn 0.6009 0.1704 0.7809
vn -0.2161 -0.9071 -0.3612
vn 0.3374 -0.9371 -0.0895
vn 0.1257 -0.9920 0.0105
vn 0.5423 -0.8123 -0.2148
s 1
usemtl Material.077
f 1202//2474 979//2474 1102//2474
f 1047//2475 982//2475 1199//2475
f 1050//2476 1039//2476 1198//2476
f 1054//2477 1063//2477 1061//2477
f 1046//2478 1056//2478 1054//2478
f 1167//2479 984//2479 1051//2479
f 1196//2480 1053//2480 1042//2480
f 1064//2481 1060//2481 1195//2481
f 1065//2482 1058//2482 1051//2482
f 1193//2483 987//2483 1059//2483
f 1071//2484 1022//2484 1192//2484
f 1002//2485 1081//2485 1182//2485
f 1177//2486 1025//2486 1082//2486
f 1066//2487 989//2487 1083//2487
f 1008//2488 1100//2488 1047//2488
f 1094//2489 1009//2489 1040//2489
f 1087//2490 1101//2490 1050//2490
f 1107//2491 1012//2491 977//2491
f 1110//2492 1018//2492 1105//2492
f 1170//2493 1017//2493 1041//2493
f 1111//2494 1016//2494 1170//2494
f 1201//2495 1103//2495 1168//2495
f 1163//2496 1074//2496 1165//2496
f 1135//2497 1129//2497 1159//2497
f 1159//2498 1032//2498 1157//2498
f 1156//2499 1138//2499 1034//2499
f 1035//2500 1154//2500 1155//2500
f 1153//2501 1139//2501 1137//2501
f 1028//2502 1148//2502 1151//2502
f 1027//2503 1146//2503 1158//2503
f 1032//2504 1129//2505 1142//2506
f 1128//2507 1139//2507 1153//2507
f 1148//2508 1154//2508 1035//2508
f 1144//2509 1036//2509 1135//2509
f 1156//2510 1034//2510 1141//2510
f 1157//2511 1032//2511 1128//2511
f 1021//2512 1004//2512 1131//2512
f 991//2513 1133//2513 1117//2513
f 1159//2514 1129//2514 1032//2514
f 993//2515 1159//2515 995//2515
f 1115//2516 1134//2516 1132//2516
f 1003//2517 1119//2517 1116//2517
f 1163//2518 1075//2518 1074//2518
f 992//2519 1165//2519 1124//2519
f 1116//2520 1120//2520 1112//2520
f 1114//2521 1124//2521 1123//2521
f 1166//2522 1013//2522 1014//2522
f 1167//2523 1014//2523 978//2523
f 1013//2524 1168//2524 1014//2524
f 1013//2525 1201//2525 1168//2525
f 1170//2526 1016//2526 1017//2526
f 1103//2527 1111//2527 1170//2527
f 980//2528 1041//2528 1042//2528
f 1105//2529 1106//2529 1108//2529
f 1019//2530 1105//2530 1108//2530
f 1045//2531 1108//2531 1046//2531
f 1019//2532 1108//2532 1045//2532
f 982//2533 1198//2533 1106//2533
f 1107//2534 977//2534 1049//2534
f 1101//2535 1088//2535 1090//2535
f 1087//2536 1088//2536 1101//2536
f 1050//2537 1101//2537 1039//2537
f 1093//2538 1171//2538 1092//2538
f 1175//2539 1172//2539 1044//2539
f 1047//2540 1087//2540 982//2540
f 1174//2541 1009//2542 1094//2541
f 979//2543 1174//2541 1094//2541
f 1007//2544 1097//2544 1091//2544
f 1175//2545 1097//2545 1007//2545
f 1069//2546 1175//2546 1043//2546
f 1085//2547 997//2547 998//2547
f 1190//2548 990//2548 1176//2548
f 1177//2549 1000//2549 1025//2549
f 1178//2550 1177//2550 1002//2550
f 1178//2551 999//2552 1177//2553
f 1066//2554 1083//2554 1068//2554
f 1077//2555 1180//2555 1023//2555
f 1200//2556 998//2556 1181//2556
f 1002//2557 1177//2557 1081//2557
f 1075//2558 1185//2558 1074//2558
f 1070//2559 994//2559 1186//2559
f 1080//2560 1072//2560 1000//2560
f 1187//2561 1028//2561 1133//2561
f 1088//2562 1190//2562 998//2562
f 1092//2563 1190//2563 1173//2563
f 1191//2564 1068//2564 1076//2564
f 1010//2565 1191//2565 1011//2565
f 1010//2566 1068//2566 1191//2566
f 1086//2567 1192//2567 997//2567
f 1196//2568 1194//2568 1064//2568
f 983//2569 986//2569 1197//2569
f 983//2570 1051//2570 986//2570
f 1042//2571 1055//2571 980//2571
f 977//2572 1167//2572 983//2572
f 1046//2573 1057//2573 1045//2573
f 985//2574 1054//2574 988//2574
f 978//2575 1055//2575 984//2575
f 980//2576 1055//2576 978//2576
f 1198//2577 1039//2577 1012//2577
f 1200//2578 989//2578 1089//2578
f 1088//2579 1200//2579 1089//2579
f 1103//2580 1043//2580 1111//2580
f 1069//2581 1043//2581 1103//2581
f 1043//2582 1175//2582 1104//2582
f 1088//2583 998//2583 1200//2583
f 1196//2584 1057//2584 985//2584
f 986//2585 987//2586 988//2587
f 1066//2588 1089//2589 989//2590
f 1190//2591 1092//2591 990//2591
f 1098//2592 1191//2592 1076//2592
f 1192//2593 1022//2593 994//2593
f 1201//2594 1069//2595 1103//2596
f 1005//2597 1183//2598 1083//2599
f 1080//2600 1078//2601 1026//2602
f 1023//2603 1179//2604 1077//2605
f 1176//2606 996//2607 1085//2608
f 1076//2609 999//2609 1178//2609
f 1177//2553 999//2552 1000//2610
f 1086//2611 996//2612 1082//2613
f 1097//2614 1069//2615 1096//2616
f 1011//2617 1097//2618 1096//2619
f 1106//2620 1018//2621 982//2622
f 1090//2623 1006//2623 1099//2623
f 1093//2624 1092//2624 1173//2624
f 1172//2625 1175//2625 1007//2625
f 1108//2626 1106//2626 1048//2626
f 1015//2627 1169//2628 1168//2629
f 1109//2630 1019//2630 1045//2630
f 1167//2631 1166//2631 1014//2631
f 1166//2632 1202//2633 1013//2634
f 1116//2635 1023//2635 1073//2635
f 1084//2636 1126//2637 1026//2638
f 1125//2639 1025//2639 1162//2639
f 1161//2640 1118//2640 1082//2640
f 1160//2641 1157//2641 1128//2641
f 1136//2642 1033//2642 1130//2642
f 1140//2643 1139//2644 1142//2645
f 1140//2646 1135//2647 1036//2648
f 1151//2649 1148//2649 1035//2649
f 1030//2650 1150//2651 1149//2652
f 1150//2653 1033//2654 1037//2655
f 1151//2656 1033//2657 1028//2658
f 1151//2659 1035//2659 1037//2659
f 1146//2660 1031//2661 1158//2662
f 1143//2663 1146//2663 1138//2663
f 1142//2506 1129//2505 1140//2664
f 1147//2665 1030//2666 1152//2667
f 1030//2668 1149//2668 1152//2668
f 1036//2669 1153//2670 1137//2671
f 1029//2672 1153//2673 1144//2674
f 1148//2675 1187//2676 1154//2677
f 1147//2678 1187//2679 1132//2680
f 1034//2681 1146//2682 1145//2683
f 1146//2684 1127//2685 1145//2686
f 1135//2687 1029//2687 1144//2687
f 1147//2688 1155//2689 1154//2690
f 1036//2691 1137//2691 1140//2691
f 1149//2692 1155//2693 1152//2694
f 1155//2695 1037//2696 1035//2697
f 1156//2698 1038//2699 1143//2700
f 993//2701 1029//2702 1135//2703
f 1143//2704 1138//2704 1156//2704
f 1114//2705 995//2705 1157//2705
f 995//2706 1159//2706 1157//2706
f 1130//2707 1134//2708 1136//2709
f 1118//2710 1136//2710 1134//2710
f 1118//2711 1001//2711 1136//2711
f 1028//2712 1136//2713 1133//2714
f 1136//2715 1117//2716 1133//2717
f 1003//2718 1158//2719 1031//2720
f 1158//2721 1112//2722 1027//2723
f 993//2724 1135//2724 1159//2724
f 1132//2725 1134//2725 1030//2725
f 1115//2726 1118//2726 1134//2726
f 1160//2727 992//2728 1114//2729
f 1029//2730 1160//2727 1128//2731
f 1114//2732 1157//2732 1160//2732
f 1142//2733 1128//2734 1032//2735
f 1084//2736 1116//2737 1119//2738
f 1082//2739 1125//2740 1161//2741
f 1004//2742 1126//2637 1119//2743
f 1161//2744 1001//2745 1118//2746
f 1122//2747 1117//2748 1162//2749
f 1117//2750 1125//2751 1162//2752
f 993//2753 995//2753 1163//2753
f 1022//2754 1165//2755 1074//2756
f 1165//2757 993//2701 1163//2758
f 995//2759 1114//2759 1123//2759
f 1120//2760 1073//2761 1070//2762
f 1082//2763 1121//2764 1071//2765
f 1022//2766 1123//2767 1124//2768
f 1118//2769 1115//2769 1121//2769
f 1114//2770 992//2770 1124//2770
f 1166//2771 977//2772 1012//2773
f 1012//2774 1202//2633 1166//2632
f 980//2775 1169//2776 1041//2777
f 1168//2778 1103//2778 1015//2778
f 1017//2779 1042//2780 1041//2781
f 978//2782 1014//2782 1169//2782
f 1014//2783 1168//2783 1169//2783
f 1015//2784 1103//2784 1170//2784
f 1019//2785 1110//2786 1105//2787
f 1041//2788 1015//2788 1170//2788
f 1109//2789 1016//2790 1110//2791
f 1045//2792 1017//2793 1109//2794
f 1006//2795 1088//2796 1089//2797
f 1046//2798 1108//2798 1048//2798
f 1107//2799 1198//2799 1012//2799
f 1106//2800 1198//2800 1107//2800
f 1048//2801 1107//2801 1049//2801
f 1048//2802 1106//2802 1107//2802
f 1093//2803 1172//2804 1171//2805
f 982//2806 1087//2806 1050//2806
f 1171//2807 1007//2808 1091//2809
f 1008//2810 1044//2811 1172//2804
f 1011//2812 1095//2813 1010//2814
f 1009//2815 1069//2816 1040//2817
f 1009//2818 1095//2818 1096//2818
f 1088//2819 1100//2820 1173//2821
f 1040//2822 979//2822 1094//2822
f 1093//2823 1100//2824 1008//2825
f 1095//2826 1099//2827 1010//2828
f 1087//2829 1047//2829 1100//2829
f 1199//2830 1008//2830 1047//2830
f 1095//2831 1174//2832 1090//2833
f 1174//2834 1039//2835 1101//2836
f 1174//2837 1101//2837 1090//2837
f 1178//2838 1067//2839 1076//2840
f 1091//2841 1097//2841 1098//2841
f 1085//2842 1086//2842 997//2842
f 1176//2843 1085//2843 998//2843
f 998//2844 1190//2844 1176//2844
f 1026//2845 1179//2846 1084//2847
f 1179//2848 1005//2849 1083//2850
f 1179//2851 989//2852 1077//2853
f 989//2854 1180//2855 1077//2856
f 1180//2857 998//2858 997//2859
f 1081//2860 990//2861 1182//2862
f 1200//2863 1181//2863 989//2863
f 996//2864 1177//2864 1082//2864
f 1081//2865 1177//2865 996//2865
f 1000//2866 1079//2867 1080//2868
f 990//2869 1067//2869 1182//2869
f 1067//2870 1002//2870 1182//2870
f 999//2871 1183//2872 1079//2873
f 1005//2874 1078//2874 1079//2874
f 1068//2875 1183//2875 1076//2875
f 1068//2876 1083//2876 1183//2876
f 1131//2877 1127//2877 1027//2877
f 1112//2878 1131//2878 1027//2878
f 1112//2879 1021//2879 1131//2879
f 1184//2880 1022//2881 1074//2882
f 1184//2883 1074//2883 1185//2883
f 1186//2884 1020//2885 1070//2886
f 1133//2887 1113//2888 1187//2889
f 1026//2890 1020//2890 1080//2890
f 1132//2891 1113//2892 1115//2893
f 1070//2894 1192//2895 994//2896
f 1192//2897 1023//2898 1180//2899
f 1180//2900 997//2900 1192//2900
f 1162//2901 1000//2902 1188//2903
f 1067//2904 1098//2905 1076//2906
f 1000//2907 1072//2907 1188//2907
f 1068//2908 1099//2909 1189//2910
f 1011//2911 1191//2911 1098//2911
f 1189//2912 1066//2912 1068//2912
f 1189//2913 1006//2914 1089//2915
f 1067//2916 1092//2917 1091//2918
f 1173//2919 1190//2919 1088//2919
f 1192//2920 1082//2921 1071//2922
f 1171//2923 1091//2923 1092//2923
f 1193//2924 984//2925 1052//2926
f 1193//2927 1059//2927 1065//2927
f 1194//2928 985//2929 988//2930
f 1052//2931 987//2931 1193//2931
f 1063//2932 1197//2933 986//2934
f 1063//2935 986//2935 1062//2935
f 1195//2936 1052//2937 1053//2938
f 986//2939 1051//2939 1058//2939
f 984//2940 1065//2940 1051//2940
f 987//2941 1195//2941 1060//2941
f 1064//2942 1053//2943 1196//2944
f 1056//2945 1049//2946 1197//2947
f 981//2948 1045//2948 1196//2948
f 1045//2949 1057//2949 1196//2949
f 1197//2950 977//2951 983//2952
f 1053//2953 1055//2954 1042//2955
f 1054//2956 1057//2957 1046//2958
f 981//2959 1196//2959 1042//2959
f 983//2960 1167//2960 1051//2960
f 978//2961 984//2961 1167//2961
f 1018//2962 1044//2811 1199//2963
f 1048//2964 1056//2964 1046//2964
f 1054//2965 1061//2965 988//2965
f 1056//2966 1063//2966 1054//2966
f 984//2967 1055//2967 1052//2967
f 982//2968 1050//2968 1198//2968
f 1018//2969 1199//2969 982//2969
f 1110//2970 1104//2971 1044//2972
f 1104//2973 1111//2974 1043//2975
f 1104//2976 1175//2976 1044//2976
f 1040//2977 1102//2978 979//2979
f 1013//2980 1102//2980 1201//2980
f 1202//2981 1102//2981 1013//2981
f 1012//2982 1039//2982 1202//2982
f 1039//2983 979//2983 1202//2983
f 988//2587 1061//2984 1063//2985
f 986//2585 1058//2986 1065//2987
f 1065//2987 1059//2988 987//2586
f 987//2586 1060//2989 1064//2990
f 1064//2990 1194//2991 988//2587
f 988//2587 1063//2985 986//2585
f 986//2585 1065//2987 987//2586
f 987//2586 1064//2990 988//2587
f 1066//2588 1189//2992 1089//2589
f 1201//2594 1040//2993 1069//2595
f 1005//2597 1079//2994 1183//2598
f 1080//2600 1079//2995 1078//2601
f 1023//2603 1084//2996 1179//2604
f 1176//2606 990//2997 996//2607
f 1086//2611 1085//2998 996//2612
f 1097//2614 1175//2999 1069//2615
f 1011//2617 1098//3000 1097//2618
f 1106//2620 1105//3001 1018//2621
f 1015//2627 1041//3002 1169//2628
f 1084//2636 1119//2743 1126//2637
f 1140//2643 1137//3003 1139//2644
f 1140//2646 1129//3004 1135//2647
f 1030//2650 1130//3005 1150//2651
f 1150//2653 1130//3006 1033//2654
f 1141//3007 1034//3007 1145//3007
f 1151//2656 1037//3008 1033//2657
f 1146//2660 1143//3009 1031//2661
f 1147//2665 1132//3010 1030//2666
f 1036//2669 1144//3011 1153//2670
f 1029//2672 1128//3012 1153//2673
f 1148//2675 1028//3013 1187//2676
f 1147//2678 1154//3014 1187//2679
f 1034//2681 1138//3015 1146//2682
f 1146//2684 1027//3016 1127//2685
f 1147//2688 1152//3017 1155//2689
f 1149//2692 1150//3018 1155//2693
f 1155//2695 1150//3019 1037//2696
f 1156//2698 1141//3020 1038//2699
f 993//2701 992//3021 1029//2702
f 1130//2707 1030//3022 1134//2708
f 1028//2712 1033//3023 1136//2713
f 1136//2715 1001//3024 1117//2716
f 1003//2718 1116//3025 1158//2719
f 1158//2721 1116//3026 1112//2722
f 1160//2727 1029//2730 992//2728
f 1142//2733 1139//3027 1128//2734
f 1084//2736 1023//3028 1116//2737
f 1082//2739 1025//3029 1125//2740
f 1161//2744 1125//3030 1001//2745
f 1020//3031 1026//3031 1126//3031
f 1126//3032 1004//3032 1021//3032
f 1122//2747 991//3033 1117//2748
f 1117//2750 1001//3034 1125//2751
f 1022//2754 1124//3035 1165//2755
f 1165//2757 992//3021 993//2701
f 1120//2760 1116//3036 1073//2761
f 1082//2763 1118//3037 1121//2764
f 1022//2766 1071//3038 1123//2767
f 1166//2771 1167//3039 977//2772
f 980//2775 978//3040 1169//2776
f 1017//2779 981//3041 1042//2780
f 1019//2785 1109//3042 1110//2786
f 1109//2789 1017//3043 1016//2790
f 1045//2792 981//3044 1017//2793
f 1006//2795 1090//3045 1088//2796
f 1093//2803 1008//2810 1172//2804
f 1171//2807 1172//3046 1007//2808
f 1008//2810 1199//2963 1044//2811
f 1011//2812 1096//3047 1095//2813
f 1009//2815 1096//3048 1069//2816
f 1088//2819 1087//3049 1100//2820
f 1093//2823 1173//3050 1100//2824
f 1095//2826 1090//3051 1099//2827
f 1095//2831 1009//3052 1174//2832
f 1174//2834 979//3053 1039//2835
f 1178//2838 1002//3054 1067//2839
f 1026//2845 1078//3055 1179//2846
f 1179//2848 1078//3056 1005//2849
f 1179//2851 1083//3057 989//2852
f 989//2854 1181//3058 1180//2855
f 1180//2857 1181//3059 998//2858
f 1081//2860 996//3060 990//2861
f 1000//2866 999//3061 1079//2867
f 999//2871 1076//3062 1183//2872
f 1184//2880 994//3063 1022//2881
f 1186//2884 1164//3064 1020//2885
f 1133//2887 991//3065 1113//2888
f 1132//2891 1187//3066 1113//2892
f 1070//2894 1073//3067 1192//2895
f 1192//2897 1073//3068 1023//2898
f 1162//2901 1025//3069 1000//2902
f 1067//2904 1091//3070 1098//2905
f 1068//2908 1010//3071 1099//2909
f 1189//2913 1099//3072 1006//2914
f 1067//2916 990//3073 1092//2917
f 1192//2920 1086//3074 1082//2921
f 1193//2924 1065//3075 984//2925
f 1194//2928 1196//3076 985//2929
f 1063//2932 1056//3077 1197//2933
f 1195//2936 987//3078 1052//2937
f 1064//2942 1195//3079 1053//2943
f 1056//2945 1048//3080 1049//2946
f 1197//2950 1049//3081 977//2951
f 1053//2953 1052//3082 1055//2954
f 1054//2956 985//3083 1057//2957
f 1018//2962 1110//3084 1044//2811
f 1110//2970 1016//3085 1104//2971
f 1104//2973 1016//3086 1111//2974
f 1040//2977 1201//3087 1102//2978
usemtl Material.078
f 1218//3088 1215//3088 1216//3088
f 1205//3089 1203//3089 1206//3089
f 1217//3090 1215//3090 1218//3090
f 1204//3091 1206//3091 1203//3091
l 1213 1214
l 1208 1219
l 1209 1211
l 1219 1220
l 1024 1164
l 1207 1210
l 1216 1220
o Cylinder.010
v 15.671801 5.528005 -26.602175
v 15.600528 5.498092 -26.182817
v 15.532974 6.198425 -26.291935
v 15.346510 5.461474 -26.130322
v 15.147233 5.403511 -26.408018
v 15.412558 6.018022 -26.921848
v 15.735801 5.440657 -26.580803
v 15.639399 5.442070 -26.131882
v 15.165359 5.292182 -26.842297
v 15.851399 5.385150 -26.676348
v 15.327405 5.330036 -25.863890
v 15.117646 5.248946 -26.929920
v 15.461607 7.105784 -26.666018
v 15.053193 6.898517 -26.825165
v 14.100056 7.831351 -26.661858
v 14.845092 8.396904 -27.962526
v 14.863997 8.429328 -27.903864
v 15.357582 7.955406 -26.523544
v 14.744538 8.407271 -27.783442
v 15.047308 7.378000 -26.748888
v 15.225198 7.477262 -26.799372
v 15.295274 7.081892 -26.888432
v 15.194566 7.116391 -26.191584
v 15.147515 7.500985 -26.180950
v 14.074769 7.690269 -26.739883
v 14.993016 7.024755 -26.465878
v 16.287552 7.985461 -26.275667
v 16.370140 7.994053 -26.085226
v 15.411954 7.164733 -26.308624
v 15.524598 6.652202 -26.689882
v 15.056471 6.342477 -26.463110
v 15.126799 6.297821 -26.829798
v 15.484978 6.425333 -26.298557
v 15.475672 6.591091 -26.322372
v 15.201642 6.590605 -26.229443
v 15.631659 5.949145 -26.608469
v 15.548169 5.861736 -26.248739
v 15.592230 5.687840 -26.236050
v 15.311320 5.696980 -26.131718
v 15.106571 5.809591 -26.439611
v 15.126434 5.554090 -26.421503
v 15.176966 5.845210 -26.797739
v 15.209595 5.651939 -26.769535
v 15.385300 7.914678 -26.194754
v 16.284472 8.077867 -26.037067
v 15.182690 7.951518 -26.813873
v 15.449567 7.634933 -26.574556
v 15.326664 8.056189 -26.152643
v 14.939964 7.564532 -26.394897
v 15.416633 7.598686 -26.279081
v 16.686951 8.299362 -26.140358
v 13.645074 7.963120 -26.800369
v 14.691065 8.639773 -28.474819
v 13.643837 7.909396 -27.057045
v 16.706884 8.211257 -26.193621
v 14.530542 8.675905 -28.479630
v 13.621959 7.857135 -26.859165
v 16.887043 8.338427 -25.905685
v 13.399896 7.950575 -26.864079
v 14.592520 8.723935 -28.808062
v 13.417440 7.831934 -26.922960
v 16.905464 8.231711 -25.932835
v 15.579436 6.146121 -26.658623
v 15.387969 6.185081 -26.174345
v 15.305870 5.586497 -26.115244
v 15.219765 5.442373 -26.228149
v 15.151402 6.102674 -26.288153
v 15.105695 6.056059 -26.667257
v 15.208994 5.433607 -26.773771
v 15.342268 5.442523 -26.855436
v 15.274874 6.233065 -26.906803
v 15.477027 5.457416 -26.870512
v 15.591717 5.487647 -26.770765
v 15.487873 6.235274 -26.827538
v 15.795364 5.404019 -26.295996
v 15.370383 5.388988 -26.001980
v 15.170694 5.346388 -26.184965
v 15.367329 5.334658 -26.958204
v 15.321366 5.434731 -26.083471
v 15.513913 5.391285 -26.933159
v 15.202006 5.375321 -26.845978
v 15.840541 5.369663 -26.321095
v 15.538704 5.333980 -25.897528
v 15.149614 5.274240 -26.036440
v 15.336290 5.251661 -27.074518
v 15.754578 5.360041 -26.911259
v 15.571094 5.305800 -27.067146
v 15.021873 5.246634 -26.329767
v 15.735607 5.409835 -26.047482
v 15.465962 7.002386 -26.524921
v 14.999836 6.816948 -26.514656
v 15.432189 6.754919 -26.337654
v 15.249784 6.258528 -26.180367
v 15.416257 7.887447 -26.501011
v 14.958179 7.922317 -26.711325
v 15.163748 7.666013 -26.172218
v 15.453495 7.765721 -26.561981
v 15.182283 8.097132 -26.776068
v 15.084790 8.113272 -26.697479
v 15.195535 6.835629 -26.253832
v 15.422688 7.411206 -26.620535
v 15.373046 7.374290 -26.276508
v 15.295102 7.160446 -26.224937
v 15.302229 7.505299 -26.256313
v 15.026248 7.154819 -26.601261
v 14.959501 7.596212 -26.720589
v 15.419960 6.974383 -26.351185
v 15.451259 7.614613 -26.389771
v 15.149896 7.360536 -26.833494
v 15.139485 7.563753 -26.747389
v 15.370248 6.274967 -26.956240
v 15.349430 6.678776 -26.937525
v 15.481850 6.789681 -26.729412
v 15.541015 6.495276 -26.665302
v 15.022115 6.642835 -26.465277
v 15.063167 6.687611 -26.822592
v 15.102389 6.483205 -26.821241
v 15.501161 6.304041 -26.265034
v 15.479117 6.529096 -26.296053
v 15.224692 6.414069 -26.184713
v 15.126734 6.383275 -26.304716
v 15.089522 6.623408 -26.349770
v 15.527892 6.644409 -26.508179
v 15.237491 6.361291 -26.922089
v 15.564863 6.387309 -26.666519
v 15.547453 6.094949 -26.251644
v 15.273590 5.875664 -26.144674
v 15.102797 5.996513 -26.461836
v 15.182996 5.758347 -26.799751
v 15.452563 5.738985 -26.897705
v 15.576532 5.643552 -26.804583
v 15.319160 5.596910 -26.846895
v 15.140329 5.641318 -26.587852
v 15.127024 5.775515 -26.622940
v 15.196100 5.885264 -26.298531
v 16.249355 8.082417 -26.260372
v 14.091992 7.849555 -26.805401
v 14.720758 8.341709 -27.889595
v 14.123384 7.839091 -26.876377
v 15.983919 7.884196 -26.386894
v 14.070496 7.745749 -26.666189
v 14.128390 7.748491 -26.930489
v 16.291979 7.961350 -26.216940
v 15.868784 7.977827 -26.353922
v 14.615544 7.888416 -26.757524
v 14.506197 7.773740 -26.528801
v 14.864527 8.162404 -27.313797
v 14.976274 8.210285 -27.468008
v 14.531796 7.630947 -26.587315
v 15.848968 7.780794 -26.200140
v 16.659231 8.304241 -26.041605
v 14.582648 8.591855 -28.417953
v 14.586766 8.712318 -28.510609
v 13.672603 7.833911 -26.958166
v 16.419773 8.149416 -26.020903
v 13.799580 7.966493 -26.966665
v 13.831427 7.888104 -26.724632
v 13.851408 7.843542 -27.009047
v 14.625898 8.733573 -28.628046
v 13.804062 7.785598 -26.804647
v 14.534205 8.725920 -28.813639
v 16.906593 8.357325 -26.071171
v 14.467756 8.704556 -28.771151
v 14.526759 8.746653 -28.767178
v 16.891848 8.282372 -25.889284
v 14.480267 8.708567 -28.710363
v 16.929640 8.265073 -26.116894
v 14.626497 8.714365 -28.720877
v 16.805098 8.327343 -25.915291
v 16.825178 8.354304 -26.078497
v 13.449902 7.993163 -27.037003
v 13.520915 7.967634 -26.813318
v 13.439363 7.875531 -27.115677
v 13.415600 7.836978 -27.052671
v 13.520031 7.885787 -26.840919
v 13.431128 7.926805 -27.101858
v 14.558372 8.670802 -28.697670
v 13.437231 7.957555 -26.930712
v 13.410997 7.903742 -27.008841
v 16.944082 8.295431 -25.992495
v 14.625667 8.509628 -28.169544
v 16.658895 8.253082 -26.194511
v 14.703645 8.540060 -28.111238
v 14.703657 8.504911 -28.215700
v 14.524919 7.671044 -26.683237
v 14.935029 7.669997 -26.358946
v 15.004336 8.245070 -27.264133
v 15.343361 7.974427 -26.176022
v 15.027596 8.198782 -27.345041
v 15.616671 5.826407 -26.492718
v 15.664237 5.499040 -26.389530
v 15.430170 5.742702 -26.160240
v 15.462080 5.613390 -26.161736
v 15.177292 5.723511 -26.281879
v 15.033028 6.546770 -26.639376
v 15.071289 6.281340 -26.648939
v 15.204346 6.518504 -26.892183
v 15.557234 6.393412 -26.505342
v 15.052610 6.194585 -26.440012
v 15.182251 7.020211 -26.868034
v 14.979882 7.376920 -26.388306
v 15.079056 7.005535 -26.336988
v 15.410764 7.392226 -26.460842
v 15.344946 7.446156 -26.727528
v 15.392907 7.069504 -26.815140
v 15.005747 6.961382 -26.648973
v 15.320885 6.965081 -26.277050
v 15.272481 8.091737 -26.573496
v 15.168463 8.204502 -26.639288
v 15.338520 7.947517 -26.384983
v 13.679173 7.975725 -26.949339
v 15.052470 7.800929 -26.227787
v 15.476828 6.746680 -26.520069
v 15.185512 6.735844 -26.934933
v 15.240759 6.674275 -26.225557
v 15.237660 7.739035 -26.752493
v 15.526358 5.405001 -25.940420
v 15.030368 5.235359 -26.662006
v 15.147696 5.316224 -26.070465
v 15.074306 5.298666 -26.354462
v 15.629153 5.417783 -26.785275
v 15.541456 5.972862 -26.767538
v 15.171311 5.985254 -26.846058
v 15.424575 6.793523 -26.838354
v 15.419281 6.050077 -26.162779
v 15.588093 6.052734 -26.487606
v 14.442758 7.544914 -25.368132
v 14.594175 7.602075 -25.532234
v 14.268313 7.576125 -24.927700
v 14.532851 7.583129 -25.141710
v 15.319249 8.365680 -26.821470
v 15.352550 7.766002 -25.951134
v 15.474700 7.908768 -26.085340
v 15.566290 8.200018 -26.661356
v 15.507132 8.059052 -26.044928
v 14.538158 7.687031 -26.072077
v 14.899758 7.571365 -26.046921
v 14.841482 7.575054 -26.087294
v 15.596751 7.670063 -24.992523
v 15.734712 7.701698 -25.313623
v 15.862360 7.712915 -24.614977
v 15.781943 7.626651 -25.111486
v 15.357288 7.699078 -25.568422
v 15.537863 7.709111 -25.517824
vn 0.9729 0.1883 0.1339
vn -0.2835 -0.1149 -0.9521
vn 0.8936 0.0816 -0.4414
vn -0.1728 0.8230 -0.5411
vn -0.1326 0.6674 -0.7328
vn 0.4556 0.8589 0.2338
vn -0.7892 0.5373 0.2975
vn -0.8950 0.2555 0.3657
vn 0.6470 0.7499 0.1380
vn 0.1238 0.5287 0.8398
vn -0.3530 -0.3428 -0.8705
vn -0.9846 0.1325 -0.1143
vn -0.9745 -0.2101 -0.0789
vn 0.8486 0.4389 0.2954
vn -0.5308 -0.2512 -0.8094
vn 0.3908 0.2933 0.8725
vn 0.7513 0.2614 -0.6060
vn 0.9189 0.0818 -0.3858
vn -0.9533 -0.0593 -0.2960
vn -0.8426 -0.1686 0.5115
vn -0.8692 0.1496 0.4713
vn 0.1091 0.0121 0.9940
vn 0.7970 0.5938 -0.1106
vn 0.3565 0.8913 0.2801
vn -0.6159 0.5999 0.5106
vn 0.7393 0.6537 0.1620
vn -0.6362 0.7184 -0.2812
vn 0.0140 -0.9020 -0.4316
vn -0.1098 -0.3166 0.9422
vn -0.0149 0.7639 -0.6451
vn -0.4423 0.8696 0.2195
vn -0.4429 0.8692 0.2198
vn -0.4425 0.8695 0.2196
vn -0.1476 -0.9551 -0.2568
vn -0.1480 0.9888 0.0206
vn 0.6168 0.7716 -0.1557
vn 0.8616 0.2092 0.4625
vn -0.8375 -0.5452 -0.0354
vn 0.1084 -0.4096 0.9058
vn -0.2220 0.0273 0.9747
vn -0.2973 0.8420 0.4502
vn 0.1826 0.9190 0.3495
vn 0.3986 0.4445 -0.8022
vn 0.4135 -0.8309 -0.3723
vn 0.2973 0.9384 0.1761
vn 0.8150 -0.4367 -0.3810
vn 0.0996 0.4372 -0.8938
vn -0.0009 -0.9548 -0.2971
vn 0.9400 0.2547 0.2270
vn 0.9482 0.1236 0.2928
vn 0.4664 0.1814 0.8658
vn 0.5820 0.0273 0.8127
vn -0.9203 -0.0440 0.3886
vn -0.8794 0.1488 0.4522
vn -0.5608 -0.2764 0.7805
vn -0.3424 -0.0145 -0.9394
vn -0.6515 -0.3535 -0.6713
vn -0.5207 -0.0307 -0.8532
vn -0.5708 0.0175 -0.8209
vn 0.7743 0.0565 -0.6303
vn 0.9037 -0.0048 -0.4281
vn 0.8591 0.1951 -0.4731
vn 0.8156 0.0687 -0.5745
vn 0.8869 0.0385 -0.4604
vn -0.9382 -0.1820 -0.2942
vn -0.9798 -0.1379 -0.1448
vn -0.3871 -0.1847 -0.9033
vn 0.9332 0.2060 0.2944
vn 0.9333 0.2059 0.2943
vn 0.9332 0.2061 0.2944
vn -0.8997 -0.0999 0.4248
vn -0.9187 0.0842 0.3858
vn -0.8042 0.1028 0.5854
vn 0.0791 0.2324 -0.9694
vn -0.4712 0.1969 -0.8598
vn -0.7308 -0.1320 0.6697
vn -0.8326 -0.1486 0.5336
vn -0.7381 -0.1050 0.6664
vn -0.7399 -0.1084 0.6639
vn -0.7384 -0.1056 0.6660
vn 0.9615 0.0700 0.2659
vn 0.8122 0.0222 -0.5829
vn 0.6057 0.1355 -0.7840
vn -0.9740 0.0135 -0.2261
vn -0.3635 0.7146 -0.5977
vn 0.7265 0.6731 0.1383
vn 0.4382 -0.0904 0.8943
vn 0.3155 0.9367 0.1515
vn 0.0277 0.1245 -0.9918
vn -0.6177 -0.2030 -0.7598
vn 0.4012 0.2660 0.8765
vn 0.3156 -0.1907 0.9295
vn 0.4324 0.1968 0.8800
vn -0.3702 0.1808 -0.9112
vn -0.7137 0.6992 -0.0420
vn 0.2540 0.9376 -0.2374
vn 0.4471 0.8942 0.0215
vn -0.3674 0.8788 0.3045
vn 0.7886 0.6049 0.1104
vn -0.3895 0.7347 -0.5554
vn -0.3397 0.9036 -0.2609
vn 0.0910 0.7038 0.7046
vn -0.0257 0.8741 0.4851
vn 0.8716 0.1094 -0.4779
vn 0.8776 0.1477 -0.4562
vn 0.8699 -0.1692 -0.4633
vn -0.8798 -0.2014 0.4305
vn -0.7493 0.0151 0.6621
vn -0.8737 -0.2662 0.4072
vn 0.6743 0.1779 -0.7167
vn -0.9039 0.3907 -0.1739
vn 0.1120 -0.9923 0.0524
vn 0.1902 -0.9817 -0.0127
vn 0.1892 -0.9792 0.0729
vn 0.9983 0.0557 0.0196
vn 0.9985 0.0486 0.0270
vn 0.9980 0.0611 0.0140
vn -0.6671 -0.0406 -0.7439
vn -0.6263 -0.0391 0.7786
vn 0.8539 0.0720 -0.5154
vn 0.0095 0.0917 0.9957
vn 0.0084 0.0908 0.9958
vn 0.0117 0.0935 0.9955
vn 0.5881 -0.1423 0.7962
vn 0.5925 -0.1449 0.7924
vn 0.6013 -0.1502 0.7848
vn 0.2731 -0.0007 0.9620
vn 0.3523 0.0463 0.9348
vn 0.2198 -0.0315 0.9750
vn 0.9875 -0.1575 0.0008
vn 0.9890 -0.1458 0.0264
vn 0.9897 -0.1309 0.0583
vn -0.4649 0.1169 -0.8776
vn -0.5783 0.0530 -0.8141
vn -0.6343 0.0181 -0.7729
vn -0.7131 -0.1541 0.6839
vn -0.7402 -0.1089 0.6635
vn -0.3170 0.1649 -0.9340
vn -0.4068 0.2091 -0.8893
vn -0.1337 0.0743 -0.9882
vn -0.7667 -0.1294 0.6288
vn -0.7645 -0.1234 0.6327
vn -0.7572 -0.1041 0.6448
vn -0.7491 0.0304 0.6618
vn -0.7587 0.0380 0.6503
vn -0.7804 0.0559 0.6227
vn -0.3764 -0.1108 -0.9198
vn -0.3597 -0.0569 -0.9313
vn -0.3832 -0.1340 -0.9139
vn 0.9947 0.1019 -0.0137
vn -0.5419 -0.1095 -0.8333
vn -0.9964 0.0129 -0.0837
vn -0.2450 -0.1143 -0.9628
vn 0.2458 0.0971 0.9644
vn 0.2360 0.0777 0.9687
vn 0.2177 0.0424 0.9751
vn -0.9345 0.0095 -0.3557
vn 0.9585 0.2025 0.2006
vn 0.9618 0.1159 0.2481
vn 0.9619 0.1158 0.2477
vn 0.9606 0.1156 0.2530
vn 0.2957 0.0826 -0.9517
vn 0.3888 -0.9213 -0.0080
vn 0.3755 -0.9267 0.0147
vn 0.3898 -0.9208 -0.0106
vn -0.4462 -0.3074 0.8405
vn -0.1723 -0.9845 -0.0321
vn -0.2179 -0.9372 -0.2725
vn -0.3725 -0.9276 0.0270
vn -0.5471 0.7923 -0.2703
vn -0.5760 0.8142 -0.0727
vn -0.5825 0.8101 0.0664
vn 0.1714 0.9848 -0.0295
vn -0.0022 0.9955 0.0951
vn 0.2682 0.9581 -0.1010
vn -0.3332 -0.2981 0.8945
vn 0.2297 -0.7606 -0.6072
vn 0.2562 -0.8366 -0.4843
vn 0.2658 -0.8637 -0.4282
vn 0.0807 -0.9966 0.0178
vn -0.0412 -0.9883 0.1469
vn 0.1346 -0.9901 -0.0404
vn -0.0744 -0.7104 0.6998
vn -0.0110 -0.5646 0.8253
vn 0.0190 -0.4882 0.8725
vn -0.3986 -0.4543 0.7967
vn 0.1868 0.5175 -0.8350
vn 0.3059 0.4305 -0.8492
vn 0.3555 0.3898 -0.8496
vn 0.0630 0.4558 -0.8879
vn -0.4431 0.8691 0.2199
vn 0.2053 0.6503 -0.7314
vn 0.1995 0.6395 -0.7425
vn 0.2069 0.6533 -0.7283
vn 0.2199 0.2866 -0.9325
vn 0.2114 -0.9047 -0.3700
vn 0.2733 -0.8971 -0.3472
vn 0.0105 -0.9023 -0.4310
vn 0.2965 -0.9058 -0.3027
vn 0.3630 -0.8687 -0.3371
vn 0.4117 -0.8365 -0.3616
vn -0.0513 0.9987 -0.0002
vn -0.0153 0.9990 0.0416
vn -0.0772 0.9965 -0.0305
vn -0.0378 0.9565 0.2891
vn 0.0636 0.9975 0.0321
vn 0.0763 0.9971 -0.0012
vn -0.1100 0.9854 0.1299
vn -0.0862 0.9888 0.1217
vn -0.1491 0.9784 0.1433
vn -0.2768 0.9593 0.0566
vn -0.2952 0.9549 -0.0322
vn -0.2607 0.9571 0.1260
vn 0.8810 0.4644 -0.0904
vn -0.9208 0.3881 -0.0396
vn -0.9207 0.3885 -0.0384
vn -0.9135 0.4060 0.0271
vn 0.0691 0.9151 -0.3973
vn -0.9661 0.0053 -0.2579
vn -0.9640 0.0312 -0.2642
vn -0.9681 -0.0928 -0.2325
vn -0.9948 -0.1017 -0.0104
vn -0.9939 -0.1089 -0.0165
vn -0.9910 -0.1296 -0.0341
vn 0.8973 -0.4217 0.1304
vn 0.9139 -0.2696 0.3036
vn 0.8641 -0.5028 0.0224
vn 0.9579 0.0040 -0.2870
vn 0.8943 0.4335 -0.1111
vn 0.8886 0.4466 -0.1045
vn 0.9273 0.3242 -0.1868
vn -0.9583 -0.0910 0.2709
vn -0.5644 0.7382 0.3695
vn -0.0888 -0.8740 -0.4777
vn -0.0557 -0.9269 -0.3711
vn -0.0275 -0.9600 -0.2785
vn -0.2273 -0.9218 -0.3140
vn -0.2375 -0.9083 -0.3443
vn -0.4273 -0.4022 0.8097
vn -0.4626 -0.4330 0.7736
vn -0.4861 -0.4534 0.7471
vn -0.4541 -0.5183 0.7247
vn -0.4098 -0.6975 0.5879
vn -0.4619 -0.4658 0.7547
vn 0.4100 -0.3087 -0.8583
vn 0.1454 0.0968 -0.9846
vn 0.1260 0.1236 -0.9843
vn -0.2394 0.7915 -0.5624
vn -0.1719 0.6855 -0.7075
vn -0.2425 0.7960 -0.5546
vn 0.2360 0.9212 0.3094
vn 0.3305 0.4291 -0.8406
vn 0.3891 0.4881 -0.7813
vn 0.1538 -0.8721 -0.4645
vn 0.1339 -0.8823 -0.4512
vn 0.1290 -0.8841 -0.4492
vn 0.1469 -0.8767 -0.4580
vn 0.1442 -0.8749 -0.4624
vn -0.2975 -0.8599 -0.4148
vn -0.9300 -0.3062 0.2034
vn -0.8906 -0.4330 0.1390
vn -0.8823 -0.4529 0.1281
vn 0.4485 -0.8848 -0.1261
vn 0.4221 -0.8302 -0.3642
vn 0.4184 -0.8226 -0.3850
vn -0.1216 -0.9835 -0.1338
vn -0.1696 -0.9389 -0.2994
vn -0.1884 -0.9108 -0.3672
vn 0.3776 -0.9259 0.0058
vn 0.3807 -0.9247 0.0081
vn 0.0071 -0.9285 -0.3712
vn -0.0025 -0.9529 -0.3032
vn -0.0039 -0.9561 -0.2931
vn -0.3060 0.2329 0.9231
vn -0.3043 0.0757 0.9496
vn -0.3059 0.2428 0.9206
vn -0.2889 -0.7675 0.5723
vn -0.2874 -0.7238 0.6273
vn -0.2873 -0.7211 0.6305
vn 0.0833 0.9623 0.2589
vn 0.9647 0.0498 -0.2585
vn 0.8874 -0.2604 -0.3803
vn 0.9658 0.0677 -0.2505
vn 0.8717 0.4870 -0.0543
vn 0.8608 0.5072 -0.0427
vn -0.9718 -0.0268 0.2343
vn 0.1687 0.5019 -0.8483
vn 0.1795 0.4870 -0.8548
vn 0.1815 0.4842 -0.8559
vn 0.1805 0.0886 -0.9796
vn 0.2428 0.1650 -0.9559
vn 0.1308 0.0287 -0.9910
vn -0.0513 -0.9314 -0.3602
vn -0.0695 -0.9342 -0.3499
vn -0.0765 -0.9352 -0.3458
vn 0.1526 0.5130 -0.8447
vn 0.1743 -0.9051 -0.3878
vn 0.9752 0.1096 0.1924
vn 0.9848 0.1498 0.0877
vn 0.9692 0.0958 0.2270
vn 0.9620 0.1159 0.2474
vn 0.2532 0.0075 0.9674
vn 0.2219 0.0327 0.9745
vn 0.2886 -0.0216 0.9572
vn 0.1913 0.1111 0.9752
vn -0.9013 -0.0034 0.4331
vn -0.8838 0.0639 0.4635
vn -0.8614 0.1300 0.4909
vn 0.3583 0.2667 0.8947
vn 0.4493 0.1006 0.8877
vn -0.7511 -0.1114 0.6507
vn -0.9184 -0.2523 -0.3046
vn -0.9180 -0.2302 -0.3230
vn -0.9166 -0.3032 -0.2607
vn -0.7270 0.1362 0.6730
vn -0.9887 -0.0986 -0.1132
vn -0.9888 -0.1037 -0.1075
vn -0.9888 -0.1210 -0.0878
vn -0.9718 -0.1600 -0.1730
vn -0.9720 -0.1584 -0.1736
vn -0.9709 -0.1690 -0.1697
vn 0.8176 0.0303 -0.5750
vn 0.8179 0.0482 -0.5733
vn 0.8176 0.0907 -0.5686
vn -0.1152 0.0377 -0.9926
vn 0.8698 0.1457 -0.4715
vn 0.6662 0.1531 -0.7299
vn 0.6674 -0.0952 -0.7386
vn 0.5869 -0.0272 -0.8092
vn -0.9431 -0.1195 -0.3102
vn -0.9451 -0.1185 -0.3044
vn -0.9408 -0.1243 -0.3154
vn 0.7428 0.0328 -0.6687
vn -0.9925 -0.1219 -0.0093
vn -0.9909 -0.1327 -0.0221
vn -0.9935 -0.1136 0.0004
vn -0.9467 -0.1153 -0.3008
vn -0.9434 -0.1279 -0.3059
vn 0.2831 0.2859 0.9155
vn 0.2919 0.3553 0.8880
vn 0.2955 0.3872 0.8734
vn 0.2806 0.2592 0.9242
vn 0.3021 0.2296 0.9252
vn 0.1716 0.3969 0.9017
vn 0.4007 0.0005 0.9162
vn -0.3087 0.0627 -0.9491
vn -0.2766 0.0509 -0.9596
vn -0.3886 0.0924 -0.9167
vn 0.6303 -0.0079 0.7763
vn -0.6019 -0.0065 -0.7985
vn -0.6061 -0.0138 -0.7953
vn -0.6239 -0.0462 -0.7801
vn 0.9673 0.0486 0.2488
vn 0.9795 -0.0618 0.1916
vn 0.9309 0.1854 0.3148
vn -0.3728 -0.2162 -0.9024
vn -0.4684 -0.0208 -0.8833
vn 0.9543 0.1608 0.2519
vn 0.9432 0.2882 0.1652
vn 0.9308 0.3438 0.1245
vn 0.9955 0.0351 0.0876
vn 0.9949 0.0298 0.0960
vn 0.9971 0.0617 0.0449
vn 0.9758 0.2151 0.0380
vn -0.7965 -0.2023 0.5698
vn -0.7988 -0.1993 0.5677
vn -0.7690 -0.2365 0.5939
vn -0.8659 -0.0407 0.4985
vn -0.1717 0.3769 -0.9102
vn -0.2181 0.0780 -0.9728
vn -0.2865 0.2163 -0.9334
vn 0.9467 -0.2276 0.2280
vn 0.9583 -0.2037 0.2004
vn 0.9334 -0.2517 0.2558
vn 0.9776 0.1204 0.1724
vn 0.9954 0.0568 0.0772
vn 0.9986 0.0328 0.0412
vn 0.9890 0.0933 0.1148
vn 0.9872 0.0739 0.1415
vn 0.9897 0.1131 0.0873
vn 0.8586 0.2097 -0.4679
vn 0.8371 0.1945 -0.5114
vn 0.8228 0.1849 -0.5374
vn 0.5568 0.2709 -0.7852
vn 0.5892 0.2579 -0.7657
vn 0.5462 0.2750 -0.7912
vn -0.9856 0.0400 -0.1644
vn -0.9690 0.0967 -0.2273
vn -0.9329 0.1763 -0.3141
vn 0.8862 0.1389 -0.4420
vn -0.9213 -0.3482 -0.1733
vn -0.9825 -0.0289 -0.1838
vn 0.4072 0.0587 0.9115
vn 0.3456 0.0286 0.9380
vn 0.4351 0.0727 0.8974
vn -0.9667 -0.1521 -0.2061
vn -0.9978 -0.0179 -0.0632
vn 0.3794 -0.1942 0.9046
vn 0.3766 -0.1969 0.9052
vn 0.3833 -0.1905 0.9038
vn 0.5826 -0.0164 0.8126
vn 0.2960 -0.1166 0.9480
vn 0.5921 0.0824 0.8016
vn -0.5445 0.8162 -0.1932
vn -0.4603 0.8841 0.0802
vn -0.4741 0.8756 0.0924
vn 0.8423 0.2652 -0.4693
vn 0.8761 0.1949 -0.4410
vn 0.9094 0.1069 -0.4021
vn 0.7819 0.5263 -0.3341
vn 0.6470 0.7620 -0.0276
vn 0.7520 0.6552 -0.0718
vn 0.6019 0.7985 -0.0102
vn 0.2067 0.9554 0.2108
vn 0.1875 0.9721 0.1410
vn 0.2112 0.9506 0.2276
vn 0.3519 -0.2086 0.9125
vn 0.1445 0.9070 0.3956
vn 0.3475 0.9364 0.0489
vn 0.3607 0.9324 0.0221
vn 0.6040 0.4205 -0.6771
vn 0.5895 0.4393 -0.6779
vn 0.6570 0.3451 -0.6703
vn 0.6771 0.1453 -0.7214
vn 0.6722 0.1192 -0.7307
vn 0.6845 0.1908 -0.7036
vn 0.5340 0.1243 -0.8363
vn -0.7118 -0.1797 0.6790
vn -0.7036 -0.1541 0.6936
vn -0.6864 -0.1051 0.7196
vn -0.8211 0.0985 0.5622
vn -0.8214 0.0981 0.5619
vn -0.7974 0.1321 0.5888
vn -0.4497 -0.0030 0.8932
vn 0.8960 0.3458 0.2787
vn 0.8929 0.3635 0.2655
vn 0.8689 0.4562 0.1920
vn -0.6638 0.2781 0.6943
vn 0.9708 0.0457 0.2355
vn 0.9207 0.3880 0.0431
vn 0.9277 0.3691 0.0556
vn 0.9437 0.3188 0.0881
vn -0.9811 -0.1215 -0.1508
vn -0.9823 -0.0893 -0.1645
vn -0.9777 -0.1627 -0.1327
vn -0.0848 -0.1994 -0.9762
vn -0.1320 0.0359 -0.9906
vn -0.1313 0.0344 -0.9907
vn -0.1279 0.0276 -0.9914
vn -0.9916 0.0765 -0.1043
vn -0.0913 0.9863 0.1370
vn 0.0447 0.9755 0.2153
vn -0.1429 0.9840 0.1061
vn 0.3778 0.5259 0.7621
vn -0.5060 0.8556 -0.1092
vn -0.5190 0.8461 -0.1219
vn -0.5257 0.8409 -0.1286
vn -0.2221 0.9198 0.3235
vn 0.3248 0.8541 -0.4062
vn 0.3246 0.8542 -0.4062
vn 0.3245 0.8542 -0.4062
vn -0.3005 0.9535 0.0219
vn -0.3584 0.9129 0.1955
vn -0.3681 0.8973 0.2435
vn -0.3532 0.9197 0.1713
vn 0.6230 0.7804 0.0531
vn 0.2815 0.9585 0.0452
vn -0.6939 0.4340 0.5746
vn -0.6410 0.7548 0.1388
vn -0.6180 0.7801 0.0977
vn -0.6547 0.7378 0.1646
vn 0.4324 0.6693 -0.6043
vn 0.5707 0.5566 -0.6037
vn 0.6521 0.4725 -0.5928
vn -0.8397 0.5341 -0.0978
vn -0.9214 0.3411 -0.1862
vn 0.7471 0.4780 -0.4618
vn 0.7612 0.4619 -0.4553
vn 0.7688 0.4528 -0.4516
vn -0.6653 0.5267 0.5292
vn -0.6649 0.4428 0.6016
vn -0.6628 0.5616 0.4952
vn -0.3956 0.5064 -0.7662
vn -0.4800 0.3118 -0.8200
vn -0.3391 0.6064 -0.7192
vn -0.7645 0.6207 0.1742
vn 0.5967 0.8022 -0.0216
vn 0.6977 0.6824 0.2181
vn -0.9427 -0.1279 -0.3083
vn -0.9481 -0.1271 -0.2916
vn -0.1548 0.6326 -0.7589
vn -0.3324 0.8074 -0.4874
vn -0.2026 0.7840 -0.5867
vn 0.0505 0.8836 0.4656
vn 0.7690 0.0109 -0.6392
vn -0.2430 -0.3251 -0.9139
vn -0.9957 -0.0551 -0.0742
vn -0.9961 -0.0659 -0.0594
vn -0.9959 -0.0817 -0.0377
vn -0.8918 -0.1001 0.4413
vn -0.8873 -0.0764 0.4549
vn -0.9034 -0.2037 0.3773
vn -0.9682 -0.2363 -0.0821
vn 0.5352 0.2570 0.8047
vn 0.5488 0.3030 0.7791
vn 0.5654 0.3668 0.7388
vn 0.5669 0.0120 0.8237
vn 0.9856 0.0051 0.1688
vn 0.9544 0.2796 0.1044
vn 0.9648 0.2484 0.0868
vn 0.2060 -0.9334 0.2939
vn 0.1569 -0.9813 0.1118
vn -0.4742 -0.8789 -0.0528
vn 0.1339 -0.9908 0.0194
vn -0.0667 -0.8523 -0.5187
vn 0.3587 -0.9309 -0.0686
vn 0.2344 -0.9719 0.0238
vn 0.2712 -0.9617 0.0396
vn 0.9985 0.0431 0.0328
vn 0.0022 0.0859 0.9963
vn 0.5801 -0.1376 0.8029
vn 0.3992 0.0749 0.9138
vn 0.9850 -0.1705 -0.0278
vn -0.4262 0.1370 -0.8942
vn -0.5781 0.2930 -0.7615
vn -0.7712 -0.1420 0.6206
vn -0.7295 0.0153 0.6839
vn -0.3416 -0.0019 -0.9398
vn 0.2623 0.1296 0.9562
vn -0.5090 0.7528 -0.4175
vn -0.0819 0.9851 0.1510
vn 0.2234 -0.7423 -0.6317
vn -0.0809 -0.9788 0.1882
vn -0.1477 0.2661 0.9526
vn -0.1026 -0.7678 0.6324
vn 0.1553 0.5382 -0.8284
vn 0.1984 0.6374 -0.7445
vn 0.4520 -0.8504 -0.2695
vn 0.2596 -0.9233 -0.2831
vn 0.0268 0.9955 0.0904
vn -0.0472 0.9488 0.3122
vn -0.0466 0.9931 0.1079
vn -0.3135 0.9400 -0.1344
vn -0.9236 0.3676 -0.1087
vn -0.9510 0.1212 -0.2845
vn -0.9970 -0.0761 0.0112
vn 0.8909 -0.1336 0.4340
vn 0.9558 -0.0278 -0.2927
vn -0.1216 -0.8057 -0.5797
vn -0.3984 -0.3770 0.8362
vn -0.3916 -0.7459 0.5388
vn 0.4188 -0.3238 -0.8484
vn -0.1694 0.6814 -0.7120
vn -0.9335 -0.2897 0.2112
vn 0.4497 -0.8874 -0.1017
vn -0.1123 -0.9883 -0.1029
vn 0.0092 -0.9224 -0.3862
vn -0.0648 -0.2633 0.9625
vn 0.0090 -0.4913 0.8710
vn -0.3036 0.0567 0.9511
vn -0.2889 -0.7728 0.5651
vn 0.8720 -0.2939 -0.3914
vn 0.1672 0.5040 -0.8474
vn 0.2748 0.2047 -0.9395
vn -0.0451 -0.9304 -0.3638
vn 0.9853 0.1611 0.0570
vn 0.1945 0.0545 0.9794
vn -0.9165 -0.0917 0.3894
vn -0.9147 -0.1847 -0.3595
vn -0.9881 -0.0859 -0.1276
vn -0.9728 -0.1502 -0.1766
vn 0.8161 -0.0051 -0.5778
vn -0.9894 -0.1415 -0.0324
vn 0.2809 0.2700 0.9210
vn 0.3959 0.0894 0.9139
vn -0.2286 0.0333 -0.9729
vn -0.5785 0.0331 -0.8150
vn 0.9802 -0.0961 0.1731
vn 0.9452 0.0456 0.3232
vn 0.9922 0.0122 0.1240
vn -0.8323 -0.1524 0.5329
vn 0.9661 -0.1856 0.1796
vn 0.9662 0.1469 0.2120
vn 0.9857 0.0628 0.1566
vn 0.8660 0.2153 -0.4513
vn 0.6012 0.2529 -0.7581
vn -0.9916 0.0083 -0.1289
vn 0.3102 0.0117 0.9506
vn 0.3738 -0.1995 0.9058
vn 0.8083 0.3246 -0.4913
vn 0.8006 0.5917 -0.0947
vn 0.1798 0.9771 0.1138
vn 0.1291 0.8992 0.4180
vn 0.5360 0.5034 -0.6777
vn 0.6572 0.0526 -0.7519
vn -0.7310 -0.2506 0.6347
vn -0.8607 0.0339 0.5080
vn 0.9037 0.2708 0.3317
vn 0.8945 0.4470 0.0030
vn -0.9822 -0.0487 -0.1816
vn -0.1385 0.0488 -0.9892
vn 0.1048 0.9630 0.2483
vn -0.5017 0.8586 -0.1051
vn 0.3249 0.8540 -0.4062
vn -0.3720 0.8899 0.2641
vn -0.6104 0.7875 0.0849
vn 0.3201 0.7395 -0.5922
vn 0.7354 0.4910 -0.4669
vn -0.6625 0.4086 0.6278
vn -0.5185 0.1917 -0.8333
vn -0.9405 -0.1216 -0.3172
vn -0.9940 -0.0325 -0.1048
vn -0.8541 0.0444 0.5182
vn 0.5133 0.1907 0.8367
vn -0.3685 -0.8963 -0.2466
vn 0.1215 -0.9856 0.1180
vn -0.1086 -0.9763 0.1872
vn 0.3646 -0.9311 0.0121
s 1
usemtl Material.079
f 1446//3092 1223//3092 1346//3092
f 1291//3093 1226//3093 1443//3093
f 1294//3094 1283//3094 1442//3094
f 1298//3095 1307//3095 1305//3095
f 1290//3096 1300//3096 1298//3096
f 1411//3097 1228//3097 1295//3097
f 1440//3098 1297//3098 1286//3098
f 1308//3099 1304//3099 1439//3099
f 1309//3100 1302//3100 1295//3100
f 1437//3101 1231//3101 1303//3101
f 1315//3102 1266//3102 1436//3102
f 1246//3103 1325//3103 1426//3103
f 1421//3104 1269//3104 1326//3104
f 1310//3105 1233//3105 1327//3105
f 1252//3106 1344//3106 1291//3106
f 1338//3107 1253//3107 1284//3107
f 1331//3108 1345//3108 1294//3108
f 1351//3109 1256//3109 1221//3109
f 1354//3110 1262//3110 1349//3110
f 1414//3111 1261//3111 1285//3111
f 1355//3112 1260//3112 1414//3112
f 1445//3113 1347//3113 1412//3113
f 1407//3114 1318//3114 1409//3114
f 1379//3115 1373//3115 1403//3115
f 1403//3116 1276//3116 1401//3116
f 1400//3117 1382//3117 1278//3117
f 1279//3118 1398//3118 1399//3118
f 1397//3119 1383//3119 1381//3119
f 1272//3120 1392//3120 1395//3120
f 1271//3121 1390//3121 1402//3121
f 1276//3122 1373//3123 1386//3124
f 1372//3125 1383//3125 1397//3125
f 1392//3126 1398//3126 1279//3126
f 1388//3127 1280//3127 1379//3127
f 1400//3128 1278//3128 1385//3128
f 1401//3129 1276//3129 1372//3129
f 1265//3130 1248//3130 1375//3130
f 1235//3131 1377//3131 1361//3131
f 1403//3132 1373//3132 1276//3132
f 1237//3133 1403//3133 1239//3133
f 1359//3134 1378//3134 1376//3134
f 1247//3135 1363//3135 1360//3135
f 1407//3136 1319//3136 1318//3136
f 1236//3137 1409//3137 1368//3137
f 1360//3138 1364//3138 1356//3138
f 1358//3139 1368//3139 1367//3139
f 1410//3140 1257//3140 1258//3140
f 1411//3141 1258//3141 1222//3141
f 1257//3142 1412//3142 1258//3142
f 1257//3143 1445//3143 1412//3143
f 1414//3144 1260//3144 1261//3144
f 1347//3145 1355//3145 1414//3145
f 1224//3146 1285//3146 1286//3146
f 1349//3147 1350//3147 1352//3147
f 1263//3148 1349//3148 1352//3148
f 1289//3149 1352//3149 1290//3149
f 1263//3150 1352//3150 1289//3150
f 1226//3151 1442//3151 1350//3151
f 1351//3152 1221//3152 1293//3152
f 1345//3153 1332//3153 1334//3153
f 1331//3154 1332//3154 1345//3154
f 1294//3155 1345//3155 1283//3155
f 1337//3156 1415//3156 1336//3156
f 1419//3157 1416//3157 1288//3157
f 1291//3158 1331//3158 1226//3158
f 1418//3159 1253//3160 1338//3159
f 1223//3161 1418//3159 1338//3159
f 1251//3162 1341//3162 1335//3162
f 1419//3163 1341//3163 1251//3163
f 1313//3164 1419//3164 1287//3164
f 1329//3165 1241//3165 1242//3165
f 1434//3166 1234//3166 1420//3166
f 1421//3167 1244//3167 1269//3167
f 1422//3168 1421//3168 1246//3168
f 1422//3169 1243//3170 1421//3171
f 1310//3172 1327//3172 1312//3172
f 1321//3173 1424//3173 1267//3173
f 1444//3174 1242//3174 1425//3174
f 1246//3175 1421//3175 1325//3175
f 1319//3176 1429//3176 1318//3176
f 1314//3177 1238//3177 1430//3177
f 1324//3178 1316//3178 1244//3178
f 1431//3179 1272//3179 1377//3179
f 1332//3180 1434//3180 1242//3180
f 1336//3181 1434//3181 1417//3181
f 1435//3182 1312//3182 1320//3182
f 1254//3183 1435//3183 1255//3183
f 1254//3184 1312//3184 1435//3184
f 1330//3185 1436//3185 1241//3185
f 1440//3186 1438//3186 1308//3186
f 1227//3187 1230//3187 1441//3187
f 1227//3188 1295//3188 1230//3188
f 1286//3189 1299//3189 1224//3189
f 1221//3190 1411//3190 1227//3190
f 1290//3191 1301//3191 1289//3191
f 1229//3192 1298//3192 1232//3192
f 1222//3193 1299//3193 1228//3193
f 1224//3194 1299//3194 1222//3194
f 1442//3195 1283//3195 1256//3195
f 1444//3196 1233//3196 1333//3196
f 1332//3197 1444//3197 1333//3197
f 1347//3198 1287//3198 1355//3198
f 1313//3199 1287//3199 1347//3199
f 1287//3200 1419//3200 1348//3200
f 1332//3201 1242//3201 1444//3201
f 1440//3202 1301//3202 1229//3202
f 1230//3203 1231//3204 1232//3205
f 1310//3206 1333//3207 1233//3208
f 1434//3209 1336//3209 1234//3209
f 1342//3210 1435//3210 1320//3210
f 1436//3211 1266//3211 1238//3211
f 1445//3212 1313//3213 1347//3214
f 1249//3215 1427//3216 1327//3217
f 1324//3218 1322//3219 1270//3220
f 1267//3221 1423//3222 1321//3223
f 1420//3224 1240//3225 1329//3226
f 1320//3227 1243//3227 1422//3227
f 1421//3171 1243//3170 1244//3228
f 1330//3229 1240//3230 1326//3231
f 1341//3232 1313//3233 1340//3234
f 1255//3235 1341//3236 1340//3237
f 1350//3238 1262//3239 1226//3240
f 1334//3241 1250//3241 1343//3241
f 1337//3242 1336//3242 1417//3242
f 1416//3243 1419//3243 1251//3243
f 1352//3244 1350//3244 1292//3244
f 1259//3245 1413//3246 1412//3247
f 1353//3248 1263//3248 1289//3248
f 1411//3249 1410//3249 1258//3249
f 1410//3250 1446//3251 1257//3252
f 1360//3253 1267//3253 1317//3253
f 1328//3254 1370//3255 1270//3256
f 1369//3257 1269//3257 1406//3257
f 1405//3258 1362//3258 1326//3258
f 1404//3259 1401//3259 1372//3259
f 1380//3260 1277//3260 1374//3260
f 1384//3261 1383//3262 1386//3263
f 1384//3264 1379//3265 1280//3266
f 1395//3267 1392//3267 1279//3267
f 1274//3268 1394//3269 1393//3270
f 1394//3271 1277//3272 1281//3273
f 1395//3274 1277//3275 1272//3276
f 1395//3277 1279//3277 1281//3277
f 1390//3278 1275//3279 1402//3280
f 1387//3281 1390//3281 1382//3281
f 1386//3124 1373//3123 1384//3282
f 1391//3283 1274//3284 1396//3285
f 1274//3286 1393//3286 1396//3286
f 1280//3287 1397//3288 1381//3289
f 1273//3290 1397//3291 1388//3292
f 1392//3293 1431//3294 1398//3295
f 1391//3296 1431//3297 1376//3298
f 1278//3299 1390//3300 1389//3301
f 1390//3302 1371//3303 1389//3304
f 1379//3305 1273//3305 1388//3305
f 1391//3306 1399//3307 1398//3308
f 1280//3309 1381//3309 1384//3309
f 1393//3310 1399//3311 1396//3312
f 1399//3313 1281//3314 1279//3315
f 1400//3316 1282//3317 1387//3318
f 1237//3319 1273//3320 1379//3321
f 1387//3322 1382//3322 1400//3322
f 1358//3323 1239//3323 1401//3323
f 1239//3324 1403//3324 1401//3324
f 1374//3325 1378//3326 1380//3327
f 1362//3328 1380//3328 1378//3328
f 1362//3329 1245//3329 1380//3329
f 1272//3330 1380//3331 1377//3332
f 1380//3333 1361//3334 1377//3335
f 1247//3336 1402//3337 1275//3338
f 1402//3339 1356//3340 1271//3341
f 1237//3342 1379//3342 1403//3342
f 1376//3343 1378//3343 1274//3343
f 1359//3344 1362//3344 1378//3344
f 1404//3345 1236//3346 1358//3347
f 1273//3348 1404//3345 1372//3349
f 1358//3350 1401//3350 1404//3350
f 1386//3351 1372//3352 1276//3353
f 1328//3354 1360//3355 1363//3356
f 1326//3357 1369//3358 1405//3359
f 1248//3360 1370//3255 1363//3361
f 1405//3362 1245//3363 1362//3364
f 1366//3365 1361//3366 1406//3367
f 1361//3368 1369//3369 1406//3370
f 1237//3371 1239//3371 1407//3371
f 1266//3372 1409//3373 1318//3374
f 1409//3375 1237//3319 1407//3376
f 1239//3377 1358//3377 1367//3377
f 1364//3378 1317//3379 1314//3380
f 1326//3381 1365//3382 1315//3383
f 1266//3384 1367//3385 1368//3386
f 1362//3387 1359//3387 1365//3387
f 1358//3388 1236//3388 1368//3388
f 1410//3389 1221//3390 1256//3391
f 1256//3392 1446//3251 1410//3250
f 1224//3393 1413//3394 1285//3395
f 1412//3396 1347//3396 1259//3396
f 1261//3397 1286//3398 1285//3399
f 1222//3400 1258//3400 1413//3400
f 1258//3401 1412//3401 1413//3401
f 1259//3402 1347//3402 1414//3402
f 1263//3403 1354//3404 1349//3405
f 1285//3406 1259//3406 1414//3406
f 1353//3407 1260//3408 1354//3409
f 1289//3410 1261//3411 1353//3412
f 1250//3413 1332//3414 1333//3415
f 1290//3416 1352//3416 1292//3416
f 1351//3417 1442//3417 1256//3417
f 1350//3418 1442//3418 1351//3418
f 1292//3419 1351//3419 1293//3419
f 1292//3420 1350//3420 1351//3420
f 1337//3421 1416//3422 1415//3423
f 1226//3424 1331//3424 1294//3424
f 1415//3425 1251//3426 1335//3427
f 1252//3428 1288//3429 1416//3422
f 1255//3430 1339//3431 1254//3432
f 1253//3433 1313//3434 1284//3435
f 1253//3436 1339//3436 1340//3436
f 1332//3437 1344//3438 1417//3439
f 1284//3440 1223//3440 1338//3440
f 1337//3441 1344//3442 1252//3443
f 1339//3444 1343//3445 1254//3446
f 1331//3447 1291//3447 1344//3447
f 1443//3448 1252//3448 1291//3448
f 1339//3449 1418//3450 1334//3451
f 1418//3452 1283//3453 1345//3454
f 1418//3455 1345//3455 1334//3455
f 1422//3456 1311//3457 1320//3458
f 1335//3459 1341//3459 1342//3459
f 1329//3460 1330//3460 1241//3460
f 1420//3461 1329//3461 1242//3461
f 1242//3462 1434//3462 1420//3462
f 1270//3463 1423//3464 1328//3465
f 1423//3466 1249//3467 1327//3468
f 1423//3469 1233//3470 1321//3471
f 1233//3472 1424//3473 1321//3474
f 1424//3475 1242//3476 1241//3477
f 1325//3478 1234//3479 1426//3480
f 1444//3481 1425//3481 1233//3481
f 1240//3482 1421//3482 1326//3482
f 1325//3483 1421//3483 1240//3483
f 1244//3484 1323//3485 1324//3486
f 1234//3487 1311//3487 1426//3487
f 1311//3488 1246//3488 1426//3488
f 1243//3489 1427//3490 1323//3491
f 1249//3492 1322//3492 1323//3492
f 1312//3493 1427//3493 1320//3493
f 1312//3494 1327//3494 1427//3494
f 1375//3495 1371//3495 1271//3495
f 1356//3496 1375//3496 1271//3496
f 1356//3497 1265//3497 1375//3497
f 1428//3498 1266//3499 1318//3500
f 1428//3501 1318//3501 1429//3501
f 1430//3502 1264//3503 1314//3504
f 1377//3505 1357//3506 1431//3507
f 1270//3508 1264//3508 1324//3508
f 1376//3509 1357//3510 1359//3511
f 1314//3512 1436//3513 1238//3514
f 1436//3515 1267//3516 1424//3517
f 1424//3518 1241//3518 1436//3518
f 1406//3519 1244//3520 1432//3521
f 1311//3522 1342//3523 1320//3524
f 1244//3525 1316//3525 1432//3525
f 1312//3526 1343//3527 1433//3528
f 1255//3529 1435//3529 1342//3529
f 1433//3530 1310//3530 1312//3530
f 1433//3531 1250//3532 1333//3533
f 1311//3534 1336//3535 1335//3536
f 1417//3537 1434//3537 1332//3537
f 1436//3538 1326//3539 1315//3540
f 1415//3541 1335//3541 1336//3541
f 1437//3542 1228//3543 1296//3544
f 1437//3545 1303//3545 1309//3545
f 1438//3546 1229//3547 1232//3548
f 1296//3549 1231//3549 1437//3549
f 1307//3550 1441//3551 1230//3552
f 1307//3553 1230//3553 1306//3553
f 1439//3554 1296//3555 1297//3556
f 1230//3557 1295//3557 1302//3557
f 1228//3558 1309//3558 1295//3558
f 1231//3559 1439//3559 1304//3559
f 1308//3560 1297//3561 1440//3562
f 1300//3563 1293//3564 1441//3565
f 1225//3566 1289//3566 1440//3566
f 1289//3567 1301//3567 1440//3567
f 1441//3568 1221//3569 1227//3570
f 1297//3571 1299//3572 1286//3573
f 1298//3574 1301//3575 1290//3576
f 1225//3577 1440//3577 1286//3577
f 1227//3578 1411//3578 1295//3578
f 1222//3579 1228//3579 1411//3579
f 1262//3580 1288//3429 1443//3581
f 1292//3582 1300//3582 1290//3582
f 1298//3583 1305//3583 1232//3583
f 1300//3584 1307//3584 1298//3584
f 1228//3585 1299//3585 1296//3585
f 1226//3586 1294//3586 1442//3586
f 1262//3587 1443//3587 1226//3587
f 1354//3588 1348//3589 1288//3590
f 1348//3591 1355//3592 1287//3593
f 1348//3594 1419//3594 1288//3594
f 1284//3595 1346//3596 1223//3597
f 1257//3598 1346//3598 1445//3598
f 1446//3599 1346//3599 1257//3599
f 1256//3600 1283//3600 1446//3600
f 1283//3601 1223//3601 1446//3601
f 1232//3205 1305//3602 1307//3603
f 1230//3203 1302//3604 1309//3605
f 1309//3605 1303//3606 1231//3204
f 1231//3204 1304//3607 1308//3608
f 1308//3608 1438//3609 1232//3205
f 1232//3205 1307//3603 1230//3203
f 1230//3203 1309//3605 1231//3204
f 1231//3204 1308//3608 1232//3205
f 1310//3206 1433//3610 1333//3207
f 1445//3212 1284//3611 1313//3213
f 1249//3215 1323//3612 1427//3216
f 1324//3218 1323//3613 1322//3219
f 1267//3221 1328//3614 1423//3222
f 1420//3224 1234//3615 1240//3225
f 1330//3229 1329//3616 1240//3230
f 1341//3232 1419//3617 1313//3233
f 1255//3235 1342//3618 1341//3236
f 1350//3238 1349//3619 1262//3239
f 1259//3245 1285//3620 1413//3246
f 1328//3254 1363//3361 1370//3255
f 1384//3261 1381//3621 1383//3262
f 1384//3264 1373//3622 1379//3265
f 1274//3268 1374//3623 1394//3269
f 1394//3271 1374//3624 1277//3272
f 1385//3625 1278//3625 1389//3625
f 1395//3274 1281//3626 1277//3275
f 1390//3278 1387//3627 1275//3279
f 1391//3283 1376//3628 1274//3284
f 1280//3287 1388//3629 1397//3288
f 1273//3290 1372//3630 1397//3291
f 1392//3293 1272//3631 1431//3294
f 1391//3296 1398//3632 1431//3297
f 1278//3299 1382//3633 1390//3300
f 1390//3302 1271//3634 1371//3303
f 1391//3306 1396//3635 1399//3307
f 1393//3310 1394//3636 1399//3311
f 1399//3313 1394//3637 1281//3314
f 1400//3316 1385//3638 1282//3317
f 1237//3319 1236//3639 1273//3320
f 1374//3325 1274//3640 1378//3326
f 1272//3330 1277//3641 1380//3331
f 1380//3333 1245//3642 1361//3334
f 1247//3336 1360//3643 1402//3337
f 1402//3339 1360//3644 1356//3340
f 1404//3345 1273//3348 1236//3346
f 1386//3351 1383//3645 1372//3352
f 1328//3354 1267//3646 1360//3355
f 1326//3357 1269//3647 1369//3358
f 1405//3362 1369//3648 1245//3363
f 1264//3649 1270//3649 1370//3649
f 1370//3650 1248//3650 1265//3650
f 1366//3365 1235//3651 1361//3366
f 1361//3368 1245//3652 1369//3369
f 1266//3372 1368//3653 1409//3373
f 1409//3375 1236//3639 1237//3319
f 1364//3378 1360//3654 1317//3379
f 1326//3381 1362//3655 1365//3382
f 1266//3384 1315//3656 1367//3385
f 1410//3389 1411//3657 1221//3390
f 1224//3393 1222//3658 1413//3394
f 1261//3397 1225//3659 1286//3398
f 1263//3403 1353//3660 1354//3404
f 1353//3407 1261//3661 1260//3408
f 1289//3410 1225//3662 1261//3411
f 1250//3413 1334//3663 1332//3414
f 1337//3421 1252//3428 1416//3422
f 1415//3425 1416//3664 1251//3426
f 1252//3428 1443//3581 1288//3429
f 1255//3430 1340//3665 1339//3431
f 1253//3433 1340//3666 1313//3434
f 1332//3437 1331//3667 1344//3438
f 1337//3441 1417//3668 1344//3442
f 1339//3444 1334//3669 1343//3445
f 1339//3449 1253//3670 1418//3450
f 1418//3452 1223//3671 1283//3453
f 1422//3456 1246//3672 1311//3457
f 1270//3463 1322//3673 1423//3464
f 1423//3466 1322//3674 1249//3467
f 1423//3469 1327//3675 1233//3470
f 1233//3472 1425//3676 1424//3473
f 1424//3475 1425//3677 1242//3476
f 1325//3478 1240//3678 1234//3479
f 1244//3484 1243//3679 1323//3485
f 1243//3489 1320//3680 1427//3490
f 1428//3498 1238//3681 1266//3499
f 1430//3502 1408//3682 1264//3503
f 1377//3505 1235//3683 1357//3506
f 1376//3509 1431//3684 1357//3510
f 1314//3512 1317//3685 1436//3513
f 1436//3515 1317//3686 1267//3516
f 1406//3519 1269//3687 1244//3520
f 1311//3522 1335//3688 1342//3523
f 1312//3526 1254//3689 1343//3527
f 1433//3531 1343//3690 1250//3532
f 1311//3534 1234//3691 1336//3535
f 1436//3538 1330//3692 1326//3539
f 1437//3542 1309//3693 1228//3543
f 1438//3546 1440//3694 1229//3547
f 1307//3550 1300//3695 1441//3551
f 1439//3554 1231//3696 1296//3555
f 1308//3560 1439//3697 1297//3561
f 1300//3563 1292//3698 1293//3564
f 1441//3568 1293//3699 1221//3569
f 1297//3571 1296//3700 1299//3572
f 1298//3574 1229//3701 1301//3575
f 1262//3580 1354//3702 1288//3429
f 1354//3588 1260//3703 1348//3589
f 1348//3591 1260//3704 1355//3592
f 1284//3595 1445//3705 1346//3596
usemtl Material.080
f 1462//3706 1459//3706 1460//3706
f 1449//3707 1447//3707 1450//3707
f 1461//3708 1459//3708 1462//3708
f 1448//3709 1450//3709 1447//3709
l 1457 1458
l 1452 1463
l 1453 1455
l 1463 1464
l 1268 1408
l 1451 1454
l 1460 1464
o Cylinder.012
v -21.798613 14.527206 -27.479650
v -21.810905 14.435189 -27.063457
v -21.999315 15.121799 -27.065931
v -22.047510 14.349827 -26.990292
v -22.268833 14.292771 -27.250957
v -22.168846 15.000944 -27.698772
v -21.719679 14.450087 -27.477518
v -21.757717 14.380861 -27.025204
v -22.288626 14.239416 -27.696024
v -21.609871 14.427003 -27.591455
v -22.012259 14.185858 -26.744328
v -22.339737 14.199595 -27.783348
v -22.256952 16.042225 -27.299959
v -22.645119 15.789259 -27.442873
v -23.702896 16.519711 -27.051889
v -23.224562 17.356619 -28.331518
v -23.203657 17.384462 -28.271204
v -22.472473 16.838253 -27.030022
v -23.302099 17.328028 -28.143209
v -22.715511 16.247982 -27.300129
v -22.562948 16.381418 -27.354586
v -22.444296 16.017422 -27.504879
v -22.460394 15.949883 -26.803375
v -22.564711 16.316727 -26.734219
v -23.715672 16.386852 -27.145790
v -22.678299 15.859098 -27.065161
v -21.534622 16.995914 -26.879120
v -21.431000 16.995371 -26.699049
v -22.269640 16.048275 -26.934620
v -22.128002 15.612220 -27.393454
v -22.510120 15.202292 -27.164452
v -22.480560 15.214860 -27.539108
v -22.082317 15.336349 -27.035709
v -22.120110 15.499753 -27.035013
v -22.376816 15.441440 -26.914890
v -21.903955 14.933012 -27.422777
v -21.926838 14.789886 -27.072054
v -21.855135 14.625778 -27.088480
v -22.118635 14.574333 -26.955063
v -22.375546 14.686815 -27.221046
v -22.314232 14.438128 -27.241011
v -22.357271 14.776871 -27.576061
v -22.291811 14.589997 -27.578724
v -22.397522 16.763435 -26.714880
v -21.521845 17.056952 -26.630947
v -22.679871 16.839758 -27.298120
v -22.339151 16.546638 -27.134678
v -22.471577 16.886772 -26.647495
v -22.804913 16.369404 -26.914267
v -22.328527 16.469908 -26.845362
v -21.174810 17.354513 -26.743826
v -24.186590 16.587908 -27.122219
v -23.477732 17.629805 -28.785862
v -24.211868 16.566151 -27.382330
v -21.148355 17.278168 -26.810673
v -23.641222 17.638416 -28.768744
v -24.200247 16.487423 -27.192507
v -20.955189 17.398418 -26.528250
v -24.432922 16.541624 -27.161034
v -23.629370 17.735590 -29.091902
v -24.404789 16.435688 -27.237429
v -20.924040 17.300463 -26.571827
v -21.991955 15.122828 -27.439157
v -22.124495 15.069880 -26.936832
v -22.104790 14.463365 -26.953716
v -22.181086 14.321398 -27.076015
v -22.357891 14.962787 -27.035641
v -22.443293 14.955201 -27.410650
v -22.259125 14.376877 -27.613352
v -22.140221 14.418131 -27.706467
v -22.335157 15.186017 -27.639484
v -22.012386 14.457439 -27.733337
v -21.892103 14.494471 -27.642906
v -22.116791 15.214840 -27.583427
v -21.619707 14.389997 -27.208445
v -21.996700 14.267499 -26.876554
v -22.208855 14.213963 -27.041775
v -22.111929 14.329310 -27.825357
v -22.062094 14.313737 -26.945267
v -21.973907 14.406604 -27.808130
v -22.266056 14.327405 -27.691862
v -21.573288 14.367111 -27.242689
v -21.810074 14.229721 -26.799021
v -22.199598 14.121881 -26.903410
v -22.144165 14.256906 -27.948236
v -21.730492 14.414343 -27.816130
v -21.921547 14.348906 -27.957993
v -22.357500 14.108572 -27.182714
v -21.647806 14.355511 -26.956680
v -22.218870 15.924805 -27.175941
v -22.645592 15.662914 -27.142952
v -22.190014 15.654425 -27.022606
v -22.272030 15.118933 -26.918026
v -22.401613 16.779051 -27.023478
v -22.882395 16.760624 -27.177725
v -22.573257 16.479830 -26.704254
v -22.353968 16.673700 -27.104425
v -22.698046 16.977533 -27.240499
v -22.786158 16.967245 -27.150656
v -22.423820 15.682979 -26.904015
v -22.336643 16.328815 -27.208408
v -22.336163 16.242723 -26.869633
v -22.372913 16.014097 -26.840584
v -22.423290 16.356365 -26.824020
v -22.682961 16.008301 -27.183762
v -22.831770 16.443039 -27.232569
v -22.237688 15.868613 -27.003971
v -22.311031 16.504740 -26.955750
v -22.622961 16.258570 -27.396616
v -22.653767 16.445147 -27.282337
v -22.254433 15.249191 -27.692289
v -22.335001 15.638315 -27.615238
v -22.196165 15.744175 -27.408684
v -22.084515 15.458571 -27.392906
v -22.590569 15.490458 -27.121002
v -22.602362 15.584379 -27.470865
v -22.532106 15.390981 -27.502214
v -22.043447 15.216430 -27.021349
v -22.103813 15.436529 -27.018126
v -22.321249 15.267308 -26.897938
v -22.427607 15.235018 -27.010143
v -22.506939 15.468979 -27.017042
v -22.100641 15.583218 -27.215979
v -22.393572 15.306909 -27.632696
v -22.044580 15.357183 -27.411695
v -21.964022 15.018197 -27.042238
v -22.184910 14.744232 -26.938892
v -22.410994 14.871667 -27.216406
v -22.338165 14.693188 -27.590816
v -22.083391 14.731936 -27.718195
v -21.935392 14.648446 -27.652821
v -22.185694 14.564157 -27.674057
v -22.335114 14.545888 -27.394064
v -22.373360 14.679106 -27.408463
v -22.281738 14.759017 -27.080931
v -21.585135 17.082394 -26.846506
v -23.731728 16.553474 -27.189838
v -23.328642 17.272682 -28.254404
v -23.708303 16.557152 -27.264473
v -21.830488 16.858656 -26.971001
v -23.719151 16.431486 -27.065025
v -23.696196 16.475931 -27.330940
v -21.519142 16.965996 -26.825127
v -21.953642 16.926661 -26.913393
v -23.218704 16.674763 -27.192080
v -23.279230 16.516390 -26.971453
v -23.087353 17.052248 -27.727571
v -23.004730 17.136707 -27.884420
v -23.239418 16.388159 -27.051708
v -21.923145 16.712023 -26.787441
v -21.190266 17.342644 -26.643007
v -23.569368 17.557631 -28.725218
v -23.595678 17.687332 -28.800041
v -24.159517 16.485279 -27.298534
v -21.398310 17.147991 -26.619194
v -24.056702 16.637571 -27.301662
v -23.982821 16.537098 -27.077641
v -23.992226 16.531260 -27.366005
v -23.575443 17.728956 -28.916800
v -24.003857 16.441854 -27.167891
v -23.687521 17.728285 -29.091011
v -20.959839 17.440208 -26.690596
v -23.743961 17.690956 -29.045204
v -23.692165 17.741686 -29.041586
v -20.939732 17.342434 -26.520439
v -23.724655 17.689667 -28.986101
v -20.928741 17.359428 -26.750925
v -23.583595 17.721483 -29.010952
v -21.034979 17.374798 -26.530678
v -21.040070 17.424290 -26.689709
v -24.412338 16.612663 -27.330580
v -24.310579 16.572765 -27.121338
v -24.414375 16.505327 -27.423388
v -24.423740 16.455973 -27.364250
v -24.302254 16.495901 -27.159863
v -24.428642 16.552402 -27.401751
v -23.640675 17.664488 -28.987059
v -24.405830 16.562849 -27.229576
v -24.433060 16.515192 -27.311279
v -20.903595 17.376553 -26.625706
v -23.483141 17.454535 -28.496624
v -21.201965 17.311016 -26.800678
v -23.404091 17.490520 -28.443125
v -23.411816 17.468761 -28.550896
v -23.264469 16.437786 -27.139830
v -22.821545 16.467367 -26.863607
v -22.956896 17.150881 -27.681755
v -22.445503 16.812473 -26.683691
v -22.937147 17.119339 -27.770325
v -21.885031 14.796448 -27.324392
v -21.774708 14.471915 -27.273533
v -22.012861 14.642711 -26.989199
v -21.961758 14.521853 -27.012089
v -22.273018 14.595613 -27.085176
v -22.586967 15.419387 -27.306995
v -22.509579 15.167459 -27.357521
v -22.446621 15.451413 -27.577806
v -22.032665 15.342391 -27.251343
v -22.488087 15.054209 -27.161976
v -22.542915 15.935407 -27.481585
v -22.735916 16.191914 -26.938179
v -22.574755 15.839375 -26.949947
v -22.325239 16.288940 -27.052574
v -22.431730 16.362690 -27.300732
v -22.337465 16.013063 -27.444668
v -22.679113 15.821395 -27.255634
v -22.323973 15.833710 -26.921904
v -22.583273 16.963140 -27.051239
v -22.710957 17.063675 -27.089367
v -22.472446 16.810564 -26.892696
v -24.173927 16.624025 -27.270708
v -22.710197 16.599560 -26.728458
v -22.168015 15.675987 -27.208044
v -22.504126 15.665930 -27.587547
v -22.350954 15.529454 -26.903463
v -22.585358 16.633888 -27.273140
v -21.838581 14.302259 -26.830032
v -22.389351 14.139109 -27.512312
v -22.212273 14.166723 -26.930843
v -22.317297 14.171361 -27.205246
v -21.846434 14.434265 -27.670877
v -22.016083 14.960072 -27.566641
v -22.390594 14.918706 -27.603470
v -22.266626 15.751345 -27.509418
v -22.071449 14.941777 -26.947594
v -21.947435 15.012317 -27.284731
v -23.159512 16.141651 -25.853966
v -23.040703 16.243130 -26.023409
v -23.279703 16.089317 -25.397676
v -23.048584 16.167011 -25.635115
v -22.611155 17.268955 -27.262007
v -22.375851 16.583040 -26.492357
v -22.295202 16.759651 -26.617332
v -22.323236 17.129629 -27.153374
v -22.281597 16.907265 -26.559929
v -23.176861 16.381874 -26.537214
v -22.801462 16.327227 -26.566473
v -22.864229 16.325796 -26.599607
v -22.000763 16.414999 -25.587456
v -21.910995 16.508181 -25.913645
v -21.699507 16.456501 -25.237530
v -21.827591 16.418409 -25.730047
v -22.312555 16.472181 -26.125378
v -22.130791 16.506601 -26.093061
vn 0.9411 0.3335 0.0563
vn -0.3801 -0.0456 -0.9238
vn 0.8073 0.2851 -0.5167
vn -0.3650 0.8408 -0.3997
vn -0.3257 0.7186 -0.6144
vn 0.3429 0.8893 0.3026
vn -0.8189 0.3553 0.4507
vn -0.8704 0.0535 0.4895
vn 0.5352 0.8268 0.1730
vn 0.1454 0.4367 0.8878
vn -0.4027 -0.2902 -0.8681
vn -0.9997 -0.0240 0.0090
vn -0.9323 -0.3617 -0.0050
vn 0.8008 0.5379 0.2634
vn -0.5833 -0.2383 -0.7765
vn 0.4476 0.2480 0.8592
vn 0.6192 0.4566 -0.6388
vn 0.8391 0.2829 -0.4647
vn -0.9623 -0.1844 -0.2000
vn -0.7349 -0.3700 0.5683
vn -0.8154 -0.0585 0.5760
vn 0.2304 -0.0897 0.9690
vn 0.6750 0.7297 -0.1093
vn 0.2466 0.8985 0.3631
vn -0.6320 0.4203 0.6511
vn 0.6436 0.7455 0.1735
vn -0.7701 0.6284 -0.1099
vn 0.0990 -0.8276 -0.5525
vn 0.0603 -0.4420 0.8950
vn -0.2143 0.8225 -0.5269
vn -0.5403 0.7487 0.3840
vn -0.5408 0.7482 0.3843
vn -0.5405 0.7485 0.3841
vn -0.0291 -0.9282 -0.3709
vn -0.2956 0.9393 0.1740
vn 0.4652 0.8783 -0.1100
vn 0.8702 0.2953 0.3944
vn -0.7407 -0.6714 -0.0234
vn 0.2839 -0.4916 0.8232
vn -0.0988 -0.1287 0.9868
vn -0.3649 0.7185 0.5921
vn 0.0807 0.8876 0.4535
vn 0.2205 0.5994 -0.7695
vn 0.4869 -0.6973 -0.5260
vn 0.1682 0.9471 0.2734
vn 0.8181 -0.2424 -0.5215
vn -0.0829 0.5524 -0.8294
vn 0.1095 -0.8981 -0.4259
vn 0.9102 0.3816 0.1607
vn 0.9468 0.2468 0.2063
vn 0.5382 0.1522 0.8290
vn 0.6686 0.0276 0.7431
vn -0.8459 -0.2465 0.4729
vn -0.8277 -0.0587 0.5581
vn -0.4082 -0.4600 0.7886
vn -0.4518 0.0410 -0.8912
vn -0.6683 -0.3755 -0.6422
vn -0.6131 -0.0156 -0.7898
vn -0.6656 0.0191 -0.7461
vn 0.6704 0.2631 -0.6938
vn 0.8322 0.2007 -0.5168
vn 0.7519 0.3941 -0.5285
vn 0.7161 0.2753 -0.6415
vn 0.8049 0.2441 -0.5408
vn -0.9283 -0.3021 -0.2169
vn -0.9570 -0.2840 -0.0593
vn -0.4647 -0.1374 -0.8747
vn 0.9197 0.3246 0.2209
vn 0.9197 0.3247 0.2209
vn 0.9196 0.3248 0.2210
vn -0.8125 -0.3020 0.4986
vn -0.8646 -0.1205 0.4879
vn -0.7301 -0.1070 0.6750
vn -0.0808 0.3578 -0.9303
vn -0.6007 0.2162 -0.7697
vn -0.6111 -0.3342 0.7175
vn -0.7255 -0.3514 0.5918
vn -0.6229 -0.3087 0.7188
vn -0.6245 -0.3121 0.7160
vn -0.6232 -0.3093 0.7183
vn 0.9648 0.1999 0.1709
vn 0.7189 0.2303 -0.6559
vn 0.4736 0.3302 -0.8165
vn -0.9850 -0.1252 -0.1188
vn -0.5422 0.7092 -0.4506
vn 0.6251 0.7652 0.1542
vn 0.5562 -0.1219 0.8221
vn 0.1832 0.9515 0.2471
vn -0.1173 0.2462 -0.9621
vn -0.6696 -0.2118 -0.7118
vn 0.4625 0.2226 0.8582
vn 0.4560 -0.2451 0.8556
vn 0.5042 0.1598 0.8487
vn -0.5057 0.2239 -0.8332
vn -0.8129 0.5675 0.1311
vn 0.0738 0.9889 -0.1293
vn 0.3024 0.9480 0.0994
vn -0.4577 0.7602 0.4611
vn 0.6930 0.7124 0.1107
vn -0.5655 0.7194 -0.4034
vn -0.5057 0.8574 -0.0950
vn 0.0691 0.6187 0.7826
vn -0.0994 0.7919 0.6026
vn 0.7768 0.3129 -0.5465
vn 0.7794 0.3488 -0.5204
vn 0.8201 0.0384 -0.5709
vn -0.7766 -0.3987 0.4879
vn -0.6530 -0.1926 0.7324
vn -0.7634 -0.4582 0.4552
vn 0.5427 0.3752 -0.7514
vn -0.9682 0.2494 -0.0220
vn 0.2700 -0.9578 -0.0988
vn 0.3367 -0.9262 -0.1697
vn 0.3462 -0.9343 -0.0850
vn 0.9720 0.2219 -0.0774
vn 0.9742 0.2142 -0.0712
vn 0.9702 0.2279 -0.0822
vn -0.7412 -0.0634 -0.6683
vn -0.5094 -0.2388 0.8267
vn 0.7605 0.2780 -0.5868
vn 0.1207 -0.0289 0.9923
vn 0.1198 -0.0300 0.9923
vn 0.1226 -0.0267 0.9921
vn 0.6988 -0.1353 0.7024
vn 0.7030 -0.1366 0.6980
vn 0.7115 -0.1393 0.6888
vn 0.3891 -0.0703 0.9185
vn 0.4559 -0.0077 0.8900
vn 0.3432 -0.1112 0.9326
vn 0.9921 0.0139 -0.1246
vn 0.9949 0.0225 -0.0980
vn 0.9974 0.0333 -0.0645
vn -0.5843 0.1413 -0.7991
vn -0.6776 0.0518 -0.7336
vn -0.7218 0.0032 -0.6920
vn -0.5885 -0.3546 0.7266
vn -0.6247 -0.3125 0.7156
vn -0.4540 0.2201 -0.8634
vn -0.5432 0.2426 -0.8038
vn -0.2672 0.1693 -0.9486
vn -0.6519 -0.3329 0.6814
vn -0.6501 -0.3271 0.6858
vn -0.6445 -0.3085 0.6996
vn -0.6552 -0.1776 0.7343
vn -0.6672 -0.1704 0.7251
vn -0.6948 -0.1533 0.7027
vn -0.4677 -0.0613 -0.8818
vn -0.4612 -0.0044 -0.8873
vn -0.4700 -0.0859 -0.8785
vn 0.9571 0.2705 -0.1033
vn -0.6192 -0.0986 -0.7790
vn -0.9889 -0.1467 0.0237
vn -0.3438 -0.0372 -0.9383
vn 0.3476 0.0203 0.9374
vn 0.3414 -0.0008 0.9399
vn 0.3298 -0.0392 0.9433
vn -0.9621 -0.1068 -0.2511
vn 0.9332 0.3369 0.1255
vn 0.9558 0.2469 0.1598
vn 0.9558 0.2470 0.1594
vn 0.9552 0.2459 0.1647
vn 0.1569 0.2460 -0.9565
vn 0.5226 -0.8339 -0.1773
vn 0.5133 -0.8442 -0.1544
vn 0.5232 -0.8330 -0.1799
vn -0.2836 -0.4780 0.8313
vn -0.0204 -0.9883 -0.1512
vn -0.1028 -0.9207 -0.3765
vn -0.2179 -0.9739 -0.0640
vn -0.6928 0.7144 -0.0981
vn -0.6997 0.7071 0.1025
vn -0.6878 0.6852 0.2396
vn 0.0117 0.9958 0.0906
vn -0.1443 0.9617 0.2331
vn 0.1017 0.9948 0.0064
vn -0.1675 -0.4562 0.8740
vn 0.2662 -0.6315 -0.7283
vn 0.3194 -0.7161 -0.6206
vn 0.3402 -0.7478 -0.5702
vn 0.2356 -0.9631 -0.1302
vn 0.1312 -0.9913 0.0108
vn 0.2801 -0.9405 -0.1923
vn 0.1254 -0.7919 0.5976
vn 0.1808 -0.6537 0.7349
vn 0.2043 -0.5796 0.7889
vn -0.2197 -0.6083 0.7627
vn -0.0025 0.6388 -0.7694
vn 0.1259 0.5756 -0.8080
vn 0.1808 0.5442 -0.8192
vn -0.1209 0.5637 -0.8171
vn -0.5410 0.7480 0.3844
vn 0.0082 0.7593 -0.6507
vn 0.0028 0.7490 -0.6626
vn 0.0097 0.7620 -0.6475
vn 0.0534 0.4303 -0.9011
vn 0.3005 -0.8041 -0.5129
vn 0.3629 -0.7889 -0.4959
vn 0.0956 -0.8286 -0.5516
vn 0.3926 -0.7989 -0.4557
vn 0.4477 -0.7471 -0.4914
vn 0.4873 -0.7044 -0.5161
vn -0.2049 0.9680 0.1447
vn -0.1645 0.9694 0.1822
vn -0.2338 0.9652 0.1173
vn -0.1487 0.8942 0.4224
vn -0.0881 0.9824 0.1644
vn -0.0798 0.9883 0.1302
vn -0.2440 0.9293 0.2772
vn -0.2222 0.9377 0.2671
vn -0.2795 0.9142 0.2934
vn -0.4126 0.8842 0.2188
vn -0.4412 0.8875 0.1327
vn -0.3878 0.8765 0.2852
vn 0.7799 0.6150 -0.1163
vn -0.9673 0.2277 0.1116
vn -0.9671 0.2279 0.1129
vn -0.9545 0.2384 0.1791
vn -0.1241 0.9547 -0.2705
vn -0.9800 -0.1280 -0.1521
vn -0.9827 -0.1015 -0.1548
vn -0.9636 -0.2274 -0.1406
vn -0.9603 -0.2674 0.0797
vn -0.9591 -0.2736 0.0726
vn -0.9552 -0.2913 0.0521
vn 0.9610 -0.2755 -0.0245
vn 0.9755 -0.1449 0.1655
vn 0.9274 -0.3474 -0.1387
vn 0.9018 0.2015 -0.3823
vn 0.7951 0.5895 -0.1424
vn 0.7884 0.6005 -0.1335
vn 0.8349 0.4974 -0.2357
vn -0.8907 -0.2848 0.3543
vn -0.6207 0.5814 0.5261
vn -0.0120 -0.8122 -0.5832
vn 0.0422 -0.8712 -0.4891
vn 0.0865 -0.9100 -0.4056
vn -0.1196 -0.9023 -0.4142
vn -0.1355 -0.8872 -0.4411
vn -0.2543 -0.5638 0.7858
vn -0.2887 -0.5956 0.7497
vn -0.3119 -0.6163 0.7231
vn -0.2733 -0.6716 0.6886
vn -0.2194 -0.8228 0.5243
vn -0.2852 -0.6253 0.7264
vn 0.3413 -0.1285 -0.9311
vn 0.0033 0.2383 -0.9712
vn -0.0199 0.2612 -0.9651
vn -0.4281 0.8012 -0.4180
vn -0.3638 0.7266 -0.5829
vn -0.4309 0.8042 -0.4095
vn 0.1276 0.9037 0.4087
vn 0.1513 0.5774 -0.8023
vn 0.2071 0.6379 -0.7418
vn 0.2272 -0.7707 -0.5954
vn 0.2109 -0.7857 -0.5816
vn 0.2066 -0.7884 -0.5794
vn 0.2219 -0.7772 -0.5889
vn 0.2184 -0.7753 -0.5926
vn -0.2106 -0.8415 -0.4974
vn -0.8382 -0.4822 0.2548
vn -0.7881 -0.5918 0.1696
vn -0.7782 -0.6085 0.1552
vn 0.5606 -0.7738 -0.2948
vn 0.4962 -0.6961 -0.5188
vn 0.4888 -0.6869 -0.5379
vn 0.0163 -0.9664 -0.2565
vn -0.0585 -0.9110 -0.4083
vn -0.0899 -0.8785 -0.4692
vn 0.5141 -0.8420 -0.1632
vn 0.5172 -0.8405 -0.1611
vn 0.1039 -0.8620 -0.4961
vn 0.1068 -0.8958 -0.4314
vn 0.1072 -0.9003 -0.4219
vn -0.2195 0.0643 0.9735
vn -0.1901 -0.0924 0.9774
vn -0.2212 0.0743 0.9724
vn -0.0920 -0.8688 0.4865
vn -0.0904 -0.8325 0.5465
vn -0.0903 -0.8302 0.5501
vn -0.0347 0.9240 0.3807
vn 0.9050 0.2440 -0.3486
vn 0.8619 -0.0578 -0.5038
vn 0.9042 0.2608 -0.3383
vn 0.7719 0.6311 -0.0766
vn 0.7595 0.6476 -0.0613
vn -0.9185 -0.2199 0.3287
vn -0.0195 0.6220 -0.7828
vn -0.0074 0.6100 -0.7923
vn -0.0051 0.6078 -0.7941
vn 0.0395 0.2357 -0.9710
vn 0.0917 0.3181 -0.9436
vn -0.0013 0.1700 -0.9854
vn 0.0485 -0.8762 -0.4795
vn 0.0324 -0.8832 -0.4678
vn 0.0262 -0.8859 -0.4632
vn -0.0365 0.6296 -0.7760
vn 0.2620 -0.8087 -0.5266
vn 0.9628 0.2498 0.1027
vn 0.9528 0.3034 0.0042
vn 0.9634 0.2311 0.1355
vn 0.9558 0.2471 0.1591
vn 0.3690 -0.0665 0.9271
vn 0.3354 -0.0480 0.9409
vn 0.4069 -0.0876 0.9093
vn 0.2933 0.0234 0.9557
vn -0.8280 -0.2090 0.5203
vn -0.8174 -0.1438 0.5579
vn -0.8023 -0.0786 0.5918
vn 0.4227 0.2137 0.8807
vn 0.5367 0.0676 0.8411
vn -0.6366 -0.3153 0.7038
vn -0.8993 -0.3662 -0.2391
vn -0.9046 -0.3422 -0.2541
vn -0.8841 -0.4209 -0.2031
vn -0.6485 -0.0717 0.7578
vn -0.9678 -0.2510 -0.0217
vn -0.9664 -0.2567 -0.0168
vn -0.9612 -0.2759 0.0001
vn -0.9493 -0.3009 -0.0910
vn -0.9498 -0.2993 -0.0913
vn -0.9466 -0.3100 -0.0891
vn 0.7238 0.2381 -0.6476
vn 0.7216 0.2555 -0.6434
vn 0.7153 0.2965 -0.6328
vn -0.2440 0.1371 -0.9600
vn 0.7702 0.3474 -0.5349
vn 0.5369 0.3512 -0.7671
vn 0.5755 0.1096 -0.8104
vn 0.4772 0.1710 -0.8620
vn -0.9448 -0.2398 -0.2234
vn -0.9462 -0.2399 -0.2173
vn -0.9424 -0.2435 -0.2294
vn 0.6384 0.2392 -0.7316
vn -0.9548 -0.2869 0.0778
vn -0.9532 -0.2957 0.0635
vn -0.9558 -0.2802 0.0886
vn -0.9477 -0.2374 -0.2132
vn -0.9432 -0.2487 -0.2203
vn 0.3487 0.2172 0.9117
vn 0.3431 0.2899 0.8934
vn 0.3398 0.3235 0.8831
vn 0.3514 0.1896 0.9168
vn 0.3772 0.1642 0.9115
vn 0.2205 0.3085 0.9253
vn 0.5082 -0.0420 0.8602
vn -0.4319 0.1234 -0.8934
vn -0.4000 0.1186 -0.9088
vn -0.5108 0.1350 -0.8490
vn 0.7167 0.0058 0.6973
vn -0.6895 -0.0123 -0.7242
vn -0.6921 -0.0205 -0.7215
vn -0.7027 -0.0571 -0.7092
vn 0.9717 0.1820 0.1505
vn 0.9935 0.0830 0.0775
vn 0.9231 0.3016 0.2384
vn -0.4456 -0.1659 -0.8797
vn -0.5672 0.0067 -0.8236
vn 0.9419 0.2892 0.1706
vn 0.9004 0.4224 0.1042
vn 0.8745 0.4795 0.0732
vn 0.9811 0.1931 -0.0131
vn 0.9824 0.1868 -0.0055
vn 0.9731 0.2246 -0.0516
vn 0.9277 0.3718 -0.0346
vn -0.6772 -0.4021 0.6162
vn -0.6802 -0.3993 0.6147
vn -0.6419 -0.4338 0.6322
vn -0.7793 -0.2473 0.5758
vn -0.3415 0.4493 -0.8256
vn -0.3485 0.1566 -0.9241
vn -0.4320 0.2755 -0.8588
vn 0.9916 -0.0891 0.0935
vn 0.9958 -0.0604 0.0685
vn 0.9858 -0.1183 0.1189
vn 0.9610 0.2633 0.0842
vn 0.9763 0.2156 -0.0203
vn 0.9786 0.1970 -0.0594
vn 0.9691 0.2457 0.0225
vn 0.9737 0.2231 0.0463
vn 0.9633 0.2684 -0.0018
vn 0.7497 0.4076 -0.5212
vn 0.7255 0.3943 -0.5640
vn 0.7098 0.3857 -0.5895
vn 0.4045 0.4545 -0.7936
vn 0.4408 0.4449 -0.7796
vn 0.3927 0.4574 -0.7978
vn -0.9927 -0.1087 -0.0531
vn -0.9931 -0.0428 -0.1089
vn -0.9810 0.0517 -0.1870
vn 0.7910 0.3399 -0.5086
vn -0.8706 -0.4764 -0.1229
vn -0.9815 -0.1732 -0.0822
vn 0.5049 0.0167 0.8630
vn 0.4525 -0.0265 0.8914
vn 0.5283 0.0367 0.8482
vn -0.9496 -0.2883 -0.1229
vn -0.9829 -0.1796 0.0398
vn 0.5160 -0.2346 0.8238
vn 0.5137 -0.2378 0.8243
vn 0.5191 -0.2302 0.8231
vn 0.6759 -0.0150 0.7368
vn 0.4277 -0.1782 0.8862
vn 0.6686 0.0845 0.7388
vn -0.6843 0.7290 -0.0191
vn -0.5778 0.7767 0.2508
vn -0.5885 0.7646 0.2630
vn 0.7250 0.4593 -0.5132
vn 0.7726 0.3929 -0.4987
vn 0.8237 0.3078 -0.4761
vn 0.6425 0.6881 -0.3373
vn 0.5125 0.8586 0.0117
vn 0.6263 0.7774 -0.0579
vn 0.4648 0.8846 0.0386
vn 0.0812 0.9441 0.3195
vn 0.0510 0.9656 0.2551
vn 0.0884 0.9381 0.3348
vn 0.4922 -0.2544 0.8325
vn 0.0511 0.8638 0.5012
vn 0.2017 0.9690 0.1427
vn 0.2118 0.9706 0.1143
vn 0.4412 0.5957 -0.6711
vn 0.4240 0.6118 -0.6678
vn 0.5058 0.5302 -0.6805
vn 0.5500 0.3444 -0.7609
vn 0.5480 0.3192 -0.7732
vn 0.5524 0.3880 -0.7378
vn 0.3985 0.3134 -0.8620
vn -0.5839 -0.3788 0.7180
vn -0.5781 -0.3542 0.7351
vn -0.5655 -0.3065 0.7657
vn -0.7489 -0.1113 0.6533
vn -0.7491 -0.1117 0.6529
vn -0.7275 -0.0775 0.6817
vn -0.3275 -0.1873 0.9261
vn 0.8595 0.4569 0.2290
vn 0.8521 0.4754 0.2188
vn 0.8050 0.5708 0.1619
vn -0.6059 0.0752 0.7920
vn 0.9739 0.1814 0.1366
vn 0.8475 0.5309 0.0003
vn 0.8589 0.5121 0.0092
vn 0.8865 0.4617 0.0325
vn -0.9615 -0.2675 -0.0627
vn -0.9695 -0.2345 -0.0716
vn -0.9495 -0.3095 -0.0511
vn -0.1754 -0.0915 -0.9802
vn -0.2599 0.1323 -0.9565
vn -0.2590 0.1310 -0.9570
vn -0.2547 0.1250 -0.9589
vn -0.9966 -0.0813 0.0118
vn -0.2249 0.9326 0.2824
vn -0.0801 0.9357 0.3436
vn -0.2790 0.9252 0.2570
vn 0.3849 0.4866 0.7843
vn -0.6421 0.7639 0.0650
vn -0.6549 0.7539 0.0526
vn -0.6616 0.7485 0.0459
vn -0.3193 0.8227 0.4704
vn 0.1347 0.9396 -0.3146
vn 0.1345 0.9397 -0.3146
vn 0.1344 0.9397 -0.3145
vn -0.4394 0.8788 0.1864
vn -0.4679 0.8082 0.3577
vn -0.4689 0.7856 0.4037
vn -0.4669 0.8187 0.3343
vn 0.4963 0.8628 0.0961
vn 0.1331 0.9798 0.1491
vn -0.6746 0.2370 0.6991
vn -0.7275 0.6124 0.3093
vn -0.7140 0.6460 0.2699
vn -0.7350 0.5903 0.3337
vn 0.2438 0.8011 -0.5467
vn 0.3968 0.7144 -0.5764
vn 0.4910 0.6447 -0.5859
vn -0.9179 0.3913 0.0662
vn -0.9791 0.1994 -0.0392
vn 0.5998 0.6504 -0.4661
vn 0.6169 0.6362 -0.4635
vn 0.6262 0.6281 -0.4619
vn -0.6666 0.3380 0.6643
vn -0.6441 0.2473 0.7238
vn -0.6740 0.3767 0.6355
vn -0.5627 0.5205 -0.6422
vn -0.6220 0.3223 -0.7136
vn -0.5169 0.6223 -0.5879
vn -0.8232 0.4560 0.3383
vn 0.4577 0.8886 0.0284
vn 0.6054 0.7597 0.2371
vn -0.9428 -0.2482 -0.2227
vn -0.9461 -0.2503 -0.2056
vn -0.3454 0.6840 -0.6426
vn -0.5122 0.7920 -0.3323
vn -0.3940 0.8032 -0.4469
vn -0.0286 0.8165 0.5767
vn 0.6712 0.2186 -0.7083
vn -0.3030 -0.2490 -0.9199
vn -0.9765 -0.2143 0.0235
vn -0.9733 -0.2267 0.0366
vn -0.9680 -0.2447 0.0557
vn -0.8026 -0.3029 0.5139
vn -0.8002 -0.2806 0.5301
vn -0.8060 -0.3985 0.4377
vn -0.9225 -0.3859 -0.0125
vn 0.5862 0.2452 0.7722
vn 0.5892 0.2956 0.7520
vn 0.5904 0.3657 0.7195
vn 0.6575 0.0087 0.7534
vn 0.9863 0.1523 0.0638
vn 0.9051 0.4232 0.0419
vn 0.9178 0.3966 0.0192
vn 0.3834 -0.9133 0.1374
vn 0.3198 -0.9465 -0.0435
vn -0.3352 -0.9338 -0.1252
vn 0.2871 -0.9486 -0.1334
vn 0.0012 -0.7823 -0.6229
vn 0.4870 -0.8411 -0.2352
vn 0.3831 -0.9135 -0.1370
vn 0.4196 -0.8992 -0.1239
vn 0.9759 0.2080 -0.0662
vn 0.1146 -0.0359 0.9928
vn 0.6910 -0.1329 0.7106
vn 0.4948 0.0308 0.8685
vn 0.9880 0.0042 -0.1543
vn -0.5517 0.1695 -0.8167
vn -0.7079 0.2802 -0.6483
vn -0.6553 -0.3450 0.6719
vn -0.6308 -0.1917 0.7519
vn -0.4530 0.0535 -0.8899
vn 0.3576 0.0559 0.9322
vn -0.6680 0.7000 -0.2526
vn -0.2138 0.9313 0.2950
vn 0.2542 -0.6117 -0.7491
vn 0.0961 -0.9937 0.0570
vn -0.0657 0.1201 0.9906
vn 0.0981 -0.8448 0.5261
vn -0.0357 0.6528 -0.7567
vn 0.0017 0.7471 -0.6648
vn 0.5405 -0.7222 -0.4315
vn 0.3616 -0.8246 -0.4350
vn -0.1165 0.9673 0.2253
vn -0.1538 0.8822 0.4450
vn -0.1858 0.9503 0.2499
vn -0.4697 0.8823 0.0319
vn -0.9756 0.2155 0.0410
vn -0.9865 -0.0089 -0.1636
vn -0.9638 -0.2454 0.1048
vn 0.9484 -0.0315 0.3154
vn 0.9039 0.1708 -0.3922
vn -0.0675 -0.7386 -0.6707
vn -0.2265 -0.5374 0.8123
vn -0.2002 -0.8611 0.4673
vn 0.3534 -0.1430 -0.9245
vn -0.3614 0.7235 -0.5881
vn -0.8432 -0.4676 0.2652
vn 0.5652 -0.7791 -0.2713
vn 0.0300 -0.9733 -0.2277
vn 0.1031 -0.8539 -0.5102
vn 0.0987 -0.3848 0.9177
vn 0.1948 -0.5841 0.7880
vn -0.1862 -0.1110 0.9762
vn -0.0921 -0.8732 0.4786
vn 0.8506 -0.0918 -0.5178
vn -0.0212 0.6236 -0.7814
vn 0.1190 0.3604 -0.9252
vn 0.0540 -0.8737 -0.4835
vn 0.9477 0.3183 -0.0245
vn 0.3058 -0.0318 0.9516
vn -0.8347 -0.2926 0.4665
vn -0.9130 -0.2928 -0.2840
vn -0.9710 -0.2367 -0.0341
vn -0.9522 -0.2910 -0.0930
vn 0.7276 0.2036 -0.6551
vn -0.9517 -0.3027 0.0520
vn 0.3497 0.2007 0.9151
vn 0.4894 0.0444 0.8709
vn -0.3519 0.1112 -0.9294
vn -0.6748 0.0323 -0.7373
vn 0.9972 0.0518 0.0544
vn 0.9599 0.1663 0.2257
vn 0.9860 0.1658 0.0199
vn -0.7247 -0.3550 0.5905
vn 0.9980 -0.0389 0.0498
vn 0.9507 0.2824 0.1281
vn 0.9758 0.2102 0.0598
vn 0.7583 0.4123 -0.5050
vn 0.4542 0.4411 -0.7740
vn -0.9892 -0.1450 -0.0219
vn 0.4221 -0.0506 0.9051
vn 0.5115 -0.2409 0.8248
vn 0.6798 0.5142 -0.5230
vn 0.6809 0.7263 -0.0944
vn 0.0393 0.9724 0.2298
vn 0.0400 0.8509 0.5237
vn 0.3617 0.6654 -0.6531
vn 0.5409 0.2540 -0.8018
vn -0.5974 -0.4461 0.6665
vn -0.7845 -0.1746 0.5950
vn 0.8854 0.3785 0.2698
vn 0.8077 0.5890 -0.0283
vn -0.9778 -0.1927 -0.0827
vn -0.2681 0.1436 -0.9526
vn -0.0151 0.9296 0.3681
vn -0.6378 0.7671 0.0691
vn 0.1349 0.9396 -0.3146
vn -0.4690 0.7751 0.4234
vn -0.7094 0.6561 0.2575
vn 0.1244 0.8492 -0.5132
vn 0.5857 0.6617 -0.4681
vn -0.6332 0.2111 0.7447
vn -0.6429 0.1999 -0.7394
vn -0.9428 -0.2406 -0.2309
vn -0.9821 -0.1882 -0.0037
vn -0.7784 -0.1645 0.6059
vn 0.5790 0.1728 0.7968
vn -0.2534 -0.9095 -0.3296
vn 0.2866 -0.9574 -0.0343
vn 0.0684 -0.9959 0.0592
vn 0.5029 -0.8500 -0.1564
s 1
usemtl Material.081
f 1690//3710 1467//3710 1590//3710
f 1535//3711 1470//3711 1687//3711
f 1538//3712 1527//3712 1686//3712
f 1542//3713 1551//3713 1549//3713
f 1534//3714 1544//3714 1542//3714
f 1655//3715 1472//3715 1539//3715
f 1684//3716 1541//3716 1530//3716
f 1552//3717 1548//3717 1683//3717
f 1553//3718 1546//3718 1539//3718
f 1681//3719 1475//3719 1547//3719
f 1559//3720 1510//3720 1680//3720
f 1490//3721 1569//3721 1670//3721
f 1665//3722 1513//3722 1570//3722
f 1554//3723 1477//3723 1571//3723
f 1496//3724 1588//3724 1535//3724
f 1582//3725 1497//3725 1528//3725
f 1575//3726 1589//3726 1538//3726
f 1595//3727 1500//3727 1465//3727
f 1598//3728 1506//3728 1593//3728
f 1658//3729 1505//3729 1529//3729
f 1599//3730 1504//3730 1658//3730
f 1689//3731 1591//3731 1656//3731
f 1651//3732 1562//3732 1653//3732
f 1623//3733 1617//3733 1647//3733
f 1647//3734 1520//3734 1645//3734
f 1644//3735 1626//3735 1522//3735
f 1523//3736 1642//3736 1643//3736
f 1641//3737 1627//3737 1625//3737
f 1516//3738 1636//3738 1639//3738
f 1515//3739 1634//3739 1646//3739
f 1520//3740 1617//3741 1630//3742
f 1616//3743 1627//3743 1641//3743
f 1636//3744 1642//3744 1523//3744
f 1632//3745 1524//3745 1623//3745
f 1644//3746 1522//3746 1629//3746
f 1645//3747 1520//3747 1616//3747
f 1509//3748 1492//3748 1619//3748
f 1479//3749 1621//3749 1605//3749
f 1647//3750 1617//3750 1520//3750
f 1481//3751 1647//3751 1483//3751
f 1603//3752 1622//3752 1620//3752
f 1491//3753 1607//3753 1604//3753
f 1651//3754 1563//3754 1562//3754
f 1480//3755 1653//3755 1612//3755
f 1604//3756 1608//3756 1600//3756
f 1602//3757 1612//3757 1611//3757
f 1654//3758 1501//3758 1502//3758
f 1655//3759 1502//3759 1466//3759
f 1501//3760 1656//3760 1502//3760
f 1501//3761 1689//3761 1656//3761
f 1658//3762 1504//3762 1505//3762
f 1591//3763 1599//3763 1658//3763
f 1468//3764 1529//3764 1530//3764
f 1593//3765 1594//3765 1596//3765
f 1507//3766 1593//3766 1596//3766
f 1533//3767 1596//3767 1534//3767
f 1507//3768 1596//3768 1533//3768
f 1470//3769 1686//3769 1594//3769
f 1595//3770 1465//3770 1537//3770
f 1589//3771 1576//3771 1578//3771
f 1575//3772 1576//3772 1589//3772
f 1538//3773 1589//3773 1527//3773
f 1581//3774 1659//3774 1580//3774
f 1663//3775 1660//3775 1532//3775
f 1535//3776 1575//3776 1470//3776
f 1662//3777 1497//3777 1582//3778
f 1467//3779 1662//3777 1582//3778
f 1495//3780 1585//3780 1579//3780
f 1663//3781 1585//3781 1495//3781
f 1557//3782 1663//3782 1531//3782
f 1573//3783 1485//3783 1486//3783
f 1678//3784 1478//3784 1664//3784
f 1665//3785 1488//3785 1513//3785
f 1666//3786 1665//3786 1490//3786
f 1666//3787 1487//3788 1665//3789
f 1554//3790 1571//3790 1556//3790
f 1565//3791 1668//3791 1511//3791
f 1688//3792 1486//3792 1669//3792
f 1490//3793 1665//3793 1569//3793
f 1563//3794 1673//3794 1562//3794
f 1558//3795 1482//3795 1674//3795
f 1568//3796 1560//3796 1488//3796
f 1675//3797 1516//3797 1621//3797
f 1576//3798 1678//3798 1486//3798
f 1580//3799 1678//3799 1661//3799
f 1679//3800 1556//3800 1564//3800
f 1498//3801 1679//3801 1499//3801
f 1498//3802 1556//3802 1679//3802
f 1574//3803 1680//3803 1485//3803
f 1684//3804 1682//3804 1552//3804
f 1471//3805 1474//3805 1685//3805
f 1471//3806 1539//3806 1474//3806
f 1530//3807 1543//3807 1468//3807
f 1465//3808 1655//3808 1471//3808
f 1534//3809 1545//3809 1533//3809
f 1473//3810 1542//3810 1476//3810
f 1466//3811 1543//3811 1472//3811
f 1468//3812 1543//3812 1466//3812
f 1686//3813 1527//3813 1500//3813
f 1688//3814 1477//3814 1577//3814
f 1576//3815 1688//3815 1577//3815
f 1591//3816 1531//3816 1599//3816
f 1557//3817 1531//3817 1591//3817
f 1531//3818 1663//3818 1592//3818
f 1576//3819 1486//3819 1688//3819
f 1684//3820 1545//3820 1473//3820
f 1474//3821 1475//3822 1476//3823
f 1554//3824 1577//3825 1477//3826
f 1678//3827 1580//3827 1478//3827
f 1586//3828 1679//3828 1564//3828
f 1680//3829 1510//3829 1482//3829
f 1689//3830 1557//3831 1591//3832
f 1493//3833 1671//3834 1571//3835
f 1568//3836 1566//3837 1514//3838
f 1511//3839 1667//3840 1565//3841
f 1664//3842 1484//3843 1573//3844
f 1564//3845 1487//3845 1666//3845
f 1665//3789 1487//3788 1488//3846
f 1574//3847 1484//3848 1570//3849
f 1585//3850 1557//3851 1584//3852
f 1499//3853 1585//3854 1584//3855
f 1594//3856 1506//3857 1470//3858
f 1578//3859 1494//3859 1587//3859
f 1581//3860 1580//3860 1661//3860
f 1660//3861 1663//3861 1495//3861
f 1596//3862 1594//3862 1536//3862
f 1503//3863 1657//3864 1656//3865
f 1597//3866 1507//3866 1533//3866
f 1655//3867 1654//3867 1502//3867
f 1654//3868 1690//3869 1501//3870
f 1604//3871 1511//3871 1561//3871
f 1572//3872 1614//3873 1514//3874
f 1613//3875 1513//3875 1650//3875
f 1649//3876 1606//3876 1570//3876
f 1648//3877 1645//3877 1616//3877
f 1624//3878 1521//3878 1618//3878
f 1628//3879 1627//3880 1630//3881
f 1628//3882 1623//3883 1524//3884
f 1639//3885 1636//3885 1523//3885
f 1518//3886 1638//3887 1637//3888
f 1638//3889 1521//3890 1525//3891
f 1639//3892 1521//3893 1516//3894
f 1639//3895 1523//3895 1525//3895
f 1634//3896 1519//3897 1646//3898
f 1631//3899 1634//3899 1626//3899
f 1630//3742 1617//3741 1628//3900
f 1635//3901 1518//3902 1640//3903
f 1518//3904 1637//3904 1640//3904
f 1524//3905 1641//3906 1625//3907
f 1517//3908 1641//3909 1632//3910
f 1636//3911 1675//3912 1642//3913
f 1635//3914 1675//3915 1620//3916
f 1522//3917 1634//3918 1633//3919
f 1634//3920 1615//3921 1633//3922
f 1623//3923 1517//3923 1632//3923
f 1635//3924 1643//3925 1642//3926
f 1524//3927 1625//3927 1628//3927
f 1637//3928 1643//3929 1640//3930
f 1643//3931 1525//3932 1523//3933
f 1644//3934 1526//3935 1631//3936
f 1481//3937 1517//3938 1623//3939
f 1631//3940 1626//3940 1644//3940
f 1602//3941 1483//3941 1645//3941
f 1483//3942 1647//3942 1645//3942
f 1618//3943 1622//3944 1624//3945
f 1606//3946 1624//3946 1622//3946
f 1606//3947 1489//3947 1624//3947
f 1516//3948 1624//3949 1621//3950
f 1624//3951 1605//3952 1621//3953
f 1491//3954 1646//3955 1519//3956
f 1646//3957 1600//3958 1515//3959
f 1481//3960 1623//3960 1647//3960
f 1620//3961 1622//3961 1518//3961
f 1603//3962 1606//3962 1622//3962
f 1648//3963 1480//3964 1602//3965
f 1517//3966 1648//3963 1616//3967
f 1602//3968 1645//3968 1648//3968
f 1630//3969 1616//3970 1520//3971
f 1572//3972 1604//3973 1607//3974
f 1570//3975 1613//3976 1649//3977
f 1492//3978 1614//3873 1607//3979
f 1649//3980 1489//3981 1606//3982
f 1610//3983 1605//3984 1650//3985
f 1605//3986 1613//3987 1650//3988
f 1481//3989 1483//3989 1651//3989
f 1510//3990 1653//3991 1562//3992
f 1653//3993 1481//3937 1651//3994
f 1483//3995 1602//3995 1611//3995
f 1608//3996 1561//3997 1558//3998
f 1570//3999 1609//4000 1559//4001
f 1510//4002 1611//4003 1612//4004
f 1606//4005 1603//4005 1609//4005
f 1602//4006 1480//4006 1612//4006
f 1654//4007 1465//4008 1500//4009
f 1500//4010 1690//3869 1654//3868
f 1468//4011 1657//4012 1529//4013
f 1656//4014 1591//4014 1503//4014
f 1505//4015 1530//4016 1529//4017
f 1466//4018 1502//4018 1657//4018
f 1502//4019 1656//4019 1657//4019
f 1503//4020 1591//4020 1658//4020
f 1507//4021 1598//4022 1593//4023
f 1529//4024 1503//4024 1658//4024
f 1597//4025 1504//4026 1598//4027
f 1533//4028 1505//4029 1597//4030
f 1494//4031 1576//4032 1577//4033
f 1534//4034 1596//4034 1536//4034
f 1595//4035 1686//4035 1500//4035
f 1594//4036 1686//4036 1595//4036
f 1536//4037 1595//4037 1537//4037
f 1536//4038 1594//4038 1595//4038
f 1581//4039 1660//4040 1659//4041
f 1470//4042 1575//4042 1538//4042
f 1659//4043 1495//4044 1579//4045
f 1496//4046 1532//4047 1660//4040
f 1499//4048 1583//4049 1498//4050
f 1497//4051 1557//4052 1528//4053
f 1497//4054 1583//4054 1584//4054
f 1576//4055 1588//4056 1661//4057
f 1528//4058 1467//4058 1582//4058
f 1581//4059 1588//4060 1496//4061
f 1583//4062 1587//4063 1498//4064
f 1575//4065 1535//4065 1588//4065
f 1687//4066 1496//4066 1535//4066
f 1583//4067 1662//4068 1578//4069
f 1662//4070 1527//4071 1589//4072
f 1662//4073 1589//4073 1578//4073
f 1666//4074 1555//4075 1564//4076
f 1579//4077 1585//4077 1586//4077
f 1573//4078 1574//4078 1485//4078
f 1664//4079 1573//4079 1486//4079
f 1486//4080 1678//4080 1664//4080
f 1514//4081 1667//4082 1572//4083
f 1667//4084 1493//4085 1571//4086
f 1667//4087 1477//4088 1565//4089
f 1477//4090 1668//4091 1565//4092
f 1668//4093 1486//4094 1485//4095
f 1569//4096 1478//4097 1670//4098
f 1688//4099 1669//4099 1477//4099
f 1484//4100 1665//4100 1570//4100
f 1569//4101 1665//4101 1484//4101
f 1488//4102 1567//4103 1568//4104
f 1478//4105 1555//4105 1670//4105
f 1555//4106 1490//4106 1670//4106
f 1487//4107 1671//4108 1567//4109
f 1493//4110 1566//4110 1567//4110
f 1556//4111 1671//4111 1564//4111
f 1556//4112 1571//4112 1671//4112
f 1619//4113 1615//4113 1515//4113
f 1600//4114 1619//4114 1515//4114
f 1600//4115 1509//4115 1619//4115
f 1672//4116 1510//4117 1562//4118
f 1672//4119 1562//4119 1673//4119
f 1674//4120 1508//4121 1558//4122
f 1621//4123 1601//4124 1675//4125
f 1514//4126 1508//4126 1568//4126
f 1620//4127 1601//4128 1603//4129
f 1558//4130 1680//4131 1482//4132
f 1680//4133 1511//4134 1668//4135
f 1668//4136 1485//4136 1680//4136
f 1650//4137 1488//4138 1676//4139
f 1555//4140 1586//4141 1564//4142
f 1488//4143 1560//4143 1676//4143
f 1556//4144 1587//4145 1677//4146
f 1499//4147 1679//4147 1586//4147
f 1677//4148 1554//4148 1556//4148
f 1677//4149 1494//4150 1577//4151
f 1555//4152 1580//4153 1579//4154
f 1661//4155 1678//4155 1576//4155
f 1680//4156 1570//4157 1559//4158
f 1659//4159 1579//4159 1580//4159
f 1681//4160 1472//4161 1540//4162
f 1681//4163 1547//4163 1553//4163
f 1682//4164 1473//4165 1476//4166
f 1540//4167 1475//4167 1681//4167
f 1551//4168 1685//4169 1474//4170
f 1551//4171 1474//4171 1550//4171
f 1683//4172 1540//4173 1541//4174
f 1474//4175 1539//4175 1546//4175
f 1472//4176 1553//4176 1539//4176
f 1475//4177 1683//4177 1548//4177
f 1552//4178 1541//4179 1684//4180
f 1544//4181 1537//4182 1685//4183
f 1469//4184 1533//4184 1684//4184
f 1533//4185 1545//4185 1684//4185
f 1685//4186 1465//4187 1471//4188
f 1541//4189 1543//4190 1530//4191
f 1542//4192 1545//4193 1534//4194
f 1469//4195 1684//4195 1530//4195
f 1471//4196 1655//4196 1539//4196
f 1466//4197 1472//4197 1655//4197
f 1506//4198 1532//4047 1687//4199
f 1536//4200 1544//4200 1534//4200
f 1542//4201 1549//4201 1476//4201
f 1544//4202 1551//4202 1542//4202
f 1472//4203 1543//4203 1540//4203
f 1470//4204 1538//4204 1686//4204
f 1506//4205 1687//4205 1470//4205
f 1598//4206 1592//4207 1532//4208
f 1592//4209 1599//4210 1531//4211
f 1592//4212 1663//4212 1532//4212
f 1528//4213 1590//4214 1467//4215
f 1501//4216 1590//4216 1689//4216
f 1690//4217 1590//4217 1501//4217
f 1500//4218 1527//4218 1690//4218
f 1527//4219 1467//4219 1690//4219
f 1476//3823 1549//4220 1551//4221
f 1474//3821 1546//4222 1553//4223
f 1553//4223 1547//4224 1475//3822
f 1475//3822 1548//4225 1552//4226
f 1552//4226 1682//4227 1476//3823
f 1476//3823 1551//4221 1474//3821
f 1474//3821 1553//4223 1475//3822
f 1475//3822 1552//4226 1476//3823
f 1554//3824 1677//4228 1577//3825
f 1689//3830 1528//4229 1557//3831
f 1493//3833 1567//4230 1671//3834
f 1568//3836 1567//4231 1566//3837
f 1511//3839 1572//4232 1667//3840
f 1664//3842 1478//4233 1484//3843
f 1574//3847 1573//4234 1484//3848
f 1585//3850 1663//4235 1557//3851
f 1499//3853 1586//4236 1585//3854
f 1594//3856 1593//4237 1506//3857
f 1503//3863 1529//4238 1657//3864
f 1572//3872 1607//3979 1614//3873
f 1628//3879 1625//4239 1627//3880
f 1628//3882 1617//4240 1623//3883
f 1518//3886 1618//4241 1638//3887
f 1638//3889 1618//4242 1521//3890
f 1629//4243 1522//4243 1633//4243
f 1639//3892 1525//4244 1521//3893
f 1634//3896 1631//4245 1519//3897
f 1635//3901 1620//4246 1518//3902
f 1524//3905 1632//4247 1641//3906
f 1517//3908 1616//4248 1641//3909
f 1636//3911 1516//4249 1675//3912
f 1635//3914 1642//4250 1675//3915
f 1522//3917 1626//4251 1634//3918
f 1634//3920 1515//4252 1615//3921
f 1635//3924 1640//4253 1643//3925
f 1637//3928 1638//4254 1643//3929
f 1643//3931 1638//4255 1525//3932
f 1644//3934 1629//4256 1526//3935
f 1481//3937 1480//4257 1517//3938
f 1618//3943 1518//4258 1622//3944
f 1516//3948 1521//4259 1624//3949
f 1624//3951 1489//4260 1605//3952
f 1491//3954 1604//4261 1646//3955
f 1646//3957 1604//4262 1600//3958
f 1648//3963 1517//3966 1480//3964
f 1630//3969 1627//4263 1616//3970
f 1572//3972 1511//4264 1604//3973
f 1570//3975 1513//4265 1613//3976
f 1649//3980 1613//4266 1489//3981
f 1508//4267 1514//4267 1614//4267
f 1614//4268 1492//4268 1509//4268
f 1610//3983 1479//4269 1605//3984
f 1605//3986 1489//4270 1613//3987
f 1510//3990 1612//4271 1653//3991
f 1653//3993 1480//4257 1481//3937
f 1608//3996 1604//4272 1561//3997
f 1570//3999 1606//4273 1609//4000
f 1510//4002 1559//4274 1611//4003
f 1654//4007 1655//4275 1465//4008
f 1468//4011 1466//4276 1657//4012
f 1505//4015 1469//4277 1530//4016
f 1507//4021 1597//4278 1598//4022
f 1597//4025 1505//4279 1504//4026
f 1533//4028 1469//4280 1505//4029
f 1494//4031 1578//4281 1576//4032
f 1581//4039 1496//4046 1660//4040
f 1659//4043 1660//4282 1495//4044
f 1496//4046 1687//4199 1532//4047
f 1499//4048 1584//4283 1583//4049
f 1497//4051 1584//4284 1557//4052
f 1576//4055 1575//4285 1588//4056
f 1581//4059 1661//4286 1588//4060
f 1583//4062 1578//4287 1587//4063
f 1583//4067 1497//4288 1662//4068
f 1662//4070 1467//4289 1527//4071
f 1666//4074 1490//4290 1555//4075
f 1514//4081 1566//4291 1667//4082
f 1667//4084 1566//4292 1493//4085
f 1667//4087 1571//4293 1477//4088
f 1477//4090 1669//4294 1668//4091
f 1668//4093 1669//4295 1486//4094
f 1569//4096 1484//4296 1478//4097
f 1488//4102 1487//4297 1567//4103
f 1487//4107 1564//4298 1671//4108
f 1672//4116 1482//4299 1510//4117
f 1674//4120 1652//4300 1508//4121
f 1621//4123 1479//4301 1601//4124
f 1620//4127 1675//4302 1601//4128
f 1558//4130 1561//4303 1680//4131
f 1680//4133 1561//4304 1511//4134
f 1650//4137 1513//4305 1488//4138
f 1555//4140 1579//4306 1586//4141
f 1556//4144 1498//4307 1587//4145
f 1677//4149 1587//4308 1494//4150
f 1555//4152 1478//4309 1580//4153
f 1680//4156 1574//4310 1570//4157
f 1681//4160 1553//4311 1472//4161
f 1682//4164 1684//4312 1473//4165
f 1551//4168 1544//4313 1685//4169
f 1683//4172 1475//4314 1540//4173
f 1552//4178 1683//4315 1541//4179
f 1544//4181 1536//4316 1537//4182
f 1685//4186 1537//4317 1465//4187
f 1541//4189 1540//4318 1543//4190
f 1542//4192 1473//4319 1545//4193
f 1506//4198 1598//4320 1532//4047
f 1598//4206 1504//4321 1592//4207
f 1592//4209 1504//4322 1599//4210
f 1528//4213 1689//4323 1590//4214
usemtl Material.082
f 1706//4324 1703//4324 1704//4324
f 1693//4325 1691//4325 1694//4325
f 1705//4326 1703//4326 1706//4326
f 1692//4327 1694//4327 1691//4327
l 1701 1702
l 1696 1707
l 1697 1699
l 1707 1708
l 1512 1652
l 1695 1698
l 1704 1708
o Cylinder.013
v 2.064515 17.851139 -40.752735
v 1.993242 17.821226 -40.333382
v 1.925689 18.521559 -40.442497
v 1.739224 17.784609 -40.280884
v 1.539947 17.726645 -40.558578
v 1.805272 18.341156 -41.072411
v 2.128515 17.763790 -40.731365
v 2.032113 17.765203 -40.282444
v 1.558074 17.615316 -40.992859
v 2.244114 17.708284 -40.826908
v 1.720120 17.653170 -40.014454
v 1.510361 17.572081 -41.080482
v 1.854322 19.428919 -40.816578
v 1.445908 19.221651 -40.975727
v 0.492770 20.154486 -40.812420
v 1.237807 20.720037 -42.113091
v 1.256712 20.752462 -42.054424
v 1.750296 20.278540 -40.674107
v 1.137253 20.730406 -41.934006
v 1.440022 19.701134 -40.899448
v 1.617912 19.800396 -40.949936
v 1.687989 19.405025 -41.038994
v 1.587280 19.439526 -40.342148
v 1.540230 19.824120 -40.331512
v 0.467483 20.013403 -40.890446
v 1.385731 19.347889 -40.616440
v 2.680267 20.308596 -40.426231
v 2.762855 20.317188 -40.235790
v 1.804668 19.487867 -40.459187
v 1.917313 18.975336 -40.840443
v 1.449186 18.665611 -40.613674
v 1.519513 18.620955 -40.980358
v 1.877693 18.748466 -40.449120
v 1.868386 18.914225 -40.472935
v 1.594356 18.913738 -40.380005
v 2.024373 18.272280 -40.759033
v 1.940884 18.184870 -40.399303
v 1.984944 18.010973 -40.386612
v 1.704035 18.020113 -40.282280
v 1.499286 18.132725 -40.590176
v 1.519149 17.877224 -40.572063
v 1.569680 18.168344 -40.948299
v 1.602310 17.975073 -40.920097
v 1.778014 20.237812 -40.345318
v 2.677186 20.401001 -40.187630
v 1.575404 20.274652 -40.964436
v 1.842281 19.958067 -40.725121
v 1.719378 20.379322 -40.303207
v 1.332679 19.887667 -40.545460
v 1.809347 19.921820 -40.429646
v 3.079665 20.622496 -40.290920
v 0.037789 20.286253 -40.950932
v 1.083779 20.962908 -42.625381
v 0.036551 20.232531 -41.207607
v 3.099598 20.534391 -40.344181
v 0.923257 20.999039 -42.630192
v 0.014673 20.180269 -41.009727
v 3.279758 20.661560 -40.056248
v -0.207390 20.273708 -41.014641
v 0.985235 21.047070 -42.958626
v -0.189845 20.155067 -41.073521
v 3.298178 20.554846 -40.083397
v 1.972151 18.469255 -40.809185
v 1.780683 18.508215 -40.324909
v 1.698584 17.909632 -40.265808
v 1.612479 17.765507 -40.378712
v 1.544117 18.425808 -40.438713
v 1.498409 18.379194 -40.817822
v 1.601708 17.756741 -40.924335
v 1.734982 17.765657 -41.005997
v 1.667588 18.556198 -41.057365
v 1.869741 17.780550 -41.021072
v 1.984432 17.810781 -40.921326
v 1.880588 18.558407 -40.978100
v 2.188079 17.727154 -40.446560
v 1.763098 17.712122 -40.152542
v 1.563409 17.669523 -40.335526
v 1.760043 17.657791 -41.108765
v 1.714081 17.757866 -40.234035
v 1.906627 17.714418 -41.083721
v 1.594720 17.698456 -40.996540
v 2.233255 17.692797 -40.471657
v 1.931418 17.657114 -40.048092
v 1.542328 17.597374 -40.187000
v 1.729005 17.574795 -41.225079
v 2.147292 17.683174 -41.061821
v 1.963808 17.628933 -41.217709
v 1.414587 17.569769 -40.480331
v 2.128322 17.732969 -40.198044
v 1.858677 19.325520 -40.675484
v 1.392551 19.140081 -40.665218
v 1.824903 19.078053 -40.488216
v 1.642498 18.581661 -40.330929
v 1.808971 20.210581 -40.651573
v 1.350894 20.245451 -40.861889
v 1.556463 19.989147 -40.322781
v 1.846209 20.088856 -40.712543
v 1.574998 20.420265 -40.926628
v 1.477505 20.436405 -40.848042
v 1.588249 19.158762 -40.404396
v 1.815403 19.734341 -40.771095
v 1.765760 19.697424 -40.427071
v 1.687817 19.483580 -40.375500
v 1.694943 19.828432 -40.406876
v 1.418962 19.477953 -40.751823
v 1.352216 19.919346 -40.871151
v 1.812674 19.297518 -40.501747
v 1.843974 19.937746 -40.540333
v 1.542611 19.683670 -40.984055
v 1.532200 19.886887 -40.897949
v 1.762962 18.598101 -41.106804
v 1.742145 19.001909 -41.088089
v 1.874564 19.112816 -40.879974
v 1.933729 18.818411 -40.815865
v 1.414829 18.965969 -40.615837
v 1.455881 19.010744 -40.973156
v 1.495103 18.806339 -40.971806
v 1.893876 18.627174 -40.415596
v 1.871832 18.852230 -40.446617
v 1.617407 18.737204 -40.335278
v 1.519449 18.706409 -40.455276
v 1.482237 18.946543 -40.500332
v 1.920607 18.967543 -40.658741
v 1.630205 18.684425 -41.072651
v 1.957577 18.710443 -40.817081
v 1.940167 18.418083 -40.402206
v 1.666305 18.198799 -40.295235
v 1.495511 18.319647 -40.612396
v 1.575711 18.081482 -40.950314
v 1.845277 18.062119 -41.048267
v 1.969247 17.966686 -40.955143
v 1.711875 17.920044 -40.997456
v 1.533044 17.964453 -40.738415
v 1.519738 18.098648 -40.773502
v 1.588815 18.208397 -40.449093
v 2.642070 20.405552 -40.410934
v 0.484707 20.172689 -40.955963
v 1.113472 20.664845 -42.040157
v 0.516099 20.162226 -41.026939
v 2.376634 20.207329 -40.537457
v 0.463210 20.068884 -40.816750
v 0.521105 20.071625 -41.081051
v 2.684693 20.284485 -40.367504
v 2.261498 20.300961 -40.504482
v 1.008259 20.211550 -40.908085
v 0.898911 20.096874 -40.679363
v 1.257241 20.485538 -41.464359
v 1.368989 20.533419 -41.618568
v 0.924511 19.954081 -40.737877
v 2.241682 20.103928 -40.350700
v 3.051945 20.627375 -40.192165
v 0.975363 20.914989 -42.568516
v 0.979481 21.035452 -42.661171
v 0.065317 20.157045 -41.108727
v 2.812488 20.472549 -40.171467
v 0.192295 20.289627 -41.117226
v 0.224141 20.211239 -40.875195
v 0.244123 20.166676 -41.159607
v 1.018613 21.056707 -42.778606
v 0.196776 20.108732 -40.955208
v 0.926920 21.049053 -42.964199
v 3.299308 20.680458 -40.221733
v 0.860470 21.027689 -42.921715
v 0.919474 21.069786 -42.917740
v 3.284562 20.605507 -40.039848
v 0.872981 21.031700 -42.860928
v 3.322354 20.588207 -40.267456
v 1.019212 21.037498 -42.871437
v 3.197813 20.650476 -40.065853
v 3.217893 20.677439 -40.229061
v -0.157384 20.316298 -41.187565
v -0.086370 20.290768 -40.963879
v -0.167922 20.198666 -41.266239
v -0.191686 20.160112 -41.203232
v -0.087255 20.208921 -40.991482
v -0.176158 20.249939 -41.252419
v 0.951086 20.993937 -42.848232
v -0.170055 20.280689 -41.081276
v -0.196289 20.226875 -41.159401
v 3.336796 20.618565 -40.143055
v 1.018381 20.832762 -42.320107
v 3.051610 20.576216 -40.345074
v 1.096359 20.863194 -42.261799
v 1.096372 20.828045 -42.366264
v 0.917633 19.994179 -40.833797
v 1.327743 19.993132 -40.509506
v 1.397051 20.568203 -41.414696
v 1.736075 20.297562 -40.326584
v 1.420310 20.521915 -41.495602
v 2.009385 18.149540 -40.643280
v 2.056952 17.822174 -40.540092
v 1.822885 18.065836 -40.310802
v 1.854794 17.936523 -40.312298
v 1.570006 18.046644 -40.432442
v 1.425742 18.869904 -40.789936
v 1.464004 18.604473 -40.799503
v 1.597060 18.841639 -41.042747
v 1.949948 18.716545 -40.655907
v 1.445325 18.517719 -40.590572
v 1.574966 19.343346 -41.018597
v 1.372597 19.700054 -40.538868
v 1.471770 19.328669 -40.487549
v 1.803479 19.715359 -40.611404
v 1.737661 19.769289 -40.878090
v 1.785621 19.392637 -40.965702
v 1.398462 19.284515 -40.799538
v 1.713599 19.288216 -40.427612
v 1.665195 20.414871 -40.724056
v 1.561178 20.527636 -40.789848
v 1.731235 20.270651 -40.535545
v 0.071887 20.298859 -41.099903
v 1.445185 20.124063 -40.378349
v 1.869542 19.069813 -40.670631
v 1.578226 19.058977 -41.085495
v 1.633473 18.997410 -40.376118
v 1.630375 20.062168 -40.903053
v 1.919072 17.728136 -40.090981
v 1.423082 17.558493 -40.812569
v 1.540410 17.639359 -40.221027
v 1.467021 17.621801 -40.505024
v 2.021868 17.740917 -40.935837
v 1.934171 18.295996 -40.918098
v 1.564026 18.308388 -40.996620
v 1.817289 19.116657 -40.988914
v 1.811995 18.373211 -40.313343
v 1.980808 18.375868 -40.638168
v 0.835472 19.868048 -39.518692
v 0.986889 19.925209 -39.682796
v 0.661028 19.899260 -39.078262
v 0.925566 19.906263 -39.292271
v 1.711964 20.688814 -40.972031
v 1.745264 20.089136 -40.101696
v 1.867414 20.231903 -40.235901
v 1.959005 20.523151 -40.811916
v 1.899846 20.382187 -40.195488
v 0.930873 20.010164 -40.222637
v 1.292473 19.894499 -40.197483
v 1.234196 19.898188 -40.237854
v 1.989465 19.993198 -39.143085
v 2.127426 20.024832 -39.464188
v 2.255075 20.036049 -38.765537
v 2.174658 19.949785 -39.262047
v 1.750003 20.022211 -39.718987
v 1.930577 20.032246 -39.668388
vn 0.9729 0.1883 0.1339
vn -0.2835 -0.1149 -0.9521
vn 0.8936 0.0816 -0.4414
vn -0.1728 0.8230 -0.5411
vn -0.1326 0.6674 -0.7328
vn 0.4556 0.8589 0.2338
vn -0.7892 0.5373 0.2975
vn -0.8950 0.2555 0.3657
vn 0.6470 0.7499 0.1380
vn 0.1238 0.5287 0.8398
vn -0.3530 -0.3428 -0.8705
vn -0.9846 0.1325 -0.1143
vn -0.9745 -0.2101 -0.0789
vn 0.8486 0.4389 0.2954
vn -0.5308 -0.2512 -0.8094
vn 0.3908 0.2933 0.8725
vn 0.7513 0.2614 -0.6060
vn 0.9189 0.0818 -0.3858
vn -0.9533 -0.0593 -0.2960
vn -0.8426 -0.1686 0.5115
vn -0.8692 0.1496 0.4713
vn 0.1091 0.0121 0.9940
vn 0.7970 0.5938 -0.1106
vn 0.3565 0.8913 0.2801
vn -0.6159 0.5999 0.5106
vn 0.7393 0.6537 0.1620
vn -0.6362 0.7184 -0.2812
vn 0.0140 -0.9020 -0.4316
vn -0.1098 -0.3166 0.9422
vn -0.0149 0.7639 -0.6451
vn -0.4423 0.8696 0.2195
vn -0.4429 0.8692 0.2198
vn -0.4425 0.8695 0.2196
vn -0.1476 -0.9551 -0.2568
vn -0.1480 0.9888 0.0206
vn 0.6168 0.7716 -0.1557
vn 0.8616 0.2092 0.4625
vn -0.8375 -0.5452 -0.0354
vn 0.1084 -0.4096 0.9058
vn -0.2220 0.0273 0.9747
vn -0.2973 0.8420 0.4502
vn 0.1826 0.9190 0.3495
vn 0.3986 0.4445 -0.8022
vn 0.4135 -0.8309 -0.3723
vn 0.2973 0.9384 0.1761
vn 0.8150 -0.4367 -0.3810
vn 0.0996 0.4372 -0.8938
vn -0.0009 -0.9548 -0.2971
vn 0.9400 0.2547 0.2270
vn 0.9482 0.1236 0.2928
vn 0.4664 0.1814 0.8658
vn 0.5820 0.0273 0.8127
vn -0.9203 -0.0440 0.3886
vn -0.8794 0.1488 0.4522
vn -0.5608 -0.2764 0.7805
vn -0.3424 -0.0145 -0.9394
vn -0.6515 -0.3535 -0.6713
vn -0.5207 -0.0307 -0.8532
vn -0.5708 0.0175 -0.8209
vn 0.7743 0.0565 -0.6303
vn 0.9037 -0.0048 -0.4281
vn 0.8591 0.1951 -0.4731
vn 0.8156 0.0687 -0.5745
vn 0.8869 0.0385 -0.4604
vn -0.9382 -0.1820 -0.2942
vn -0.9798 -0.1379 -0.1448
vn -0.3871 -0.1847 -0.9033
vn 0.9332 0.2060 0.2944
vn 0.9333 0.2059 0.2943
vn 0.9332 0.2061 0.2944
vn -0.8997 -0.0999 0.4248
vn -0.9187 0.0842 0.3858
vn -0.8042 0.1028 0.5854
vn 0.0791 0.2324 -0.9694
vn -0.4712 0.1969 -0.8598
vn -0.7308 -0.1320 0.6697
vn -0.8326 -0.1486 0.5336
vn -0.7381 -0.1050 0.6664
vn -0.7399 -0.1084 0.6639
vn -0.7384 -0.1056 0.6660
vn 0.9615 0.0700 0.2659
vn 0.8122 0.0222 -0.5829
vn 0.6057 0.1355 -0.7840
vn -0.9740 0.0135 -0.2261
vn -0.3635 0.7146 -0.5977
vn 0.7265 0.6731 0.1383
vn 0.4382 -0.0904 0.8943
vn 0.3155 0.9367 0.1515
vn 0.0277 0.1245 -0.9918
vn -0.6177 -0.2030 -0.7598
vn 0.4012 0.2660 0.8765
vn 0.3156 -0.1907 0.9295
vn 0.4324 0.1968 0.8800
vn -0.3702 0.1808 -0.9112
vn -0.7137 0.6992 -0.0420
vn 0.2540 0.9376 -0.2374
vn 0.4471 0.8942 0.0215
vn -0.3674 0.8788 0.3045
vn 0.7886 0.6049 0.1104
vn -0.3895 0.7347 -0.5554
vn -0.3397 0.9036 -0.2609
vn 0.0910 0.7038 0.7046
vn -0.0257 0.8741 0.4851
vn 0.8716 0.1094 -0.4779
vn 0.8776 0.1477 -0.4562
vn 0.8699 -0.1692 -0.4633
vn -0.8798 -0.2014 0.4305
vn -0.7493 0.0151 0.6621
vn -0.8737 -0.2662 0.4072
vn 0.6743 0.1779 -0.7167
vn -0.9039 0.3907 -0.1739
vn 0.1120 -0.9923 0.0524
vn 0.1902 -0.9817 -0.0127
vn 0.1892 -0.9792 0.0729
vn 0.9983 0.0557 0.0196
vn 0.9985 0.0486 0.0270
vn 0.9980 0.0611 0.0140
vn -0.6671 -0.0406 -0.7439
vn -0.6263 -0.0391 0.7786
vn 0.8539 0.0720 -0.5154
vn 0.0095 0.0917 0.9957
vn 0.0084 0.0908 0.9958
vn 0.0117 0.0935 0.9955
vn 0.5881 -0.1423 0.7962
vn 0.5925 -0.1449 0.7924
vn 0.6013 -0.1502 0.7848
vn 0.2731 -0.0007 0.9620
vn 0.3523 0.0463 0.9348
vn 0.2198 -0.0315 0.9750
vn 0.9875 -0.1575 0.0008
vn 0.9890 -0.1458 0.0264
vn 0.9897 -0.1309 0.0583
vn -0.4649 0.1169 -0.8776
vn -0.5783 0.0530 -0.8141
vn -0.6343 0.0181 -0.7729
vn -0.7131 -0.1541 0.6839
vn -0.7402 -0.1089 0.6635
vn -0.3170 0.1649 -0.9340
vn -0.4068 0.2091 -0.8893
vn -0.1337 0.0743 -0.9882
vn -0.7667 -0.1294 0.6288
vn -0.7645 -0.1234 0.6327
vn -0.7572 -0.1041 0.6448
vn -0.7491 0.0304 0.6618
vn -0.7587 0.0380 0.6503
vn -0.7804 0.0559 0.6227
vn -0.3764 -0.1108 -0.9198
vn -0.3597 -0.0569 -0.9313
vn -0.3832 -0.1340 -0.9139
vn 0.9947 0.1019 -0.0137
vn -0.5419 -0.1095 -0.8333
vn -0.9964 0.0129 -0.0837
vn -0.2450 -0.1143 -0.9628
vn 0.2458 0.0971 0.9644
vn 0.2360 0.0777 0.9687
vn 0.2177 0.0424 0.9751
vn -0.9345 0.0095 -0.3557
vn 0.9585 0.2025 0.2006
vn 0.9618 0.1159 0.2481
vn 0.9619 0.1158 0.2477
vn 0.9606 0.1156 0.2530
vn 0.2957 0.0826 -0.9517
vn 0.3888 -0.9213 -0.0080
vn 0.3755 -0.9267 0.0147
vn 0.3898 -0.9208 -0.0106
vn -0.4462 -0.3074 0.8405
vn -0.1723 -0.9845 -0.0321
vn -0.2179 -0.9372 -0.2725
vn -0.3725 -0.9276 0.0270
vn -0.5471 0.7923 -0.2703
vn -0.5760 0.8142 -0.0727
vn -0.5825 0.8101 0.0664
vn 0.1714 0.9848 -0.0295
vn -0.0022 0.9955 0.0951
vn 0.2682 0.9581 -0.1010
vn -0.3332 -0.2981 0.8945
vn 0.2297 -0.7606 -0.6072
vn 0.2562 -0.8366 -0.4843
vn 0.2658 -0.8637 -0.4282
vn 0.0807 -0.9966 0.0178
vn -0.0412 -0.9883 0.1469
vn 0.1346 -0.9901 -0.0404
vn -0.0744 -0.7104 0.6998
vn -0.0110 -0.5646 0.8253
vn 0.0190 -0.4882 0.8725
vn -0.3986 -0.4543 0.7967
vn 0.1868 0.5175 -0.8350
vn 0.3059 0.4305 -0.8492
vn 0.3555 0.3898 -0.8496
vn 0.0630 0.4558 -0.8879
vn -0.4431 0.8691 0.2199
vn 0.2053 0.6503 -0.7314
vn 0.1995 0.6395 -0.7425
vn 0.2069 0.6533 -0.7283
vn 0.2199 0.2866 -0.9325
vn 0.2114 -0.9047 -0.3700
vn 0.2733 -0.8971 -0.3472
vn 0.0105 -0.9023 -0.4310
vn 0.2965 -0.9058 -0.3027
vn 0.3630 -0.8687 -0.3371
vn 0.4117 -0.8365 -0.3616
vn -0.0513 0.9987 -0.0002
vn -0.0153 0.9990 0.0416
vn -0.0772 0.9965 -0.0305
vn -0.0378 0.9565 0.2891
vn 0.0636 0.9975 0.0321
vn 0.0763 0.9971 -0.0012
vn -0.1100 0.9854 0.1299
vn -0.0862 0.9888 0.1217
vn -0.1491 0.9784 0.1433
vn -0.2768 0.9593 0.0566
vn -0.2952 0.9549 -0.0322
vn -0.2607 0.9571 0.1260
vn 0.8810 0.4644 -0.0904
vn -0.9208 0.3881 -0.0396
vn -0.9207 0.3885 -0.0384
vn -0.9135 0.4060 0.0271
vn 0.0691 0.9151 -0.3973
vn -0.9661 0.0053 -0.2579
vn -0.9640 0.0312 -0.2642
vn -0.9681 -0.0928 -0.2325
vn -0.9948 -0.1017 -0.0104
vn -0.9939 -0.1089 -0.0165
vn -0.9910 -0.1296 -0.0341
vn 0.8973 -0.4217 0.1304
vn 0.9139 -0.2696 0.3036
vn 0.8641 -0.5028 0.0224
vn 0.9579 0.0040 -0.2870
vn 0.8943 0.4335 -0.1111
vn 0.8886 0.4466 -0.1045
vn 0.9273 0.3242 -0.1868
vn -0.9583 -0.0910 0.2709
vn -0.5644 0.7382 0.3695
vn -0.0888 -0.8740 -0.4777
vn -0.0557 -0.9269 -0.3711
vn -0.0275 -0.9600 -0.2785
vn -0.2273 -0.9218 -0.3140
vn -0.2375 -0.9083 -0.3443
vn -0.4273 -0.4022 0.8097
vn -0.4626 -0.4330 0.7736
vn -0.4861 -0.4534 0.7471
vn -0.4541 -0.5183 0.7247
vn -0.4098 -0.6975 0.5879
vn -0.4619 -0.4658 0.7547
vn 0.4100 -0.3087 -0.8583
vn 0.1454 0.0968 -0.9846
vn 0.1260 0.1236 -0.9843
vn -0.2394 0.7915 -0.5624
vn -0.1719 0.6855 -0.7075
vn -0.2425 0.7960 -0.5546
vn 0.2360 0.9212 0.3094
vn 0.3305 0.4291 -0.8406
vn 0.3891 0.4881 -0.7813
vn 0.1538 -0.8721 -0.4645
vn 0.1339 -0.8823 -0.4512
vn 0.1290 -0.8841 -0.4492
vn 0.1469 -0.8767 -0.4580
vn 0.1442 -0.8749 -0.4624
vn -0.2975 -0.8599 -0.4148
vn -0.9300 -0.3062 0.2034
vn -0.8906 -0.4330 0.1390
vn -0.8823 -0.4529 0.1281
vn 0.4485 -0.8848 -0.1261
vn 0.4221 -0.8302 -0.3642
vn 0.4184 -0.8226 -0.3850
vn -0.1216 -0.9835 -0.1338
vn -0.1696 -0.9389 -0.2994
vn -0.1884 -0.9108 -0.3672
vn 0.3776 -0.9259 0.0058
vn 0.3807 -0.9247 0.0081
vn 0.0071 -0.9285 -0.3712
vn -0.0025 -0.9529 -0.3032
vn -0.0039 -0.9561 -0.2931
vn -0.3060 0.2329 0.9231
vn -0.3043 0.0757 0.9496
vn -0.3059 0.2428 0.9206
vn -0.2889 -0.7675 0.5723
vn -0.2874 -0.7238 0.6273
vn -0.2873 -0.7211 0.6305
vn 0.0833 0.9623 0.2589
vn 0.9647 0.0498 -0.2585
vn 0.8874 -0.2604 -0.3803
vn 0.9658 0.0677 -0.2505
vn 0.8717 0.4870 -0.0543
vn 0.8608 0.5072 -0.0427
vn -0.9718 -0.0268 0.2343
vn 0.1687 0.5019 -0.8483
vn 0.1795 0.4870 -0.8548
vn 0.1815 0.4842 -0.8559
vn 0.1805 0.0886 -0.9796
vn 0.2428 0.1650 -0.9559
vn 0.1308 0.0287 -0.9910
vn -0.0513 -0.9314 -0.3602
vn -0.0695 -0.9342 -0.3499
vn -0.0765 -0.9352 -0.3458
vn 0.1526 0.5130 -0.8447
vn 0.1743 -0.9051 -0.3878
vn 0.9752 0.1096 0.1924
vn 0.9848 0.1498 0.0877
vn 0.9692 0.0958 0.2270
vn 0.9620 0.1159 0.2474
vn 0.2532 0.0075 0.9674
vn 0.2219 0.0327 0.9745
vn 0.2886 -0.0216 0.9572
vn 0.1913 0.1111 0.9752
vn -0.9013 -0.0034 0.4331
vn -0.8838 0.0639 0.4635
vn -0.8614 0.1300 0.4909
vn 0.3583 0.2667 0.8947
vn 0.4493 0.1006 0.8877
vn -0.7511 -0.1114 0.6507
vn -0.9184 -0.2523 -0.3046
vn -0.9180 -0.2302 -0.3230
vn -0.9166 -0.3032 -0.2607
vn -0.7270 0.1362 0.6730
vn -0.9887 -0.0986 -0.1132
vn -0.9888 -0.1037 -0.1075
vn -0.9888 -0.1210 -0.0878
vn -0.9718 -0.1600 -0.1730
vn -0.9720 -0.1584 -0.1736
vn -0.9709 -0.1690 -0.1697
vn 0.8176 0.0303 -0.5750
vn 0.8179 0.0482 -0.5733
vn 0.8176 0.0907 -0.5686
vn -0.1152 0.0377 -0.9926
vn 0.8698 0.1457 -0.4715
vn 0.6662 0.1531 -0.7299
vn 0.6674 -0.0952 -0.7386
vn 0.5869 -0.0272 -0.8092
vn -0.9431 -0.1195 -0.3102
vn -0.9451 -0.1185 -0.3044
vn -0.9408 -0.1243 -0.3154
vn 0.7428 0.0328 -0.6687
vn -0.9925 -0.1219 -0.0093
vn -0.9909 -0.1327 -0.0221
vn -0.9935 -0.1136 0.0004
vn -0.9467 -0.1153 -0.3008
vn -0.9434 -0.1279 -0.3059
vn 0.2831 0.2859 0.9155
vn 0.2919 0.3553 0.8880
vn 0.2955 0.3872 0.8734
vn 0.2806 0.2592 0.9242
vn 0.3021 0.2296 0.9252
vn 0.1716 0.3969 0.9017
vn 0.4007 0.0005 0.9162
vn -0.3087 0.0627 -0.9491
vn -0.2766 0.0509 -0.9596
vn -0.3886 0.0924 -0.9167
vn 0.6303 -0.0079 0.7763
vn -0.6019 -0.0065 -0.7985
vn -0.6061 -0.0138 -0.7953
vn -0.6239 -0.0462 -0.7801
vn 0.9673 0.0486 0.2488
vn 0.9795 -0.0618 0.1916
vn 0.9309 0.1854 0.3148
vn -0.3728 -0.2162 -0.9024
vn -0.4684 -0.0208 -0.8833
vn 0.9543 0.1608 0.2519
vn 0.9432 0.2882 0.1652
vn 0.9308 0.3438 0.1245
vn 0.9955 0.0351 0.0876
vn 0.9949 0.0298 0.0960
vn 0.9971 0.0617 0.0449
vn 0.9758 0.2151 0.0380
vn -0.7965 -0.2023 0.5698
vn -0.7988 -0.1993 0.5677
vn -0.7690 -0.2365 0.5939
vn -0.8659 -0.0407 0.4985
vn -0.1717 0.3769 -0.9102
vn -0.2181 0.0780 -0.9728
vn -0.2865 0.2163 -0.9334
vn 0.9467 -0.2276 0.2280
vn 0.9583 -0.2037 0.2004
vn 0.9334 -0.2517 0.2558
vn 0.9776 0.1204 0.1724
vn 0.9954 0.0568 0.0772
vn 0.9986 0.0328 0.0412
vn 0.9890 0.0933 0.1148
vn 0.9872 0.0739 0.1415
vn 0.9897 0.1131 0.0873
vn 0.8586 0.2097 -0.4679
vn 0.8371 0.1945 -0.5114
vn 0.8228 0.1849 -0.5374
vn 0.5568 0.2709 -0.7852
vn 0.5892 0.2579 -0.7657
vn 0.5462 0.2750 -0.7912
vn -0.9856 0.0400 -0.1644
vn -0.9690 0.0967 -0.2273
vn -0.9329 0.1763 -0.3141
vn 0.8862 0.1389 -0.4420
vn -0.9213 -0.3482 -0.1733
vn -0.9825 -0.0289 -0.1838
vn 0.4072 0.0587 0.9115
vn 0.3456 0.0286 0.9380
vn 0.4351 0.0727 0.8974
vn -0.9667 -0.1521 -0.2061
vn -0.9978 -0.0179 -0.0632
vn 0.3794 -0.1942 0.9046
vn 0.3766 -0.1969 0.9052
vn 0.3833 -0.1905 0.9038
vn 0.5826 -0.0164 0.8126
vn 0.2960 -0.1166 0.9480
vn 0.5921 0.0824 0.8016
vn -0.5445 0.8162 -0.1932
vn -0.4603 0.8841 0.0802
vn -0.4741 0.8756 0.0924
vn 0.8423 0.2652 -0.4693
vn 0.8761 0.1949 -0.4410
vn 0.9094 0.1069 -0.4021
vn 0.7819 0.5263 -0.3341
vn 0.6470 0.7620 -0.0276
vn 0.7520 0.6552 -0.0718
vn 0.6019 0.7985 -0.0102
vn 0.2067 0.9554 0.2108
vn 0.1875 0.9721 0.1410
vn 0.2112 0.9506 0.2276
vn 0.3519 -0.2086 0.9125
vn 0.1445 0.9070 0.3956
vn 0.3475 0.9364 0.0489
vn 0.3607 0.9324 0.0221
vn 0.6040 0.4205 -0.6771
vn 0.5895 0.4393 -0.6779
vn 0.6570 0.3451 -0.6703
vn 0.6771 0.1453 -0.7214
vn 0.6722 0.1192 -0.7307
vn 0.6845 0.1908 -0.7036
vn 0.5340 0.1243 -0.8363
vn -0.7118 -0.1797 0.6790
vn -0.7036 -0.1541 0.6936
vn -0.6864 -0.1051 0.7196
vn -0.8211 0.0985 0.5622
vn -0.8214 0.0981 0.5619
vn -0.7974 0.1321 0.5888
vn -0.4497 -0.0030 0.8932
vn 0.8960 0.3458 0.2787
vn 0.8929 0.3635 0.2655
vn 0.8689 0.4562 0.1920
vn -0.6638 0.2781 0.6943
vn 0.9708 0.0457 0.2355
vn 0.9207 0.3880 0.0431
vn 0.9277 0.3691 0.0556
vn 0.9437 0.3188 0.0881
vn -0.9811 -0.1215 -0.1508
vn -0.9823 -0.0893 -0.1645
vn -0.9777 -0.1627 -0.1327
vn -0.0848 -0.1994 -0.9762
vn -0.1320 0.0359 -0.9906
vn -0.1313 0.0344 -0.9907
vn -0.1279 0.0276 -0.9914
vn -0.9916 0.0765 -0.1043
vn -0.0913 0.9863 0.1370
vn 0.0447 0.9755 0.2153
vn -0.1429 0.9840 0.1061
vn 0.3778 0.5259 0.7621
vn -0.5060 0.8556 -0.1092
vn -0.5190 0.8461 -0.1219
vn -0.5257 0.8409 -0.1286
vn -0.2221 0.9198 0.3235
vn 0.3248 0.8541 -0.4062
vn 0.3246 0.8542 -0.4062
vn 0.3245 0.8542 -0.4062
vn -0.3005 0.9535 0.0219
vn -0.3584 0.9129 0.1955
vn -0.3681 0.8973 0.2435
vn -0.3532 0.9197 0.1713
vn 0.6230 0.7804 0.0531
vn 0.2815 0.9585 0.0452
vn -0.6939 0.4340 0.5746
vn -0.6410 0.7548 0.1388
vn -0.6180 0.7801 0.0977
vn -0.6547 0.7378 0.1646
vn 0.4324 0.6693 -0.6043
vn 0.5707 0.5566 -0.6037
vn 0.6521 0.4725 -0.5928
vn -0.8397 0.5341 -0.0978
vn -0.9214 0.3411 -0.1862
vn 0.7471 0.4780 -0.4618
vn 0.7612 0.4619 -0.4553
vn 0.7688 0.4528 -0.4516
vn -0.6653 0.5267 0.5292
vn -0.6649 0.4428 0.6016
vn -0.6628 0.5616 0.4952
vn -0.3956 0.5064 -0.7662
vn -0.4800 0.3118 -0.8200
vn -0.3391 0.6064 -0.7192
vn -0.7645 0.6207 0.1742
vn 0.5967 0.8022 -0.0216
vn 0.6977 0.6824 0.2181
vn -0.9427 -0.1279 -0.3083
vn -0.9481 -0.1271 -0.2916
vn -0.1548 0.6326 -0.7589
vn -0.3324 0.8074 -0.4874
vn -0.2026 0.7840 -0.5867
vn 0.0505 0.8836 0.4656
vn 0.7690 0.0109 -0.6392
vn -0.2430 -0.3251 -0.9139
vn -0.9957 -0.0551 -0.0742
vn -0.9961 -0.0659 -0.0594
vn -0.9959 -0.0817 -0.0377
vn -0.8918 -0.1001 0.4413
vn -0.8873 -0.0764 0.4549
vn -0.9034 -0.2037 0.3773
vn -0.9682 -0.2363 -0.0821
vn 0.5352 0.2570 0.8047
vn 0.5488 0.3030 0.7791
vn 0.5654 0.3668 0.7388
vn 0.5669 0.0120 0.8237
vn 0.9856 0.0051 0.1688
vn 0.9544 0.2796 0.1044
vn 0.9648 0.2484 0.0868
vn 0.2060 -0.9334 0.2939
vn 0.1569 -0.9813 0.1118
vn -0.4742 -0.8789 -0.0528
vn 0.1339 -0.9908 0.0194
vn -0.0667 -0.8523 -0.5187
vn 0.3587 -0.9309 -0.0686
vn 0.2344 -0.9719 0.0238
vn 0.2712 -0.9617 0.0396
vn 0.9985 0.0431 0.0328
vn 0.0022 0.0859 0.9963
vn 0.5801 -0.1376 0.8029
vn 0.3992 0.0749 0.9138
vn 0.9850 -0.1705 -0.0278
vn -0.4262 0.1370 -0.8942
vn -0.5781 0.2930 -0.7615
vn -0.7712 -0.1420 0.6206
vn -0.7295 0.0153 0.6839
vn -0.3416 -0.0019 -0.9398
vn 0.2623 0.1296 0.9562
vn -0.5090 0.7528 -0.4175
vn -0.0819 0.9851 0.1510
vn 0.2234 -0.7423 -0.6317
vn -0.0809 -0.9788 0.1882
vn -0.1477 0.2661 0.9526
vn -0.1026 -0.7678 0.6324
vn 0.1553 0.5382 -0.8284
vn 0.1984 0.6374 -0.7445
vn 0.4520 -0.8504 -0.2695
vn 0.2596 -0.9233 -0.2831
vn 0.0268 0.9955 0.0904
vn -0.0472 0.9488 0.3122
vn -0.0466 0.9931 0.1079
vn -0.3135 0.9400 -0.1344
vn -0.9236 0.3676 -0.1087
vn -0.9510 0.1212 -0.2845
vn -0.9970 -0.0761 0.0112
vn 0.8909 -0.1336 0.4340
vn 0.9558 -0.0278 -0.2927
vn -0.1216 -0.8057 -0.5797
vn -0.3984 -0.3770 0.8362
vn -0.3916 -0.7459 0.5388
vn 0.4188 -0.3238 -0.8484
vn -0.1694 0.6814 -0.7120
vn -0.9335 -0.2897 0.2112
vn 0.4497 -0.8874 -0.1017
vn -0.1123 -0.9883 -0.1029
vn 0.0092 -0.9224 -0.3862
vn -0.0648 -0.2633 0.9625
vn 0.0090 -0.4913 0.8710
vn -0.3036 0.0567 0.9511
vn -0.2889 -0.7728 0.5651
vn 0.8720 -0.2939 -0.3914
vn 0.1672 0.5040 -0.8474
vn 0.2748 0.2047 -0.9395
vn -0.0451 -0.9304 -0.3638
vn 0.9853 0.1611 0.0570
vn 0.1945 0.0545 0.9794
vn -0.9165 -0.0917 0.3894
vn -0.9147 -0.1847 -0.3595
vn -0.9881 -0.0859 -0.1276
vn -0.9728 -0.1502 -0.1766
vn 0.8161 -0.0051 -0.5778
vn -0.9894 -0.1415 -0.0324
vn 0.2809 0.2700 0.9210
vn 0.3959 0.0894 0.9139
vn -0.2286 0.0333 -0.9729
vn -0.5785 0.0331 -0.8150
vn 0.9802 -0.0961 0.1731
vn 0.9452 0.0456 0.3232
vn 0.9922 0.0122 0.1240
vn -0.8323 -0.1524 0.5329
vn 0.9661 -0.1856 0.1796
vn 0.9662 0.1469 0.2120
vn 0.9857 0.0628 0.1566
vn 0.8660 0.2153 -0.4513
vn 0.6012 0.2529 -0.7581
vn -0.9916 0.0083 -0.1289
vn 0.3102 0.0117 0.9506
vn 0.3738 -0.1995 0.9058
vn 0.8083 0.3246 -0.4913
vn 0.8006 0.5917 -0.0947
vn 0.1798 0.9771 0.1138
vn 0.1291 0.8992 0.4180
vn 0.5360 0.5034 -0.6777
vn 0.6572 0.0526 -0.7519
vn -0.7310 -0.2506 0.6347
vn -0.8607 0.0339 0.5080
vn 0.9037 0.2708 0.3317
vn 0.8945 0.4470 0.0030
vn -0.9822 -0.0487 -0.1816
vn -0.1385 0.0488 -0.9892
vn 0.1048 0.9630 0.2483
vn -0.5017 0.8586 -0.1051
vn 0.3249 0.8540 -0.4062
vn -0.3720 0.8899 0.2641
vn -0.6104 0.7875 0.0849
vn 0.3201 0.7395 -0.5922
vn 0.7354 0.4910 -0.4669
vn -0.6625 0.4086 0.6278
vn -0.5185 0.1917 -0.8333
vn -0.9405 -0.1216 -0.3172
vn -0.9940 -0.0325 -0.1048
vn -0.8541 0.0444 0.5182
vn 0.5133 0.1907 0.8367
vn -0.3685 -0.8963 -0.2466
vn 0.1215 -0.9856 0.1180
vn -0.1086 -0.9763 0.1872
vn 0.3646 -0.9311 0.0121
s 1
usemtl Material.083
f 1934//4328 1711//4328 1834//4328
f 1779//4329 1714//4329 1931//4329
f 1782//4330 1771//4330 1930//4330
f 1786//4331 1795//4331 1793//4331
f 1778//4332 1788//4332 1786//4332
f 1899//4333 1716//4333 1783//4333
f 1928//4334 1785//4334 1774//4334
f 1796//4335 1792//4335 1927//4335
f 1797//4336 1790//4336 1783//4336
f 1925//4337 1719//4337 1791//4337
f 1803//4338 1754//4338 1924//4338
f 1734//4339 1813//4339 1914//4339
f 1909//4340 1757//4340 1814//4340
f 1798//4341 1721//4341 1815//4341
f 1740//4342 1832//4342 1779//4342
f 1826//4343 1741//4343 1772//4343
f 1819//4344 1833//4344 1782//4344
f 1839//4345 1744//4345 1709//4345
f 1842//4346 1750//4346 1837//4346
f 1902//4347 1749//4347 1773//4347
f 1843//4348 1748//4348 1902//4348
f 1933//4349 1835//4349 1900//4349
f 1895//4350 1806//4350 1897//4350
f 1867//4351 1861//4351 1891//4351
f 1891//4352 1764//4352 1889//4352
f 1888//4353 1870//4353 1766//4353
f 1767//4354 1886//4354 1887//4354
f 1885//4355 1871//4355 1869//4355
f 1760//4356 1880//4356 1883//4356
f 1759//4357 1878//4357 1890//4357
f 1764//4358 1861//4359 1874//4360
f 1860//4361 1871//4361 1885//4361
f 1880//4362 1886//4362 1767//4362
f 1876//4363 1768//4363 1867//4363
f 1888//4364 1766//4364 1873//4364
f 1889//4365 1764//4365 1860//4365
f 1753//4366 1736//4366 1863//4366
f 1723//4367 1865//4367 1849//4367
f 1891//4368 1861//4368 1764//4368
f 1725//4369 1891//4369 1727//4369
f 1847//4370 1866//4370 1864//4370
f 1735//4371 1851//4371 1848//4371
f 1895//4372 1807//4372 1806//4372
f 1724//4373 1897//4373 1856//4373
f 1848//4374 1852//4374 1844//4374
f 1846//4375 1856//4375 1855//4375
f 1898//4376 1745//4376 1746//4376
f 1899//4377 1746//4377 1710//4377
f 1745//4378 1900//4378 1746//4378
f 1745//4379 1933//4379 1900//4379
f 1902//4380 1748//4380 1749//4380
f 1835//4381 1843//4381 1902//4381
f 1712//4382 1773//4382 1774//4382
f 1837//4383 1838//4383 1840//4383
f 1751//4384 1837//4384 1840//4384
f 1777//4385 1840//4385 1778//4385
f 1751//4386 1840//4386 1777//4386
f 1714//4387 1930//4387 1838//4387
f 1839//4388 1709//4388 1781//4388
f 1833//4389 1820//4389 1822//4389
f 1819//4390 1820//4390 1833//4390
f 1782//4391 1833//4391 1771//4391
f 1825//4392 1903//4392 1824//4392
f 1907//4393 1904//4393 1776//4393
f 1779//4394 1819//4394 1714//4394
f 1906//4395 1741//4396 1826//4395
f 1711//4397 1906//4395 1826//4395
f 1739//4398 1829//4398 1823//4398
f 1907//4399 1829//4399 1739//4399
f 1801//4400 1907//4400 1775//4400
f 1817//4401 1729//4401 1730//4401
f 1922//4402 1722//4402 1908//4402
f 1909//4403 1732//4403 1757//4403
f 1910//4404 1909//4404 1734//4404
f 1910//4405 1731//4406 1909//4407
f 1798//4408 1815//4408 1800//4408
f 1809//4409 1912//4409 1755//4409
f 1932//4410 1730//4410 1913//4410
f 1734//4411 1909//4411 1813//4411
f 1807//4412 1917//4412 1806//4412
f 1802//4413 1726//4413 1918//4413
f 1812//4414 1804//4414 1732//4414
f 1919//4415 1760//4415 1865//4415
f 1820//4416 1922//4416 1730//4416
f 1824//4417 1922//4417 1905//4417
f 1923//4418 1800//4418 1808//4418
f 1742//4419 1923//4419 1743//4419
f 1742//4420 1800//4420 1923//4420
f 1818//4421 1924//4421 1729//4421
f 1928//4422 1926//4422 1796//4422
f 1715//4423 1718//4423 1929//4423
f 1715//4424 1783//4424 1718//4424
f 1774//4425 1787//4425 1712//4425
f 1709//4426 1899//4426 1715//4426
f 1778//4427 1789//4427 1777//4427
f 1717//4428 1786//4428 1720//4428
f 1710//4429 1787//4429 1716//4429
f 1712//4430 1787//4430 1710//4430
f 1930//4431 1771//4431 1744//4431
f 1932//4432 1721//4432 1821//4432
f 1820//4433 1932//4433 1821//4433
f 1835//4434 1775//4434 1843//4434
f 1801//4435 1775//4435 1835//4435
f 1775//4436 1907//4436 1836//4436
f 1820//4437 1730//4437 1932//4437
f 1928//4438 1789//4438 1717//4438
f 1718//4439 1719//4440 1720//4441
f 1798//4442 1821//4443 1721//4444
f 1922//4445 1824//4445 1722//4445
f 1830//4446 1923//4446 1808//4446
f 1924//4447 1754//4447 1726//4447
f 1933//4448 1801//4449 1835//4450
f 1737//4451 1915//4452 1815//4453
f 1812//4454 1810//4455 1758//4456
f 1755//4457 1911//4458 1809//4459
f 1908//4460 1728//4461 1817//4462
f 1808//4463 1731//4463 1910//4463
f 1909//4407 1731//4406 1732//4464
f 1818//4465 1728//4466 1814//4467
f 1829//4468 1801//4469 1828//4470
f 1743//4471 1829//4472 1828//4473
f 1838//4474 1750//4475 1714//4476
f 1822//4477 1738//4477 1831//4477
f 1825//4478 1824//4478 1905//4478
f 1904//4479 1907//4479 1739//4479
f 1840//4480 1838//4480 1780//4480
f 1747//4481 1901//4482 1900//4483
f 1841//4484 1751//4484 1777//4484
f 1899//4485 1898//4485 1746//4485
f 1898//4486 1934//4487 1745//4488
f 1848//4489 1755//4489 1805//4489
f 1816//4490 1858//4491 1758//4492
f 1857//4493 1757//4493 1894//4493
f 1893//4494 1850//4494 1814//4494
f 1892//4495 1889//4495 1860//4495
f 1868//4496 1765//4496 1862//4496
f 1872//4497 1871//4498 1874//4499
f 1872//4500 1867//4501 1768//4502
f 1883//4503 1880//4503 1767//4503
f 1762//4504 1882//4505 1881//4506
f 1882//4507 1765//4508 1769//4509
f 1883//4510 1765//4511 1760//4512
f 1883//4513 1767//4513 1769//4513
f 1878//4514 1763//4515 1890//4516
f 1875//4517 1878//4517 1870//4517
f 1874//4360 1861//4359 1872//4518
f 1879//4519 1762//4520 1884//4521
f 1762//4522 1881//4522 1884//4522
f 1768//4523 1885//4524 1869//4525
f 1761//4526 1885//4527 1876//4528
f 1880//4529 1919//4530 1886//4531
f 1879//4532 1919//4533 1864//4534
f 1766//4535 1878//4536 1877//4537
f 1878//4538 1859//4539 1877//4540
f 1867//4541 1761//4541 1876//4541
f 1879//4542 1887//4543 1886//4544
f 1768//4545 1869//4545 1872//4545
f 1881//4546 1887//4547 1884//4548
f 1887//4549 1769//4550 1767//4551
f 1888//4552 1770//4553 1875//4554
f 1725//4555 1761//4556 1867//4557
f 1875//4558 1870//4558 1888//4558
f 1846//4559 1727//4559 1889//4559
f 1727//4560 1891//4560 1889//4560
f 1862//4561 1866//4562 1868//4563
f 1850//4564 1868//4564 1866//4564
f 1850//4565 1733//4565 1868//4565
f 1760//4566 1868//4567 1865//4568
f 1868//4569 1849//4570 1865//4571
f 1735//4572 1890//4573 1763//4574
f 1890//4575 1844//4576 1759//4577
f 1725//4578 1867//4578 1891//4578
f 1864//4579 1866//4579 1762//4579
f 1847//4580 1850//4580 1866//4580
f 1892//4581 1724//4582 1846//4583
f 1761//4584 1892//4581 1860//4585
f 1846//4586 1889//4586 1892//4586
f 1874//4587 1860//4588 1764//4589
f 1816//4590 1848//4591 1851//4592
f 1814//4593 1857//4594 1893//4595
f 1736//4596 1858//4491 1851//4597
f 1893//4598 1733//4599 1850//4600
f 1854//4601 1849//4602 1894//4603
f 1849//4604 1857//4605 1894//4606
f 1725//4607 1727//4607 1895//4607
f 1754//4608 1897//4609 1806//4610
f 1897//4611 1725//4555 1895//4612
f 1727//4613 1846//4613 1855//4613
f 1852//4614 1805//4615 1802//4616
f 1814//4617 1853//4618 1803//4619
f 1754//4620 1855//4621 1856//4622
f 1850//4623 1847//4623 1853//4623
f 1846//4624 1724//4624 1856//4624
f 1898//4625 1709//4626 1744//4627
f 1744//4628 1934//4487 1898//4486
f 1712//4629 1901//4630 1773//4631
f 1900//4632 1835//4632 1747//4632
f 1749//4633 1774//4634 1773//4635
f 1710//4636 1746//4636 1901//4636
f 1746//4637 1900//4637 1901//4637
f 1747//4638 1835//4638 1902//4638
f 1751//4639 1842//4640 1837//4641
f 1773//4642 1747//4642 1902//4642
f 1841//4643 1748//4644 1842//4645
f 1777//4646 1749//4647 1841//4648
f 1738//4649 1820//4650 1821//4651
f 1778//4652 1840//4652 1780//4652
f 1839//4653 1930//4653 1744//4653
f 1838//4654 1930//4654 1839//4654
f 1780//4655 1839//4655 1781//4655
f 1780//4656 1838//4656 1839//4656
f 1825//4657 1904//4658 1903//4659
f 1714//4660 1819//4660 1782//4660
f 1903//4661 1739//4662 1823//4663
f 1740//4664 1776//4665 1904//4658
f 1743//4666 1827//4667 1742//4668
f 1741//4669 1801//4670 1772//4671
f 1741//4672 1827//4672 1828//4672
f 1820//4673 1832//4674 1905//4675
f 1772//4676 1711//4676 1826//4676
f 1825//4677 1832//4678 1740//4679
f 1827//4680 1831//4681 1742//4682
f 1819//4683 1779//4683 1832//4683
f 1931//4684 1740//4684 1779//4684
f 1827//4685 1906//4686 1822//4687
f 1906//4688 1771//4689 1833//4690
f 1906//4691 1833//4691 1822//4691
f 1910//4692 1799//4693 1808//4694
f 1823//4695 1829//4695 1830//4695
f 1817//4696 1818//4696 1729//4696
f 1908//4697 1817//4697 1730//4697
f 1730//4698 1922//4698 1908//4698
f 1758//4699 1911//4700 1816//4701
f 1911//4702 1737//4703 1815//4704
f 1911//4705 1721//4706 1809//4707
f 1721//4708 1912//4709 1809//4710
f 1912//4711 1730//4712 1729//4713
f 1813//4714 1722//4715 1914//4716
f 1932//4717 1913//4717 1721//4717
f 1728//4718 1909//4718 1814//4718
f 1813//4719 1909//4719 1728//4719
f 1732//4720 1811//4721 1812//4722
f 1722//4723 1799//4723 1914//4723
f 1799//4724 1734//4724 1914//4724
f 1731//4725 1915//4726 1811//4727
f 1737//4728 1810//4728 1811//4728
f 1800//4729 1915//4729 1808//4729
f 1800//4730 1815//4730 1915//4730
f 1863//4731 1859//4731 1759//4731
f 1844//4732 1863//4732 1759//4732
f 1844//4733 1753//4733 1863//4733
f 1916//4734 1754//4735 1806//4736
f 1916//4737 1806//4737 1917//4737
f 1918//4738 1752//4739 1802//4740
f 1865//4741 1845//4742 1919//4743
f 1758//4744 1752//4744 1812//4744
f 1864//4745 1845//4746 1847//4747
f 1802//4748 1924//4749 1726//4750
f 1924//4751 1755//4752 1912//4753
f 1912//4754 1729//4754 1924//4754
f 1894//4755 1732//4756 1920//4757
f 1799//4758 1830//4759 1808//4760
f 1732//4761 1804//4761 1920//4761
f 1800//4762 1831//4763 1921//4764
f 1743//4765 1923//4765 1830//4765
f 1921//4766 1798//4766 1800//4766
f 1921//4767 1738//4768 1821//4769
f 1799//4770 1824//4771 1823//4772
f 1905//4773 1922//4773 1820//4773
f 1924//4774 1814//4775 1803//4776
f 1903//4777 1823//4777 1824//4777
f 1925//4778 1716//4779 1784//4780
f 1925//4781 1791//4781 1797//4781
f 1926//4782 1717//4783 1720//4784
f 1784//4785 1719//4785 1925//4785
f 1795//4786 1929//4787 1718//4788
f 1795//4789 1718//4789 1794//4789
f 1927//4790 1784//4791 1785//4792
f 1718//4793 1783//4793 1790//4793
f 1716//4794 1797//4794 1783//4794
f 1719//4795 1927//4795 1792//4795
f 1796//4796 1785//4797 1928//4798
f 1788//4799 1781//4800 1929//4801
f 1713//4802 1777//4802 1928//4802
f 1777//4803 1789//4803 1928//4803
f 1929//4804 1709//4805 1715//4806
f 1785//4807 1787//4808 1774//4809
f 1786//4810 1789//4811 1778//4812
f 1713//4813 1928//4813 1774//4813
f 1715//4814 1899//4814 1783//4814
f 1710//4815 1716//4815 1899//4815
f 1750//4816 1776//4665 1931//4817
f 1780//4818 1788//4818 1778//4818
f 1786//4819 1793//4819 1720//4819
f 1788//4820 1795//4820 1786//4820
f 1716//4821 1787//4821 1784//4821
f 1714//4822 1782//4822 1930//4822
f 1750//4823 1931//4823 1714//4823
f 1842//4824 1836//4825 1776//4826
f 1836//4827 1843//4828 1775//4829
f 1836//4830 1907//4830 1776//4830
f 1772//4831 1834//4832 1711//4833
f 1745//4834 1834//4834 1933//4834
f 1934//4835 1834//4835 1745//4835
f 1744//4836 1771//4836 1934//4836
f 1771//4837 1711//4837 1934//4837
f 1720//4441 1793//4838 1795//4839
f 1718//4439 1790//4840 1797//4841
f 1797//4841 1791//4842 1719//4440
f 1719//4440 1792//4843 1796//4844
f 1796//4844 1926//4845 1720//4441
f 1720//4441 1795//4839 1718//4439
f 1718//4439 1797//4841 1719//4440
f 1719//4440 1796//4844 1720//4441
f 1798//4442 1921//4846 1821//4443
f 1933//4448 1772//4847 1801//4449
f 1737//4451 1811//4848 1915//4452
f 1812//4454 1811//4849 1810//4455
f 1755//4457 1816//4850 1911//4458
f 1908//4460 1722//4851 1728//4461
f 1818//4465 1817//4852 1728//4466
f 1829//4468 1907//4853 1801//4469
f 1743//4471 1830//4854 1829//4472
f 1838//4474 1837//4855 1750//4475
f 1747//4481 1773//4856 1901//4482
f 1816//4490 1851//4597 1858//4491
f 1872//4497 1869//4857 1871//4498
f 1872//4500 1861//4858 1867//4501
f 1762//4504 1862//4859 1882//4505
f 1882//4507 1862//4860 1765//4508
f 1873//4861 1766//4861 1877//4861
f 1883//4510 1769//4862 1765//4511
f 1878//4514 1875//4863 1763//4515
f 1879//4519 1864//4864 1762//4520
f 1768//4523 1876//4865 1885//4524
f 1761//4526 1860//4866 1885//4527
f 1880//4529 1760//4867 1919//4530
f 1879//4532 1886//4868 1919//4533
f 1766//4535 1870//4869 1878//4536
f 1878//4538 1759//4870 1859//4539
f 1879//4542 1884//4871 1887//4543
f 1881//4546 1882//4872 1887//4547
f 1887//4549 1882//4873 1769//4550
f 1888//4552 1873//4874 1770//4553
f 1725//4555 1724//4875 1761//4556
f 1862//4561 1762//4876 1866//4562
f 1760//4566 1765//4877 1868//4567
f 1868//4569 1733//4878 1849//4570
f 1735//4572 1848//4879 1890//4573
f 1890//4575 1848//4880 1844//4576
f 1892//4581 1761//4584 1724//4582
f 1874//4587 1871//4881 1860//4588
f 1816//4590 1755//4882 1848//4591
f 1814//4593 1757//4883 1857//4594
f 1893//4598 1857//4884 1733//4599
f 1752//4885 1758//4885 1858//4885
f 1858//4886 1736//4886 1753//4886
f 1854//4601 1723//4887 1849//4602
f 1849//4604 1733//4888 1857//4605
f 1754//4608 1856//4889 1897//4609
f 1897//4611 1724//4875 1725//4555
f 1852//4614 1848//4890 1805//4615
f 1814//4617 1850//4891 1853//4618
f 1754//4620 1803//4892 1855//4621
f 1898//4625 1899//4893 1709//4626
f 1712//4629 1710//4894 1901//4630
f 1749//4633 1713//4895 1774//4634
f 1751//4639 1841//4896 1842//4640
f 1841//4643 1749//4897 1748//4644
f 1777//4646 1713//4898 1749//4647
f 1738//4649 1822//4899 1820//4650
f 1825//4657 1740//4664 1904//4658
f 1903//4661 1904//4900 1739//4662
f 1740//4664 1931//4817 1776//4665
f 1743//4666 1828//4901 1827//4667
f 1741//4669 1828//4902 1801//4670
f 1820//4673 1819//4903 1832//4674
f 1825//4677 1905//4904 1832//4678
f 1827//4680 1822//4905 1831//4681
f 1827//4685 1741//4906 1906//4686
f 1906//4688 1711//4907 1771//4689
f 1910//4692 1734//4908 1799//4693
f 1758//4699 1810//4909 1911//4700
f 1911//4702 1810//4910 1737//4703
f 1911//4705 1815//4911 1721//4706
f 1721//4708 1913//4912 1912//4709
f 1912//4711 1913//4913 1730//4712
f 1813//4714 1728//4914 1722//4715
f 1732//4720 1731//4915 1811//4721
f 1731//4725 1808//4916 1915//4726
f 1916//4734 1726//4917 1754//4735
f 1918//4738 1896//4918 1752//4739
f 1865//4741 1723//4919 1845//4742
f 1864//4745 1919//4920 1845//4746
f 1802//4748 1805//4921 1924//4749
f 1924//4751 1805//4922 1755//4752
f 1894//4755 1757//4923 1732//4756
f 1799//4758 1823//4924 1830//4759
f 1800//4762 1742//4925 1831//4763
f 1921//4767 1831//4926 1738//4768
f 1799//4770 1722//4927 1824//4771
f 1924//4774 1818//4928 1814//4775
f 1925//4778 1797//4929 1716//4779
f 1926//4782 1928//4930 1717//4783
f 1795//4786 1788//4931 1929//4787
f 1927//4790 1719//4932 1784//4791
f 1796//4796 1927//4933 1785//4797
f 1788//4799 1780//4934 1781//4800
f 1929//4804 1781//4935 1709//4805
f 1785//4807 1784//4936 1787//4808
f 1786//4810 1717//4937 1789//4811
f 1750//4816 1842//4938 1776//4665
f 1842//4824 1748//4939 1836//4825
f 1836//4827 1748//4940 1843//4828
f 1772//4831 1933//4941 1834//4832
usemtl Material.084
f 1950//4942 1947//4942 1948//4942
f 1937//4943 1935//4943 1938//4943
f 1949//4944 1947//4944 1950//4944
f 1936//4945 1938//4945 1935//4945
l 1945 1946
l 1940 1951
l 1941 1943
l 1951 1952
l 1756 1896
l 1939 1942
l 1948 1952
o Cylinder.017
v 14.068759 13.697071 -44.188522
v 13.997486 13.667158 -43.769169
v 13.929933 14.367491 -43.878284
v 13.743468 13.630541 -43.716671
v 13.544191 13.572577 -43.994366
v 13.809516 14.187088 -44.508198
v 14.132759 13.609722 -44.167152
v 14.036357 13.611136 -43.718231
v 13.562318 13.461247 -44.428646
v 14.248358 13.554215 -44.262695
v 13.724363 13.499102 -43.450241
v 13.514605 13.418012 -44.516270
v 13.858565 15.274851 -44.252365
v 13.450151 15.067582 -44.411514
v 12.497014 16.000418 -44.248207
v 13.242050 16.565969 -45.548878
v 13.260956 16.598394 -45.490211
v 13.754540 16.124472 -44.109894
v 13.141497 16.576338 -45.369793
v 13.444266 15.547066 -44.335236
v 13.622156 15.646329 -44.385723
v 13.692232 15.250958 -44.474781
v 13.591524 15.285457 -43.777935
v 13.544474 15.670051 -43.767300
v 12.471727 15.859335 -44.326233
v 13.389975 15.193821 -44.052227
v 14.684511 16.154528 -43.862019
v 14.767098 16.163120 -43.671577
v 13.808912 15.333798 -43.894974
v 13.921556 14.821268 -44.276230
v 13.453429 14.511543 -44.049461
v 13.523757 14.466887 -44.416145
v 13.881936 14.594399 -43.884907
v 13.872630 14.760158 -43.908722
v 13.598600 14.759671 -43.815792
v 14.028617 14.118211 -44.194820
v 13.945127 14.030802 -43.835091
v 13.989188 13.856906 -43.822399
v 13.708279 13.866046 -43.718067
v 13.503530 13.978657 -44.025963
v 13.523393 13.723156 -44.007851
v 13.573924 14.014276 -44.384087
v 13.606553 13.821006 -44.355885
v 13.782258 16.083744 -43.781105
v 14.681430 16.246933 -43.623417
v 13.579648 16.120584 -44.400223
v 13.846525 15.803998 -44.160908
v 13.723622 16.225254 -43.738995
v 13.336923 15.733599 -43.981247
v 13.813591 15.767752 -43.865433
v 15.083908 16.468428 -43.726707
v 12.042032 16.132185 -44.386719
v 13.088023 16.808840 -46.061169
v 12.040794 16.078463 -44.643394
v 15.103843 16.380323 -43.779968
v 12.927501 16.844971 -46.065979
v 12.018917 16.026201 -44.445515
v 15.284002 16.507492 -43.492035
v 11.796854 16.119640 -44.450428
v 12.989478 16.893002 -46.394413
v 11.814399 16.000999 -44.509308
v 15.302423 16.400778 -43.519184
v 13.976395 14.315187 -44.244972
v 13.784927 14.354146 -43.760696
v 13.702828 13.755564 -43.701595
v 13.616723 13.611439 -43.814499
v 13.548361 14.271739 -43.874500
v 13.502653 14.225125 -44.253609
v 13.605952 13.602673 -44.360123
v 13.739226 13.611589 -44.441784
v 13.671832 14.402131 -44.493153
v 13.873985 13.626481 -44.456860
v 13.988675 13.656713 -44.357113
v 13.884831 14.404340 -44.413887
v 14.192323 13.573085 -43.882347
v 13.767342 13.558054 -43.588329
v 13.567653 13.515454 -43.771313
v 13.764287 13.503723 -44.544552
v 13.718325 13.603797 -43.669823
v 13.910872 13.560351 -44.519508
v 13.598965 13.544388 -44.432327
v 14.237499 13.538729 -43.907444
v 13.935662 13.503046 -43.483879
v 13.546572 13.443306 -43.622787
v 13.733249 13.420728 -44.660866
v 14.151536 13.529107 -44.497608
v 13.968052 13.474866 -44.653496
v 13.418831 13.415700 -43.916119
v 14.132565 13.578901 -43.633831
v 13.862921 15.171452 -44.111271
v 13.396794 14.986014 -44.101006
v 13.829147 14.923985 -43.924004
v 13.646742 14.427593 -43.766716
v 13.813215 16.056513 -44.087360
v 13.355138 16.091383 -44.297676
v 13.560706 15.835078 -43.758568
v 13.850453 15.934788 -44.148331
v 13.579242 16.266197 -44.362415
v 13.481749 16.282337 -44.283829
v 13.592493 15.004694 -43.840183
v 13.819647 15.580272 -44.206882
v 13.770004 15.543356 -43.862858
v 13.692060 15.329512 -43.811287
v 13.699187 15.674364 -43.842663
v 13.423206 15.323885 -44.187611
v 13.356460 15.765278 -44.306938
v 13.816918 15.143450 -43.937534
v 13.848217 15.783679 -43.976120
v 13.546854 15.529602 -44.419842
v 13.536444 15.732819 -44.333736
v 13.767206 14.444034 -44.542591
v 13.746388 14.847842 -44.523876
v 13.878808 14.958747 -44.315762
v 13.937973 14.664342 -44.251652
v 13.419073 14.811901 -44.051624
v 13.460125 14.856676 -44.408943
v 13.499348 14.652271 -44.407593
v 13.898119 14.473106 -43.851383
v 13.876076 14.698162 -43.882404
v 13.621651 14.583136 -43.771065
v 13.523692 14.552341 -43.891064
v 13.486481 14.792475 -43.936119
v 13.924850 14.813476 -44.094528
v 13.634449 14.530357 -44.508438
v 13.961822 14.556376 -44.252869
v 13.944411 14.264015 -43.837994
v 13.670548 14.044730 -43.731022
v 13.499755 14.165580 -44.048183
v 13.579954 13.927413 -44.386101
v 13.849522 13.908051 -44.484055
v 13.973491 13.812617 -44.390930
v 13.716119 13.765975 -44.433243
v 13.537288 13.810385 -44.174202
v 13.523982 13.944581 -44.209290
v 13.593059 14.054330 -43.884880
v 14.646314 16.251484 -43.846722
v 12.488951 16.018621 -44.391750
v 13.117716 16.510777 -45.475945
v 12.520343 16.008158 -44.462727
v 14.380877 16.053261 -43.973244
v 12.467454 15.914816 -44.252537
v 12.525349 15.917558 -44.516838
v 14.688937 16.130417 -43.803291
v 14.265742 16.146893 -43.940269
v 13.012503 16.057482 -44.343872
v 12.903155 15.942806 -44.115150
v 13.261485 16.331470 -44.900146
v 13.373233 16.379351 -45.054356
v 12.928755 15.800013 -44.173664
v 14.245926 15.949861 -43.786488
v 15.056190 16.473307 -43.627953
v 12.979607 16.760921 -46.004303
v 12.983725 16.881384 -46.096958
v 12.069561 16.002977 -44.544514
v 14.816731 16.318481 -43.607254
v 12.196539 16.135559 -44.553013
v 12.228385 16.057171 -44.310982
v 12.248367 16.012608 -44.595394
v 13.022857 16.902639 -46.214394
v 12.201020 15.954664 -44.390995
v 12.931164 16.894985 -46.399986
v 15.303552 16.526390 -43.657520
v 12.864714 16.873621 -46.357502
v 12.923717 16.915718 -46.353527
v 15.288806 16.451439 -43.475636
v 12.877225 16.877632 -46.296715
v 15.326598 16.434139 -43.703243
v 13.023456 16.883430 -46.307224
v 15.202057 16.496408 -43.501640
v 15.222137 16.523371 -43.664848
v 11.846860 16.162230 -44.623352
v 11.917873 16.136700 -44.399666
v 11.836322 16.044598 -44.702026
v 11.812558 16.006044 -44.639019
v 11.916989 16.054853 -44.427269
v 11.828085 16.095871 -44.688206
v 12.955330 16.839869 -46.284019
v 11.834188 16.126621 -44.517063
v 11.807955 16.072807 -44.595188
v 15.341040 16.464497 -43.578842
v 13.022625 16.678694 -45.755894
v 15.055854 16.422148 -43.780861
v 13.100603 16.709126 -45.697586
v 13.100616 16.673977 -45.802052
v 12.921877 15.840111 -44.269585
v 13.331987 15.839063 -43.945293
v 13.401295 16.414135 -44.850483
v 13.740319 16.143494 -43.762371
v 13.424555 16.367847 -44.931389
v 14.013629 13.995473 -44.079067
v 14.061195 13.668106 -43.975880
v 13.827128 13.911768 -43.746590
v 13.859038 13.782456 -43.748085
v 13.574250 13.892576 -43.868229
v 13.429986 14.715837 -44.225723
v 13.468247 14.450405 -44.235291
v 13.601304 14.687570 -44.478535
v 13.954192 14.562477 -44.091694
v 13.449569 14.363651 -44.026360
v 13.579209 15.189277 -44.454384
v 13.376841 15.545986 -43.974655
v 13.476014 15.174602 -43.923336
v 13.807722 15.561292 -44.047192
v 13.741904 15.615222 -44.313877
v 13.789865 15.238569 -44.401489
v 13.402705 15.130448 -44.235325
v 13.717843 15.134147 -43.863400
v 13.669439 16.260803 -44.159843
v 13.565422 16.373568 -44.225636
v 13.735478 16.116583 -43.971333
v 12.076131 16.144791 -44.535690
v 13.449429 15.969995 -43.814137
v 13.873786 14.915746 -44.106419
v 13.582470 14.904910 -44.521282
v 13.637717 14.843341 -43.811905
v 13.634619 15.908100 -44.338840
v 13.923316 13.574067 -43.526768
v 13.427326 13.404425 -44.248356
v 13.544654 13.485290 -43.656815
v 13.471265 13.467732 -43.940811
v 14.026112 13.586849 -44.371624
v 13.938415 14.141928 -44.353886
v 13.568270 14.154320 -44.432407
v 13.821533 14.962589 -44.424702
v 13.816239 14.219143 -43.749130
v 13.985051 14.221800 -44.073956
v 12.839716 15.713980 -42.954479
v 12.991134 15.771141 -43.118584
v 12.665272 15.745192 -42.514050
v 12.929810 15.752194 -42.728058
v 13.716208 16.534746 -44.407818
v 13.749508 15.935068 -43.537483
v 13.871658 16.077835 -43.671688
v 13.963248 16.369083 -44.247704
v 13.904090 16.228119 -43.631275
v 12.935117 15.856096 -43.658424
v 13.296717 15.740431 -43.633270
v 13.238441 15.744120 -43.673641
v 13.993710 15.839129 -42.578873
v 14.131670 15.870764 -42.899975
v 14.259318 15.881982 -42.201324
v 14.178902 15.795717 -42.697834
v 13.754247 15.868143 -43.154774
v 13.934821 15.878177 -43.104176
vn 0.9729 0.1883 0.1339
vn -0.2835 -0.1149 -0.9521
vn 0.8936 0.0816 -0.4414
vn -0.1728 0.8230 -0.5411
vn -0.1326 0.6674 -0.7328
vn 0.4556 0.8589 0.2338
vn -0.7892 0.5373 0.2975
vn -0.8950 0.2555 0.3657
vn 0.6470 0.7499 0.1380
vn 0.1238 0.5287 0.8398
vn -0.3530 -0.3428 -0.8705
vn -0.9846 0.1325 -0.1143
vn -0.9745 -0.2101 -0.0789
vn 0.8486 0.4389 0.2954
vn -0.5308 -0.2512 -0.8094
vn 0.3908 0.2933 0.8725
vn 0.7513 0.2614 -0.6060
vn 0.9189 0.0818 -0.3858
vn -0.9533 -0.0593 -0.2960
vn -0.8426 -0.1686 0.5115
vn -0.8692 0.1496 0.4713
vn 0.1091 0.0121 0.9940
vn 0.7970 0.5938 -0.1106
vn 0.3565 0.8913 0.2801
vn -0.6159 0.5999 0.5106
vn 0.7393 0.6537 0.1620
vn -0.6362 0.7184 -0.2812
vn 0.0140 -0.9020 -0.4316
vn -0.1098 -0.3166 0.9422
vn -0.0149 0.7639 -0.6451
vn -0.4423 0.8696 0.2195
vn -0.4429 0.8692 0.2198
vn -0.4425 0.8695 0.2196
vn -0.1476 -0.9551 -0.2568
vn -0.1480 0.9888 0.0206
vn 0.6168 0.7716 -0.1557
vn 0.8616 0.2092 0.4625
vn -0.8375 -0.5452 -0.0354
vn 0.1084 -0.4096 0.9058
vn -0.2220 0.0273 0.9747
vn -0.2973 0.8420 0.4502
vn 0.1826 0.9190 0.3495
vn 0.3986 0.4445 -0.8022
vn 0.4135 -0.8309 -0.3723
vn 0.2973 0.9384 0.1761
vn 0.8150 -0.4367 -0.3810
vn 0.0996 0.4372 -0.8938
vn -0.0009 -0.9548 -0.2971
vn 0.9400 0.2547 0.2270
vn 0.9482 0.1236 0.2928
vn 0.4664 0.1814 0.8658
vn 0.5820 0.0273 0.8127
vn -0.9203 -0.0440 0.3886
vn -0.8794 0.1488 0.4522
vn -0.5608 -0.2764 0.7805
vn -0.3424 -0.0145 -0.9394
vn -0.6515 -0.3535 -0.6713
vn -0.5207 -0.0307 -0.8532
vn -0.5708 0.0175 -0.8209
vn 0.7743 0.0565 -0.6303
vn 0.9037 -0.0048 -0.4281
vn 0.8591 0.1951 -0.4731
vn 0.8156 0.0687 -0.5745
vn 0.8869 0.0385 -0.4604
vn -0.9382 -0.1820 -0.2942
vn -0.9798 -0.1379 -0.1448
vn -0.3871 -0.1847 -0.9033
vn 0.9332 0.2060 0.2944
vn 0.9333 0.2059 0.2943
vn 0.9332 0.2061 0.2944
vn -0.8997 -0.0999 0.4248
vn -0.9187 0.0842 0.3858
vn -0.8042 0.1028 0.5854
vn 0.0791 0.2324 -0.9694
vn -0.4712 0.1969 -0.8598
vn -0.7308 -0.1320 0.6697
vn -0.8326 -0.1486 0.5336
vn -0.7381 -0.1050 0.6664
vn -0.7399 -0.1084 0.6639
vn -0.7384 -0.1056 0.6660
vn 0.9615 0.0700 0.2659
vn 0.8122 0.0222 -0.5829
vn 0.6057 0.1355 -0.7840
vn -0.9740 0.0135 -0.2261
vn -0.3635 0.7146 -0.5977
vn 0.7265 0.6731 0.1383
vn 0.4382 -0.0904 0.8943
vn 0.3155 0.9367 0.1515
vn 0.0277 0.1245 -0.9918
vn -0.6177 -0.2030 -0.7598
vn 0.4012 0.2660 0.8765
vn 0.3156 -0.1907 0.9295
vn 0.4324 0.1968 0.8800
vn -0.3702 0.1808 -0.9112
vn -0.7137 0.6992 -0.0420
vn 0.2540 0.9376 -0.2374
vn 0.4471 0.8942 0.0215
vn -0.3674 0.8788 0.3045
vn 0.7886 0.6049 0.1104
vn -0.3895 0.7347 -0.5554
vn -0.3397 0.9036 -0.2609
vn 0.0910 0.7038 0.7046
vn -0.0257 0.8741 0.4851
vn 0.8716 0.1094 -0.4779
vn 0.8776 0.1477 -0.4562
vn 0.8699 -0.1692 -0.4633
vn -0.8798 -0.2014 0.4305
vn -0.7493 0.0151 0.6621
vn -0.8737 -0.2662 0.4072
vn 0.6743 0.1779 -0.7167
vn -0.9039 0.3907 -0.1739
vn 0.1120 -0.9923 0.0524
vn 0.1902 -0.9817 -0.0127
vn 0.1892 -0.9792 0.0729
vn 0.9983 0.0557 0.0196
vn 0.9985 0.0486 0.0270
vn 0.9980 0.0611 0.0140
vn -0.6671 -0.0406 -0.7439
vn -0.6263 -0.0391 0.7786
vn 0.8539 0.0720 -0.5154
vn 0.0095 0.0917 0.9957
vn 0.0084 0.0908 0.9958
vn 0.0117 0.0935 0.9955
vn 0.5881 -0.1423 0.7962
vn 0.5925 -0.1449 0.7924
vn 0.6013 -0.1502 0.7848
vn 0.2731 -0.0007 0.9620
vn 0.3523 0.0463 0.9348
vn 0.2198 -0.0315 0.9750
vn 0.9875 -0.1575 0.0008
vn 0.9890 -0.1458 0.0264
vn 0.9897 -0.1309 0.0583
vn -0.4649 0.1169 -0.8776
vn -0.5783 0.0530 -0.8141
vn -0.6343 0.0181 -0.7729
vn -0.7131 -0.1541 0.6839
vn -0.7402 -0.1089 0.6635
vn -0.3170 0.1649 -0.9340
vn -0.4068 0.2091 -0.8893
vn -0.1337 0.0743 -0.9882
vn -0.7667 -0.1294 0.6288
vn -0.7645 -0.1234 0.6327
vn -0.7572 -0.1041 0.6448
vn -0.7491 0.0304 0.6618
vn -0.7587 0.0380 0.6503
vn -0.7804 0.0559 0.6227
vn -0.3764 -0.1108 -0.9198
vn -0.3597 -0.0569 -0.9313
vn -0.3832 -0.1340 -0.9139
vn 0.9947 0.1019 -0.0137
vn -0.5419 -0.1095 -0.8333
vn -0.9964 0.0129 -0.0837
vn -0.2450 -0.1143 -0.9628
vn 0.2458 0.0971 0.9644
vn 0.2360 0.0777 0.9687
vn 0.2177 0.0424 0.9751
vn -0.9345 0.0095 -0.3557
vn 0.9585 0.2025 0.2006
vn 0.9618 0.1159 0.2481
vn 0.9619 0.1158 0.2477
vn 0.9606 0.1156 0.2530
vn 0.2957 0.0826 -0.9517
vn 0.3888 -0.9213 -0.0080
vn 0.3755 -0.9267 0.0147
vn 0.3898 -0.9208 -0.0106
vn -0.4462 -0.3074 0.8405
vn -0.1723 -0.9845 -0.0321
vn -0.2179 -0.9372 -0.2725
vn -0.3725 -0.9276 0.0270
vn -0.5471 0.7923 -0.2703
vn -0.5760 0.8142 -0.0727
vn -0.5825 0.8101 0.0664
vn 0.1714 0.9848 -0.0295
vn -0.0022 0.9955 0.0951
vn 0.2682 0.9581 -0.1010
vn -0.3332 -0.2981 0.8945
vn 0.2297 -0.7606 -0.6072
vn 0.2562 -0.8366 -0.4843
vn 0.2658 -0.8637 -0.4282
vn 0.0807 -0.9966 0.0178
vn -0.0412 -0.9883 0.1469
vn 0.1346 -0.9901 -0.0404
vn -0.0744 -0.7104 0.6998
vn -0.0110 -0.5646 0.8253
vn 0.0190 -0.4882 0.8725
vn -0.3986 -0.4543 0.7967
vn 0.1868 0.5175 -0.8350
vn 0.3059 0.4305 -0.8492
vn 0.3555 0.3898 -0.8496
vn 0.0630 0.4558 -0.8879
vn -0.4431 0.8691 0.2199
vn 0.2053 0.6503 -0.7314
vn 0.1995 0.6395 -0.7425
vn 0.2069 0.6533 -0.7283
vn 0.2199 0.2866 -0.9325
vn 0.2114 -0.9047 -0.3700
vn 0.2733 -0.8971 -0.3472
vn 0.0105 -0.9023 -0.4310
vn 0.2965 -0.9058 -0.3027
vn 0.3630 -0.8687 -0.3371
vn 0.4117 -0.8365 -0.3616
vn -0.0513 0.9987 -0.0002
vn -0.0153 0.9990 0.0416
vn -0.0772 0.9965 -0.0305
vn -0.0378 0.9565 0.2891
vn 0.0636 0.9975 0.0321
vn 0.0763 0.9971 -0.0012
vn -0.1100 0.9854 0.1299
vn -0.0862 0.9888 0.1217
vn -0.1491 0.9784 0.1433
vn -0.2768 0.9593 0.0566
vn -0.2952 0.9549 -0.0322
vn -0.2607 0.9571 0.1260
vn 0.8810 0.4644 -0.0904
vn -0.9208 0.3881 -0.0396
vn -0.9207 0.3885 -0.0384
vn -0.9135 0.4060 0.0271
vn 0.0691 0.9151 -0.3973
vn -0.9661 0.0053 -0.2579
vn -0.9640 0.0312 -0.2642
vn -0.9681 -0.0928 -0.2325
vn -0.9948 -0.1017 -0.0104
vn -0.9939 -0.1089 -0.0165
vn -0.9910 -0.1296 -0.0341
vn 0.8973 -0.4217 0.1304
vn 0.9139 -0.2696 0.3036
vn 0.8641 -0.5028 0.0224
vn 0.9579 0.0040 -0.2870
vn 0.8943 0.4335 -0.1111
vn 0.8886 0.4466 -0.1045
vn 0.9273 0.3242 -0.1868
vn -0.9583 -0.0910 0.2709
vn -0.5644 0.7382 0.3695
vn -0.0888 -0.8740 -0.4777
vn -0.0557 -0.9269 -0.3711
vn -0.0275 -0.9600 -0.2785
vn -0.2273 -0.9218 -0.3140
vn -0.2375 -0.9083 -0.3443
vn -0.4273 -0.4022 0.8097
vn -0.4626 -0.4330 0.7736
vn -0.4861 -0.4534 0.7471
vn -0.4541 -0.5183 0.7247
vn -0.4098 -0.6975 0.5879
vn -0.4619 -0.4658 0.7547
vn 0.4100 -0.3087 -0.8583
vn 0.1454 0.0968 -0.9846
vn 0.1260 0.1236 -0.9843
vn -0.2394 0.7915 -0.5624
vn -0.1719 0.6855 -0.7075
vn -0.2425 0.7960 -0.5546
vn 0.2360 0.9212 0.3094
vn 0.3305 0.4291 -0.8406
vn 0.3891 0.4881 -0.7813
vn 0.1538 -0.8721 -0.4645
vn 0.1339 -0.8823 -0.4512
vn 0.1290 -0.8841 -0.4492
vn 0.1469 -0.8767 -0.4580
vn 0.1442 -0.8749 -0.4624
vn -0.2975 -0.8599 -0.4148
vn -0.9300 -0.3062 0.2034
vn -0.8906 -0.4330 0.1390
vn -0.8823 -0.4529 0.1281
vn 0.4485 -0.8848 -0.1261
vn 0.4221 -0.8302 -0.3642
vn 0.4184 -0.8226 -0.3850
vn -0.1216 -0.9835 -0.1338
vn -0.1696 -0.9389 -0.2994
vn -0.1884 -0.9108 -0.3672
vn 0.3776 -0.9259 0.0058
vn 0.3807 -0.9247 0.0081
vn 0.0071 -0.9285 -0.3712
vn -0.0025 -0.9529 -0.3032
vn -0.0039 -0.9561 -0.2931
vn -0.3060 0.2329 0.9231
vn -0.3043 0.0757 0.9496
vn -0.3059 0.2428 0.9206
vn -0.2889 -0.7675 0.5723
vn -0.2874 -0.7238 0.6273
vn -0.2873 -0.7211 0.6305
vn 0.0833 0.9623 0.2589
vn 0.9647 0.0498 -0.2585
vn 0.8874 -0.2604 -0.3803
vn 0.9658 0.0677 -0.2505
vn 0.8717 0.4870 -0.0543
vn 0.8608 0.5072 -0.0427
vn -0.9718 -0.0268 0.2343
vn 0.1687 0.5019 -0.8483
vn 0.1795 0.4870 -0.8548
vn 0.1815 0.4842 -0.8559
vn 0.1805 0.0886 -0.9796
vn 0.2428 0.1650 -0.9559
vn 0.1308 0.0287 -0.9910
vn -0.0513 -0.9314 -0.3602
vn -0.0695 -0.9342 -0.3499
vn -0.0765 -0.9352 -0.3458
vn 0.1526 0.5130 -0.8447
vn 0.1743 -0.9051 -0.3878
vn 0.9752 0.1096 0.1924
vn 0.9848 0.1498 0.0877
vn 0.9692 0.0958 0.2270
vn 0.9620 0.1159 0.2474
vn 0.2532 0.0075 0.9674
vn 0.2219 0.0327 0.9745
vn 0.2886 -0.0216 0.9572
vn 0.1913 0.1111 0.9752
vn -0.9013 -0.0034 0.4331
vn -0.8838 0.0639 0.4635
vn -0.8614 0.1300 0.4909
vn 0.3583 0.2667 0.8947
vn 0.4493 0.1006 0.8877
vn -0.7511 -0.1114 0.6507
vn -0.9184 -0.2523 -0.3046
vn -0.9180 -0.2302 -0.3230
vn -0.9166 -0.3032 -0.2607
vn -0.7270 0.1362 0.6730
vn -0.9887 -0.0986 -0.1132
vn -0.9888 -0.1037 -0.1075
vn -0.9888 -0.1210 -0.0878
vn -0.9718 -0.1600 -0.1730
vn -0.9720 -0.1584 -0.1736
vn -0.9709 -0.1690 -0.1697
vn 0.8176 0.0303 -0.5750
vn 0.8179 0.0482 -0.5733
vn 0.8176 0.0907 -0.5686
vn -0.1152 0.0377 -0.9926
vn 0.8698 0.1457 -0.4715
vn 0.6662 0.1531 -0.7299
vn 0.6674 -0.0952 -0.7386
vn 0.5869 -0.0272 -0.8092
vn -0.9431 -0.1195 -0.3102
vn -0.9451 -0.1185 -0.3044
vn -0.9408 -0.1243 -0.3154
vn 0.7428 0.0328 -0.6687
vn -0.9925 -0.1219 -0.0093
vn -0.9909 -0.1327 -0.0221
vn -0.9935 -0.1136 0.0004
vn -0.9467 -0.1153 -0.3008
vn -0.9434 -0.1279 -0.3059
vn 0.2831 0.2859 0.9155
vn 0.2919 0.3553 0.8880
vn 0.2955 0.3872 0.8734
vn 0.2806 0.2592 0.9242
vn 0.3021 0.2296 0.9252
vn 0.1716 0.3969 0.9017
vn 0.4007 0.0005 0.9162
vn -0.3087 0.0627 -0.9491
vn -0.2766 0.0509 -0.9596
vn -0.3886 0.0924 -0.9167
vn 0.6303 -0.0079 0.7763
vn -0.6019 -0.0065 -0.7985
vn -0.6061 -0.0138 -0.7953
vn -0.6239 -0.0462 -0.7801
vn 0.9673 0.0486 0.2488
vn 0.9795 -0.0618 0.1916
vn 0.9309 0.1854 0.3148
vn -0.3728 -0.2162 -0.9024
vn -0.4684 -0.0208 -0.8833
vn 0.9543 0.1608 0.2519
vn 0.9432 0.2882 0.1652
vn 0.9308 0.3438 0.1245
vn 0.9955 0.0351 0.0876
vn 0.9949 0.0298 0.0960
vn 0.9971 0.0617 0.0449
vn 0.9758 0.2151 0.0380
vn -0.7965 -0.2023 0.5698
vn -0.7988 -0.1993 0.5677
vn -0.7690 -0.2365 0.5939
vn -0.8659 -0.0407 0.4985
vn -0.1717 0.3769 -0.9102
vn -0.2181 0.0780 -0.9728
vn -0.2865 0.2163 -0.9334
vn 0.9467 -0.2276 0.2280
vn 0.9583 -0.2037 0.2004
vn 0.9334 -0.2517 0.2558
vn 0.9776 0.1204 0.1724
vn 0.9954 0.0568 0.0772
vn 0.9986 0.0328 0.0412
vn 0.9890 0.0933 0.1148
vn 0.9872 0.0739 0.1415
vn 0.9897 0.1131 0.0873
vn 0.8586 0.2097 -0.4679
vn 0.8371 0.1945 -0.5114
vn 0.8228 0.1849 -0.5374
vn 0.5568 0.2709 -0.7852
vn 0.5892 0.2579 -0.7657
vn 0.5462 0.2750 -0.7912
vn -0.9856 0.0400 -0.1644
vn -0.9690 0.0967 -0.2273
vn -0.9329 0.1763 -0.3141
vn 0.8862 0.1389 -0.4420
vn -0.9213 -0.3482 -0.1733
vn -0.9825 -0.0289 -0.1838
vn 0.4072 0.0587 0.9115
vn 0.3456 0.0286 0.9380
vn 0.4351 0.0727 0.8974
vn -0.9667 -0.1521 -0.2061
vn -0.9978 -0.0179 -0.0632
vn 0.3794 -0.1942 0.9046
vn 0.3766 -0.1969 0.9052
vn 0.3833 -0.1905 0.9038
vn 0.5826 -0.0164 0.8126
vn 0.2960 -0.1166 0.9480
vn 0.5921 0.0824 0.8016
vn -0.5445 0.8162 -0.1932
vn -0.4603 0.8841 0.0802
vn -0.4741 0.8756 0.0924
vn 0.8423 0.2652 -0.4693
vn 0.8761 0.1949 -0.4410
vn 0.9094 0.1069 -0.4021
vn 0.7819 0.5263 -0.3341
vn 0.6470 0.7620 -0.0276
vn 0.7520 0.6552 -0.0718
vn 0.6019 0.7985 -0.0102
vn 0.2067 0.9554 0.2108
vn 0.1875 0.9721 0.1410
vn 0.2112 0.9506 0.2276
vn 0.3519 -0.2086 0.9125
vn 0.1445 0.9070 0.3956
vn 0.3475 0.9364 0.0489
vn 0.3607 0.9324 0.0221
vn 0.6040 0.4205 -0.6771
vn 0.5895 0.4393 -0.6779
vn 0.6570 0.3451 -0.6703
vn 0.6771 0.1453 -0.7214
vn 0.6722 0.1192 -0.7307
vn 0.6845 0.1908 -0.7036
vn 0.5340 0.1243 -0.8363
vn -0.7118 -0.1797 0.6790
vn -0.7036 -0.1541 0.6936
vn -0.6864 -0.1051 0.7196
vn -0.8211 0.0985 0.5622
vn -0.8214 0.0981 0.5619
vn -0.7974 0.1321 0.5888
vn -0.4497 -0.0030 0.8932
vn 0.8960 0.3458 0.2787
vn 0.8929 0.3635 0.2655
vn 0.8689 0.4562 0.1920
vn -0.6638 0.2781 0.6943
vn 0.9708 0.0457 0.2355
vn 0.9207 0.3880 0.0431
vn 0.9277 0.3691 0.0556
vn 0.9437 0.3188 0.0881
vn -0.9811 -0.1215 -0.1508
vn -0.9823 -0.0893 -0.1645
vn -0.9777 -0.1627 -0.1327
vn -0.0848 -0.1994 -0.9762
vn -0.1320 0.0359 -0.9906
vn -0.1313 0.0344 -0.9907
vn -0.1279 0.0276 -0.9914
vn -0.9916 0.0765 -0.1043
vn -0.0913 0.9863 0.1370
vn 0.0447 0.9755 0.2153
vn -0.1429 0.9840 0.1061
vn 0.3778 0.5259 0.7621
vn -0.5060 0.8556 -0.1092
vn -0.5190 0.8461 -0.1219
vn -0.5257 0.8409 -0.1286
vn -0.2221 0.9198 0.3235
vn 0.3248 0.8541 -0.4062
vn 0.3246 0.8542 -0.4062
vn 0.3245 0.8542 -0.4062
vn -0.3005 0.9535 0.0219
vn -0.3584 0.9129 0.1955
vn -0.3681 0.8973 0.2435
vn -0.3532 0.9197 0.1713
vn 0.6230 0.7804 0.0531
vn 0.2815 0.9585 0.0452
vn -0.6939 0.4340 0.5746
vn -0.6410 0.7548 0.1388
vn -0.6180 0.7801 0.0977
vn -0.6547 0.7378 0.1646
vn 0.4324 0.6693 -0.6043
vn 0.5707 0.5566 -0.6037
vn 0.6521 0.4725 -0.5928
vn -0.8397 0.5341 -0.0978
vn -0.9214 0.3411 -0.1862
vn 0.7471 0.4780 -0.4618
vn 0.7612 0.4619 -0.4553
vn 0.7688 0.4528 -0.4516
vn -0.6653 0.5267 0.5292
vn -0.6649 0.4428 0.6016
vn -0.6628 0.5616 0.4952
vn -0.3956 0.5064 -0.7662
vn -0.4800 0.3118 -0.8200
vn -0.3391 0.6064 -0.7192
vn -0.7645 0.6207 0.1742
vn 0.5967 0.8022 -0.0216
vn 0.6977 0.6824 0.2181
vn -0.9427 -0.1279 -0.3083
vn -0.9481 -0.1271 -0.2916
vn -0.1548 0.6326 -0.7589
vn -0.3324 0.8074 -0.4874
vn -0.2026 0.7840 -0.5867
vn 0.0505 0.8836 0.4656
vn 0.7690 0.0109 -0.6392
vn -0.2430 -0.3251 -0.9139
vn -0.9957 -0.0551 -0.0742
vn -0.9961 -0.0659 -0.0594
vn -0.9959 -0.0817 -0.0377
vn -0.8918 -0.1001 0.4413
vn -0.8873 -0.0764 0.4549
vn -0.9034 -0.2037 0.3773
vn -0.9682 -0.2363 -0.0821
vn 0.5352 0.2570 0.8047
vn 0.5488 0.3030 0.7791
vn 0.5654 0.3668 0.7388
vn 0.5669 0.0120 0.8237
vn 0.9856 0.0051 0.1688
vn 0.9544 0.2796 0.1044
vn 0.9648 0.2484 0.0868
vn 0.2060 -0.9334 0.2939
vn 0.1569 -0.9813 0.1118
vn -0.4742 -0.8789 -0.0528
vn 0.1339 -0.9908 0.0194
vn -0.0667 -0.8523 -0.5187
vn 0.3587 -0.9309 -0.0686
vn 0.2344 -0.9719 0.0238
vn 0.2712 -0.9617 0.0396
vn 0.9985 0.0431 0.0328
vn 0.0022 0.0859 0.9963
vn 0.5801 -0.1376 0.8029
vn 0.3992 0.0749 0.9138
vn 0.9850 -0.1705 -0.0278
vn -0.4262 0.1370 -0.8942
vn -0.5781 0.2930 -0.7615
vn -0.7712 -0.1420 0.6206
vn -0.7295 0.0153 0.6839
vn -0.3416 -0.0019 -0.9398
vn 0.2623 0.1296 0.9562
vn -0.5090 0.7528 -0.4175
vn -0.0819 0.9851 0.1510
vn 0.2234 -0.7423 -0.6317
vn -0.0809 -0.9788 0.1882
vn -0.1477 0.2661 0.9526
vn -0.1026 -0.7678 0.6324
vn 0.1553 0.5382 -0.8284
vn 0.1984 0.6374 -0.7445
vn 0.4520 -0.8504 -0.2695
vn 0.2596 -0.9233 -0.2831
vn 0.0268 0.9955 0.0904
vn -0.0472 0.9488 0.3122
vn -0.0466 0.9931 0.1079
vn -0.3135 0.9400 -0.1344
vn -0.9236 0.3676 -0.1087
vn -0.9510 0.1212 -0.2845
vn -0.9970 -0.0761 0.0112
vn 0.8909 -0.1336 0.4340
vn 0.9558 -0.0278 -0.2927
vn -0.1216 -0.8057 -0.5797
vn -0.3984 -0.3770 0.8362
vn -0.3916 -0.7459 0.5388
vn 0.4188 -0.3238 -0.8484
vn -0.1694 0.6814 -0.7120
vn -0.9335 -0.2897 0.2112
vn 0.4497 -0.8874 -0.1017
vn -0.1123 -0.9883 -0.1029
vn 0.0092 -0.9224 -0.3862
vn -0.0648 -0.2633 0.9625
vn 0.0090 -0.4913 0.8710
vn -0.3036 0.0567 0.9511
vn -0.2889 -0.7728 0.5651
vn 0.8720 -0.2939 -0.3914
vn 0.1672 0.5040 -0.8474
vn 0.2748 0.2047 -0.9395
vn -0.0451 -0.9304 -0.3638
vn 0.9853 0.1611 0.0570
vn 0.1945 0.0545 0.9794
vn -0.9165 -0.0917 0.3894
vn -0.9147 -0.1847 -0.3595
vn -0.9881 -0.0859 -0.1276
vn -0.9728 -0.1502 -0.1766
vn 0.8161 -0.0051 -0.5778
vn -0.9894 -0.1415 -0.0324
vn 0.2809 0.2700 0.9210
vn 0.3959 0.0894 0.9139
vn -0.2286 0.0333 -0.9729
vn -0.5785 0.0331 -0.8150
vn 0.9802 -0.0961 0.1731
vn 0.9452 0.0456 0.3232
vn 0.9922 0.0122 0.1240
vn -0.8323 -0.1524 0.5329
vn 0.9661 -0.1856 0.1796
vn 0.9662 0.1469 0.2120
vn 0.9857 0.0628 0.1566
vn 0.8660 0.2153 -0.4513
vn 0.6012 0.2529 -0.7581
vn -0.9916 0.0083 -0.1289
vn 0.3102 0.0117 0.9506
vn 0.3738 -0.1995 0.9058
vn 0.8083 0.3246 -0.4913
vn 0.8006 0.5917 -0.0947
vn 0.1798 0.9771 0.1138
vn 0.1291 0.8992 0.4180
vn 0.5360 0.5034 -0.6777
vn 0.6572 0.0526 -0.7519
vn -0.7310 -0.2506 0.6347
vn -0.8607 0.0339 0.5080
vn 0.9037 0.2708 0.3317
vn 0.8945 0.4470 0.0030
vn -0.9822 -0.0487 -0.1816
vn -0.1385 0.0488 -0.9892
vn 0.1048 0.9630 0.2483
vn -0.5017 0.8586 -0.1051
vn 0.3249 0.8540 -0.4062
vn -0.3720 0.8899 0.2641
vn -0.6104 0.7875 0.0849
vn 0.3201 0.7395 -0.5922
vn 0.7354 0.4910 -0.4669
vn -0.6625 0.4086 0.6278
vn -0.5185 0.1917 -0.8333
vn -0.9405 -0.1216 -0.3172
vn -0.9940 -0.0325 -0.1048
vn -0.8541 0.0444 0.5182
vn 0.5133 0.1907 0.8367
vn -0.3685 -0.8963 -0.2466
vn 0.1215 -0.9856 0.1180
vn -0.1086 -0.9763 0.1872
vn 0.3646 -0.9311 0.0121
s 1
usemtl Material.085
f 2178//4946 1955//4946 2078//4946
f 2023//4947 1958//4947 2175//4947
f 2026//4948 2015//4948 2174//4948
f 2030//4949 2039//4949 2037//4949
f 2022//4950 2032//4950 2030//4950
f 2143//4951 1960//4951 2027//4951
f 2172//4952 2029//4952 2018//4952
f 2040//4953 2036//4953 2171//4953
f 2041//4954 2034//4954 2027//4954
f 2169//4955 1963//4955 2035//4955
f 2047//4956 1998//4956 2168//4956
f 1978//4957 2057//4957 2158//4957
f 2153//4958 2001//4958 2058//4958
f 2042//4959 1965//4959 2059//4959
f 1984//4960 2076//4960 2023//4960
f 2070//4961 1985//4961 2016//4961
f 2063//4962 2077//4962 2026//4962
f 2083//4963 1988//4963 1953//4963
f 2086//4964 1994//4964 2081//4964
f 2146//4965 1993//4965 2017//4965
f 2087//4966 1992//4966 2146//4966
f 2177//4967 2079//4967 2144//4967
f 2139//4968 2050//4968 2141//4968
f 2111//4969 2105//4969 2135//4969
f 2135//4970 2008//4970 2133//4970
f 2132//4971 2114//4971 2010//4971
f 2011//4972 2130//4972 2131//4972
f 2129//4973 2115//4973 2113//4973
f 2004//4974 2124//4974 2127//4974
f 2003//4975 2122//4975 2134//4975
f 2008//4976 2105//4977 2118//4978
f 2104//4979 2115//4979 2129//4979
f 2124//4980 2130//4980 2011//4980
f 2120//4981 2012//4981 2111//4981
f 2132//4982 2010//4982 2117//4982
f 2133//4983 2008//4983 2104//4983
f 1997//4984 1980//4984 2107//4984
f 1967//4985 2109//4985 2093//4985
f 2135//4986 2105//4986 2008//4986
f 1969//4987 2135//4987 1971//4987
f 2091//4988 2110//4988 2108//4988
f 1979//4989 2095//4989 2092//4989
f 2139//4990 2051//4990 2050//4990
f 1968//4991 2141//4991 2100//4991
f 2092//4992 2096//4992 2088//4992
f 2090//4993 2100//4993 2099//4993
f 2142//4994 1989//4994 1990//4994
f 2143//4995 1990//4995 1954//4995
f 1989//4996 2144//4996 1990//4996
f 1989//4997 2177//4997 2144//4997
f 2146//4998 1992//4998 1993//4998
f 2079//4999 2087//4999 2146//4999
f 1956//5000 2017//5000 2018//5000
f 2081//5001 2082//5001 2084//5001
f 1995//5002 2081//5002 2084//5002
f 2021//5003 2084//5003 2022//5003
f 1995//5004 2084//5004 2021//5004
f 1958//5005 2174//5005 2082//5005
f 2083//5006 1953//5006 2025//5006
f 2077//5007 2064//5007 2066//5007
f 2063//5008 2064//5008 2077//5008
f 2026//5009 2077//5009 2015//5009
f 2069//5010 2147//5010 2068//5010
f 2151//5011 2148//5011 2020//5011
f 2023//5012 2063//5012 1958//5012
f 2150//5013 1985//5014 2070//5013
f 1955//5015 2150//5013 2070//5013
f 1983//5016 2073//5016 2067//5016
f 2151//5017 2073//5017 1983//5017
f 2045//5018 2151//5018 2019//5018
f 2061//5019 1973//5019 1974//5019
f 2166//5020 1966//5020 2152//5020
f 2153//5021 1976//5021 2001//5021
f 2154//5022 2153//5022 1978//5022
f 2154//5023 1975//5024 2153//5025
f 2042//5026 2059//5026 2044//5026
f 2053//5027 2156//5027 1999//5027
f 2176//5028 1974//5028 2157//5028
f 1978//5029 2153//5029 2057//5029
f 2051//5030 2161//5030 2050//5030
f 2046//5031 1970//5031 2162//5031
f 2056//5032 2048//5032 1976//5032
f 2163//5033 2004//5033 2109//5033
f 2064//5034 2166//5034 1974//5034
f 2068//5035 2166//5035 2149//5035
f 2167//5036 2044//5036 2052//5036
f 1986//5037 2167//5037 1987//5037
f 1986//5038 2044//5038 2167//5038
f 2062//5039 2168//5039 1973//5039
f 2172//5040 2170//5040 2040//5040
f 1959//5041 1962//5041 2173//5041
f 1959//5042 2027//5042 1962//5042
f 2018//5043 2031//5043 1956//5043
f 1953//5044 2143//5044 1959//5044
f 2022//5045 2033//5045 2021//5045
f 1961//5046 2030//5046 1964//5046
f 1954//5047 2031//5047 1960//5047
f 1956//5048 2031//5048 1954//5048
f 2174//5049 2015//5049 1988//5049
f 2176//5050 1965//5050 2065//5050
f 2064//5051 2176//5051 2065//5051
f 2079//5052 2019//5052 2087//5052
f 2045//5053 2019//5053 2079//5053
f 2019//5054 2151//5054 2080//5054
f 2064//5055 1974//5055 2176//5055
f 2172//5056 2033//5056 1961//5056
f 1962//5057 1963//5058 1964//5059
f 2042//5060 2065//5061 1965//5062
f 2166//5063 2068//5063 1966//5063
f 2074//5064 2167//5064 2052//5064
f 2168//5065 1998//5065 1970//5065
f 2177//5066 2045//5067 2079//5068
f 1981//5069 2159//5070 2059//5071
f 2056//5072 2054//5073 2002//5074
f 1999//5075 2155//5076 2053//5077
f 2152//5078 1972//5079 2061//5080
f 2052//5081 1975//5081 2154//5081
f 2153//5025 1975//5024 1976//5082
f 2062//5083 1972//5084 2058//5085
f 2073//5086 2045//5087 2072//5088
f 1987//5089 2073//5090 2072//5091
f 2082//5092 1994//5093 1958//5094
f 2066//5095 1982//5095 2075//5095
f 2069//5096 2068//5096 2149//5096
f 2148//5097 2151//5097 1983//5097
f 2084//5098 2082//5098 2024//5098
f 1991//5099 2145//5100 2144//5101
f 2085//5102 1995//5102 2021//5102
f 2143//5103 2142//5103 1990//5103
f 2142//5104 2178//5105 1989//5106
f 2092//5107 1999//5107 2049//5107
f 2060//5108 2102//5109 2002//5110
f 2101//5111 2001//5111 2138//5111
f 2137//5112 2094//5112 2058//5112
f 2136//5113 2133//5113 2104//5113
f 2112//5114 2009//5114 2106//5114
f 2116//5115 2115//5116 2118//5117
f 2116//5118 2111//5119 2012//5120
f 2127//5121 2124//5121 2011//5121
f 2006//5122 2126//5123 2125//5124
f 2126//5125 2009//5126 2013//5127
f 2127//5128 2009//5129 2004//5130
f 2127//5131 2011//5131 2013//5131
f 2122//5132 2007//5133 2134//5134
f 2119//5135 2122//5135 2114//5135
f 2118//4978 2105//4977 2116//5136
f 2123//5137 2006//5138 2128//5139
f 2006//5140 2125//5140 2128//5140
f 2012//5141 2129//5142 2113//5143
f 2005//5144 2129//5145 2120//5146
f 2124//5147 2163//5148 2130//5149
f 2123//5150 2163//5151 2108//5152
f 2010//5153 2122//5154 2121//5155
f 2122//5156 2103//5157 2121//5158
f 2111//5159 2005//5159 2120//5159
f 2123//5160 2131//5161 2130//5162
f 2012//5163 2113//5163 2116//5163
f 2125//5164 2131//5165 2128//5166
f 2131//5167 2013//5168 2011//5169
f 2132//5170 2014//5171 2119//5172
f 1969//5173 2005//5174 2111//5175
f 2119//5176 2114//5176 2132//5176
f 2090//5177 1971//5177 2133//5177
f 1971//5178 2135//5178 2133//5178
f 2106//5179 2110//5180 2112//5181
f 2094//5182 2112//5182 2110//5182
f 2094//5183 1977//5183 2112//5183
f 2004//5184 2112//5185 2109//5186
f 2112//5187 2093//5188 2109//5189
f 1979//5190 2134//5191 2007//5192
f 2134//5193 2088//5194 2003//5195
f 1969//5196 2111//5196 2135//5196
f 2108//5197 2110//5197 2006//5197
f 2091//5198 2094//5198 2110//5198
f 2136//5199 1968//5200 2090//5201
f 2005//5202 2136//5199 2104//5203
f 2090//5204 2133//5204 2136//5204
f 2118//5205 2104//5206 2008//5207
f 2060//5208 2092//5209 2095//5210
f 2058//5211 2101//5212 2137//5213
f 1980//5214 2102//5109 2095//5215
f 2137//5216 1977//5217 2094//5218
f 2098//5219 2093//5220 2138//5221
f 2093//5222 2101//5223 2138//5224
f 1969//5225 1971//5225 2139//5225
f 1998//5226 2141//5227 2050//5228
f 2141//5229 1969//5173 2139//5230
f 1971//5231 2090//5231 2099//5231
f 2096//5232 2049//5233 2046//5234
f 2058//5235 2097//5236 2047//5237
f 1998//5238 2099//5239 2100//5240
f 2094//5241 2091//5241 2097//5241
f 2090//5242 1968//5242 2100//5242
f 2142//5243 1953//5244 1988//5245
f 1988//5246 2178//5105 2142//5104
f 1956//5247 2145//5248 2017//5249
f 2144//5250 2079//5250 1991//5250
f 1993//5251 2018//5252 2017//5253
f 1954//5254 1990//5254 2145//5254
f 1990//5255 2144//5255 2145//5255
f 1991//5256 2079//5256 2146//5256
f 1995//5257 2086//5258 2081//5259
f 2017//5260 1991//5260 2146//5260
f 2085//5261 1992//5262 2086//5263
f 2021//5264 1993//5265 2085//5266
f 1982//5267 2064//5268 2065//5269
f 2022//5270 2084//5270 2024//5270
f 2083//5271 2174//5271 1988//5271
f 2082//5272 2174//5272 2083//5272
f 2024//5273 2083//5273 2025//5273
f 2024//5274 2082//5274 2083//5274
f 2069//5275 2148//5276 2147//5277
f 1958//5278 2063//5278 2026//5278
f 2147//5279 1983//5280 2067//5281
f 1984//5282 2020//5283 2148//5276
f 1987//5284 2071//5285 1986//5286
f 1985//5287 2045//5288 2016//5289
f 1985//5290 2071//5290 2072//5290
f 2064//5291 2076//5292 2149//5293
f 2016//5294 1955//5294 2070//5294
f 2069//5295 2076//5296 1984//5297
f 2071//5298 2075//5299 1986//5300
f 2063//5301 2023//5301 2076//5301
f 2175//5302 1984//5302 2023//5302
f 2071//5303 2150//5304 2066//5305
f 2150//5306 2015//5307 2077//5308
f 2150//5309 2077//5309 2066//5309
f 2154//5310 2043//5311 2052//5312
f 2067//5313 2073//5313 2074//5313
f 2061//5314 2062//5314 1973//5314
f 2152//5315 2061//5315 1974//5315
f 1974//5316 2166//5316 2152//5316
f 2002//5317 2155//5318 2060//5319
f 2155//5320 1981//5321 2059//5322
f 2155//5323 1965//5324 2053//5325
f 1965//5326 2156//5327 2053//5328
f 2156//5329 1974//5330 1973//5331
f 2057//5332 1966//5333 2158//5334
f 2176//5335 2157//5335 1965//5335
f 1972//5336 2153//5336 2058//5336
f 2057//5337 2153//5337 1972//5337
f 1976//5338 2055//5339 2056//5340
f 1966//5341 2043//5341 2158//5341
f 2043//5342 1978//5342 2158//5342
f 1975//5343 2159//5344 2055//5345
f 1981//5346 2054//5346 2055//5346
f 2044//5347 2159//5347 2052//5347
f 2044//5348 2059//5348 2159//5348
f 2107//5349 2103//5349 2003//5349
f 2088//5350 2107//5350 2003//5350
f 2088//5351 1997//5351 2107//5351
f 2160//5352 1998//5353 2050//5354
f 2160//5355 2050//5355 2161//5355
f 2162//5356 1996//5357 2046//5358
f 2109//5359 2089//5360 2163//5361
f 2002//5362 1996//5362 2056//5362
f 2108//5363 2089//5364 2091//5365
f 2046//5366 2168//5367 1970//5368
f 2168//5369 1999//5370 2156//5371
f 2156//5372 1973//5372 2168//5372
f 2138//5373 1976//5374 2164//5375
f 2043//5376 2074//5377 2052//5378
f 1976//5379 2048//5379 2164//5379
f 2044//5380 2075//5381 2165//5382
f 1987//5383 2167//5383 2074//5383
f 2165//5384 2042//5384 2044//5384
f 2165//5385 1982//5386 2065//5387
f 2043//5388 2068//5389 2067//5390
f 2149//5391 2166//5391 2064//5391
f 2168//5392 2058//5393 2047//5394
f 2147//5395 2067//5395 2068//5395
f 2169//5396 1960//5397 2028//5398
f 2169//5399 2035//5399 2041//5399
f 2170//5400 1961//5401 1964//5402
f 2028//5403 1963//5403 2169//5403
f 2039//5404 2173//5405 1962//5406
f 2039//5407 1962//5407 2038//5407
f 2171//5408 2028//5409 2029//5410
f 1962//5411 2027//5411 2034//5411
f 1960//5412 2041//5412 2027//5412
f 1963//5413 2171//5413 2036//5413
f 2040//5414 2029//5415 2172//5416
f 2032//5417 2025//5418 2173//5419
f 1957//5420 2021//5420 2172//5420
f 2021//5421 2033//5421 2172//5421
f 2173//5422 1953//5423 1959//5424
f 2029//5425 2031//5426 2018//5427
f 2030//5428 2033//5429 2022//5430
f 1957//5431 2172//5431 2018//5431
f 1959//5432 2143//5432 2027//5432
f 1954//5433 1960//5433 2143//5433
f 1994//5434 2020//5283 2175//5435
f 2024//5436 2032//5436 2022//5436
f 2030//5437 2037//5437 1964//5437
f 2032//5438 2039//5438 2030//5438
f 1960//5439 2031//5439 2028//5439
f 1958//5440 2026//5440 2174//5440
f 1994//5441 2175//5441 1958//5441
f 2086//5442 2080//5443 2020//5444
f 2080//5445 2087//5446 2019//5447
f 2080//5448 2151//5448 2020//5448
f 2016//5449 2078//5450 1955//5451
f 1989//5452 2078//5452 2177//5452
f 2178//5453 2078//5453 1989//5453
f 1988//5454 2015//5454 2178//5454
f 2015//5455 1955//5455 2178//5455
f 1964//5059 2037//5456 2039//5457
f 1962//5057 2034//5458 2041//5459
f 2041//5459 2035//5460 1963//5058
f 1963//5058 2036//5461 2040//5462
f 2040//5462 2170//5463 1964//5059
f 1964//5059 2039//5457 1962//5057
f 1962//5057 2041//5459 1963//5058
f 1963//5058 2040//5462 1964//5059
f 2042//5060 2165//5464 2065//5061
f 2177//5066 2016//5465 2045//5067
f 1981//5069 2055//5466 2159//5070
f 2056//5072 2055//5467 2054//5073
f 1999//5075 2060//5468 2155//5076
f 2152//5078 1966//5469 1972//5079
f 2062//5083 2061//5470 1972//5084
f 2073//5086 2151//5471 2045//5087
f 1987//5089 2074//5472 2073//5090
f 2082//5092 2081//5473 1994//5093
f 1991//5099 2017//5474 2145//5100
f 2060//5108 2095//5215 2102//5109
f 2116//5115 2113//5475 2115//5116
f 2116//5118 2105//5476 2111//5119
f 2006//5122 2106//5477 2126//5123
f 2126//5125 2106//5478 2009//5126
f 2117//5479 2010//5479 2121//5479
f 2127//5128 2013//5480 2009//5129
f 2122//5132 2119//5481 2007//5133
f 2123//5137 2108//5482 2006//5138
f 2012//5141 2120//5483 2129//5142
f 2005//5144 2104//5484 2129//5145
f 2124//5147 2004//5485 2163//5148
f 2123//5150 2130//5486 2163//5151
f 2010//5153 2114//5487 2122//5154
f 2122//5156 2003//5488 2103//5157
f 2123//5160 2128//5489 2131//5161
f 2125//5164 2126//5490 2131//5165
f 2131//5167 2126//5491 2013//5168
f 2132//5170 2117//5492 2014//5171
f 1969//5173 1968//5493 2005//5174
f 2106//5179 2006//5494 2110//5180
f 2004//5184 2009//5495 2112//5185
f 2112//5187 1977//5496 2093//5188
f 1979//5190 2092//5497 2134//5191
f 2134//5193 2092//5498 2088//5194
f 2136//5199 2005//5202 1968//5200
f 2118//5205 2115//5499 2104//5206
f 2060//5208 1999//5500 2092//5209
f 2058//5211 2001//5501 2101//5212
f 2137//5216 2101//5502 1977//5217
f 1996//5503 2002//5503 2102//5503
f 2102//5504 1980//5504 1997//5504
f 2098//5219 1967//5505 2093//5220
f 2093//5222 1977//5506 2101//5223
f 1998//5226 2100//5507 2141//5227
f 2141//5229 1968//5493 1969//5173
f 2096//5232 2092//5508 2049//5233
f 2058//5235 2094//5509 2097//5236
f 1998//5238 2047//5510 2099//5239
f 2142//5243 2143//5511 1953//5244
f 1956//5247 1954//5512 2145//5248
f 1993//5251 1957//5513 2018//5252
f 1995//5257 2085//5514 2086//5258
f 2085//5261 1993//5515 1992//5262
f 2021//5264 1957//5516 1993//5265
f 1982//5267 2066//5517 2064//5268
f 2069//5275 1984//5282 2148//5276
f 2147//5279 2148//5518 1983//5280
f 1984//5282 2175//5435 2020//5283
f 1987//5284 2072//5519 2071//5285
f 1985//5287 2072//5520 2045//5288
f 2064//5291 2063//5521 2076//5292
f 2069//5295 2149//5522 2076//5296
f 2071//5298 2066//5523 2075//5299
f 2071//5303 1985//5524 2150//5304
f 2150//5306 1955//5525 2015//5307
f 2154//5310 1978//5526 2043//5311
f 2002//5317 2054//5527 2155//5318
f 2155//5320 2054//5528 1981//5321
f 2155//5323 2059//5529 1965//5324
f 1965//5326 2157//5530 2156//5327
f 2156//5329 2157//5531 1974//5330
f 2057//5332 1972//5532 1966//5333
f 1976//5338 1975//5533 2055//5339
f 1975//5343 2052//5534 2159//5344
f 2160//5352 1970//5535 1998//5353
f 2162//5356 2140//5536 1996//5357
f 2109//5359 1967//5537 2089//5360
f 2108//5363 2163//5538 2089//5364
f 2046//5366 2049//5539 2168//5367
f 2168//5369 2049//5540 1999//5370
f 2138//5373 2001//5541 1976//5374
f 2043//5376 2067//5542 2074//5377
f 2044//5380 1986//5543 2075//5381
f 2165//5385 2075//5544 1982//5386
f 2043//5388 1966//5545 2068//5389
f 2168//5392 2062//5546 2058//5393
f 2169//5396 2041//5547 1960//5397
f 2170//5400 2172//5548 1961//5401
f 2039//5404 2032//5549 2173//5405
f 2171//5408 1963//5550 2028//5409
f 2040//5414 2171//5551 2029//5415
f 2032//5417 2024//5552 2025//5418
f 2173//5422 2025//5553 1953//5423
f 2029//5425 2028//5554 2031//5426
f 2030//5428 1961//5555 2033//5429
f 1994//5434 2086//5556 2020//5283
f 2086//5442 1992//5557 2080//5443
f 2080//5445 1992//5558 2087//5446
f 2016//5449 2177//5559 2078//5450
usemtl Material.086
f 2194//5560 2191//5560 2192//5560
f 2181//5561 2179//5561 2182//5561
f 2193//5562 2191//5562 2194//5562
f 2180//5563 2182//5563 2179//5563
l 2189 2190
l 2184 2195
l 2185 2187
l 2195 2196
l 2000 2140
l 2183 2186
l 2192 2196
o Cylinder.018
v 26.031982 12.475292 -49.009323
v 25.960711 12.445379 -48.589970
v 25.893158 13.145712 -48.699085
v 25.706692 12.408762 -48.537472
v 25.507416 12.350798 -48.815166
v 25.772741 12.965309 -49.328999
v 26.095984 12.387943 -48.987953
v 25.999580 12.389358 -48.539032
v 25.525543 12.239469 -49.249447
v 26.211582 12.332437 -49.083496
v 25.687588 12.277323 -48.271042
v 25.477829 12.196233 -49.337070
v 25.821791 14.053072 -49.073166
v 25.413376 13.845803 -49.232315
v 24.460238 14.778639 -49.069008
v 25.205275 15.344191 -50.369678
v 25.224180 15.376615 -50.311012
v 25.717764 14.902693 -48.930695
v 25.104721 15.354559 -50.190594
v 25.407490 14.325287 -49.156036
v 25.585381 14.424550 -49.206524
v 25.655457 14.029180 -49.295582
v 25.554749 14.063678 -48.598736
v 25.507698 14.448272 -48.588100
v 24.434952 14.637556 -49.147034
v 25.353199 13.972042 -48.873028
v 26.647736 14.932749 -48.682819
v 26.730324 14.941340 -48.492378
v 25.772137 14.112020 -48.715775
v 25.884781 13.599489 -49.097031
v 25.416655 13.289764 -48.870262
v 25.486982 13.245108 -49.236946
v 25.845161 13.372621 -48.705708
v 25.835854 13.538379 -48.729523
v 25.561825 13.537892 -48.636593
v 25.991842 12.896432 -49.015621
v 25.908352 12.809023 -48.655891
v 25.952414 12.635127 -48.643200
v 25.671503 12.644267 -48.538868
v 25.466755 12.756878 -48.846764
v 25.486618 12.501377 -48.828651
v 25.537148 12.792497 -49.204887
v 25.569778 12.599227 -49.176685
v 25.745483 14.861965 -48.601906
v 26.644655 15.025154 -48.444218
v 25.542871 14.898806 -49.221024
v 25.809750 14.582219 -48.981709
v 25.686846 15.003476 -48.559795
v 25.300146 14.511820 -48.802048
v 25.776815 14.545973 -48.686234
v 27.047132 15.246649 -48.547508
v 24.005257 14.910407 -49.207520
v 25.051247 15.587060 -50.881969
v 24.004019 14.856684 -49.464195
v 27.067066 15.158545 -48.600769
v 24.890726 15.623192 -50.886780
v 23.982141 14.804422 -49.266315
v 27.247227 15.285713 -48.312836
v 23.760078 14.897861 -49.271229
v 24.952703 15.671223 -51.215214
v 23.777622 14.779222 -49.330109
v 27.265646 15.178998 -48.339985
v 25.939619 13.093408 -49.065773
v 25.748152 13.132367 -48.581497
v 25.666052 12.533785 -48.522396
v 25.579948 12.389660 -48.635300
v 25.511585 13.049960 -48.695301
v 25.465878 13.003346 -49.074409
v 25.569176 12.380894 -49.180923
v 25.702450 12.389811 -49.262585
v 25.635057 13.180352 -49.313953
v 25.837210 12.404702 -49.277660
v 25.951900 12.434934 -49.177914
v 25.848057 13.182561 -49.234688
v 26.155548 12.351306 -48.703148
v 25.730566 12.336275 -48.409130
v 25.530876 12.293675 -48.592113
v 25.727510 12.281944 -49.365353
v 25.681549 12.382018 -48.490623
v 25.874096 12.338573 -49.340309
v 25.562189 12.322609 -49.253128
v 26.200724 12.316950 -48.728245
v 25.898886 12.281267 -48.304680
v 25.509796 12.221527 -48.443588
v 25.696474 12.198949 -49.481667
v 26.114759 12.307328 -49.318409
v 25.931276 12.253087 -49.474297
v 25.382055 12.193921 -48.736919
v 26.095789 12.357122 -48.454632
v 25.826145 13.949673 -48.932072
v 25.360020 13.764235 -48.921806
v 25.792372 13.702207 -48.744804
v 25.609966 13.205814 -48.587517
v 25.776440 14.834735 -48.908161
v 25.318361 14.869604 -49.118477
v 25.523932 14.613299 -48.579369
v 25.813677 14.713009 -48.969131
v 25.542467 15.044418 -49.183216
v 25.444973 15.060559 -49.104630
v 25.555717 13.782915 -48.660984
v 25.782871 14.358493 -49.027683
v 25.733229 14.321577 -48.683659
v 25.655285 14.107733 -48.632088
v 25.662413 14.452585 -48.663464
v 25.386431 14.102106 -49.008411
v 25.319685 14.543499 -49.127739
v 25.780142 13.921671 -48.758335
v 25.811441 14.561900 -48.796921
v 25.510078 14.307823 -49.240643
v 25.499668 14.511040 -49.154537
v 25.730431 13.222255 -49.363392
v 25.709614 13.626063 -49.344677
v 25.842033 13.736968 -49.136562
v 25.901197 13.442563 -49.072453
v 25.382298 13.590122 -48.872425
v 25.423349 13.634897 -49.229744
v 25.462572 13.430492 -49.228394
v 25.861343 13.251328 -48.672184
v 25.839300 13.476383 -48.703205
v 25.584875 13.361357 -48.591866
v 25.486917 13.330563 -48.711864
v 25.449705 13.570696 -48.756920
v 25.888075 13.591697 -48.915329
v 25.597673 13.308578 -49.329239
v 25.925045 13.334597 -49.073669
v 25.907635 13.042236 -48.658794
v 25.633774 12.822951 -48.551823
v 25.462980 12.943801 -48.868984
v 25.543179 12.705634 -49.206902
v 25.812746 12.686272 -49.304855
v 25.936714 12.590838 -49.211731
v 25.679344 12.544196 -49.254044
v 25.500513 12.588606 -48.995003
v 25.487206 12.722802 -49.030090
v 25.556284 12.832551 -48.705681
v 26.609537 15.029705 -48.667522
v 24.452175 14.796843 -49.212551
v 25.080940 15.288997 -50.296745
v 24.483568 14.786379 -49.283527
v 26.344103 14.831483 -48.794044
v 24.430679 14.693037 -49.073338
v 24.488573 14.695779 -49.337639
v 26.652161 14.908638 -48.624092
v 26.228968 14.925114 -48.761070
v 24.975727 14.835703 -49.164673
v 24.866379 14.721027 -48.935951
v 25.224710 15.109692 -49.720947
v 25.336456 15.157572 -49.875156
v 24.891979 14.578234 -48.994465
v 26.209150 14.728082 -48.607288
v 27.019413 15.251529 -48.448753
v 24.942831 15.539143 -50.825104
v 24.946949 15.659606 -50.917759
v 24.032785 14.781199 -49.365314
v 26.779957 15.096703 -48.428055
v 24.159763 14.913780 -49.373814
v 24.191608 14.835391 -49.131783
v 24.211592 14.790830 -49.416195
v 24.986080 15.680860 -51.035194
v 24.164246 14.732885 -49.211796
v 24.894388 15.673207 -51.220787
v 27.266775 15.304612 -48.478321
v 24.827938 15.651843 -51.178303
v 24.886942 15.693940 -51.174328
v 27.252029 15.229660 -48.296436
v 24.840448 15.655854 -51.117516
v 27.289822 15.212360 -48.524044
v 24.986679 15.661652 -51.128025
v 27.165281 15.274631 -48.322441
v 27.185362 15.301592 -48.485649
v 23.810085 14.940451 -49.444153
v 23.881098 14.914921 -49.220467
v 23.799547 14.822818 -49.522827
v 23.775782 14.784266 -49.459820
v 23.880215 14.833074 -49.248070
v 23.791309 14.874092 -49.509007
v 24.918554 15.618089 -51.104820
v 23.797413 14.904842 -49.337864
v 23.771179 14.851029 -49.415989
v 27.304264 15.242718 -48.399643
v 24.985849 15.456915 -50.576694
v 27.019079 15.200369 -48.601662
v 25.063828 15.487347 -50.518387
v 25.063839 15.452198 -50.622852
v 24.885101 14.618332 -49.090385
v 25.295212 14.617284 -48.766094
v 25.364519 15.192356 -49.671284
v 25.703545 14.921714 -48.583172
v 25.387779 15.146070 -49.752190
v 25.976852 12.773694 -48.899868
v 26.024420 12.446327 -48.796680
v 25.790352 12.689989 -48.567390
v 25.822262 12.560678 -48.568886
v 25.537474 12.670797 -48.689030
v 25.393209 13.494058 -49.046524
v 25.431473 13.228626 -49.056091
v 25.564528 13.465791 -49.299335
v 25.917416 13.340698 -48.912495
v 25.412794 13.141872 -48.847160
v 25.542435 13.967498 -49.275185
v 25.340065 14.324207 -48.795456
v 25.439238 13.952823 -48.744137
v 25.770947 14.339513 -48.867992
v 25.705130 14.393443 -49.134678
v 25.753090 14.016790 -49.222290
v 25.365931 13.908669 -49.056126
v 25.681068 13.912368 -48.684200
v 25.632664 15.039023 -48.980644
v 25.528646 15.151789 -49.046436
v 25.698704 14.894804 -48.792133
v 24.039356 14.923013 -49.356491
v 25.412653 14.748216 -48.634937
v 25.837009 13.693967 -48.927219
v 25.545694 13.683131 -49.342083
v 25.600941 13.621562 -48.632706
v 25.597843 14.686321 -49.159641
v 25.886541 12.352288 -48.347569
v 25.390551 12.182646 -49.069157
v 25.507877 12.263511 -48.477615
v 25.434488 12.245954 -48.761612
v 25.989336 12.365070 -49.192425
v 25.901640 12.920149 -49.174686
v 25.531494 12.932541 -49.253208
v 25.784758 13.740810 -49.245502
v 25.779463 12.997364 -48.569931
v 25.948277 13.000021 -48.894756
v 24.802940 14.492201 -47.775280
v 24.954357 14.549362 -47.939384
v 24.628496 14.523413 -47.334850
v 24.893034 14.530416 -47.548859
v 25.679432 15.312966 -49.228619
v 25.712732 14.713289 -48.358284
v 25.834883 14.856055 -48.492489
v 25.926474 15.147305 -49.068504
v 25.867315 15.006339 -48.452076
v 24.898340 14.634317 -48.479225
v 25.259941 14.518652 -48.454071
v 25.201664 14.522341 -48.494442
v 25.956934 14.617351 -47.399673
v 26.094894 14.648985 -47.720776
v 26.222542 14.660203 -47.022125
v 26.142126 14.573938 -47.518635
v 25.717470 14.646364 -47.975574
v 25.898045 14.656398 -47.924976
vn 0.9729 0.1883 0.1339
vn -0.2835 -0.1149 -0.9521
vn 0.8936 0.0816 -0.4414
vn -0.1728 0.8230 -0.5411
vn -0.1326 0.6674 -0.7328
vn 0.4556 0.8589 0.2338
vn -0.7892 0.5373 0.2975
vn -0.8950 0.2555 0.3657
vn 0.6470 0.7499 0.1380
vn 0.1238 0.5287 0.8398
vn -0.3530 -0.3428 -0.8705
vn -0.9846 0.1325 -0.1143
vn -0.9745 -0.2101 -0.0789
vn 0.8486 0.4389 0.2954
vn -0.5308 -0.2512 -0.8094
vn 0.3908 0.2933 0.8725
vn 0.7513 0.2614 -0.6060
vn 0.9189 0.0818 -0.3858
vn -0.9533 -0.0593 -0.2960
vn -0.8426 -0.1686 0.5115
vn -0.8692 0.1496 0.4713
vn 0.1091 0.0121 0.9940
vn 0.7970 0.5938 -0.1106
vn 0.3565 0.8913 0.2801
vn -0.6159 0.5999 0.5106
vn 0.7393 0.6537 0.1620
vn -0.6362 0.7184 -0.2812
vn 0.0140 -0.9020 -0.4316
vn -0.1098 -0.3166 0.9422
vn -0.0149 0.7639 -0.6451
vn -0.4423 0.8696 0.2195
vn -0.4429 0.8692 0.2198
vn -0.4425 0.8695 0.2196
vn -0.1476 -0.9551 -0.2568
vn -0.1480 0.9888 0.0206
vn 0.6168 0.7716 -0.1557
vn 0.8616 0.2092 0.4625
vn -0.8375 -0.5452 -0.0354
vn 0.1084 -0.4096 0.9058
vn -0.2220 0.0273 0.9747
vn -0.2973 0.8420 0.4502
vn 0.1826 0.9190 0.3495
vn 0.3986 0.4445 -0.8022
vn 0.4135 -0.8309 -0.3723
vn 0.2973 0.9384 0.1761
vn 0.8150 -0.4367 -0.3810
vn 0.0996 0.4372 -0.8938
vn -0.0009 -0.9548 -0.2971
vn 0.9400 0.2547 0.2270
vn 0.9482 0.1236 0.2928
vn 0.4664 0.1814 0.8658
vn 0.5820 0.0273 0.8127
vn -0.9203 -0.0440 0.3886
vn -0.8794 0.1488 0.4522
vn -0.5608 -0.2764 0.7805
vn -0.3424 -0.0145 -0.9394
vn -0.6515 -0.3535 -0.6713
vn -0.5207 -0.0307 -0.8532
vn -0.5708 0.0175 -0.8209
vn 0.7743 0.0565 -0.6303
vn 0.9037 -0.0048 -0.4281
vn 0.8591 0.1951 -0.4731
vn 0.8156 0.0687 -0.5745
vn 0.8869 0.0385 -0.4604
vn -0.9382 -0.1820 -0.2942
vn -0.9798 -0.1379 -0.1448
vn -0.3871 -0.1847 -0.9033
vn 0.9332 0.2060 0.2944
vn 0.9333 0.2059 0.2943
vn 0.9332 0.2061 0.2944
vn -0.8997 -0.0999 0.4248
vn -0.9187 0.0842 0.3858
vn -0.8042 0.1028 0.5854
vn 0.0791 0.2324 -0.9694
vn -0.4712 0.1969 -0.8598
vn -0.7308 -0.1320 0.6697
vn -0.8326 -0.1486 0.5336
vn -0.7381 -0.1050 0.6664
vn -0.7399 -0.1084 0.6639
vn -0.7384 -0.1056 0.6660
vn 0.9615 0.0700 0.2659
vn 0.8122 0.0222 -0.5829
vn 0.6057 0.1355 -0.7840
vn -0.9740 0.0135 -0.2261
vn -0.3635 0.7146 -0.5977
vn 0.7265 0.6731 0.1383
vn 0.4382 -0.0904 0.8943
vn 0.3155 0.9367 0.1515
vn 0.0277 0.1245 -0.9918
vn -0.6177 -0.2030 -0.7598
vn 0.4012 0.2660 0.8765
vn 0.3156 -0.1907 0.9295
vn 0.4324 0.1968 0.8800
vn -0.3702 0.1808 -0.9112
vn -0.7137 0.6992 -0.0420
vn 0.2540 0.9376 -0.2374
vn 0.4471 0.8942 0.0215
vn -0.3674 0.8788 0.3045
vn 0.7886 0.6049 0.1104
vn -0.3895 0.7347 -0.5554
vn -0.3397 0.9036 -0.2609
vn 0.0910 0.7038 0.7046
vn -0.0257 0.8741 0.4851
vn 0.8716 0.1094 -0.4779
vn 0.8776 0.1477 -0.4562
vn 0.8699 -0.1692 -0.4633
vn -0.8798 -0.2014 0.4305
vn -0.7493 0.0151 0.6621
vn -0.8737 -0.2662 0.4072
vn 0.6743 0.1779 -0.7167
vn -0.9039 0.3907 -0.1739
vn 0.1120 -0.9923 0.0524
vn 0.1902 -0.9817 -0.0127
vn 0.1892 -0.9792 0.0729
vn 0.9983 0.0557 0.0196
vn 0.9985 0.0486 0.0270
vn 0.9980 0.0611 0.0140
vn -0.6671 -0.0406 -0.7439
vn -0.6263 -0.0391 0.7786
vn 0.8539 0.0720 -0.5154
vn 0.0095 0.0917 0.9957
vn 0.0084 0.0908 0.9958
vn 0.0117 0.0935 0.9955
vn 0.5881 -0.1423 0.7962
vn 0.5925 -0.1449 0.7924
vn 0.6013 -0.1502 0.7848
vn 0.2731 -0.0007 0.9620
vn 0.3523 0.0463 0.9348
vn 0.2198 -0.0315 0.9750
vn 0.9875 -0.1575 0.0008
vn 0.9890 -0.1458 0.0264
vn 0.9897 -0.1309 0.0583
vn -0.4649 0.1169 -0.8776
vn -0.5783 0.0530 -0.8141
vn -0.6343 0.0181 -0.7729
vn -0.7131 -0.1541 0.6839
vn -0.7402 -0.1089 0.6635
vn -0.3170 0.1649 -0.9340
vn -0.4068 0.2091 -0.8893
vn -0.1337 0.0743 -0.9882
vn -0.7667 -0.1294 0.6288
vn -0.7645 -0.1234 0.6327
vn -0.7572 -0.1041 0.6448
vn -0.7491 0.0304 0.6618
vn -0.7587 0.0380 0.6503
vn -0.7804 0.0559 0.6227
vn -0.3764 -0.1108 -0.9198
vn -0.3597 -0.0569 -0.9313
vn -0.3832 -0.1340 -0.9139
vn 0.9947 0.1019 -0.0137
vn -0.5419 -0.1095 -0.8333
vn -0.9964 0.0129 -0.0837
vn -0.2450 -0.1143 -0.9628
vn 0.2458 0.0971 0.9644
vn 0.2360 0.0777 0.9687
vn 0.2177 0.0424 0.9751
vn -0.9345 0.0095 -0.3557
vn 0.9585 0.2025 0.2006
vn 0.9618 0.1159 0.2481
vn 0.9619 0.1158 0.2477
vn 0.9606 0.1156 0.2530
vn 0.2957 0.0826 -0.9517
vn 0.3888 -0.9213 -0.0080
vn 0.3755 -0.9267 0.0147
vn 0.3898 -0.9208 -0.0106
vn -0.4462 -0.3074 0.8405
vn -0.1723 -0.9845 -0.0321
vn -0.2179 -0.9372 -0.2725
vn -0.3725 -0.9276 0.0270
vn -0.5471 0.7923 -0.2703
vn -0.5760 0.8142 -0.0727
vn -0.5825 0.8101 0.0664
vn 0.1714 0.9848 -0.0295
vn -0.0022 0.9955 0.0951
vn 0.2682 0.9581 -0.1010
vn -0.3332 -0.2981 0.8945
vn 0.2297 -0.7606 -0.6072
vn 0.2562 -0.8366 -0.4843
vn 0.2658 -0.8637 -0.4282
vn 0.0807 -0.9966 0.0178
vn -0.0412 -0.9883 0.1469
vn 0.1346 -0.9901 -0.0404
vn -0.0744 -0.7104 0.6998
vn -0.0110 -0.5646 0.8253
vn 0.0190 -0.4882 0.8725
vn -0.3986 -0.4543 0.7967
vn 0.1868 0.5175 -0.8350
vn 0.3059 0.4305 -0.8492
vn 0.3555 0.3898 -0.8496
vn 0.0630 0.4558 -0.8879
vn -0.4431 0.8691 0.2199
vn 0.2053 0.6503 -0.7314
vn 0.1995 0.6395 -0.7425
vn 0.2069 0.6533 -0.7283
vn 0.2199 0.2866 -0.9325
vn 0.2114 -0.9047 -0.3700
vn 0.2733 -0.8971 -0.3472
vn 0.0105 -0.9023 -0.4310
vn 0.2965 -0.9058 -0.3027
vn 0.3630 -0.8687 -0.3371
vn 0.4117 -0.8365 -0.3616
vn -0.0513 0.9987 -0.0002
vn -0.0153 0.9990 0.0416
vn -0.0772 0.9965 -0.0305
vn -0.0378 0.9565 0.2891
vn 0.0636 0.9975 0.0321
vn 0.0763 0.9971 -0.0012
vn -0.1100 0.9854 0.1299
vn -0.0862 0.9888 0.1217
vn -0.1491 0.9784 0.1433
vn -0.2768 0.9593 0.0566
vn -0.2952 0.9549 -0.0322
vn -0.2607 0.9571 0.1260
vn 0.8810 0.4644 -0.0904
vn -0.9208 0.3881 -0.0396
vn -0.9207 0.3885 -0.0384
vn -0.9135 0.4060 0.0271
vn 0.0691 0.9151 -0.3973
vn -0.9661 0.0053 -0.2579
vn -0.9640 0.0312 -0.2642
vn -0.9681 -0.0928 -0.2325
vn -0.9948 -0.1017 -0.0104
vn -0.9939 -0.1089 -0.0165
vn -0.9910 -0.1296 -0.0341
vn 0.8973 -0.4217 0.1304
vn 0.9139 -0.2696 0.3036
vn 0.8641 -0.5028 0.0224
vn 0.9579 0.0040 -0.2870
vn 0.8943 0.4335 -0.1111
vn 0.8886 0.4466 -0.1045
vn 0.9273 0.3242 -0.1868
vn -0.9583 -0.0910 0.2709
vn -0.5644 0.7382 0.3695
vn -0.0888 -0.8740 -0.4777
vn -0.0557 -0.9269 -0.3711
vn -0.0275 -0.9600 -0.2785
vn -0.2273 -0.9218 -0.3140
vn -0.2375 -0.9083 -0.3443
vn -0.4273 -0.4022 0.8097
vn -0.4626 -0.4330 0.7736
vn -0.4861 -0.4534 0.7471
vn -0.4541 -0.5183 0.7247
vn -0.4098 -0.6975 0.5879
vn -0.4619 -0.4658 0.7547
vn 0.4100 -0.3087 -0.8583
vn 0.1454 0.0968 -0.9846
vn 0.1260 0.1236 -0.9843
vn -0.2394 0.7915 -0.5624
vn -0.1719 0.6855 -0.7075
vn -0.2425 0.7960 -0.5546
vn 0.2360 0.9212 0.3094
vn 0.3305 0.4291 -0.8406
vn 0.3891 0.4881 -0.7813
vn 0.1538 -0.8721 -0.4645
vn 0.1339 -0.8823 -0.4512
vn 0.1290 -0.8841 -0.4492
vn 0.1469 -0.8767 -0.4580
vn 0.1442 -0.8749 -0.4624
vn -0.2975 -0.8599 -0.4148
vn -0.9300 -0.3062 0.2034
vn -0.8906 -0.4330 0.1390
vn -0.8823 -0.4529 0.1281
vn 0.4485 -0.8848 -0.1261
vn 0.4221 -0.8302 -0.3642
vn 0.4184 -0.8226 -0.3850
vn -0.1216 -0.9835 -0.1338
vn -0.1696 -0.9389 -0.2994
vn -0.1884 -0.9108 -0.3672
vn 0.3776 -0.9259 0.0058
vn 0.3807 -0.9247 0.0081
vn 0.0071 -0.9285 -0.3712
vn -0.0025 -0.9529 -0.3032
vn -0.0039 -0.9561 -0.2931
vn -0.3060 0.2329 0.9231
vn -0.3043 0.0757 0.9496
vn -0.3059 0.2428 0.9206
vn -0.2889 -0.7675 0.5723
vn -0.2874 -0.7238 0.6273
vn -0.2873 -0.7211 0.6305
vn 0.0833 0.9623 0.2589
vn 0.9647 0.0498 -0.2585
vn 0.8874 -0.2604 -0.3803
vn 0.9658 0.0677 -0.2505
vn 0.8717 0.4870 -0.0543
vn 0.8608 0.5072 -0.0427
vn -0.9718 -0.0268 0.2343
vn 0.1687 0.5019 -0.8483
vn 0.1795 0.4870 -0.8548
vn 0.1815 0.4842 -0.8559
vn 0.1805 0.0886 -0.9796
vn 0.2428 0.1650 -0.9559
vn 0.1308 0.0287 -0.9910
vn -0.0513 -0.9314 -0.3602
vn -0.0695 -0.9342 -0.3499
vn -0.0765 -0.9352 -0.3458
vn 0.1526 0.5130 -0.8447
vn 0.1743 -0.9051 -0.3878
vn 0.9752 0.1096 0.1924
vn 0.9848 0.1498 0.0877
vn 0.9692 0.0958 0.2270
vn 0.9620 0.1159 0.2474
vn 0.2532 0.0075 0.9674
vn 0.2219 0.0327 0.9745
vn 0.2886 -0.0216 0.9572
vn 0.1913 0.1111 0.9752
vn -0.9013 -0.0034 0.4331
vn -0.8838 0.0639 0.4635
vn -0.8614 0.1300 0.4909
vn 0.3583 0.2667 0.8947
vn 0.4493 0.1006 0.8877
vn -0.7511 -0.1114 0.6507
vn -0.9184 -0.2523 -0.3046
vn -0.9180 -0.2302 -0.3230
vn -0.9166 -0.3032 -0.2607
vn -0.7270 0.1362 0.6730
vn -0.9887 -0.0986 -0.1132
vn -0.9888 -0.1037 -0.1075
vn -0.9888 -0.1210 -0.0878
vn -0.9718 -0.1600 -0.1730
vn -0.9720 -0.1584 -0.1736
vn -0.9709 -0.1690 -0.1697
vn 0.8176 0.0303 -0.5750
vn 0.8179 0.0482 -0.5733
vn 0.8176 0.0907 -0.5686
vn -0.1152 0.0377 -0.9926
vn 0.8698 0.1457 -0.4715
vn 0.6662 0.1531 -0.7299
vn 0.6674 -0.0952 -0.7386
vn 0.5869 -0.0272 -0.8092
vn -0.9431 -0.1195 -0.3102
vn -0.9451 -0.1185 -0.3044
vn -0.9408 -0.1243 -0.3154
vn 0.7428 0.0328 -0.6687
vn -0.9925 -0.1219 -0.0093
vn -0.9909 -0.1327 -0.0221
vn -0.9935 -0.1136 0.0004
vn -0.9467 -0.1153 -0.3008
vn -0.9434 -0.1279 -0.3059
vn 0.2831 0.2859 0.9155
vn 0.2919 0.3553 0.8880
vn 0.2955 0.3872 0.8734
vn 0.2806 0.2592 0.9242
vn 0.3021 0.2296 0.9252
vn 0.1716 0.3969 0.9017
vn 0.4007 0.0005 0.9162
vn -0.3087 0.0627 -0.9491
vn -0.2766 0.0509 -0.9596
vn -0.3886 0.0924 -0.9167
vn 0.6303 -0.0079 0.7763
vn -0.6019 -0.0065 -0.7985
vn -0.6061 -0.0138 -0.7953
vn -0.6239 -0.0462 -0.7801
vn 0.9673 0.0486 0.2488
vn 0.9795 -0.0618 0.1916
vn 0.9309 0.1854 0.3148
vn -0.3728 -0.2162 -0.9024
vn -0.4684 -0.0208 -0.8833
vn 0.9543 0.1608 0.2519
vn 0.9432 0.2882 0.1652
vn 0.9308 0.3438 0.1245
vn 0.9955 0.0351 0.0876
vn 0.9949 0.0298 0.0960
vn 0.9971 0.0617 0.0449
vn 0.9758 0.2151 0.0380
vn -0.7965 -0.2023 0.5698
vn -0.7988 -0.1993 0.5677
vn -0.7690 -0.2365 0.5939
vn -0.8659 -0.0407 0.4985
vn -0.1717 0.3769 -0.9102
vn -0.2181 0.0780 -0.9728
vn -0.2865 0.2163 -0.9334
vn 0.9467 -0.2276 0.2280
vn 0.9583 -0.2037 0.2004
vn 0.9334 -0.2517 0.2558
vn 0.9776 0.1204 0.1724
vn 0.9954 0.0568 0.0772
vn 0.9986 0.0328 0.0412
vn 0.9890 0.0933 0.1148
vn 0.9872 0.0739 0.1415
vn 0.9897 0.1131 0.0873
vn 0.8586 0.2097 -0.4679
vn 0.8371 0.1945 -0.5114
vn 0.8228 0.1849 -0.5374
vn 0.5568 0.2709 -0.7852
vn 0.5892 0.2579 -0.7657
vn 0.5462 0.2750 -0.7912
vn -0.9856 0.0400 -0.1644
vn -0.9690 0.0967 -0.2273
vn -0.9329 0.1763 -0.3141
vn 0.8862 0.1389 -0.4420
vn -0.9213 -0.3482 -0.1733
vn -0.9825 -0.0289 -0.1838
vn 0.4072 0.0587 0.9115
vn 0.3456 0.0286 0.9380
vn 0.4351 0.0727 0.8974
vn -0.9667 -0.1521 -0.2061
vn -0.9978 -0.0179 -0.0632
vn 0.3794 -0.1942 0.9046
vn 0.3766 -0.1969 0.9052
vn 0.3833 -0.1905 0.9038
vn 0.5826 -0.0164 0.8126
vn 0.2960 -0.1166 0.9480
vn 0.5921 0.0824 0.8016
vn -0.5445 0.8162 -0.1932
vn -0.4603 0.8841 0.0802
vn -0.4741 0.8756 0.0924
vn 0.8423 0.2652 -0.4693
vn 0.8761 0.1949 -0.4410
vn 0.9094 0.1069 -0.4021
vn 0.7819 0.5263 -0.3341
vn 0.6470 0.7620 -0.0276
vn 0.7520 0.6552 -0.0718
vn 0.6019 0.7985 -0.0102
vn 0.2067 0.9554 0.2108
vn 0.1875 0.9721 0.1410
vn 0.2112 0.9506 0.2276
vn 0.3519 -0.2086 0.9125
vn 0.1445 0.9070 0.3956
vn 0.3475 0.9364 0.0489
vn 0.3607 0.9324 0.0221
vn 0.6040 0.4205 -0.6771
vn 0.5895 0.4393 -0.6779
vn 0.6570 0.3451 -0.6703
vn 0.6771 0.1453 -0.7214
vn 0.6722 0.1192 -0.7307
vn 0.6845 0.1908 -0.7036
vn 0.5340 0.1243 -0.8363
vn -0.7118 -0.1797 0.6790
vn -0.7036 -0.1541 0.6936
vn -0.6864 -0.1051 0.7196
vn -0.8211 0.0985 0.5622
vn -0.8214 0.0981 0.5619
vn -0.7974 0.1321 0.5888
vn -0.4497 -0.0030 0.8932
vn 0.8960 0.3458 0.2787
vn 0.8929 0.3635 0.2655
vn 0.8689 0.4562 0.1920
vn -0.6638 0.2781 0.6943
vn 0.9708 0.0457 0.2355
vn 0.9207 0.3880 0.0431
vn 0.9277 0.3691 0.0556
vn 0.9437 0.3188 0.0881
vn -0.9811 -0.1215 -0.1508
vn -0.9823 -0.0893 -0.1645
vn -0.9777 -0.1627 -0.1327
vn -0.0848 -0.1994 -0.9762
vn -0.1320 0.0359 -0.9906
vn -0.1313 0.0344 -0.9907
vn -0.1279 0.0276 -0.9914
vn -0.9916 0.0765 -0.1043
vn -0.0913 0.9863 0.1370
vn 0.0447 0.9755 0.2153
vn -0.1429 0.9840 0.1061
vn 0.3778 0.5259 0.7621
vn -0.5060 0.8556 -0.1092
vn -0.5190 0.8461 -0.1219
vn -0.5257 0.8409 -0.1286
vn -0.2221 0.9198 0.3235
vn 0.3248 0.8541 -0.4062
vn 0.3246 0.8542 -0.4062
vn 0.3245 0.8542 -0.4062
vn -0.3005 0.9535 0.0219
vn -0.3584 0.9129 0.1955
vn -0.3681 0.8973 0.2435
vn -0.3532 0.9197 0.1713
vn 0.6230 0.7804 0.0531
vn 0.2815 0.9585 0.0452
vn -0.6939 0.4340 0.5746
vn -0.6410 0.7548 0.1388
vn -0.6180 0.7801 0.0977
vn -0.6547 0.7378 0.1646
vn 0.4324 0.6693 -0.6043
vn 0.5707 0.5566 -0.6037
vn 0.6521 0.4725 -0.5928
vn -0.8397 0.5341 -0.0978
vn -0.9214 0.3411 -0.1862
vn 0.7471 0.4780 -0.4618
vn 0.7612 0.4619 -0.4553
vn 0.7688 0.4528 -0.4516
vn -0.6653 0.5267 0.5292
vn -0.6649 0.4428 0.6016
vn -0.6628 0.5616 0.4952
vn -0.3956 0.5064 -0.7662
vn -0.4800 0.3118 -0.8200
vn -0.3391 0.6064 -0.7192
vn -0.7645 0.6207 0.1742
vn 0.5967 0.8022 -0.0216
vn 0.6977 0.6824 0.2181
vn -0.9427 -0.1279 -0.3083
vn -0.9481 -0.1271 -0.2916
vn -0.1548 0.6326 -0.7589
vn -0.3324 0.8074 -0.4874
vn -0.2026 0.7840 -0.5867
vn 0.0505 0.8836 0.4656
vn 0.7690 0.0109 -0.6392
vn -0.2430 -0.3251 -0.9139
vn -0.9957 -0.0551 -0.0742
vn -0.9961 -0.0659 -0.0594
vn -0.9959 -0.0817 -0.0377
vn -0.8918 -0.1001 0.4413
vn -0.8873 -0.0764 0.4549
vn -0.9034 -0.2037 0.3773
vn -0.9682 -0.2363 -0.0821
vn 0.5352 0.2570 0.8047
vn 0.5488 0.3030 0.7791
vn 0.5654 0.3668 0.7388
vn 0.5669 0.0120 0.8237
vn 0.9856 0.0051 0.1688
vn 0.9544 0.2796 0.1044
vn 0.9648 0.2484 0.0868
vn 0.2060 -0.9334 0.2939
vn 0.1569 -0.9813 0.1118
vn -0.4742 -0.8789 -0.0528
vn 0.1339 -0.9908 0.0194
vn -0.0667 -0.8523 -0.5187
vn 0.3587 -0.9309 -0.0686
vn 0.2344 -0.9719 0.0238
vn 0.2712 -0.9617 0.0396
vn 0.9985 0.0431 0.0328
vn 0.0022 0.0859 0.9963
vn 0.5801 -0.1376 0.8029
vn 0.3992 0.0749 0.9138
vn 0.9850 -0.1705 -0.0278
vn -0.4262 0.1370 -0.8942
vn -0.5781 0.2930 -0.7615
vn -0.7712 -0.1420 0.6206
vn -0.7295 0.0153 0.6839
vn -0.3416 -0.0019 -0.9398
vn 0.2623 0.1296 0.9562
vn -0.5090 0.7528 -0.4175
vn -0.0819 0.9851 0.1510
vn 0.2234 -0.7423 -0.6317
vn -0.0809 -0.9788 0.1882
vn -0.1477 0.2661 0.9526
vn -0.1026 -0.7678 0.6324
vn 0.1553 0.5382 -0.8284
vn 0.1984 0.6374 -0.7445
vn 0.4520 -0.8504 -0.2695
vn 0.2596 -0.9233 -0.2831
vn 0.0268 0.9955 0.0904
vn -0.0472 0.9488 0.3122
vn -0.0466 0.9931 0.1079
vn -0.3135 0.9400 -0.1344
vn -0.9236 0.3676 -0.1087
vn -0.9510 0.1212 -0.2845
vn -0.9970 -0.0761 0.0112
vn 0.8909 -0.1336 0.4340
vn 0.9558 -0.0278 -0.2927
vn -0.1216 -0.8057 -0.5797
vn -0.3984 -0.3770 0.8362
vn -0.3916 -0.7459 0.5388
vn 0.4188 -0.3238 -0.8484
vn -0.1694 0.6814 -0.7120
vn -0.9335 -0.2897 0.2112
vn 0.4497 -0.8874 -0.1017
vn -0.1123 -0.9883 -0.1029
vn 0.0092 -0.9224 -0.3862
vn -0.0648 -0.2633 0.9625
vn 0.0090 -0.4913 0.8710
vn -0.3036 0.0567 0.9511
vn -0.2889 -0.7728 0.5651
vn 0.8720 -0.2939 -0.3914
vn 0.1672 0.5040 -0.8474
vn 0.2748 0.2047 -0.9395
vn -0.0451 -0.9304 -0.3638
vn 0.9853 0.1611 0.0570
vn 0.1945 0.0545 0.9794
vn -0.9165 -0.0917 0.3894
vn -0.9147 -0.1847 -0.3595
vn -0.9881 -0.0859 -0.1276
vn -0.9728 -0.1502 -0.1766
vn 0.8161 -0.0051 -0.5778
vn -0.9894 -0.1415 -0.0324
vn 0.2809 0.2700 0.9210
vn 0.3959 0.0894 0.9139
vn -0.2286 0.0333 -0.9729
vn -0.5785 0.0331 -0.8150
vn 0.9802 -0.0961 0.1731
vn 0.9452 0.0456 0.3232
vn 0.9922 0.0122 0.1240
vn -0.8323 -0.1524 0.5329
vn 0.9661 -0.1856 0.1796
vn 0.9662 0.1469 0.2120
vn 0.9857 0.0628 0.1566
vn 0.8660 0.2153 -0.4513
vn 0.6012 0.2529 -0.7581
vn -0.9916 0.0083 -0.1289
vn 0.3102 0.0117 0.9506
vn 0.3738 -0.1995 0.9058
vn 0.8083 0.3246 -0.4913
vn 0.8006 0.5917 -0.0947
vn 0.1798 0.9771 0.1138
vn 0.1291 0.8992 0.4180
vn 0.5360 0.5034 -0.6777
vn 0.6572 0.0526 -0.7519
vn -0.7310 -0.2506 0.6347
vn -0.8607 0.0339 0.5080
vn 0.9037 0.2708 0.3317
vn 0.8945 0.4470 0.0030
vn -0.9822 -0.0487 -0.1816
vn -0.1385 0.0488 -0.9892
vn 0.1048 0.9630 0.2483
vn -0.5017 0.8586 -0.1051
vn 0.3249 0.8540 -0.4062
vn -0.3720 0.8899 0.2641
vn -0.6104 0.7875 0.0849
vn 0.3201 0.7395 -0.5922
vn 0.7354 0.4910 -0.4669
vn -0.6625 0.4086 0.6278
vn -0.5185 0.1917 -0.8333
vn -0.9405 -0.1216 -0.3172
vn -0.9940 -0.0325 -0.1048
vn -0.8541 0.0444 0.5182
vn 0.5133 0.1907 0.8367
vn -0.3685 -0.8963 -0.2466
vn 0.1215 -0.9856 0.1180
vn -0.1086 -0.9763 0.1872
vn 0.3646 -0.9311 0.0121
s 1
usemtl Material.087
f 2422//5564 2199//5564 2322//5564
f 2267//5565 2202//5565 2419//5565
f 2270//5566 2259//5566 2418//5566
f 2274//5567 2283//5567 2281//5567
f 2266//5568 2276//5568 2274//5568
f 2387//5569 2204//5569 2271//5569
f 2416//5570 2273//5570 2262//5570
f 2284//5571 2280//5571 2415//5571
f 2285//5572 2278//5572 2271//5572
f 2413//5573 2207//5573 2279//5573
f 2291//5574 2242//5574 2412//5574
f 2222//5575 2301//5575 2402//5575
f 2397//5576 2245//5576 2302//5576
f 2286//5577 2209//5577 2303//5577
f 2228//5578 2320//5578 2267//5578
f 2314//5579 2229//5579 2260//5579
f 2307//5580 2321//5580 2270//5580
f 2327//5581 2232//5581 2197//5581
f 2330//5582 2238//5582 2325//5582
f 2390//5583 2237//5583 2261//5583
f 2331//5584 2236//5584 2390//5584
f 2421//5585 2323//5585 2388//5585
f 2383//5586 2294//5586 2385//5586
f 2355//5587 2349//5587 2379//5587
f 2379//5588 2252//5588 2377//5588
f 2376//5589 2358//5589 2254//5589
f 2255//5590 2374//5590 2375//5590
f 2373//5591 2359//5591 2357//5591
f 2248//5592 2368//5592 2371//5592
f 2247//5593 2366//5593 2378//5593
f 2252//5594 2349//5595 2362//5596
f 2348//5597 2359//5597 2373//5597
f 2368//5598 2374//5598 2255//5598
f 2364//5599 2256//5599 2355//5599
f 2376//5600 2254//5600 2361//5600
f 2377//5601 2252//5601 2348//5601
f 2241//5602 2224//5602 2351//5602
f 2211//5603 2353//5603 2337//5603
f 2379//5604 2349//5604 2252//5604
f 2213//5605 2379//5605 2215//5605
f 2335//5606 2354//5606 2352//5606
f 2223//5607 2339//5607 2336//5607
f 2383//5608 2295//5608 2294//5608
f 2212//5609 2385//5609 2344//5609
f 2336//5610 2340//5610 2332//5610
f 2334//5611 2344//5611 2343//5611
f 2386//5612 2233//5612 2234//5612
f 2387//5613 2234//5613 2198//5613
f 2233//5614 2388//5614 2234//5614
f 2233//5615 2421//5615 2388//5615
f 2390//5616 2236//5616 2237//5616
f 2323//5617 2331//5617 2390//5617
f 2200//5618 2261//5618 2262//5618
f 2325//5619 2326//5619 2328//5619
f 2239//5620 2325//5620 2328//5620
f 2265//5621 2328//5621 2266//5621
f 2239//5622 2328//5622 2265//5622
f 2202//5623 2418//5623 2326//5623
f 2327//5624 2197//5624 2269//5624
f 2321//5625 2308//5625 2310//5625
f 2307//5626 2308//5626 2321//5626
f 2270//5627 2321//5627 2259//5627
f 2313//5628 2391//5628 2312//5628
f 2395//5629 2392//5629 2264//5629
f 2267//5630 2307//5630 2202//5630
f 2394//5631 2229//5632 2314//5631
f 2199//5633 2394//5631 2314//5631
f 2227//5634 2317//5634 2311//5634
f 2395//5635 2317//5635 2227//5635
f 2289//5636 2395//5636 2263//5636
f 2305//5637 2217//5637 2218//5637
f 2410//5638 2210//5638 2396//5638
f 2397//5639 2220//5639 2245//5639
f 2398//5640 2397//5640 2222//5640
f 2398//5641 2219//5642 2397//5643
f 2286//5644 2303//5644 2288//5644
f 2297//5645 2400//5645 2243//5645
f 2420//5646 2218//5646 2401//5646
f 2222//5647 2397//5647 2301//5647
f 2295//5648 2405//5648 2294//5648
f 2290//5649 2214//5649 2406//5649
f 2300//5650 2292//5650 2220//5650
f 2407//5651 2248//5651 2353//5651
f 2308//5652 2410//5652 2218//5652
f 2312//5653 2410//5653 2393//5653
f 2411//5654 2288//5654 2296//5654
f 2230//5655 2411//5655 2231//5655
f 2230//5656 2288//5656 2411//5656
f 2306//5657 2412//5657 2217//5657
f 2416//5658 2414//5658 2284//5658
f 2203//5659 2206//5659 2417//5659
f 2203//5660 2271//5660 2206//5660
f 2262//5661 2275//5661 2200//5661
f 2197//5662 2387//5662 2203//5662
f 2266//5663 2277//5663 2265//5663
f 2205//5664 2274//5664 2208//5664
f 2198//5665 2275//5665 2204//5665
f 2200//5666 2275//5666 2198//5666
f 2418//5667 2259//5667 2232//5667
f 2420//5668 2209//5668 2309//5668
f 2308//5669 2420//5669 2309//5669
f 2323//5670 2263//5670 2331//5670
f 2289//5671 2263//5671 2323//5671
f 2263//5672 2395//5672 2324//5672
f 2308//5673 2218//5673 2420//5673
f 2416//5674 2277//5674 2205//5674
f 2206//5675 2207//5676 2208//5677
f 2286//5678 2309//5679 2209//5680
f 2410//5681 2312//5681 2210//5681
f 2318//5682 2411//5682 2296//5682
f 2412//5683 2242//5683 2214//5683
f 2421//5684 2289//5685 2323//5686
f 2225//5687 2403//5688 2303//5689
f 2300//5690 2298//5691 2246//5692
f 2243//5693 2399//5694 2297//5695
f 2396//5696 2216//5697 2305//5698
f 2296//5699 2219//5699 2398//5699
f 2397//5643 2219//5642 2220//5700
f 2306//5701 2216//5702 2302//5703
f 2317//5704 2289//5705 2316//5706
f 2231//5707 2317//5708 2316//5709
f 2326//5710 2238//5711 2202//5712
f 2310//5713 2226//5713 2319//5713
f 2313//5714 2312//5714 2393//5714
f 2392//5715 2395//5715 2227//5715
f 2328//5716 2326//5716 2268//5716
f 2235//5717 2389//5718 2388//5719
f 2329//5720 2239//5720 2265//5720
f 2387//5721 2386//5721 2234//5721
f 2386//5722 2422//5723 2233//5724
f 2336//5725 2243//5725 2293//5725
f 2304//5726 2346//5727 2246//5728
f 2345//5729 2245//5729 2382//5729
f 2381//5730 2338//5730 2302//5730
f 2380//5731 2377//5731 2348//5731
f 2356//5732 2253//5732 2350//5732
f 2360//5733 2359//5734 2362//5735
f 2360//5736 2355//5737 2256//5738
f 2371//5739 2368//5739 2255//5739
f 2250//5740 2370//5741 2369//5742
f 2370//5743 2253//5744 2257//5745
f 2371//5746 2253//5747 2248//5748
f 2371//5749 2255//5749 2257//5749
f 2366//5750 2251//5751 2378//5752
f 2363//5753 2366//5753 2358//5753
f 2362//5596 2349//5595 2360//5754
f 2367//5755 2250//5756 2372//5757
f 2250//5758 2369//5758 2372//5758
f 2256//5759 2373//5760 2357//5761
f 2249//5762 2373//5763 2364//5764
f 2368//5765 2407//5766 2374//5767
f 2367//5768 2407//5769 2352//5770
f 2254//5771 2366//5772 2365//5773
f 2366//5774 2347//5775 2365//5776
f 2355//5777 2249//5777 2364//5777
f 2367//5778 2375//5779 2374//5780
f 2256//5781 2357//5781 2360//5781
f 2369//5782 2375//5783 2372//5784
f 2375//5785 2257//5786 2255//5787
f 2376//5788 2258//5789 2363//5790
f 2213//5791 2249//5792 2355//5793
f 2363//5794 2358//5794 2376//5794
f 2334//5795 2215//5795 2377//5795
f 2215//5796 2379//5796 2377//5796
f 2350//5797 2354//5798 2356//5799
f 2338//5800 2356//5800 2354//5800
f 2338//5801 2221//5801 2356//5801
f 2248//5802 2356//5803 2353//5804
f 2356//5805 2337//5806 2353//5807
f 2223//5808 2378//5809 2251//5810
f 2378//5811 2332//5812 2247//5813
f 2213//5814 2355//5814 2379//5814
f 2352//5815 2354//5815 2250//5815
f 2335//5816 2338//5816 2354//5816
f 2380//5817 2212//5818 2334//5819
f 2249//5820 2380//5817 2348//5821
f 2334//5822 2377//5822 2380//5822
f 2362//5823 2348//5824 2252//5825
f 2304//5826 2336//5827 2339//5828
f 2302//5829 2345//5830 2381//5831
f 2224//5832 2346//5727 2339//5833
f 2381//5834 2221//5835 2338//5836
f 2342//5837 2337//5838 2382//5839
f 2337//5840 2345//5841 2382//5842
f 2213//5843 2215//5843 2383//5843
f 2242//5844 2385//5845 2294//5846
f 2385//5847 2213//5791 2383//5848
f 2215//5849 2334//5849 2343//5849
f 2340//5850 2293//5851 2290//5852
f 2302//5853 2341//5854 2291//5855
f 2242//5856 2343//5857 2344//5858
f 2338//5859 2335//5859 2341//5859
f 2334//5860 2212//5860 2344//5860
f 2386//5861 2197//5862 2232//5863
f 2232//5864 2422//5723 2386//5722
f 2200//5865 2389//5866 2261//5867
f 2388//5868 2323//5868 2235//5868
f 2237//5869 2262//5870 2261//5871
f 2198//5872 2234//5872 2389//5872
f 2234//5873 2388//5873 2389//5873
f 2235//5874 2323//5874 2390//5874
f 2239//5875 2330//5876 2325//5877
f 2261//5878 2235//5878 2390//5878
f 2329//5879 2236//5880 2330//5881
f 2265//5882 2237//5883 2329//5884
f 2226//5885 2308//5886 2309//5887
f 2266//5888 2328//5888 2268//5888
f 2327//5889 2418//5889 2232//5889
f 2326//5890 2418//5890 2327//5890
f 2268//5891 2327//5891 2269//5891
f 2268//5892 2326//5892 2327//5892
f 2313//5893 2392//5894 2391//5895
f 2202//5896 2307//5896 2270//5896
f 2391//5897 2227//5898 2311//5899
f 2228//5900 2264//5901 2392//5894
f 2231//5902 2315//5903 2230//5904
f 2229//5905 2289//5906 2260//5907
f 2229//5908 2315//5908 2316//5908
f 2308//5909 2320//5910 2393//5911
f 2260//5912 2199//5912 2314//5912
f 2313//5913 2320//5914 2228//5915
f 2315//5916 2319//5917 2230//5918
f 2307//5919 2267//5919 2320//5919
f 2419//5920 2228//5920 2267//5920
f 2315//5921 2394//5922 2310//5923
f 2394//5924 2259//5925 2321//5926
f 2394//5927 2321//5927 2310//5927
f 2398//5928 2287//5929 2296//5930
f 2311//5931 2317//5931 2318//5931
f 2305//5932 2306//5932 2217//5932
f 2396//5933 2305//5933 2218//5933
f 2218//5934 2410//5934 2396//5934
f 2246//5935 2399//5936 2304//5937
f 2399//5938 2225//5939 2303//5940
f 2399//5941 2209//5942 2297//5943
f 2209//5944 2400//5945 2297//5946
f 2400//5947 2218//5948 2217//5949
f 2301//5950 2210//5951 2402//5952
f 2420//5953 2401//5953 2209//5953
f 2216//5954 2397//5954 2302//5954
f 2301//5955 2397//5955 2216//5955
f 2220//5956 2299//5957 2300//5958
f 2210//5959 2287//5959 2402//5959
f 2287//5960 2222//5960 2402//5960
f 2219//5961 2403//5962 2299//5963
f 2225//5964 2298//5964 2299//5964
f 2288//5965 2403//5965 2296//5965
f 2288//5966 2303//5966 2403//5966
f 2351//5967 2347//5967 2247//5967
f 2332//5968 2351//5968 2247//5968
f 2332//5969 2241//5969 2351//5969
f 2404//5970 2242//5971 2294//5972
f 2404//5973 2294//5973 2405//5973
f 2406//5974 2240//5975 2290//5976
f 2353//5977 2333//5978 2407//5979
f 2246//5980 2240//5980 2300//5980
f 2352//5981 2333//5982 2335//5983
f 2290//5984 2412//5985 2214//5986
f 2412//5987 2243//5988 2400//5989
f 2400//5990 2217//5990 2412//5990
f 2382//5991 2220//5992 2408//5993
f 2287//5994 2318//5995 2296//5996
f 2220//5997 2292//5997 2408//5997
f 2288//5998 2319//5999 2409//6000
f 2231//6001 2411//6001 2318//6001
f 2409//6002 2286//6002 2288//6002
f 2409//6003 2226//6004 2309//6005
f 2287//6006 2312//6007 2311//6008
f 2393//6009 2410//6009 2308//6009
f 2412//6010 2302//6011 2291//6012
f 2391//6013 2311//6013 2312//6013
f 2413//6014 2204//6015 2272//6016
f 2413//6017 2279//6017 2285//6017
f 2414//6018 2205//6019 2208//6020
f 2272//6021 2207//6021 2413//6021
f 2283//6022 2417//6023 2206//6024
f 2283//6025 2206//6025 2282//6025
f 2415//6026 2272//6027 2273//6028
f 2206//6029 2271//6029 2278//6029
f 2204//6030 2285//6030 2271//6030
f 2207//6031 2415//6031 2280//6031
f 2284//6032 2273//6033 2416//6034
f 2276//6035 2269//6036 2417//6037
f 2201//6038 2265//6038 2416//6038
f 2265//6039 2277//6039 2416//6039
f 2417//6040 2197//6041 2203//6042
f 2273//6043 2275//6044 2262//6045
f 2274//6046 2277//6047 2266//6048
f 2201//6049 2416//6049 2262//6049
f 2203//6050 2387//6050 2271//6050
f 2198//6051 2204//6051 2387//6051
f 2238//6052 2264//5901 2419//6053
f 2268//6054 2276//6054 2266//6054
f 2274//6055 2281//6055 2208//6055
f 2276//6056 2283//6056 2274//6056
f 2204//6057 2275//6057 2272//6057
f 2202//6058 2270//6058 2418//6058
f 2238//6059 2419//6059 2202//6059
f 2330//6060 2324//6061 2264//6062
f 2324//6063 2331//6064 2263//6065
f 2324//6066 2395//6066 2264//6066
f 2260//6067 2322//6068 2199//6069
f 2233//6070 2322//6070 2421//6070
f 2422//6071 2322//6071 2233//6071
f 2232//6072 2259//6072 2422//6072
f 2259//6073 2199//6073 2422//6073
f 2208//5677 2281//6074 2283//6075
f 2206//5675 2278//6076 2285//6077
f 2285//6077 2279//6078 2207//5676
f 2207//5676 2280//6079 2284//6080
f 2284//6080 2414//6081 2208//5677
f 2208//5677 2283//6075 2206//5675
f 2206//5675 2285//6077 2207//5676
f 2207//5676 2284//6080 2208//5677
f 2286//5678 2409//6082 2309//5679
f 2421//5684 2260//6083 2289//5685
f 2225//5687 2299//6084 2403//5688
f 2300//5690 2299//6085 2298//5691
f 2243//5693 2304//6086 2399//5694
f 2396//5696 2210//6087 2216//5697
f 2306//5701 2305//6088 2216//5702
f 2317//5704 2395//6089 2289//5705
f 2231//5707 2318//6090 2317//5708
f 2326//5710 2325//6091 2238//5711
f 2235//5717 2261//6092 2389//5718
f 2304//5726 2339//5833 2346//5727
f 2360//5733 2357//6093 2359//5734
f 2360//5736 2349//6094 2355//5737
f 2250//5740 2350//6095 2370//5741
f 2370//5743 2350//6096 2253//5744
f 2361//6097 2254//6097 2365//6097
f 2371//5746 2257//6098 2253//5747
f 2366//5750 2363//6099 2251//5751
f 2367//5755 2352//6100 2250//5756
f 2256//5759 2364//6101 2373//5760
f 2249//5762 2348//6102 2373//5763
f 2368//5765 2248//6103 2407//5766
f 2367//5768 2374//6104 2407//5769
f 2254//5771 2358//6105 2366//5772
f 2366//5774 2247//6106 2347//5775
f 2367//5778 2372//6107 2375//5779
f 2369//5782 2370//6108 2375//5783
f 2375//5785 2370//6109 2257//5786
f 2376//5788 2361//6110 2258//5789
f 2213//5791 2212//6111 2249//5792
f 2350//5797 2250//6112 2354//5798
f 2248//5802 2253//6113 2356//5803
f 2356//5805 2221//6114 2337//5806
f 2223//5808 2336//6115 2378//5809
f 2378//5811 2336//6116 2332//5812
f 2380//5817 2249//5820 2212//5818
f 2362//5823 2359//6117 2348//5824
f 2304//5826 2243//6118 2336//5827
f 2302//5829 2245//6119 2345//5830
f 2381//5834 2345//6120 2221//5835
f 2240//6121 2246//6121 2346//6121
f 2346//6122 2224//6122 2241//6122
f 2342//5837 2211//6123 2337//5838
f 2337//5840 2221//6124 2345//5841
f 2242//5844 2344//6125 2385//5845
f 2385//5847 2212//6111 2213//5791
f 2340//5850 2336//6126 2293//5851
f 2302//5853 2338//6127 2341//5854
f 2242//5856 2291//6128 2343//5857
f 2386//5861 2387//6129 2197//5862
f 2200//5865 2198//6130 2389//5866
f 2237//5869 2201//6131 2262//5870
f 2239//5875 2329//6132 2330//5876
f 2329//5879 2237//6133 2236//5880
f 2265//5882 2201//6134 2237//5883
f 2226//5885 2310//6135 2308//5886
f 2313//5893 2228//5900 2392//5894
f 2391//5897 2392//6136 2227//5898
f 2228//5900 2419//6053 2264//5901
f 2231//5902 2316//6137 2315//5903
f 2229//5905 2316//6138 2289//5906
f 2308//5909 2307//6139 2320//5910
f 2313//5913 2393//6140 2320//5914
f 2315//5916 2310//6141 2319//5917
f 2315//5921 2229//6142 2394//5922
f 2394//5924 2199//6143 2259//5925
f 2398//5928 2222//6144 2287//5929
f 2246//5935 2298//6145 2399//5936
f 2399//5938 2298//6146 2225//5939
f 2399//5941 2303//6147 2209//5942
f 2209//5944 2401//6148 2400//5945
f 2400//5947 2401//6149 2218//5948
f 2301//5950 2216//6150 2210//5951
f 2220//5956 2219//6151 2299//5957
f 2219//5961 2296//6152 2403//5962
f 2404//5970 2214//6153 2242//5971
f 2406//5974 2384//6154 2240//5975
f 2353//5977 2211//6155 2333//5978
f 2352//5981 2407//6156 2333//5982
f 2290//5984 2293//6157 2412//5985
f 2412//5987 2293//6158 2243//5988
f 2382//5991 2245//6159 2220//5992
f 2287//5994 2311//6160 2318//5995
f 2288//5998 2230//6161 2319//5999
f 2409//6003 2319//6162 2226//6004
f 2287//6006 2210//6163 2312//6007
f 2412//6010 2306//6164 2302//6011
f 2413//6014 2285//6165 2204//6015
f 2414//6018 2416//6166 2205//6019
f 2283//6022 2276//6167 2417//6023
f 2415//6026 2207//6168 2272//6027
f 2284//6032 2415//6169 2273//6033
f 2276//6035 2268//6170 2269//6036
f 2417//6040 2269//6171 2197//6041
f 2273//6043 2272//6172 2275//6044
f 2274//6046 2205//6173 2277//6047
f 2238//6052 2330//6174 2264//5901
f 2330//6060 2236//6175 2324//6061
f 2324//6063 2236//6176 2331//6064
f 2260//6067 2421//6177 2322//6068
usemtl Material.088
f 2438//6178 2435//6178 2436//6178
f 2425//6179 2423//6179 2426//6179
f 2437//6180 2435//6180 2438//6180
f 2424//6181 2426//6181 2423//6181
l 2433 2434
l 2428 2439
l 2429 2431
l 2439 2440
l 2244 2384
l 2427 2430
l 2436 2440
o Cylinder.021
v 27.698353 12.081164 39.242561
v 27.694294 12.013281 39.663525
v 27.378765 12.649778 39.616093
v 27.476650 11.888702 39.739243
v 27.276243 11.775031 39.480198
v 27.249834 12.461493 38.990185
v 27.790451 12.020838 39.250381
v 27.755960 11.972496 39.705685
v 27.277140 11.692639 39.039143
v 27.905220 12.012493 39.139336
v 27.536833 11.749352 39.995338
v 27.236547 11.638679 38.953911
v 26.956085 13.488409 39.322201
v 26.626522 13.157837 39.191051
v 25.440413 13.694208 39.523880
v 25.779837 14.529984 38.199894
v 25.793678 14.564833 38.258579
v 26.586901 14.243036 39.539501
v 25.704878 14.498277 38.388744
v 26.466873 13.602240 39.304089
v 26.592459 13.758944 39.243103
v 26.781616 13.416136 39.117161
v 26.762644 13.388387 39.821289
v 26.588867 13.731927 39.866241
v 25.455303 13.556043 39.438320
v 26.572037 13.242258 39.563274
v 27.473909 14.585892 39.690685
v 27.571600 14.615840 39.871578
v 26.934135 13.513521 39.686287
v 27.166613 13.086261 39.257175
v 26.864363 12.625069 39.507065
v 26.899542 12.620872 39.132706
v 27.255779 12.845887 39.631935
v 27.187574 12.998789 39.622005
v 26.943981 12.899643 39.742676
v 27.516436 12.461954 39.272812
v 27.513205 12.338098 39.631512
v 27.615183 12.190064 39.626160
v 27.363312 12.097133 39.759590
v 27.095837 12.142440 39.484261
v 27.203796 11.909344 39.480549
v 27.104744 12.213164 39.124542
v 27.204613 12.042446 39.134281
v 26.667501 14.202720 39.859512
v 27.469164 14.662819 39.934689
v 26.389187 14.188963 39.269539
v 26.775639 13.976650 39.454742
v 26.569809 14.313374 39.918236
v 26.347206 13.726922 39.680595
v 26.794058 13.920624 39.748386
v 27.755714 15.014078 39.807320
v 24.954315 13.664307 39.444054
v 25.489750 14.722310 37.726589
v 24.939589 13.622764 39.185543
v 27.797735 14.940388 39.745667
v 25.327263 14.700476 37.741322
v 24.961643 13.559086 39.380028
v 27.957983 15.111873 40.022163
v 24.722244 13.569528 39.405468
v 25.327784 14.778831 37.412876
v 24.771763 13.466602 39.336151
v 28.008192 15.019284 39.985138
v 27.394318 12.630115 39.243633
v 27.262836 12.582597 39.746780
v 27.397989 11.991143 39.768017
v 27.352919 11.830217 39.653980
v 27.056406 12.427166 39.652260
v 26.982599 12.381207 39.277531
v 27.278044 11.837851 39.113392
v 27.389019 11.895512 39.019211
v 27.050030 12.614499 39.035950
v 27.507616 11.956896 38.991364
v 27.616556 12.021544 39.080639
v 27.257582 12.687840 39.092522
v 27.893858 11.997013 39.523777
v 27.539587 11.824494 39.858456
v 27.345329 11.721671 39.694550
v 27.436405 11.806872 38.906422
v 27.468176 11.853217 39.786266
v 27.556765 11.910028 38.920322
v 27.282450 11.783409 39.038052
v 27.944555 11.981449 39.491547
v 27.728170 11.827780 39.940266
v 27.368776 11.641413 39.838490
v 27.421354 11.722496 38.787952
v 27.794376 11.963716 38.914562
v 27.622559 11.854653 38.774948
v 27.222715 11.581635 39.558819
v 27.867094 11.972744 39.776875
v 27.012974 13.387992 39.453724
v 26.643251 13.051705 39.498253
v 27.089249 13.137684 39.623955
v 27.108274 12.603536 39.760845
v 26.667562 14.198979 39.550514
v 26.202726 14.079802 39.392380
v 26.548754 13.891863 39.885868
v 26.736223 14.100092 39.476837
v 26.343811 14.323877 39.318241
v 26.257238 14.302252 39.407566
v 26.851633 13.127935 39.737923
v 26.821238 13.759358 39.394791
v 26.830355 13.695147 39.738266
v 26.837132 13.465839 39.781120
v 26.722172 13.792510 39.775719
v 26.541777 13.380529 39.435547
v 26.314106 13.775094 39.358040
v 27.001268 13.339513 39.628647
v 26.807123 13.951569 39.636242
v 26.557896 13.624614 39.208160
v 26.489544 13.808277 39.310219
v 27.118443 12.688717 38.980202
v 26.963552 13.059096 39.031910
v 27.074949 13.201598 39.232983
v 27.238523 12.944079 39.267799
v 26.729572 12.894571 39.531540
v 26.708117 12.963634 39.176384
v 26.814590 12.785744 39.157955
v 27.316422 12.736685 39.654186
v 27.215216 12.940964 39.642990
v 27.031269 12.740675 39.771080
v 26.935595 12.682050 39.659935
v 26.813366 12.895680 39.637562
v 27.194931 13.073582 39.436413
v 26.969536 12.722165 39.034523
v 27.297440 12.851276 39.255825
v 27.432579 12.556431 39.646599
v 27.265564 12.251864 39.764385
v 27.025761 12.317037 39.476959
v 27.139757 12.133960 39.115253
v 27.385342 12.213140 38.988548
v 27.544992 12.163529 39.060646
v 27.315859 12.031796 39.041935
v 27.166290 12.001869 39.320843
v 27.103729 12.124217 39.297729
v 27.170963 12.239419 39.620632
v 27.407131 14.662881 39.717274
v 25.408842 13.713611 39.383778
v 25.691900 14.432395 38.280933
v 25.432837 13.717280 39.309326
v 27.211750 14.389363 39.604267
v 25.441549 13.603885 39.516098
v 25.461695 13.636089 39.248196
v 27.493563 14.562736 39.746609
v 27.076622 14.435831 39.656143
v 25.889322 13.930476 39.379677
v 25.855017 13.776783 39.609074
v 25.958630 14.293768 38.823154
v 26.027231 14.383046 38.662266
v 25.920330 13.654021 39.537426
v 27.144524 14.238831 39.795582
v 27.740499 15.005457 39.908504
v 25.412163 14.637651 37.790600
v 25.363367 14.755264 37.707539
v 25.004444 13.558507 39.274803
v 27.572815 14.776346 39.942108
v 25.076443 13.727201 39.263313
v 25.162958 13.656155 39.493980
v 25.161425 13.631576 39.206455
v 25.377972 14.793010 37.588642
v 25.162500 13.553476 39.409626
v 25.272081 14.760599 37.413574
v 27.949175 15.142323 39.857483
v 25.222744 14.715937 37.460991
v 25.263844 14.775763 37.462013
v 27.983629 15.060444 40.033627
v 25.240587 14.721865 37.520271
v 27.996449 15.065561 39.802666
v 25.373545 14.778558 37.495056
v 27.884224 15.073320 40.020329
v 27.873440 15.111426 39.858471
v 24.732801 13.633036 39.232056
v 24.835487 13.625797 39.444500
v 24.753349 13.521994 39.146114
v 24.752201 13.475346 39.208111
v 24.859165 13.549805 39.410942
v 24.729895 13.566667 39.164608
v 25.327826 14.713208 37.521824
v 24.746363 13.591452 39.336040
v 24.730574 13.534716 39.257172
v 28.015007 15.094559 39.926842
v 25.511190 14.566669 38.026131
v 27.738640 14.962904 39.752995
v 25.580704 14.620218 38.078156
v 25.579725 14.591045 37.971874
v 25.888311 13.692636 39.446106
v 26.311083 13.822715 39.724854
v 26.066851 14.418076 38.864170
v 26.610363 14.243427 39.887043
v 26.094261 14.385713 38.777969
v 27.558752 12.337599 39.379734
v 27.727629 12.043761 39.451981
v 27.454893 12.182346 39.722431
v 27.528572 12.072363 39.707703
v 27.210714 12.080743 39.626694
v 26.750881 12.814626 39.350399
v 26.875933 12.579623 39.316563
v 26.888716 12.856837 39.079693
v 27.308287 12.848550 39.416908
v 26.914112 12.484347 39.519024
v 26.699902 13.318290 39.144432
v 26.449249 13.564816 39.668579
v 26.674782 13.249563 39.680641
v 26.836460 13.731693 39.552925
v 26.723576 13.768890 39.299480
v 26.885920 13.435870 39.178711
v 26.582764 13.193893 39.375530
v 26.921352 13.293660 39.711769
v 26.454872 14.342935 39.509296
v 26.311295 14.414743 39.463547
v 26.589060 14.224037 39.678276
v 24.963263 13.693331 39.293751
v 26.392120 13.981530 39.852715
v 27.110971 13.152048 39.437790
v 26.791676 13.055427 39.055939
v 26.952353 12.991498 39.748871
v 26.520555 14.006828 39.308372
v 27.687096 11.891559 39.904472
v 27.193174 11.585958 39.227627
v 27.348431 11.681298 39.808167
v 27.250740 11.649511 39.532860
v 27.673475 11.969642 39.056988
v 27.404524 12.458497 39.126301
v 27.045671 12.344128 39.087963
v 27.006731 13.189180 39.131218
v 27.339525 12.466603 39.744629
v 27.455517 12.539498 39.405144
v 26.018305 13.498658 40.749039
v 26.119469 13.610790 40.574921
v 25.899878 13.451381 41.206341
v 26.117352 13.557678 40.967098
v 26.374123 14.624748 39.279549
v 26.718018 14.043293 40.093090
v 26.766415 14.224362 39.958237
v 26.680735 14.549767 39.399864
v 26.750364 14.374985 40.006458
v 25.971170 13.690271 40.051975
v 26.350676 13.706836 40.030361
v 26.290102 13.691463 39.996685
v 27.097460 14.003965 41.010834
v 27.175280 14.093138 40.680481
v 27.377237 14.122975 41.360813
v 27.270029 14.032009 40.870243
v 26.792854 13.968502 40.466957
v 26.963961 14.038918 40.499081
vn 0.8589 0.5101 0.0458
vn -0.3433 -0.1721 -0.9233
vn 0.7499 0.4032 -0.5245
vn -0.5091 0.7303 -0.4555
vn -0.4424 0.6054 -0.6616
vn 0.1604 0.9548 0.2503
vn -0.8817 0.2181 0.4185
vn -0.8756 -0.0852 0.4755
vn 0.3640 0.9227 0.1270
vn 0.0393 0.5082 0.8603
vn -0.3202 -0.4127 -0.8527
vn -0.9768 -0.2143 -0.0006
vn -0.8460 -0.5331 0.0072
vn 0.6776 0.6958 0.2382
vn -0.5094 -0.3910 -0.7666
vn 0.3725 0.3794 0.8469
vn 0.5354 0.5280 -0.6592
vn 0.7803 0.4103 -0.4721
vn -0.9048 -0.3767 -0.1987
vn -0.6639 -0.4695 0.5821
vn -0.8023 -0.1792 0.5694
vn 0.2211 0.0136 0.9752
vn 0.5261 0.8376 -0.1472
vn 0.0628 0.9490 0.3090
vn -0.7151 0.3293 0.6165
vn 0.4858 0.8638 0.1337
vn -0.8729 0.4618 -0.1574
vn 0.2672 -0.8246 -0.4986
vn 0.1229 -0.3686 0.9214
vn -0.3548 0.7336 -0.5795
vn -0.6816 0.6529 0.3304
vn -0.6820 0.6523 0.3308
vn -0.6817 0.6527 0.3306
vn 0.1566 -0.9369 -0.3125
vn -0.4728 0.8740 0.1117
vn 0.2920 0.9430 -0.1594
vn 0.7889 0.4791 0.3849
vn -0.5987 -0.8009 0.0103
vn 0.3534 -0.3786 0.8554
vn -0.0950 -0.0866 0.9917
vn -0.5084 0.6692 0.5420
vn -0.1000 0.9119 0.3980
vn 0.1199 0.5840 -0.8029
vn 0.6226 -0.6212 -0.4760
vn -0.0214 0.9762 0.2156
vn 0.8610 -0.1118 -0.4962
vn -0.1676 0.4763 -0.8632
vn 0.2881 -0.8842 -0.3678
vn 0.8171 0.5576 0.1467
vn 0.8776 0.4352 0.2010
vn 0.4803 0.3011 0.8238
vn 0.6339 0.1989 0.7474
vn -0.7941 -0.3754 0.4779
vn -0.8139 -0.1828 0.5515
vn -0.3311 -0.4821 0.8112
vn -0.4309 -0.0990 -0.8970
vn -0.5698 -0.5337 -0.6249
vn -0.5807 -0.1794 -0.7941
vn -0.6398 -0.1527 -0.7532
vn 0.6238 0.3450 -0.7013
vn 0.7904 0.3253 -0.5191
vn 0.6750 0.4987 -0.5437
vn 0.6650 0.3688 -0.6494
vn 0.7559 0.3612 -0.5460
vn -0.8486 -0.4864 -0.2079
vn -0.8838 -0.4649 -0.0521
vn -0.4100 -0.2753 -0.8696
vn 0.8358 0.5071 0.2104
vn 0.8359 0.5070 0.2104
vn 0.8358 0.5072 0.2104
vn 0.8357 0.5072 0.2105
vn -0.7514 -0.4219 0.5074
vn -0.8367 -0.2546 0.4848
vn -0.7116 -0.2046 0.6722
vn -0.1262 0.2800 -0.9517
vn -0.6131 0.0513 -0.7883
vn -0.5526 -0.4020 0.7301
vn -0.6586 -0.4481 0.6045
vn -0.5690 -0.3792 0.7297
vn -0.5698 -0.3829 0.7271
vn -0.5691 -0.3798 0.7293
vn 0.9050 0.3906 0.1688
vn 0.6767 0.3244 -0.6610
vn 0.4207 0.3658 -0.8302
vn -0.9402 -0.3182 -0.1217
vn -0.6569 0.5644 -0.5000
vn 0.4643 0.8784 0.1130
vn 0.5503 0.0356 0.8342
vn -0.0069 0.9819 0.1892
vn -0.1400 0.1619 -0.9768
vn -0.6007 -0.3778 -0.7046
vn 0.3920 0.3574 0.8477
vn 0.4747 -0.1022 0.8742
vn 0.4450 0.3032 0.8426
vn -0.5199 0.0733 -0.8511
vn -0.9088 0.4082 0.0864
vn -0.1129 0.9753 -0.1899
vn 0.1141 0.9925 0.0433
vn -0.6044 0.6845 0.4076
vn 0.5421 0.8371 0.0737
vn -0.6827 0.5727 -0.4538
vn -0.6574 0.7377 -0.1539
vn -0.0678 0.6657 0.7432
vn -0.2620 0.7925 0.5508
vn 0.7153 0.4229 -0.5563
vn 0.7105 0.4601 -0.5324
vn 0.8106 0.1608 -0.5630
vn -0.6974 -0.5103 0.5032
vn -0.6210 -0.2703 0.7357
vn -0.6725 -0.5680 0.4744
vn 0.4784 0.4270 -0.7673
vn -0.9972 0.0578 -0.0483
vn 0.4495 -0.8926 -0.0358
vn 0.5106 -0.8530 -0.1078
vn 0.5196 -0.8541 -0.0226
vn 0.9135 0.3989 -0.0803
vn 0.9170 0.3920 -0.0736
vn 0.9107 0.4040 -0.0855
vn -0.7001 -0.2435 -0.6712
vn -0.4734 -0.2825 0.8343
vn 0.7069 0.3831 -0.5945
vn 0.1013 0.0534 0.9934
vn 0.1006 0.0523 0.9936
vn 0.1028 0.0560 0.9931
vn 0.6955 0.0427 0.7172
vn 0.7000 0.0419 0.7129
vn 0.7091 0.0404 0.7040
vn 0.3743 0.0599 0.9254
vn 0.4286 0.1324 0.8937
vn 0.3367 0.0119 0.9415
vn 0.9739 0.1961 -0.1142
vn 0.9744 0.2066 -0.0881
vn 0.9740 0.2197 -0.0553
vn -0.5821 -0.0207 -0.8128
vn -0.6581 -0.1223 -0.7429
vn -0.6933 -0.1760 -0.6989
vn -0.5267 -0.4171 0.7407
vn -0.5700 -0.3834 0.7267
vn -0.4678 0.0777 -0.8804
vn -0.5609 0.0862 -0.8233
vn -0.2728 0.0586 -0.9603
vn -0.5920 -0.4106 0.6935
vn -0.5915 -0.4043 0.6976
vn -0.5898 -0.3842 0.7103
vn -0.6260 -0.2560 0.7366
vn -0.6390 -0.2518 0.7268
vn -0.6688 -0.2416 0.7031
vn -0.4272 -0.2017 -0.8814
vn -0.4315 -0.1450 -0.8904
vn -0.4249 -0.2260 -0.8766
vn 0.8903 0.4421 -0.1094
vn -0.5711 -0.2612 -0.7782
vn -0.9432 -0.3316 0.0218
vn -0.3090 -0.1577 -0.9379
vn 0.3158 0.1418 0.9382
vn 0.3137 0.1201 0.9419
vn 0.3096 0.0805 0.9475
vn -0.9182 -0.3035 -0.2546
vn 0.8489 0.5160 0.1146
vn 0.8874 0.4343 0.1547
vn 0.8875 0.4343 0.1542
vn 0.8869 0.4334 0.1596
vn 0.1290 0.2145 -0.9682
vn 0.6757 -0.7275 -0.1191
vn 0.6679 -0.7380 -0.0957
vn 0.6761 -0.7266 -0.1217
vn -0.2063 -0.4734 0.8563
vn 0.1715 -0.9811 -0.0894
vn 0.0829 -0.9440 -0.3194
vn -0.0271 -0.9996 -0.0055
vn -0.8137 0.5616 -0.1502
vn -0.8236 0.5649 0.0504
vn -0.8109 0.5539 0.1887
vn -0.1801 0.9832 0.0284
vn -0.3300 0.9284 0.1709
vn -0.0897 0.9945 -0.0546
vn -0.0975 -0.4273 0.8988
vn 0.3981 -0.6108 -0.6844
vn 0.4640 -0.6772 -0.5711
vn 0.4892 -0.7012 -0.5186
vn 0.4175 -0.9062 -0.0672
vn 0.3172 -0.9455 0.0741
vn 0.4583 -0.8792 -0.1301
vn 0.2601 -0.7166 0.6472
vn 0.2851 -0.5624 0.7762
vn 0.2928 -0.4821 0.8258
vn -0.1173 -0.5929 0.7967
vn -0.1064 0.5798 -0.8078
vn 0.0325 0.5402 -0.8409
vn 0.0925 0.5193 -0.8495
vn -0.2072 0.4808 -0.8520
vn -0.6821 0.6520 0.3309
vn -0.1216 0.7070 -0.6967
vn -0.1247 0.6952 -0.7080
vn -0.1207 0.7101 -0.6936
vn -0.0089 0.3785 -0.9255
vn 0.4597 -0.7607 -0.4584
vn 0.5176 -0.7328 -0.4416
vn 0.2641 -0.8261 -0.4977
vn 0.5478 -0.7345 -0.4005
vn 0.5928 -0.6753 -0.4387
vn 0.6241 -0.6274 -0.4657
vn -0.3887 0.9178 0.0817
vn -0.3501 0.9291 0.1195
vn -0.4158 0.9078 0.0542
vn -0.3257 0.8726 0.3640
vn -0.2772 0.9554 0.1018
vn -0.2694 0.9607 0.0674
vn -0.4227 0.8802 0.2159
vn -0.4027 0.8920 0.2055
vn -0.4550 0.8595 0.2327
vn -0.5783 0.8003 0.1585
vn -0.6050 0.7930 0.0721
vn -0.5539 0.8014 0.2256
vn 0.6511 0.7449 -0.1458
vn -0.9953 0.0446 0.0864
vn -0.9951 0.0449 0.0877
vn -0.9863 0.0615 0.1532
vn -0.2973 0.8956 -0.3309
vn -0.9340 -0.3219 -0.1547
vn -0.9416 -0.2967 -0.1591
vn -0.8992 -0.4155 -0.1368
vn -0.8934 -0.4410 0.0855
vn -0.8909 -0.4472 0.0789
vn -0.8833 -0.4651 0.0596
vn 0.9962 -0.0875 0.0035
vn 0.9812 0.0545 0.1851
vn 0.9795 -0.1711 -0.1064
vn 0.8554 0.3474 -0.3841
vn 0.6715 0.7213 -0.1701
vn 0.6625 0.7313 -0.1620
vn 0.7301 0.6332 -0.2570
vn -0.8281 -0.4285 0.3615
vn -0.7318 0.4819 0.4818
vn 0.1562 -0.8326 -0.5314
vn 0.2184 -0.8744 -0.4333
vn 0.2674 -0.8990 -0.3470
vn 0.0638 -0.9314 -0.3584
vn 0.0459 -0.9212 -0.3863
vn -0.1602 -0.5546 0.8166
vn -0.1871 -0.5944 0.7821
vn -0.2053 -0.6207 0.7567
vn -0.1561 -0.6696 0.7261
vn -0.0707 -0.8171 0.5721
vn -0.1775 -0.6242 0.7608
vn 0.3807 -0.1157 -0.9174
vn -0.0200 0.1767 -0.9841
vn -0.0472 0.1950 -0.9797
vn -0.5631 0.6784 -0.4720
vn -0.4820 0.6078 -0.6311
vn -0.5666 0.6812 -0.4636
vn -0.0561 0.9340 0.3529
vn 0.0570 0.5472 -0.8351
vn 0.0988 0.6207 -0.7778
vn 0.3832 -0.7468 -0.5435
vn 0.3698 -0.7638 -0.5290
vn 0.3660 -0.7672 -0.5267
vn 0.3791 -0.7538 -0.5367
vn 0.3754 -0.7528 -0.5406
vn -0.0352 -0.8942 -0.4462
vn -0.7367 -0.6177 0.2751
vn -0.6647 -0.7206 0.1974
vn -0.6515 -0.7359 0.1842
vn 0.7042 -0.6683 -0.2397
vn 0.6314 -0.6178 -0.4688
vn 0.6227 -0.6112 -0.4885
vn 0.2058 -0.9589 -0.1955
vn 0.1253 -0.9279 -0.3513
vn 0.0897 -0.9057 -0.4144
vn 0.6686 -0.7363 -0.1046
vn 0.6713 -0.7341 -0.1026
vn 0.2773 -0.8541 -0.4401
vn 0.2852 -0.8827 -0.3735
vn 0.2862 -0.8865 -0.3636
vn -0.2499 0.0786 0.9651
vn -0.1913 -0.0691 0.9791
vn -0.2534 0.0880 0.9633
vn 0.0640 -0.8400 0.5388
vn 0.0573 -0.8006 0.5964
vn 0.0569 -0.7981 0.5998
vn -0.2186 0.9212 0.3219
vn 0.8497 0.3916 -0.3531
vn 0.8684 0.0785 -0.4896
vn 0.8455 0.4085 -0.3438
vn 0.6392 0.7615 -0.1073
vn 0.6235 0.7762 -0.0932
vn -0.8671 -0.3717 0.3315
vn -0.1196 0.5593 -0.8203
vn -0.1052 0.5494 -0.8289
vn -0.1026 0.5475 -0.8305
vn 0.0161 0.1810 -0.9834
vn 0.0511 0.2734 -0.9606
vn -0.0111 0.1080 -0.9941
vn 0.2253 -0.8775 -0.4233
vn 0.2106 -0.8868 -0.4114
vn 0.2049 -0.8903 -0.4067
vn -0.1379 0.5640 -0.8142
vn 0.4231 -0.7733 -0.4721
vn 0.8951 0.4351 0.0976
vn 0.8773 0.4799 -0.0042
vn 0.8985 0.4188 0.1315
vn 0.8875 0.4344 0.1540
vn 0.3536 0.0603 0.9335
vn 0.3168 0.0728 0.9457
vn 0.3953 0.0458 0.9174
vn 0.2616 0.1356 0.9556
vn -0.7848 -0.3324 0.5231
vn -0.7876 -0.2643 0.5566
vn -0.7859 -0.1955 0.5866
vn 0.3541 0.3424 0.8703
vn 0.4946 0.2187 0.8411
vn -0.5809 -0.3891 0.7150
vn -0.8075 -0.5450 -0.2257
vn -0.8169 -0.5234 -0.2423
vn -0.7829 -0.5936 -0.1863
vn -0.6402 -0.1495 0.7535
vn -0.9016 -0.4323 -0.0168
vn -0.8992 -0.4374 -0.0115
vn -0.8908 -0.4543 0.0067
vn -0.8724 -0.4818 -0.0826
vn -0.8731 -0.4804 -0.0830
vn -0.8680 -0.4901 -0.0801
vn 0.6799 0.3335 -0.6531
vn 0.6743 0.3504 -0.6501
vn 0.6601 0.3899 -0.6420
vn -0.2436 0.0308 -0.9694
vn 0.7020 0.4561 -0.5470
vn 0.4777 0.4014 -0.7815
vn 0.5625 0.1696 -0.8092
vn 0.4555 0.2079 -0.8656
vn -0.8765 -0.4290 -0.2185
vn -0.8780 -0.4289 -0.2125
vn -0.8733 -0.4324 -0.2242
vn 0.5977 0.3132 -0.7380
vn -0.8843 -0.4592 0.0849
vn -0.8807 -0.4684 0.0712
vn -0.8868 -0.4522 0.0952
vn -0.8801 -0.4266 -0.2085
vn -0.8734 -0.4371 -0.2148
vn 0.2800 0.3335 0.9002
vn 0.2611 0.4026 0.8774
vn 0.2517 0.4342 0.8649
vn 0.2879 0.3073 0.9070
vn 0.3181 0.2870 0.9036
vn 0.1366 0.3991 0.9067
vn 0.4871 0.1070 0.8668
vn -0.4270 -0.0146 -0.9042
vn -0.3944 -0.0141 -0.9188
vn -0.5076 -0.0157 -0.8614
vn 0.6864 0.1840 0.7035
vn -0.6579 -0.1868 -0.7296
vn -0.6588 -0.1952 -0.7265
vn -0.6626 -0.2323 -0.7121
vn 0.9156 0.3732 0.1497
vn 0.9575 0.2761 0.0832
vn 0.8432 0.4863 0.2294
vn -0.3857 -0.2999 -0.8725
vn -0.5391 -0.1507 -0.8286
vn 0.8656 0.4737 0.1627
vn 0.8009 0.5923 0.0876
vn 0.7653 0.6414 0.0529
vn 0.9265 0.3761 -0.0142
vn 0.9287 0.3707 -0.0062
vn 0.9135 0.4032 -0.0547
vn 0.8405 0.5397 -0.0475
vn -0.6022 -0.4871 0.6325
vn -0.6056 -0.4850 0.6308
vn -0.5619 -0.5105 0.6509
vn -0.7309 -0.3573 0.5814
vn -0.4018 0.3260 -0.8557
vn -0.3508 0.0321 -0.9359
vn -0.4568 0.1365 -0.8791
vn 0.9881 0.1080 0.1099
vn 0.9873 0.1355 0.0832
vn 0.9873 0.0798 0.1370
vn 0.8912 0.4468 0.0783
vn 0.9176 0.3968 -0.0229
vn 0.9243 0.3767 -0.0607
vn 0.9039 0.4275 0.0179
vn 0.9121 0.4076 0.0431
vn 0.8944 0.4472 -0.0078
vn 0.6702 0.5120 -0.5373
vn 0.6499 0.4918 -0.5794
vn 0.6367 0.4788 -0.6045
vn 0.3286 0.4758 -0.8159
vn 0.3658 0.4741 -0.8009
vn 0.3166 0.4761 -0.8204
vn -0.9523 -0.2996 -0.0572
vn -0.9641 -0.2384 -0.1170
vn -0.9684 -0.1481 -0.2007
vn 0.7233 0.4543 -0.5200
vn -0.7610 -0.6406 -0.1026
vn -0.9284 -0.3623 -0.0821
vn 0.4726 0.1640 0.8659
vn 0.4288 0.1134 0.8962
vn 0.4922 0.1873 0.8501
vn -0.8743 -0.4714 -0.1153
vn -0.9314 -0.3617 0.0400
vn 0.5322 -0.0824 0.8426
vn 0.5306 -0.0859 0.8432
vn 0.5345 -0.0775 0.8416
vn 0.6494 0.1582 0.7438
vn 0.4335 -0.0403 0.9003
vn 0.6232 0.2545 0.7395
vn -0.8099 0.5822 -0.0722
vn -0.7207 0.6652 0.1954
vn -0.7291 0.6520 0.2082
vn 0.6359 0.5584 -0.5328
vn 0.6949 0.5033 -0.5136
vn 0.7608 0.4310 -0.4852
vn 0.5073 0.7771 -0.3724
vn 0.3393 0.9400 -0.0363
vn 0.4681 0.8781 -0.0993
vn 0.2870 0.9579 -0.0115
vn -0.1073 0.9594 0.2608
vn -0.1395 0.9709 0.1949
vn -0.0994 0.9558 0.2766
vn 0.5125 -0.1058 0.8521
vn -0.1257 0.8858 0.4468
vn 0.0103 0.9964 0.0841
vn 0.0206 0.9982 0.0558
vn 0.3350 0.6284 -0.7021
vn 0.3150 0.6410 -0.6999
vn 0.4111 0.5760 -0.7066
vn 0.4916 0.3976 -0.7747
vn 0.4947 0.3718 -0.7855
vn 0.4852 0.4422 -0.7544
vn 0.3511 0.3323 -0.8754
vn -0.5174 -0.4404 0.7337
vn -0.5167 -0.4141 0.7493
vn -0.5142 -0.3632 0.7770
vn -0.7288 -0.2137 0.6506
vn -0.7289 -0.2141 0.6503
vn -0.7148 -0.1748 0.6771
vn -0.3069 -0.1914 0.9323
vn 0.7514 0.6257 0.2096
vn 0.7409 0.6418 0.1981
vn 0.6777 0.7228 0.1349
vn -0.6270 0.0046 0.7790
vn 0.9182 0.3722 0.1359
vn 0.7307 0.6823 -0.0234
vn 0.7453 0.6666 -0.0132
vn 0.7814 0.6239 0.0135
vn -0.8914 -0.4498 -0.0566
vn -0.9052 -0.4195 -0.0676
vn -0.8719 -0.4879 -0.0422
vn -0.1324 -0.1812 -0.9745
vn -0.2584 0.0232 -0.9658
vn -0.2572 0.0221 -0.9661
vn -0.2519 0.0170 -0.9676
vn -0.9629 -0.2697 0.0057
vn -0.4047 0.8873 0.2211
vn -0.2645 0.9217 0.2836
vn -0.4558 0.8683 0.1956
vn 0.2672 0.5967 0.7566
vn -0.7770 0.6294 0.0101
vn -0.7874 0.6164 -0.0019
vn -0.7928 0.6094 -0.0082
vn -0.4806 0.7728 0.4145
vn -0.0394 0.9277 -0.3711
vn -0.0396 0.9278 -0.3711
vn -0.0397 0.9278 -0.3711
vn -0.6027 0.7879 0.1262
vn -0.6212 0.7234 0.3013
vn -0.6189 0.7038 0.3487
vn -0.6217 0.7325 0.2773
vn 0.3207 0.9460 0.0476
vn -0.0593 0.9943 0.0891
vn -0.7232 0.1445 0.6754
vn -0.8376 0.4791 0.2624
vn -0.8299 0.5123 0.2211
vn -0.8413 0.4575 0.2880
vn 0.0993 0.7991 -0.5929
vn 0.2667 0.7417 -0.6154
vn 0.3726 0.6909 -0.6195
vn -0.9768 0.2117 0.0315
vn -0.9980 0.0056 -0.0624
vn 0.4755 0.7244 -0.4991
vn 0.4949 0.7139 -0.4954
vn 0.5056 0.7079 -0.4932
vn -0.7338 0.2429 0.6345
vn -0.6958 0.1619 0.6998
vn -0.7477 0.2777 0.6032
vn -0.6366 0.3643 -0.6797
vn -0.6555 0.1545 -0.7392
vn -0.6123 0.4760 -0.6313
vn -0.9024 0.3092 0.3000
vn 0.2795 0.9599 -0.0221
vn 0.4442 0.8742 0.1960
vn -0.8730 -0.4368 -0.2172
vn -0.8762 -0.4385 -0.2001
vn -0.4545 0.5660 -0.6878
vn -0.6459 0.6582 -0.3868
vn -0.5293 0.6851 -0.5005
vn -0.1966 0.8286 0.5242
vn 0.6333 0.3007 -0.7131
vn -0.2290 -0.3563 -0.9059
vn -0.9181 -0.3954 0.0260
vn -0.9129 -0.4062 0.0399
vn -0.9047 -0.4217 0.0601
vn -0.7418 -0.4199 0.5229
vn -0.7440 -0.3966 0.5377
vn -0.7252 -0.5188 0.4527
vn -0.8317 -0.5553 0.0013
vn 0.5110 0.3981 0.7618
vn 0.5048 0.4468 0.7386
vn 0.4934 0.5138 0.7018
vn 0.6265 0.1789 0.7586
vn 0.9375 0.3417 0.0651
vn 0.8068 0.5903 0.0255
vn 0.8249 0.5653 0.0046
vn 0.5470 -0.8133 0.1984
vn 0.4950 -0.8687 0.0192
vn -0.1484 -0.9864 -0.0704
vn 0.4653 -0.8823 -0.0708
vn 0.1643 -0.8031 -0.5728
vn 0.6434 -0.7448 -0.1768
vn 0.5530 -0.8298 -0.0754
vn 0.5858 -0.8080 -0.0628
vn 0.9197 0.3866 -0.0682
vn 0.0966 0.0455 0.9943
vn 0.6872 0.0441 0.7251
vn 0.4599 0.1762 0.8703
vn 0.9724 0.1840 -0.1433
vn -0.5550 0.0122 -0.8317
vn -0.7333 0.1007 -0.6724
vn -0.5929 -0.4237 0.6848
vn -0.5998 -0.2641 0.7553
vn -0.4345 -0.0869 -0.8965
vn 0.3190 0.1784 0.9308
vn -0.7830 0.5431 -0.3032
vn -0.3938 0.8890 0.2338
vn 0.3830 -0.5950 -0.7066
vn 0.2821 -0.9519 0.1200
vn -0.1099 0.1637 0.9804
vn 0.2451 -0.7777 0.5788
vn -0.1420 0.5880 -0.7963
vn -0.1253 0.6929 -0.7100
vn 0.6778 -0.6297 -0.3795
vn 0.5218 -0.7645 -0.3786
vn -0.3036 0.9387 0.1632
vn -0.3290 0.8612 0.3873
vn -0.3689 0.9103 0.1880
vn -0.6296 0.7764 -0.0285
vn -0.9995 0.0269 0.0166
vn -0.9628 -0.2071 -0.1737
vn -0.9016 -0.4186 0.1092
vn 0.9297 0.1693 0.3273
vn 0.8636 0.3171 -0.3920
vn 0.0897 -0.7763 -0.6240
vn -0.1386 -0.5218 0.8417
vn -0.0433 -0.8544 0.5179
vn 0.3952 -0.1271 -0.9098
vn -0.4789 0.6049 -0.6361
vn -0.7446 -0.6038 0.2845
vn 0.7092 -0.6712 -0.2158
vn 0.2199 -0.9613 -0.1661
vn 0.2754 -0.8470 -0.4547
vn 0.1491 -0.3038 0.9410
vn 0.2843 -0.4884 0.8250
vn -0.1839 -0.0867 0.9791
vn 0.0648 -0.8448 0.5311
vn 0.8641 0.0421 -0.5016
vn -0.1216 0.5607 -0.8190
vn 0.0693 0.3211 -0.9445
vn 0.2303 -0.8743 -0.4274
vn 0.8701 0.4917 -0.0338
vn 0.2844 0.0836 0.9551
vn -0.7742 -0.4188 0.4746
vn -0.8339 -0.4784 -0.2753
vn -0.9072 -0.4197 -0.0301
vn -0.8770 -0.4728 -0.0853
vn 0.6903 0.2999 -0.6584
vn -0.8776 -0.4756 0.0602
vn 0.2841 0.3177 0.9047
vn 0.4519 0.1887 0.8719
vn -0.3453 -0.0134 -0.9384
vn -0.6516 -0.1411 -0.7453
vn 0.9676 0.2448 0.0621
vn 0.9053 0.3600 0.2255
vn 0.9357 0.3523 0.0205
vn -0.6572 -0.4515 0.6035
vn 0.9858 0.1558 0.0632
vn 0.8764 0.4662 0.1208
vn 0.9164 0.3962 0.0574
vn 0.6773 0.5192 -0.5213
vn 0.3795 0.4733 -0.7949
vn -0.9428 -0.3326 -0.0238
vn 0.4032 0.0848 0.9112
vn 0.5290 -0.0894 0.8439
vn 0.5812 0.6030 -0.5465
vn 0.5322 0.8363 -0.1320
vn -0.1518 0.9738 0.1691
vn -0.1347 0.8723 0.4700
vn 0.2433 0.6824 -0.6893
vn 0.5009 0.3049 -0.8100
vn -0.5166 -0.5119 0.6863
vn -0.7503 -0.2859 0.5960
vn 0.7908 0.5562 0.2555
vn 0.6812 0.7299 -0.0560
vn -0.9211 -0.3808 -0.0814
vn -0.2686 0.0330 -0.9627
vn -0.2001 0.9297 0.3092
vn -0.7736 0.6335 0.0140
vn -0.0393 0.9277 -0.3712
vn -0.6175 0.6947 0.3689
vn -0.8270 0.5223 0.2082
vn -0.0278 0.8254 -0.5638
vn 0.4596 0.7327 -0.5019
vn -0.6786 0.1297 0.7229
vn -0.6521 0.0291 -0.7576
vn -0.8742 -0.4298 -0.2259
vn -0.9280 -0.3726 -0.0029
vn -0.7465 -0.2742 0.6063
vn 0.5172 0.3273 0.7908
vn -0.0681 -0.9590 -0.2749
vn 0.4643 -0.8852 0.0287
vn 0.2553 -0.9591 0.1221
vn 0.6590 -0.7458 -0.0974
s 1
usemtl Material.089
f 2666//6182 2443//6182 2566//6182
f 2511//6183 2446//6183 2663//6183
f 2514//6184 2503//6184 2662//6184
f 2518//6185 2527//6185 2525//6185
f 2510//6186 2520//6186 2518//6186
f 2631//6187 2448//6187 2515//6187
f 2660//6188 2517//6188 2506//6188
f 2528//6189 2524//6189 2659//6189
f 2529//6190 2522//6190 2515//6190
f 2657//6191 2451//6191 2523//6191
f 2535//6192 2486//6192 2656//6192
f 2466//6193 2545//6193 2646//6193
f 2641//6194 2489//6194 2546//6194
f 2530//6195 2453//6195 2547//6195
f 2472//6196 2564//6196 2511//6196
f 2558//6197 2473//6197 2504//6197
f 2551//6198 2565//6198 2514//6198
f 2571//6199 2476//6199 2441//6199
f 2574//6200 2482//6200 2569//6200
f 2634//6201 2481//6201 2505//6201
f 2575//6202 2480//6202 2634//6202
f 2665//6203 2567//6203 2632//6203
f 2627//6204 2538//6204 2629//6204
f 2599//6205 2593//6205 2623//6205
f 2623//6206 2496//6206 2621//6206
f 2620//6207 2602//6207 2498//6207
f 2499//6208 2618//6208 2619//6208
f 2617//6209 2603//6209 2601//6209
f 2492//6210 2612//6210 2615//6210
f 2491//6211 2610//6211 2622//6211
f 2496//6212 2593//6213 2606//6214
f 2592//6215 2603//6215 2617//6215
f 2612//6216 2618//6216 2499//6216
f 2608//6217 2500//6217 2599//6217
f 2620//6218 2498//6218 2605//6218
f 2621//6219 2496//6219 2592//6219
f 2485//6220 2468//6220 2595//6220
f 2455//6221 2597//6221 2581//6221
f 2623//6222 2593//6222 2496//6222
f 2457//6223 2623//6223 2459//6223
f 2579//6224 2598//6224 2596//6224
f 2467//6225 2583//6225 2580//6225
f 2627//6226 2539//6226 2538//6226
f 2456//6227 2629//6227 2588//6227
f 2580//6228 2584//6228 2576//6228
f 2578//6229 2588//6229 2587//6229
f 2630//6230 2477//6230 2478//6230
f 2631//6231 2478//6231 2442//6231
f 2477//6232 2632//6232 2478//6232
f 2477//6233 2665//6233 2632//6233
f 2634//6234 2480//6234 2481//6234
f 2567//6235 2575//6235 2634//6235
f 2444//6236 2505//6236 2506//6236
f 2569//6237 2570//6237 2572//6237
f 2483//6238 2569//6238 2572//6238
f 2509//6239 2572//6239 2510//6239
f 2483//6240 2572//6240 2509//6240
f 2446//6241 2662//6241 2570//6241
f 2571//6242 2441//6242 2513//6242
f 2565//6243 2552//6243 2554//6243
f 2551//6244 2552//6244 2565//6244
f 2514//6245 2565//6245 2503//6245
f 2557//6246 2635//6246 2556//6246
f 2639//6247 2636//6247 2508//6247
f 2511//6248 2551//6248 2446//6248
f 2638//6249 2473//6250 2558//6251
f 2443//6252 2638//6249 2558//6251
f 2471//6253 2561//6253 2555//6253
f 2639//6254 2561//6254 2471//6254
f 2533//6255 2639//6255 2507//6255
f 2549//6256 2461//6256 2462//6256
f 2654//6257 2454//6257 2640//6257
f 2641//6258 2464//6258 2489//6258
f 2642//6259 2641//6259 2466//6259
f 2642//6260 2463//6261 2641//6262
f 2530//6263 2547//6263 2532//6263
f 2541//6264 2644//6264 2487//6264
f 2664//6265 2462//6265 2645//6265
f 2466//6266 2641//6266 2545//6266
f 2539//6267 2649//6267 2538//6267
f 2534//6268 2458//6268 2650//6268
f 2544//6269 2536//6269 2464//6269
f 2651//6270 2492//6270 2597//6270
f 2552//6271 2654//6271 2462//6271
f 2556//6272 2654//6272 2637//6272
f 2655//6273 2532//6273 2540//6273
f 2474//6274 2655//6274 2475//6274
f 2474//6275 2532//6275 2655//6275
f 2550//6276 2656//6276 2461//6276
f 2660//6277 2658//6277 2528//6277
f 2447//6278 2450//6278 2661//6278
f 2447//6279 2515//6279 2450//6279
f 2506//6280 2519//6280 2444//6280
f 2441//6281 2631//6281 2447//6281
f 2510//6282 2521//6282 2509//6282
f 2449//6283 2518//6283 2452//6283
f 2442//6284 2519//6284 2448//6284
f 2444//6285 2519//6285 2442//6285
f 2662//6286 2503//6286 2476//6286
f 2664//6287 2453//6287 2553//6287
f 2552//6288 2664//6288 2553//6288
f 2567//6289 2507//6289 2575//6289
f 2533//6290 2507//6290 2567//6290
f 2507//6291 2639//6291 2568//6291
f 2552//6292 2462//6292 2664//6292
f 2660//6293 2521//6293 2449//6293
f 2450//6294 2451//6295 2452//6296
f 2530//6297 2553//6298 2453//6299
f 2654//6300 2556//6300 2454//6300
f 2562//6301 2655//6301 2540//6301
f 2656//6302 2486//6302 2458//6302
f 2665//6303 2533//6304 2567//6305
f 2469//6306 2647//6307 2547//6308
f 2544//6309 2542//6310 2490//6311
f 2487//6312 2643//6313 2541//6314
f 2640//6315 2460//6316 2549//6317
f 2540//6318 2463//6318 2642//6318
f 2641//6262 2463//6261 2464//6319
f 2550//6320 2460//6321 2546//6322
f 2561//6323 2533//6324 2560//6325
f 2475//6326 2561//6327 2560//6328
f 2570//6329 2482//6330 2446//6331
f 2554//6332 2470//6332 2563//6332
f 2557//6333 2556//6333 2637//6333
f 2636//6334 2639//6334 2471//6334
f 2572//6335 2570//6335 2512//6335
f 2479//6336 2633//6337 2632//6338
f 2573//6339 2483//6339 2509//6339
f 2631//6340 2630//6340 2478//6340
f 2630//6341 2666//6342 2477//6343
f 2580//6344 2487//6344 2537//6344
f 2548//6345 2590//6346 2490//6347
f 2589//6348 2489//6348 2626//6348
f 2625//6349 2582//6349 2546//6349
f 2624//6350 2621//6350 2592//6350
f 2600//6351 2497//6351 2594//6351
f 2604//6352 2603//6353 2606//6354
f 2604//6355 2599//6356 2500//6357
f 2615//6358 2612//6358 2499//6358
f 2494//6359 2614//6360 2613//6361
f 2614//6362 2497//6363 2501//6364
f 2615//6365 2497//6366 2492//6367
f 2615//6368 2499//6368 2501//6368
f 2610//6369 2495//6370 2622//6371
f 2607//6372 2610//6372 2602//6372
f 2606//6214 2593//6213 2604//6373
f 2611//6374 2494//6375 2616//6376
f 2494//6377 2613//6377 2616//6377
f 2500//6378 2617//6379 2601//6380
f 2493//6381 2617//6382 2608//6383
f 2612//6384 2651//6385 2618//6386
f 2611//6387 2651//6388 2596//6389
f 2498//6390 2610//6391 2609//6392
f 2610//6393 2591//6394 2609//6395
f 2599//6396 2493//6396 2608//6396
f 2611//6397 2619//6398 2618//6399
f 2500//6400 2601//6400 2604//6400
f 2613//6401 2619//6402 2616//6403
f 2619//6404 2501//6405 2499//6406
f 2620//6407 2502//6408 2607//6409
f 2457//6410 2493//6411 2599//6412
f 2607//6413 2602//6413 2620//6413
f 2578//6414 2459//6414 2621//6414
f 2459//6415 2623//6415 2621//6415
f 2594//6416 2598//6417 2600//6418
f 2582//6419 2600//6419 2598//6419
f 2582//6420 2465//6420 2600//6420
f 2492//6421 2600//6422 2597//6423
f 2600//6424 2581//6425 2597//6426
f 2467//6427 2622//6428 2495//6429
f 2622//6430 2576//6431 2491//6432
f 2457//6433 2599//6433 2623//6433
f 2596//6434 2598//6434 2494//6434
f 2579//6435 2582//6435 2598//6435
f 2624//6436 2456//6437 2578//6438
f 2493//6439 2624//6436 2592//6440
f 2578//6441 2621//6441 2624//6441
f 2606//6442 2592//6443 2496//6444
f 2548//6445 2580//6446 2583//6447
f 2546//6448 2589//6449 2625//6450
f 2468//6451 2590//6346 2583//6452
f 2625//6453 2465//6454 2582//6455
f 2586//6456 2581//6457 2626//6458
f 2581//6459 2589//6460 2626//6461
f 2457//6462 2459//6462 2627//6462
f 2486//6463 2629//6464 2538//6465
f 2629//6466 2457//6410 2627//6467
f 2459//6468 2578//6468 2587//6468
f 2584//6469 2537//6470 2534//6471
f 2546//6472 2585//6473 2535//6474
f 2486//6475 2587//6476 2588//6477
f 2582//6478 2579//6478 2585//6478
f 2578//6479 2456//6479 2588//6479
f 2630//6480 2441//6481 2476//6482
f 2476//6483 2666//6342 2630//6341
f 2444//6484 2633//6485 2505//6486
f 2632//6487 2567//6487 2479//6487
f 2481//6488 2506//6489 2505//6490
f 2442//6491 2478//6491 2633//6491
f 2478//6492 2632//6492 2633//6492
f 2479//6493 2567//6493 2634//6493
f 2483//6494 2574//6495 2569//6496
f 2505//6497 2479//6497 2634//6497
f 2573//6498 2480//6499 2574//6500
f 2509//6501 2481//6502 2573//6503
f 2470//6504 2552//6505 2553//6506
f 2510//6507 2572//6507 2512//6507
f 2571//6508 2662//6508 2476//6508
f 2570//6509 2662//6509 2571//6509
f 2512//6510 2571//6510 2513//6510
f 2512//6511 2570//6511 2571//6511
f 2557//6512 2636//6513 2635//6514
f 2446//6515 2551//6515 2514//6515
f 2635//6516 2471//6517 2555//6518
f 2472//6519 2508//6520 2636//6513
f 2475//6521 2559//6522 2474//6523
f 2473//6524 2533//6525 2504//6526
f 2473//6527 2559//6527 2560//6527
f 2552//6528 2564//6529 2637//6530
f 2504//6531 2443//6531 2558//6531
f 2557//6532 2564//6533 2472//6534
f 2559//6535 2563//6536 2474//6537
f 2551//6538 2511//6538 2564//6538
f 2663//6539 2472//6539 2511//6539
f 2559//6540 2638//6541 2554//6542
f 2638//6543 2503//6544 2565//6545
f 2638//6546 2565//6546 2554//6546
f 2642//6547 2531//6548 2540//6549
f 2555//6550 2561//6550 2562//6550
f 2549//6551 2550//6551 2461//6551
f 2640//6552 2549//6552 2462//6552
f 2462//6553 2654//6553 2640//6553
f 2490//6554 2643//6555 2548//6556
f 2643//6557 2469//6558 2547//6559
f 2643//6560 2453//6561 2541//6562
f 2453//6563 2644//6564 2541//6565
f 2644//6566 2462//6567 2461//6568
f 2545//6569 2454//6570 2646//6571
f 2664//6572 2645//6572 2453//6572
f 2460//6573 2641//6573 2546//6573
f 2545//6574 2641//6574 2460//6574
f 2464//6575 2543//6576 2544//6577
f 2454//6578 2531//6578 2646//6578
f 2531//6579 2466//6579 2646//6579
f 2463//6580 2647//6581 2543//6582
f 2469//6583 2542//6583 2543//6583
f 2532//6584 2647//6584 2540//6584
f 2532//6585 2547//6585 2647//6585
f 2595//6586 2591//6586 2491//6586
f 2576//6587 2595//6587 2491//6587
f 2576//6588 2485//6588 2595//6588
f 2648//6589 2486//6590 2538//6591
f 2648//6592 2538//6592 2649//6592
f 2650//6593 2484//6594 2534//6595
f 2597//6596 2577//6597 2651//6598
f 2490//6599 2484//6599 2544//6599
f 2596//6600 2577//6601 2579//6602
f 2534//6603 2656//6604 2458//6605
f 2656//6606 2487//6607 2644//6608
f 2644//6609 2461//6609 2656//6609
f 2626//6610 2464//6611 2652//6612
f 2531//6613 2562//6614 2540//6615
f 2464//6616 2536//6616 2652//6616
f 2532//6617 2563//6618 2653//6619
f 2475//6620 2655//6620 2562//6620
f 2653//6621 2530//6621 2532//6621
f 2653//6622 2470//6623 2553//6624
f 2531//6625 2556//6626 2555//6627
f 2637//6628 2654//6628 2552//6628
f 2656//6629 2546//6630 2535//6631
f 2635//6632 2555//6632 2556//6632
f 2657//6633 2448//6634 2516//6635
f 2657//6636 2523//6636 2529//6636
f 2658//6637 2449//6638 2452//6639
f 2516//6640 2451//6640 2657//6640
f 2527//6641 2661//6642 2450//6643
f 2527//6644 2450//6644 2526//6644
f 2659//6645 2516//6646 2517//6647
f 2450//6648 2515//6648 2522//6648
f 2448//6649 2529//6649 2515//6649
f 2451//6650 2659//6650 2524//6650
f 2528//6651 2517//6652 2660//6653
f 2520//6654 2513//6655 2661//6656
f 2445//6657 2509//6657 2660//6657
f 2509//6658 2521//6658 2660//6658
f 2661//6659 2441//6660 2447//6661
f 2517//6662 2519//6663 2506//6664
f 2518//6665 2521//6666 2510//6667
f 2445//6668 2660//6668 2506//6668
f 2447//6669 2631//6669 2515//6669
f 2442//6670 2448//6670 2631//6670
f 2482//6671 2508//6520 2663//6672
f 2512//6673 2520//6673 2510//6673
f 2518//6674 2525//6674 2452//6674
f 2520//6675 2527//6675 2518//6675
f 2448//6676 2519//6676 2516//6676
f 2446//6677 2514//6677 2662//6677
f 2482//6678 2663//6678 2446//6678
f 2574//6679 2568//6680 2508//6681
f 2568//6682 2575//6683 2507//6684
f 2568//6685 2639//6685 2508//6685
f 2504//6686 2566//6687 2443//6688
f 2477//6689 2566//6689 2665//6689
f 2666//6690 2566//6690 2477//6690
f 2476//6691 2503//6691 2666//6691
f 2503//6692 2443//6692 2666//6692
f 2452//6296 2525//6693 2527//6694
f 2450//6294 2522//6695 2529//6696
f 2529//6696 2523//6697 2451//6295
f 2451//6295 2524//6698 2528//6699
f 2528//6699 2658//6700 2452//6296
f 2452//6296 2527//6694 2450//6294
f 2450//6294 2529//6696 2451//6295
f 2451//6295 2528//6699 2452//6296
f 2530//6297 2653//6701 2553//6298
f 2665//6303 2504//6702 2533//6304
f 2469//6306 2543//6703 2647//6307
f 2544//6309 2543//6704 2542//6310
f 2487//6312 2548//6705 2643//6313
f 2640//6315 2454//6706 2460//6316
f 2550//6320 2549//6707 2460//6321
f 2561//6323 2639//6708 2533//6324
f 2475//6326 2562//6709 2561//6327
f 2570//6329 2569//6710 2482//6330
f 2479//6336 2505//6711 2633//6337
f 2548//6345 2583//6452 2590//6346
f 2604//6352 2601//6712 2603//6353
f 2604//6355 2593//6713 2599//6356
f 2494//6359 2594//6714 2614//6360
f 2614//6362 2594//6715 2497//6363
f 2605//6716 2498//6716 2609//6716
f 2615//6365 2501//6717 2497//6366
f 2610//6369 2607//6718 2495//6370
f 2611//6374 2596//6719 2494//6375
f 2500//6378 2608//6720 2617//6379
f 2493//6381 2592//6721 2617//6382
f 2612//6384 2492//6722 2651//6385
f 2611//6387 2618//6723 2651//6388
f 2498//6390 2602//6724 2610//6391
f 2610//6393 2491//6725 2591//6394
f 2611//6397 2616//6726 2619//6398
f 2613//6401 2614//6727 2619//6402
f 2619//6404 2614//6728 2501//6405
f 2620//6407 2605//6729 2502//6408
f 2457//6410 2456//6730 2493//6411
f 2594//6416 2494//6731 2598//6417
f 2492//6421 2497//6732 2600//6422
f 2600//6424 2465//6733 2581//6425
f 2467//6427 2580//6734 2622//6428
f 2622//6430 2580//6735 2576//6431
f 2624//6436 2493//6439 2456//6437
f 2606//6442 2603//6736 2592//6443
f 2548//6445 2487//6737 2580//6446
f 2546//6448 2489//6738 2589//6449
f 2625//6453 2589//6739 2465//6454
f 2484//6740 2490//6740 2590//6740
f 2590//6741 2468//6741 2485//6741
f 2586//6456 2455//6742 2581//6457
f 2581//6459 2465//6743 2589//6460
f 2486//6463 2588//6744 2629//6464
f 2629//6466 2456//6730 2457//6410
f 2584//6469 2580//6745 2537//6470
f 2546//6472 2582//6746 2585//6473
f 2486//6475 2535//6747 2587//6476
f 2630//6480 2631//6748 2441//6481
f 2444//6484 2442//6749 2633//6485
f 2481//6488 2445//6750 2506//6489
f 2483//6494 2573//6751 2574//6495
f 2573//6498 2481//6752 2480//6499
f 2509//6501 2445//6753 2481//6502
f 2470//6504 2554//6754 2552//6505
f 2557//6512 2472//6519 2636//6513
f 2635//6516 2636//6755 2471//6517
f 2472//6519 2663//6672 2508//6520
f 2475//6521 2560//6756 2559//6522
f 2473//6524 2560//6757 2533//6525
f 2552//6528 2551//6758 2564//6529
f 2557//6532 2637//6759 2564//6533
f 2559//6535 2554//6760 2563//6536
f 2559//6540 2473//6761 2638//6541
f 2638//6543 2443//6762 2503//6544
f 2642//6547 2466//6763 2531//6548
f 2490//6554 2542//6764 2643//6555
f 2643//6557 2542//6765 2469//6558
f 2643//6560 2547//6766 2453//6561
f 2453//6563 2645//6767 2644//6564
f 2644//6566 2645//6768 2462//6567
f 2545//6569 2460//6769 2454//6570
f 2464//6575 2463//6770 2543//6576
f 2463//6580 2540//6771 2647//6581
f 2648//6589 2458//6772 2486//6590
f 2650//6593 2628//6773 2484//6594
f 2597//6596 2455//6774 2577//6597
f 2596//6600 2651//6775 2577//6601
f 2534//6603 2537//6776 2656//6604
f 2656//6606 2537//6777 2487//6607
f 2626//6610 2489//6778 2464//6611
f 2531//6613 2555//6779 2562//6614
f 2532//6617 2474//6780 2563//6618
f 2653//6622 2563//6781 2470//6623
f 2531//6625 2454//6782 2556//6626
f 2656//6629 2550//6783 2546//6630
f 2657//6633 2529//6784 2448//6634
f 2658//6637 2660//6785 2449//6638
f 2527//6641 2520//6786 2661//6642
f 2659//6645 2451//6787 2516//6646
f 2528//6651 2659//6788 2517//6652
f 2520//6654 2512//6789 2513//6655
f 2661//6659 2513//6790 2441//6660
f 2517//6662 2516//6791 2519//6663
f 2518//6665 2449//6792 2521//6666
f 2482//6671 2574//6793 2508//6520
f 2574//6679 2480//6794 2568//6680
f 2568//6682 2480//6795 2575//6683
f 2504//6686 2665//6796 2566//6687
usemtl Material.090
f 2682//6797 2679//6797 2680//6797
f 2669//6798 2667//6798 2670//6798
f 2681//6799 2679//6799 2682//6799
f 2668//6800 2670//6800 2667//6800
l 2677 2678
l 2672 2683
l 2673 2675
l 2683 2684
l 2488 2628
l 2671 2674
l 2680 2684
o Cylinder.022
v -33.943089 12.475292 39.191353
v -34.014362 12.445379 39.610706
v -34.081913 13.145712 39.501591
v -34.268379 12.408762 39.663204
v -34.467655 12.350798 39.385509
v -34.202332 12.965309 38.871677
v -33.879086 12.387943 39.212723
v -33.975491 12.389358 39.661644
v -34.449528 12.239469 38.951229
v -33.763489 12.332437 39.117180
v -34.287483 12.277323 39.929634
v -34.497242 12.196233 38.863605
v -34.153282 14.053072 39.127510
v -34.561695 13.845803 38.968361
v -35.514832 14.778639 39.131668
v -34.769794 15.344191 37.830997
v -34.750889 15.376615 37.889664
v -34.257305 14.902693 39.269981
v -34.870350 15.354559 38.010082
v -34.567581 14.325287 39.044640
v -34.389690 14.424550 38.994152
v -34.319614 14.029180 38.905094
v -34.420322 14.063678 39.601940
v -34.467373 14.448272 39.612576
v -35.540119 14.637556 39.053642
v -34.621872 13.972042 39.327648
v -33.327335 14.932749 39.517857
v -33.244747 14.941340 39.708298
v -34.202934 14.112020 39.484901
v -34.090290 13.599489 39.103645
v -34.558418 13.289764 39.330414
v -34.488091 13.245108 38.963730
v -34.129910 13.372621 39.494968
v -34.139217 13.538379 39.471153
v -34.413246 13.537892 39.564083
v -33.983231 12.896432 39.185055
v -34.066719 12.809023 39.544785
v -34.022659 12.635127 39.557476
v -34.303566 12.644267 39.661808
v -34.508316 12.756878 39.353912
v -34.488453 12.501377 39.372025
v -34.437923 12.792497 38.995789
v -34.405293 12.599227 39.023991
v -34.229588 14.861965 39.598770
v -33.330418 15.025154 39.756458
v -34.432198 14.898806 38.979652
v -34.165321 14.582219 39.218967
v -34.288223 15.003476 39.640881
v -34.674923 14.511820 39.398628
v -34.198257 14.545973 39.514442
v -32.927937 15.246649 39.653168
v -35.969814 14.910407 38.993156
v -34.923824 15.587060 37.318707
v -35.971050 14.856684 38.736481
v -32.908005 15.158545 39.599907
v -35.084347 15.623192 37.313896
v -35.992928 14.804422 38.934361
v -32.727844 15.285713 39.887840
v -36.214993 14.897861 38.929447
v -35.022369 15.671223 36.985462
v -36.197449 14.779222 38.870567
v -32.709423 15.178998 39.860691
v -34.035450 13.093408 39.134903
v -34.226921 13.132367 39.619179
v -34.309017 12.533785 39.678280
v -34.395123 12.389660 39.565376
v -34.463486 13.049960 39.505375
v -34.509193 13.003346 39.126266
v -34.405895 12.380894 39.019753
v -34.272621 12.389811 38.938091
v -34.340015 13.180352 38.886723
v -34.137863 12.404702 38.923016
v -34.023170 12.434934 39.022762
v -34.127014 13.182561 38.965988
v -33.819523 12.351306 39.497528
v -34.244503 12.336275 39.791546
v -34.444195 12.293675 39.608562
v -34.247559 12.281944 38.835323
v -34.293522 12.382018 39.710052
v -34.100975 12.338573 38.860367
v -34.412884 12.322609 38.947548
v -33.774349 12.316950 39.472431
v -34.076183 12.281267 39.895996
v -34.465275 12.221527 39.757088
v -34.278599 12.198949 38.719009
v -33.860310 12.307328 38.882267
v -34.043797 12.253087 38.726379
v -34.593018 12.193921 39.463757
v -33.879280 12.357122 39.746044
v -34.148926 13.949673 39.268604
v -34.615051 13.764235 39.278870
v -34.182701 13.702207 39.455872
v -34.365105 13.205814 39.613159
v -34.198631 14.834735 39.292515
v -34.656708 14.869604 39.082199
v -34.451141 14.613299 39.621307
v -34.161392 14.713009 39.231544
v -34.432606 15.044418 39.017460
v -34.530098 15.060559 39.096046
v -34.419353 13.782915 39.539692
v -34.192200 14.358493 39.172993
v -34.241844 14.321577 39.517017
v -34.319786 14.107733 39.568588
v -34.312660 14.452585 39.537212
v -34.588642 14.102106 39.192265
v -34.655388 14.543499 39.072937
v -34.194927 13.921671 39.442341
v -34.163628 14.561900 39.403755
v -34.464993 14.307823 38.960033
v -34.475403 14.511040 39.046139
v -34.244640 13.222255 38.837284
v -34.265457 13.626063 38.855999
v -34.133038 13.736968 39.064114
v -34.073875 13.442563 39.128223
v -34.592773 13.590122 39.328251
v -34.551720 13.634897 38.970932
v -34.512501 13.430492 38.972282
v -34.113728 13.251328 39.528492
v -34.135773 13.476383 39.497471
v -34.390198 13.361357 39.608810
v -34.488155 13.330563 39.488811
v -34.525368 13.570696 39.443756
v -34.086994 13.591697 39.285347
v -34.377396 13.308578 38.871437
v -34.050026 13.334597 39.127007
v -34.067436 13.042236 39.541882
v -34.341297 12.822951 39.648853
v -34.512093 12.943801 39.331692
v -34.431892 12.705634 38.993774
v -34.162327 12.686272 38.895821
v -34.038357 12.590838 38.988945
v -34.295727 12.544196 38.946632
v -34.474560 12.588606 39.205673
v -34.487865 12.722802 39.170586
v -34.418789 12.832551 39.494995
v -33.365532 15.029705 39.533154
v -35.522896 14.796843 38.988125
v -34.894131 15.288997 37.903931
v -35.491505 14.786379 38.917149
v -33.630970 14.831483 39.406631
v -35.544392 14.693037 39.127338
v -35.486500 14.695779 38.863037
v -33.322910 14.908638 39.576584
v -33.746105 14.925114 39.439606
v -34.999344 14.835703 39.036003
v -35.108692 14.721027 39.264725
v -34.750362 15.109692 38.479729
v -34.638615 15.157572 38.325520
v -35.083092 14.578234 39.206211
v -33.765919 14.728082 39.593388
v -32.955658 15.251529 39.751923
v -35.032238 15.539143 37.375572
v -35.028122 15.659606 37.282917
v -35.942284 14.781199 38.835361
v -33.195114 15.096703 39.772621
v -35.815308 14.913780 38.826862
v -35.783463 14.835391 39.068893
v -35.763481 14.790830 38.784481
v -34.988991 15.680860 37.165482
v -35.810825 14.732885 38.988880
v -35.080681 15.673207 36.979889
v -32.708294 15.304612 39.722355
v -35.147133 15.651843 37.022373
v -35.088131 15.693940 37.026348
v -32.723042 15.229660 39.904240
v -35.134621 15.655854 37.083160
v -32.685249 15.212360 39.676632
v -34.988392 15.661652 37.072651
v -32.809792 15.274631 39.878235
v -32.789711 15.301592 39.715027
v -36.164986 14.940451 38.756523
v -36.093971 14.914921 38.980209
v -36.175526 14.822818 38.677849
v -36.199287 14.784266 38.740856
v -36.094856 14.833074 38.952606
v -36.183762 14.874092 38.691669
v -35.056519 15.618089 37.095856
v -36.177658 14.904842 38.862812
v -36.203892 14.851029 38.784687
v -32.670807 15.242718 39.801033
v -34.989220 15.456915 37.623981
v -32.955994 15.200369 39.599014
v -34.911243 15.487347 37.682289
v -34.911232 15.452198 37.577824
v -35.089970 14.618332 39.110291
v -34.679859 14.617284 39.434582
v -34.610550 15.192356 38.529392
v -34.271526 14.921714 39.617504
v -34.587292 15.146070 38.448486
v -33.998219 12.773694 39.300808
v -33.950649 12.446327 39.403996
v -34.184719 12.689989 39.633286
v -34.152809 12.560678 39.631790
v -34.437595 12.670797 39.511646
v -34.581860 13.494058 39.154152
v -34.543598 13.228626 39.144585
v -34.410542 13.465791 38.901340
v -34.057655 13.340698 39.288181
v -34.562279 13.141872 39.353516
v -34.432636 13.967498 38.925491
v -34.635006 14.324207 39.405220
v -34.535831 13.952823 39.456539
v -34.204124 14.339513 39.332684
v -34.269943 14.393443 39.065998
v -34.221981 14.016790 38.978386
v -34.609142 13.908669 39.144550
v -34.294003 13.912368 39.516476
v -34.342407 15.039023 39.220032
v -34.446426 15.151789 39.154240
v -34.276367 14.894804 39.408543
v -35.935715 14.923013 38.844185
v -34.562416 14.748216 39.565739
v -34.138062 13.693967 39.273457
v -34.429379 13.683131 38.858593
v -34.374130 13.621562 39.567970
v -34.377228 14.686321 39.041035
v -34.088531 12.352288 39.853107
v -34.584522 12.182646 39.131519
v -34.467194 12.263511 39.723061
v -34.540581 12.245954 39.439064
v -33.985737 12.365070 39.008251
v -34.073433 12.920149 39.025990
v -34.443577 12.932541 38.947468
v -34.190315 13.740810 38.955173
v -34.195606 12.997364 39.630745
v -34.026794 13.000021 39.305920
v -35.172131 14.492201 40.425396
v -35.020714 14.549362 40.261292
v -35.346573 14.523413 40.865826
v -35.082035 14.530416 40.651817
v -34.295639 15.312966 38.972057
v -34.262341 14.713289 39.842392
v -34.140186 14.856055 39.708187
v -34.048599 15.147305 39.132172
v -34.107758 15.006339 39.748600
v -35.076729 14.634317 39.721451
v -34.715130 14.518652 39.746605
v -34.773407 14.522341 39.706234
v -34.018139 14.617351 40.801003
v -33.880177 14.648985 40.479900
v -33.752529 14.660203 41.178551
v -33.832947 14.573938 40.682041
v -34.257599 14.646364 40.225101
v -34.077026 14.656398 40.275700
vn 0.9729 0.1883 0.1339
vn -0.2835 -0.1149 -0.9521
vn 0.8936 0.0816 -0.4414
vn -0.1728 0.8230 -0.5411
vn -0.1326 0.6674 -0.7328
vn 0.4556 0.8589 0.2338
vn -0.7892 0.5373 0.2975
vn -0.8950 0.2555 0.3657
vn 0.6470 0.7499 0.1380
vn 0.1238 0.5287 0.8398
vn -0.3530 -0.3428 -0.8705
vn -0.9846 0.1325 -0.1143
vn -0.9745 -0.2101 -0.0789
vn 0.8486 0.4389 0.2954
vn -0.5308 -0.2512 -0.8094
vn 0.3908 0.2933 0.8725
vn 0.7513 0.2614 -0.6060
vn 0.9189 0.0818 -0.3858
vn -0.9533 -0.0593 -0.2960
vn -0.8426 -0.1686 0.5115
vn -0.8692 0.1496 0.4713
vn 0.1091 0.0121 0.9940
vn 0.7970 0.5938 -0.1106
vn 0.3565 0.8913 0.2801
vn -0.6159 0.5999 0.5106
vn 0.7393 0.6537 0.1620
vn -0.6362 0.7184 -0.2812
vn 0.0140 -0.9020 -0.4316
vn -0.1098 -0.3166 0.9422
vn -0.0149 0.7639 -0.6451
vn -0.4423 0.8696 0.2195
vn -0.4429 0.8692 0.2198
vn -0.4425 0.8695 0.2196
vn -0.1476 -0.9551 -0.2568
vn -0.1480 0.9888 0.0206
vn 0.6168 0.7716 -0.1557
vn 0.8616 0.2092 0.4625
vn -0.8375 -0.5452 -0.0354
vn 0.1084 -0.4096 0.9058
vn -0.2220 0.0273 0.9747
vn -0.2973 0.8420 0.4502
vn 0.1826 0.9190 0.3495
vn 0.3986 0.4445 -0.8022
vn 0.4135 -0.8309 -0.3723
vn 0.2973 0.9384 0.1761
vn 0.8150 -0.4367 -0.3810
vn 0.0996 0.4372 -0.8938
vn -0.0009 -0.9548 -0.2971
vn 0.9400 0.2547 0.2270
vn 0.9482 0.1236 0.2928
vn 0.4664 0.1814 0.8658
vn 0.5820 0.0273 0.8127
vn -0.9203 -0.0440 0.3886
vn -0.8794 0.1488 0.4522
vn -0.5608 -0.2764 0.7805
vn -0.3424 -0.0145 -0.9394
vn -0.6515 -0.3535 -0.6713
vn -0.5207 -0.0307 -0.8532
vn -0.5708 0.0175 -0.8209
vn 0.7743 0.0565 -0.6303
vn 0.9037 -0.0048 -0.4281
vn 0.8591 0.1951 -0.4731
vn 0.8156 0.0687 -0.5745
vn 0.8869 0.0385 -0.4604
vn -0.9382 -0.1820 -0.2942
vn -0.9798 -0.1379 -0.1448
vn -0.3871 -0.1847 -0.9033
vn 0.9332 0.2060 0.2944
vn 0.9333 0.2059 0.2943
vn 0.9332 0.2061 0.2944
vn -0.8997 -0.0999 0.4248
vn -0.9187 0.0842 0.3858
vn -0.8042 0.1028 0.5854
vn 0.0791 0.2324 -0.9694
vn -0.4712 0.1969 -0.8598
vn -0.7308 -0.1320 0.6697
vn -0.8326 -0.1486 0.5336
vn -0.7381 -0.1050 0.6664
vn -0.7399 -0.1084 0.6639
vn -0.7384 -0.1056 0.6660
vn 0.9615 0.0700 0.2659
vn 0.8122 0.0222 -0.5829
vn 0.6057 0.1355 -0.7840
vn -0.9740 0.0135 -0.2261
vn -0.3635 0.7146 -0.5977
vn 0.7265 0.6731 0.1383
vn 0.4382 -0.0904 0.8943
vn 0.3155 0.9367 0.1515
vn 0.0277 0.1245 -0.9918
vn -0.6177 -0.2030 -0.7598
vn 0.4012 0.2660 0.8765
vn 0.3156 -0.1907 0.9295
vn 0.4324 0.1968 0.8800
vn -0.3702 0.1808 -0.9112
vn -0.7137 0.6992 -0.0420
vn 0.2540 0.9376 -0.2374
vn 0.4471 0.8942 0.0215
vn -0.3674 0.8788 0.3045
vn 0.7886 0.6049 0.1104
vn -0.3895 0.7347 -0.5554
vn -0.3397 0.9036 -0.2609
vn 0.0910 0.7038 0.7046
vn -0.0257 0.8741 0.4851
vn 0.8716 0.1094 -0.4779
vn 0.8776 0.1477 -0.4562
vn 0.8699 -0.1692 -0.4633
vn -0.8798 -0.2014 0.4305
vn -0.7493 0.0151 0.6621
vn -0.8737 -0.2662 0.4072
vn 0.6743 0.1779 -0.7167
vn -0.9039 0.3907 -0.1739
vn 0.1120 -0.9923 0.0524
vn 0.1902 -0.9817 -0.0127
vn 0.1892 -0.9792 0.0729
vn 0.9983 0.0557 0.0196
vn 0.9985 0.0486 0.0270
vn 0.9980 0.0611 0.0140
vn -0.6671 -0.0406 -0.7439
vn -0.6263 -0.0391 0.7786
vn 0.8539 0.0720 -0.5154
vn 0.0095 0.0917 0.9957
vn 0.0084 0.0908 0.9958
vn 0.0117 0.0935 0.9955
vn 0.5881 -0.1423 0.7962
vn 0.5925 -0.1449 0.7924
vn 0.6013 -0.1502 0.7848
vn 0.2731 -0.0007 0.9620
vn 0.3523 0.0463 0.9348
vn 0.2198 -0.0315 0.9750
vn 0.9875 -0.1575 0.0008
vn 0.9890 -0.1458 0.0264
vn 0.9897 -0.1309 0.0583
vn -0.4649 0.1169 -0.8776
vn -0.5783 0.0530 -0.8141
vn -0.6343 0.0181 -0.7729
vn -0.7131 -0.1541 0.6839
vn -0.7402 -0.1089 0.6635
vn -0.3170 0.1649 -0.9340
vn -0.4068 0.2091 -0.8893
vn -0.1337 0.0743 -0.9882
vn -0.7667 -0.1294 0.6288
vn -0.7645 -0.1234 0.6327
vn -0.7572 -0.1041 0.6448
vn -0.7491 0.0304 0.6618
vn -0.7587 0.0380 0.6503
vn -0.7804 0.0559 0.6227
vn -0.3764 -0.1108 -0.9198
vn -0.3597 -0.0569 -0.9313
vn -0.3832 -0.1340 -0.9139
vn 0.9947 0.1019 -0.0137
vn -0.5419 -0.1095 -0.8333
vn -0.9964 0.0129 -0.0837
vn -0.2450 -0.1143 -0.9628
vn 0.2458 0.0971 0.9644
vn 0.2360 0.0777 0.9687
vn 0.2177 0.0424 0.9751
vn -0.9345 0.0095 -0.3557
vn 0.9585 0.2025 0.2006
vn 0.9618 0.1159 0.2481
vn 0.9619 0.1158 0.2477
vn 0.9606 0.1156 0.2530
vn 0.2957 0.0826 -0.9517
vn 0.3888 -0.9213 -0.0080
vn 0.3755 -0.9267 0.0147
vn 0.3898 -0.9208 -0.0106
vn -0.4462 -0.3074 0.8405
vn -0.1723 -0.9845 -0.0321
vn -0.2179 -0.9372 -0.2725
vn -0.3725 -0.9276 0.0270
vn -0.5471 0.7923 -0.2703
vn -0.5760 0.8142 -0.0727
vn -0.5825 0.8101 0.0664
vn 0.1714 0.9848 -0.0295
vn -0.0022 0.9955 0.0951
vn 0.2682 0.9581 -0.1010
vn -0.3332 -0.2981 0.8945
vn 0.2297 -0.7606 -0.6072
vn 0.2562 -0.8366 -0.4843
vn 0.2658 -0.8637 -0.4282
vn 0.0807 -0.9966 0.0178
vn -0.0412 -0.9883 0.1469
vn 0.1346 -0.9901 -0.0404
vn -0.0744 -0.7104 0.6998
vn -0.0110 -0.5646 0.8253
vn 0.0190 -0.4882 0.8725
vn -0.3986 -0.4543 0.7967
vn 0.1868 0.5175 -0.8350
vn 0.3059 0.4305 -0.8492
vn 0.3555 0.3898 -0.8496
vn 0.0630 0.4558 -0.8879
vn -0.4431 0.8691 0.2199
vn 0.2053 0.6503 -0.7314
vn 0.1995 0.6395 -0.7425
vn 0.2069 0.6533 -0.7283
vn 0.2199 0.2866 -0.9325
vn 0.2114 -0.9047 -0.3700
vn 0.2733 -0.8971 -0.3472
vn 0.0105 -0.9023 -0.4310
vn 0.2965 -0.9058 -0.3027
vn 0.3630 -0.8687 -0.3371
vn 0.4117 -0.8365 -0.3616
vn -0.0513 0.9987 -0.0002
vn -0.0153 0.9990 0.0416
vn -0.0772 0.9965 -0.0305
vn -0.0378 0.9565 0.2891
vn 0.0636 0.9975 0.0321
vn 0.0763 0.9971 -0.0012
vn -0.1100 0.9854 0.1299
vn -0.0862 0.9888 0.1217
vn -0.1491 0.9784 0.1433
vn -0.2768 0.9593 0.0566
vn -0.2952 0.9549 -0.0322
vn -0.2607 0.9571 0.1260
vn 0.8810 0.4644 -0.0904
vn -0.9208 0.3881 -0.0396
vn -0.9207 0.3885 -0.0384
vn -0.9135 0.4060 0.0271
vn 0.0691 0.9151 -0.3973
vn -0.9661 0.0053 -0.2579
vn -0.9640 0.0312 -0.2642
vn -0.9681 -0.0928 -0.2325
vn -0.9948 -0.1017 -0.0104
vn -0.9939 -0.1089 -0.0165
vn -0.9910 -0.1296 -0.0341
vn 0.8973 -0.4217 0.1304
vn 0.9139 -0.2696 0.3036
vn 0.8641 -0.5028 0.0224
vn 0.9579 0.0040 -0.2870
vn 0.8943 0.4335 -0.1111
vn 0.8886 0.4466 -0.1045
vn 0.9273 0.3242 -0.1868
vn -0.9583 -0.0910 0.2709
vn -0.5644 0.7382 0.3695
vn -0.0888 -0.8740 -0.4777
vn -0.0557 -0.9269 -0.3711
vn -0.0275 -0.9600 -0.2785
vn -0.2273 -0.9218 -0.3140
vn -0.2375 -0.9083 -0.3443
vn -0.4273 -0.4022 0.8097
vn -0.4626 -0.4330 0.7736
vn -0.4861 -0.4534 0.7471
vn -0.4541 -0.5183 0.7247
vn -0.4098 -0.6975 0.5879
vn -0.4619 -0.4658 0.7547
vn 0.4100 -0.3087 -0.8583
vn 0.1454 0.0968 -0.9846
vn 0.1260 0.1236 -0.9843
vn -0.2394 0.7915 -0.5624
vn -0.1719 0.6855 -0.7075
vn -0.2425 0.7960 -0.5546
vn 0.2360 0.9212 0.3094
vn 0.3305 0.4291 -0.8406
vn 0.3891 0.4881 -0.7813
vn 0.1538 -0.8721 -0.4645
vn 0.1339 -0.8823 -0.4512
vn 0.1290 -0.8841 -0.4492
vn 0.1469 -0.8767 -0.4580
vn 0.1442 -0.8749 -0.4624
vn -0.2975 -0.8599 -0.4148
vn -0.9300 -0.3062 0.2034
vn -0.8906 -0.4330 0.1390
vn -0.8823 -0.4529 0.1281
vn 0.4485 -0.8848 -0.1261
vn 0.4221 -0.8302 -0.3642
vn 0.4184 -0.8226 -0.3850
vn -0.1216 -0.9835 -0.1338
vn -0.1696 -0.9389 -0.2994
vn -0.1884 -0.9108 -0.3672
vn 0.3776 -0.9259 0.0058
vn 0.3807 -0.9247 0.0081
vn 0.0071 -0.9285 -0.3712
vn -0.0025 -0.9529 -0.3032
vn -0.0039 -0.9561 -0.2931
vn -0.3060 0.2329 0.9231
vn -0.3043 0.0757 0.9496
vn -0.3059 0.2428 0.9206
vn -0.2889 -0.7675 0.5723
vn -0.2874 -0.7238 0.6273
vn -0.2873 -0.7211 0.6305
vn 0.0833 0.9623 0.2589
vn 0.9647 0.0498 -0.2585
vn 0.8874 -0.2604 -0.3803
vn 0.9658 0.0677 -0.2505
vn 0.8717 0.4870 -0.0543
vn 0.8608 0.5072 -0.0427
vn -0.9718 -0.0268 0.2343
vn 0.1687 0.5019 -0.8483
vn 0.1795 0.4870 -0.8548
vn 0.1815 0.4842 -0.8559
vn 0.1805 0.0886 -0.9796
vn 0.2428 0.1650 -0.9559
vn 0.1308 0.0287 -0.9910
vn -0.0513 -0.9314 -0.3602
vn -0.0695 -0.9342 -0.3499
vn -0.0765 -0.9352 -0.3458
vn 0.1526 0.5130 -0.8447
vn 0.1743 -0.9051 -0.3878
vn 0.9752 0.1096 0.1924
vn 0.9848 0.1498 0.0877
vn 0.9692 0.0958 0.2270
vn 0.9620 0.1159 0.2474
vn 0.2532 0.0075 0.9674
vn 0.2219 0.0327 0.9745
vn 0.2886 -0.0216 0.9572
vn 0.1913 0.1111 0.9752
vn -0.9013 -0.0034 0.4331
vn -0.8838 0.0639 0.4635
vn -0.8614 0.1300 0.4909
vn 0.3583 0.2667 0.8947
vn 0.4493 0.1006 0.8877
vn -0.7511 -0.1114 0.6507
vn -0.9184 -0.2523 -0.3046
vn -0.9180 -0.2302 -0.3230
vn -0.9166 -0.3032 -0.2607
vn -0.7270 0.1362 0.6730
vn -0.9887 -0.0986 -0.1132
vn -0.9888 -0.1037 -0.1075
vn -0.9888 -0.1210 -0.0878
vn -0.9718 -0.1600 -0.1730
vn -0.9720 -0.1584 -0.1736
vn -0.9709 -0.1690 -0.1697
vn 0.8176 0.0303 -0.5750
vn 0.8179 0.0482 -0.5733
vn 0.8176 0.0907 -0.5686
vn -0.1152 0.0377 -0.9926
vn 0.8698 0.1457 -0.4715
vn 0.6662 0.1531 -0.7299
vn 0.6674 -0.0952 -0.7386
vn 0.5869 -0.0272 -0.8092
vn -0.9431 -0.1195 -0.3102
vn -0.9451 -0.1185 -0.3044
vn -0.9408 -0.1243 -0.3154
vn 0.7428 0.0328 -0.6687
vn -0.9925 -0.1219 -0.0093
vn -0.9909 -0.1327 -0.0221
vn -0.9935 -0.1136 0.0004
vn -0.9467 -0.1153 -0.3008
vn -0.9434 -0.1279 -0.3059
vn 0.2831 0.2859 0.9155
vn 0.2919 0.3553 0.8880
vn 0.2955 0.3872 0.8734
vn 0.2806 0.2592 0.9242
vn 0.3021 0.2296 0.9252
vn 0.1716 0.3969 0.9017
vn 0.4007 0.0005 0.9162
vn -0.3087 0.0627 -0.9491
vn -0.2766 0.0509 -0.9596
vn -0.3886 0.0924 -0.9167
vn 0.6303 -0.0079 0.7763
vn -0.6019 -0.0065 -0.7985
vn -0.6061 -0.0138 -0.7953
vn -0.6239 -0.0462 -0.7801
vn 0.9673 0.0486 0.2488
vn 0.9795 -0.0618 0.1916
vn 0.9309 0.1854 0.3148
vn -0.3728 -0.2162 -0.9024
vn -0.4684 -0.0208 -0.8833
vn 0.9543 0.1608 0.2519
vn 0.9432 0.2882 0.1652
vn 0.9308 0.3438 0.1245
vn 0.9955 0.0351 0.0876
vn 0.9949 0.0298 0.0960
vn 0.9971 0.0617 0.0449
vn 0.9758 0.2151 0.0380
vn -0.7965 -0.2023 0.5698
vn -0.7988 -0.1993 0.5677
vn -0.7690 -0.2365 0.5939
vn -0.8659 -0.0407 0.4985
vn -0.1717 0.3769 -0.9102
vn -0.2181 0.0780 -0.9728
vn -0.2865 0.2163 -0.9334
vn 0.9467 -0.2276 0.2280
vn 0.9583 -0.2037 0.2004
vn 0.9334 -0.2517 0.2558
vn 0.9776 0.1204 0.1724
vn 0.9954 0.0568 0.0772
vn 0.9986 0.0328 0.0412
vn 0.9890 0.0933 0.1148
vn 0.9872 0.0739 0.1415
vn 0.9897 0.1131 0.0873
vn 0.8586 0.2097 -0.4679
vn 0.8371 0.1945 -0.5114
vn 0.8228 0.1849 -0.5374
vn 0.5568 0.2709 -0.7852
vn 0.5892 0.2579 -0.7657
vn 0.5462 0.2750 -0.7912
vn -0.9856 0.0400 -0.1644
vn -0.9690 0.0967 -0.2273
vn -0.9329 0.1763 -0.3141
vn 0.8862 0.1389 -0.4420
vn -0.9213 -0.3482 -0.1733
vn -0.9825 -0.0289 -0.1838
vn 0.4072 0.0587 0.9115
vn 0.3456 0.0286 0.9380
vn 0.4351 0.0727 0.8974
vn -0.9667 -0.1521 -0.2061
vn -0.9978 -0.0179 -0.0632
vn 0.3794 -0.1942 0.9046
vn 0.3766 -0.1969 0.9052
vn 0.3833 -0.1905 0.9038
vn 0.5826 -0.0164 0.8126
vn 0.2960 -0.1166 0.9480
vn 0.5921 0.0824 0.8016
vn -0.5445 0.8162 -0.1932
vn -0.4603 0.8841 0.0802
vn -0.4741 0.8756 0.0924
vn 0.8423 0.2652 -0.4693
vn 0.8761 0.1949 -0.4410
vn 0.9094 0.1069 -0.4021
vn 0.7819 0.5263 -0.3341
vn 0.6470 0.7620 -0.0276
vn 0.7520 0.6552 -0.0718
vn 0.6019 0.7985 -0.0102
vn 0.2067 0.9554 0.2108
vn 0.1875 0.9721 0.1410
vn 0.2112 0.9506 0.2276
vn 0.3519 -0.2086 0.9125
vn 0.1445 0.9070 0.3956
vn 0.3475 0.9364 0.0489
vn 0.3607 0.9324 0.0221
vn 0.6040 0.4205 -0.6771
vn 0.5895 0.4393 -0.6779
vn 0.6570 0.3451 -0.6703
vn 0.6771 0.1453 -0.7214
vn 0.6722 0.1192 -0.7307
vn 0.6845 0.1908 -0.7036
vn 0.5340 0.1243 -0.8363
vn -0.7118 -0.1797 0.6790
vn -0.7036 -0.1541 0.6936
vn -0.6864 -0.1051 0.7196
vn -0.8211 0.0985 0.5622
vn -0.8214 0.0981 0.5619
vn -0.7974 0.1321 0.5888
vn -0.4497 -0.0030 0.8932
vn 0.8960 0.3458 0.2787
vn 0.8929 0.3635 0.2655
vn 0.8689 0.4562 0.1920
vn -0.6638 0.2781 0.6943
vn 0.9708 0.0457 0.2355
vn 0.9207 0.3880 0.0431
vn 0.9277 0.3691 0.0556
vn 0.9437 0.3188 0.0881
vn -0.9811 -0.1215 -0.1508
vn -0.9823 -0.0893 -0.1645
vn -0.9777 -0.1627 -0.1327
vn -0.0848 -0.1994 -0.9762
vn -0.1320 0.0359 -0.9906
vn -0.1313 0.0344 -0.9907
vn -0.1279 0.0276 -0.9914
vn -0.9916 0.0765 -0.1043
vn -0.0913 0.9863 0.1370
vn 0.0447 0.9755 0.2153
vn -0.1429 0.9840 0.1061
vn 0.3778 0.5259 0.7621
vn -0.5060 0.8556 -0.1092
vn -0.5190 0.8461 -0.1219
vn -0.5257 0.8409 -0.1286
vn -0.2221 0.9198 0.3235
vn 0.3248 0.8541 -0.4062
vn 0.3246 0.8542 -0.4062
vn 0.3245 0.8542 -0.4062
vn -0.3005 0.9535 0.0219
vn -0.3584 0.9129 0.1955
vn -0.3681 0.8973 0.2435
vn -0.3532 0.9197 0.1713
vn 0.6230 0.7804 0.0531
vn 0.2815 0.9585 0.0452
vn -0.6939 0.4340 0.5746
vn -0.6410 0.7548 0.1388
vn -0.6180 0.7801 0.0977
vn -0.6547 0.7378 0.1646
vn 0.4324 0.6693 -0.6043
vn 0.5707 0.5566 -0.6037
vn 0.6521 0.4725 -0.5928
vn -0.8397 0.5341 -0.0978
vn -0.9214 0.3411 -0.1862
vn 0.7471 0.4780 -0.4618
vn 0.7612 0.4619 -0.4553
vn 0.7688 0.4528 -0.4516
vn -0.6653 0.5267 0.5292
vn -0.6649 0.4428 0.6016
vn -0.6628 0.5616 0.4952
vn -0.3956 0.5064 -0.7662
vn -0.4800 0.3118 -0.8200
vn -0.3391 0.6064 -0.7192
vn -0.7645 0.6207 0.1742
vn 0.5967 0.8022 -0.0216
vn 0.6977 0.6824 0.2181
vn -0.9427 -0.1279 -0.3083
vn -0.9481 -0.1271 -0.2916
vn -0.1548 0.6326 -0.7589
vn -0.3324 0.8074 -0.4874
vn -0.2026 0.7840 -0.5867
vn 0.0505 0.8836 0.4656
vn 0.7690 0.0109 -0.6392
vn -0.2430 -0.3251 -0.9139
vn -0.9957 -0.0551 -0.0742
vn -0.9961 -0.0659 -0.0594
vn -0.9959 -0.0817 -0.0377
vn -0.8918 -0.1001 0.4413
vn -0.8873 -0.0764 0.4549
vn -0.9034 -0.2037 0.3773
vn -0.9682 -0.2363 -0.0821
vn 0.5352 0.2570 0.8047
vn 0.5488 0.3030 0.7791
vn 0.5654 0.3668 0.7388
vn 0.5669 0.0120 0.8237
vn 0.9856 0.0051 0.1688
vn 0.9544 0.2796 0.1044
vn 0.9648 0.2484 0.0868
vn 0.2060 -0.9334 0.2939
vn 0.1569 -0.9813 0.1118
vn -0.4742 -0.8789 -0.0528
vn 0.1339 -0.9908 0.0194
vn -0.0667 -0.8523 -0.5187
vn 0.3587 -0.9309 -0.0686
vn 0.2344 -0.9719 0.0238
vn 0.2712 -0.9617 0.0396
vn 0.9985 0.0431 0.0328
vn 0.0022 0.0859 0.9963
vn 0.5801 -0.1376 0.8029
vn 0.3992 0.0749 0.9138
vn 0.9850 -0.1705 -0.0278
vn -0.4262 0.1370 -0.8942
vn -0.5781 0.2930 -0.7615
vn -0.7712 -0.1420 0.6206
vn -0.7295 0.0153 0.6839
vn -0.3416 -0.0019 -0.9398
vn 0.2623 0.1296 0.9562
vn -0.5090 0.7528 -0.4175
vn -0.0819 0.9851 0.1510
vn 0.2234 -0.7423 -0.6317
vn -0.0809 -0.9788 0.1882
vn -0.1477 0.2661 0.9526
vn -0.1026 -0.7678 0.6324
vn 0.1553 0.5382 -0.8284
vn 0.1984 0.6374 -0.7445
vn 0.4520 -0.8504 -0.2695
vn 0.2596 -0.9233 -0.2831
vn 0.0268 0.9955 0.0904
vn -0.0472 0.9488 0.3122
vn -0.0466 0.9931 0.1079
vn -0.3135 0.9400 -0.1344
vn -0.9236 0.3676 -0.1087
vn -0.9510 0.1212 -0.2845
vn -0.9970 -0.0761 0.0112
vn 0.8909 -0.1336 0.4340
vn 0.9558 -0.0278 -0.2927
vn -0.1216 -0.8057 -0.5797
vn -0.3984 -0.3770 0.8362
vn -0.3916 -0.7459 0.5388
vn 0.4188 -0.3238 -0.8484
vn -0.1694 0.6814 -0.7120
vn -0.9335 -0.2897 0.2112
vn 0.4497 -0.8874 -0.1017
vn -0.1123 -0.9883 -0.1029
vn 0.0092 -0.9224 -0.3862
vn -0.0648 -0.2633 0.9625
vn 0.0090 -0.4913 0.8710
vn -0.3036 0.0567 0.9511
vn -0.2889 -0.7728 0.5651
vn 0.8720 -0.2939 -0.3914
vn 0.1672 0.5040 -0.8474
vn 0.2748 0.2047 -0.9395
vn -0.0451 -0.9304 -0.3638
vn 0.9853 0.1611 0.0570
vn 0.1945 0.0545 0.9794
vn -0.9165 -0.0917 0.3894
vn -0.9147 -0.1847 -0.3595
vn -0.9881 -0.0859 -0.1276
vn -0.9728 -0.1502 -0.1766
vn 0.8161 -0.0051 -0.5778
vn -0.9894 -0.1415 -0.0324
vn 0.2809 0.2700 0.9210
vn 0.3959 0.0894 0.9139
vn -0.2286 0.0333 -0.9729
vn -0.5785 0.0331 -0.8150
vn 0.9802 -0.0961 0.1731
vn 0.9452 0.0456 0.3232
vn 0.9922 0.0122 0.1240
vn -0.8323 -0.1524 0.5329
vn 0.9661 -0.1856 0.1796
vn 0.9662 0.1469 0.2120
vn 0.9857 0.0628 0.1566
vn 0.8660 0.2153 -0.4513
vn 0.6012 0.2529 -0.7581
vn -0.9916 0.0083 -0.1289
vn 0.3102 0.0117 0.9506
vn 0.3738 -0.1995 0.9058
vn 0.8083 0.3246 -0.4913
vn 0.8006 0.5917 -0.0947
vn 0.1798 0.9771 0.1138
vn 0.1291 0.8992 0.4180
vn 0.5360 0.5034 -0.6777
vn 0.6572 0.0526 -0.7519
vn -0.7310 -0.2506 0.6347
vn -0.8607 0.0339 0.5080
vn 0.9037 0.2708 0.3317
vn 0.8945 0.4470 0.0030
vn -0.9822 -0.0487 -0.1816
vn -0.1385 0.0488 -0.9892
vn 0.1048 0.9630 0.2483
vn -0.5017 0.8586 -0.1051
vn 0.3249 0.8540 -0.4062
vn -0.3720 0.8899 0.2641
vn -0.6104 0.7875 0.0849
vn 0.3201 0.7395 -0.5922
vn 0.7354 0.4910 -0.4669
vn -0.6625 0.4086 0.6278
vn -0.5185 0.1917 -0.8333
vn -0.9405 -0.1216 -0.3172
vn -0.9940 -0.0325 -0.1048
vn -0.8541 0.0444 0.5182
vn 0.5133 0.1907 0.8367
vn -0.3685 -0.8963 -0.2466
vn 0.1215 -0.9856 0.1180
vn -0.1086 -0.9763 0.1872
vn 0.3646 -0.9311 0.0121
s 1
usemtl Material.091
f 2910//6801 2687//6801 2810//6801
f 2755//6802 2690//6802 2907//6802
f 2758//6803 2747//6803 2906//6803
f 2762//6804 2771//6804 2769//6804
f 2754//6805 2764//6805 2762//6805
f 2875//6806 2692//6806 2759//6806
f 2904//6807 2761//6807 2750//6807
f 2772//6808 2768//6808 2903//6808
f 2773//6809 2766//6809 2759//6809
f 2901//6810 2695//6810 2767//6810
f 2779//6811 2730//6811 2900//6811
f 2710//6812 2789//6812 2890//6812
f 2885//6813 2733//6813 2790//6813
f 2774//6814 2697//6814 2791//6814
f 2716//6815 2808//6815 2755//6815
f 2802//6816 2717//6816 2748//6816
f 2795//6817 2809//6817 2758//6817
f 2815//6818 2720//6818 2685//6818
f 2818//6819 2726//6819 2813//6819
f 2878//6820 2725//6820 2749//6820
f 2819//6821 2724//6821 2878//6821
f 2909//6822 2811//6822 2876//6822
f 2871//6823 2782//6823 2873//6823
f 2843//6824 2837//6824 2867//6824
f 2867//6825 2740//6825 2865//6825
f 2864//6826 2846//6826 2742//6826
f 2743//6827 2862//6827 2863//6827
f 2861//6828 2847//6828 2845//6828
f 2736//6829 2856//6829 2859//6829
f 2735//6830 2854//6830 2866//6830
f 2740//6831 2837//6832 2850//6833
f 2836//6834 2847//6834 2861//6834
f 2856//6835 2862//6835 2743//6835
f 2852//6836 2744//6836 2843//6836
f 2864//6837 2742//6837 2849//6837
f 2865//6838 2740//6838 2836//6838
f 2729//6839 2712//6839 2839//6839
f 2699//6840 2841//6840 2825//6840
f 2867//6841 2837//6841 2740//6841
f 2701//6842 2867//6842 2703//6842
f 2823//6843 2842//6843 2840//6843
f 2711//6844 2827//6844 2824//6844
f 2871//6845 2783//6845 2782//6845
f 2700//6846 2873//6846 2832//6846
f 2824//6847 2828//6847 2820//6847
f 2822//6848 2832//6848 2831//6848
f 2874//6849 2721//6849 2722//6849
f 2875//6850 2722//6850 2686//6850
f 2721//6851 2876//6851 2722//6851
f 2721//6852 2909//6852 2876//6852
f 2878//6853 2724//6853 2725//6853
f 2811//6854 2819//6854 2878//6854
f 2688//6855 2749//6855 2750//6855
f 2813//6856 2814//6856 2816//6856
f 2727//6857 2813//6857 2816//6857
f 2753//6858 2816//6858 2754//6858
f 2727//6859 2816//6859 2753//6859
f 2690//6860 2906//6860 2814//6860
f 2815//6861 2685//6861 2757//6861
f 2809//6862 2796//6862 2798//6862
f 2795//6863 2796//6863 2809//6863
f 2758//6864 2809//6864 2747//6864
f 2801//6865 2879//6865 2800//6865
f 2883//6866 2880//6866 2752//6866
f 2755//6867 2795//6867 2690//6867
f 2882//6868 2717//6869 2802//6868
f 2687//6870 2882//6868 2802//6868
f 2715//6871 2805//6871 2799//6871
f 2883//6872 2805//6872 2715//6872
f 2777//6873 2883//6873 2751//6873
f 2793//6874 2705//6874 2706//6874
f 2898//6875 2698//6875 2884//6875
f 2885//6876 2708//6876 2733//6876
f 2886//6877 2885//6877 2710//6877
f 2886//6878 2707//6879 2885//6880
f 2774//6881 2791//6881 2776//6881
f 2785//6882 2888//6882 2731//6882
f 2908//6883 2706//6883 2889//6883
f 2710//6884 2885//6884 2789//6884
f 2783//6885 2893//6885 2782//6885
f 2778//6886 2702//6886 2894//6886
f 2788//6887 2780//6887 2708//6887
f 2895//6888 2736//6888 2841//6888
f 2796//6889 2898//6889 2706//6889
f 2800//6890 2898//6890 2881//6890
f 2899//6891 2776//6891 2784//6891
f 2718//6892 2899//6892 2719//6892
f 2718//6893 2776//6893 2899//6893
f 2794//6894 2900//6894 2705//6894
f 2904//6895 2902//6895 2772//6895
f 2691//6896 2694//6896 2905//6896
f 2691//6897 2759//6897 2694//6897
f 2750//6898 2763//6898 2688//6898
f 2685//6899 2875//6899 2691//6899
f 2754//6900 2765//6900 2753//6900
f 2693//6901 2762//6901 2696//6901
f 2686//6902 2763//6902 2692//6902
f 2688//6903 2763//6903 2686//6903
f 2906//6904 2747//6904 2720//6904
f 2908//6905 2697//6905 2797//6905
f 2796//6906 2908//6906 2797//6906
f 2811//6907 2751//6907 2819//6907
f 2777//6908 2751//6908 2811//6908
f 2751//6909 2883//6909 2812//6909
f 2796//6910 2706//6910 2908//6910
f 2904//6911 2765//6911 2693//6911
f 2694//6912 2695//6913 2696//6914
f 2774//6915 2797//6916 2697//6917
f 2898//6918 2800//6918 2698//6918
f 2806//6919 2899//6919 2784//6919
f 2900//6920 2730//6920 2702//6920
f 2909//6921 2777//6922 2811//6923
f 2713//6924 2891//6925 2791//6926
f 2788//6927 2786//6928 2734//6929
f 2731//6930 2887//6931 2785//6932
f 2884//6933 2704//6934 2793//6935
f 2784//6936 2707//6936 2886//6936
f 2885//6880 2707//6879 2708//6937
f 2794//6938 2704//6939 2790//6940
f 2805//6941 2777//6942 2804//6943
f 2719//6944 2805//6945 2804//6946
f 2814//6947 2726//6948 2690//6949
f 2798//6950 2714//6950 2807//6950
f 2801//6951 2800//6951 2881//6951
f 2880//6952 2883//6952 2715//6952
f 2816//6953 2814//6953 2756//6953
f 2723//6954 2877//6955 2876//6956
f 2817//6957 2727//6957 2753//6957
f 2875//6958 2874//6958 2722//6958
f 2874//6959 2910//6960 2721//6961
f 2824//6962 2731//6962 2781//6962
f 2792//6963 2834//6964 2734//6965
f 2833//6966 2733//6966 2870//6966
f 2869//6967 2826//6967 2790//6967
f 2868//6968 2865//6968 2836//6968
f 2844//6969 2741//6969 2838//6969
f 2848//6970 2847//6971 2850//6972
f 2848//6973 2843//6974 2744//6975
f 2859//6976 2856//6976 2743//6976
f 2738//6977 2858//6978 2857//6979
f 2858//6980 2741//6981 2745//6982
f 2859//6983 2741//6984 2736//6985
f 2859//6986 2743//6986 2745//6986
f 2854//6987 2739//6988 2866//6989
f 2851//6990 2854//6990 2846//6990
f 2850//6833 2837//6832 2848//6991
f 2855//6992 2738//6993 2860//6994
f 2738//6995 2857//6995 2860//6995
f 2744//6996 2861//6997 2845//6998
f 2737//6999 2861//7000 2852//7001
f 2856//7002 2895//7003 2862//7004
f 2855//7005 2895//7006 2840//7007
f 2742//7008 2854//7009 2853//7010
f 2854//7011 2835//7012 2853//7013
f 2843//7014 2737//7014 2852//7014
f 2855//7015 2863//7016 2862//7017
f 2744//7018 2845//7018 2848//7018
f 2857//7019 2863//7020 2860//7021
f 2863//7022 2745//7023 2743//7024
f 2864//7025 2746//7026 2851//7027
f 2701//7028 2737//7029 2843//7030
f 2851//7031 2846//7031 2864//7031
f 2822//7032 2703//7032 2865//7032
f 2703//7033 2867//7033 2865//7033
f 2838//7034 2842//7035 2844//7036
f 2826//7037 2844//7037 2842//7037
f 2826//7038 2709//7038 2844//7038
f 2736//7039 2844//7040 2841//7041
f 2844//7042 2825//7043 2841//7044
f 2711//7045 2866//7046 2739//7047
f 2866//7048 2820//7049 2735//7050
f 2701//7051 2843//7051 2867//7051
f 2840//7052 2842//7052 2738//7052
f 2823//7053 2826//7053 2842//7053
f 2868//7054 2700//7055 2822//7056
f 2737//7057 2868//7054 2836//7058
f 2822//7059 2865//7059 2868//7059
f 2850//7060 2836//7061 2740//7062
f 2792//7063 2824//7064 2827//7065
f 2790//7066 2833//7067 2869//7068
f 2712//7069 2834//6964 2827//7070
f 2869//7071 2709//7072 2826//7073
f 2830//7074 2825//7075 2870//7076
f 2825//7077 2833//7078 2870//7079
f 2701//7080 2703//7080 2871//7080
f 2730//7081 2873//7082 2782//7083
f 2873//7084 2701//7028 2871//7085
f 2703//7086 2822//7086 2831//7086
f 2828//7087 2781//7088 2778//7089
f 2790//7090 2829//7091 2779//7092
f 2730//7093 2831//7094 2832//7095
f 2826//7096 2823//7096 2829//7096
f 2822//7097 2700//7097 2832//7097
f 2874//7098 2685//7099 2720//7100
f 2720//7101 2910//6960 2874//6959
f 2688//7102 2877//7103 2749//7104
f 2876//7105 2811//7105 2723//7105
f 2725//7106 2750//7107 2749//7108
f 2686//7109 2722//7109 2877//7109
f 2722//7110 2876//7110 2877//7110
f 2723//7111 2811//7111 2878//7111
f 2727//7112 2818//7113 2813//7114
f 2749//7115 2723//7115 2878//7115
f 2817//7116 2724//7117 2818//7118
f 2753//7119 2725//7120 2817//7121
f 2714//7122 2796//7123 2797//7124
f 2754//7125 2816//7125 2756//7125
f 2815//7126 2906//7126 2720//7126
f 2814//7127 2906//7127 2815//7127
f 2756//7128 2815//7128 2757//7128
f 2756//7129 2814//7129 2815//7129
f 2801//7130 2880//7131 2879//7132
f 2690//7133 2795//7133 2758//7133
f 2879//7134 2715//7135 2799//7136
f 2716//7137 2752//7138 2880//7131
f 2719//7139 2803//7140 2718//7141
f 2717//7142 2777//7143 2748//7144
f 2717//7145 2803//7145 2804//7145
f 2796//7146 2808//7147 2881//7148
f 2748//7149 2687//7149 2802//7149
f 2801//7150 2808//7151 2716//7152
f 2803//7153 2807//7154 2718//7155
f 2795//7156 2755//7156 2808//7156
f 2907//7157 2716//7157 2755//7157
f 2803//7158 2882//7159 2798//7160
f 2882//7161 2747//7162 2809//7163
f 2882//7164 2809//7164 2798//7164
f 2886//7165 2775//7166 2784//7167
f 2799//7168 2805//7168 2806//7168
f 2793//7169 2794//7169 2705//7169
f 2884//7170 2793//7170 2706//7170
f 2706//7171 2898//7171 2884//7171
f 2734//7172 2887//7173 2792//7174
f 2887//7175 2713//7176 2791//7177
f 2887//7178 2697//7179 2785//7180
f 2697//7181 2888//7182 2785//7183
f 2888//7184 2706//7185 2705//7186
f 2789//7187 2698//7188 2890//7189
f 2908//7190 2889//7190 2697//7190
f 2704//7191 2885//7191 2790//7191
f 2789//7192 2885//7192 2704//7192
f 2708//7193 2787//7194 2788//7195
f 2698//7196 2775//7196 2890//7196
f 2775//7197 2710//7197 2890//7197
f 2707//7198 2891//7199 2787//7200
f 2713//7201 2786//7201 2787//7201
f 2776//7202 2891//7202 2784//7202
f 2776//7203 2791//7203 2891//7203
f 2839//7204 2835//7204 2735//7204
f 2820//7205 2839//7205 2735//7205
f 2820//7206 2729//7206 2839//7206
f 2892//7207 2730//7208 2782//7209
f 2892//7210 2782//7210 2893//7210
f 2894//7211 2728//7212 2778//7213
f 2841//7214 2821//7215 2895//7216
f 2734//7217 2728//7217 2788//7217
f 2840//7218 2821//7219 2823//7220
f 2778//7221 2900//7222 2702//7223
f 2900//7224 2731//7225 2888//7226
f 2888//7227 2705//7227 2900//7227
f 2870//7228 2708//7229 2896//7230
f 2775//7231 2806//7232 2784//7233
f 2708//7234 2780//7234 2896//7234
f 2776//7235 2807//7236 2897//7237
f 2719//7238 2899//7238 2806//7238
f 2897//7239 2774//7239 2776//7239
f 2897//7240 2714//7241 2797//7242
f 2775//7243 2800//7244 2799//7245
f 2881//7246 2898//7246 2796//7246
f 2900//7247 2790//7248 2779//7249
f 2879//7250 2799//7250 2800//7250
f 2901//7251 2692//7252 2760//7253
f 2901//7254 2767//7254 2773//7254
f 2902//7255 2693//7256 2696//7257
f 2760//7258 2695//7258 2901//7258
f 2771//7259 2905//7260 2694//7261
f 2771//7262 2694//7262 2770//7262
f 2903//7263 2760//7264 2761//7265
f 2694//7266 2759//7266 2766//7266
f 2692//7267 2773//7267 2759//7267
f 2695//7268 2903//7268 2768//7268
f 2772//7269 2761//7270 2904//7271
f 2764//7272 2757//7273 2905//7274
f 2689//7275 2753//7275 2904//7275
f 2753//7276 2765//7276 2904//7276
f 2905//7277 2685//7278 2691//7279
f 2761//7280 2763//7281 2750//7282
f 2762//7283 2765//7284 2754//7285
f 2689//7286 2904//7286 2750//7286
f 2691//7287 2875//7287 2759//7287
f 2686//7288 2692//7288 2875//7288
f 2726//7289 2752//7138 2907//7290
f 2756//7291 2764//7291 2754//7291
f 2762//7292 2769//7292 2696//7292
f 2764//7293 2771//7293 2762//7293
f 2692//7294 2763//7294 2760//7294
f 2690//7295 2758//7295 2906//7295
f 2726//7296 2907//7296 2690//7296
f 2818//7297 2812//7298 2752//7299
f 2812//7300 2819//7301 2751//7302
f 2812//7303 2883//7303 2752//7303
f 2748//7304 2810//7305 2687//7306
f 2721//7307 2810//7307 2909//7307
f 2910//7308 2810//7308 2721//7308
f 2720//7309 2747//7309 2910//7309
f 2747//7310 2687//7310 2910//7310
f 2696//6914 2769//7311 2771//7312
f 2694//6912 2766//7313 2773//7314
f 2773//7314 2767//7315 2695//6913
f 2695//6913 2768//7316 2772//7317
f 2772//7317 2902//7318 2696//6914
f 2696//6914 2771//7312 2694//6912
f 2694//6912 2773//7314 2695//6913
f 2695//6913 2772//7317 2696//6914
f 2774//6915 2897//7319 2797//6916
f 2909//6921 2748//7320 2777//6922
f 2713//6924 2787//7321 2891//6925
f 2788//6927 2787//7322 2786//6928
f 2731//6930 2792//7323 2887//6931
f 2884//6933 2698//7324 2704//6934
f 2794//6938 2793//7325 2704//6939
f 2805//6941 2883//7326 2777//6942
f 2719//6944 2806//7327 2805//6945
f 2814//6947 2813//7328 2726//6948
f 2723//6954 2749//7329 2877//6955
f 2792//6963 2827//7070 2834//6964
f 2848//6970 2845//7330 2847//6971
f 2848//6973 2837//7331 2843//6974
f 2738//6977 2838//7332 2858//6978
f 2858//6980 2838//7333 2741//6981
f 2849//7334 2742//7334 2853//7334
f 2859//6983 2745//7335 2741//6984
f 2854//6987 2851//7336 2739//6988
f 2855//6992 2840//7337 2738//6993
f 2744//6996 2852//7338 2861//6997
f 2737//6999 2836//7339 2861//7000
f 2856//7002 2736//7340 2895//7003
f 2855//7005 2862//7341 2895//7006
f 2742//7008 2846//7342 2854//7009
f 2854//7011 2735//7343 2835//7012
f 2855//7015 2860//7344 2863//7016
f 2857//7019 2858//7345 2863//7020
f 2863//7022 2858//7346 2745//7023
f 2864//7025 2849//7347 2746//7026
f 2701//7028 2700//7348 2737//7029
f 2838//7034 2738//7349 2842//7035
f 2736//7039 2741//7350 2844//7040
f 2844//7042 2709//7351 2825//7043
f 2711//7045 2824//7352 2866//7046
f 2866//7048 2824//7353 2820//7049
f 2868//7054 2737//7057 2700//7055
f 2850//7060 2847//7354 2836//7061
f 2792//7063 2731//7355 2824//7064
f 2790//7066 2733//7356 2833//7067
f 2869//7071 2833//7357 2709//7072
f 2728//7358 2734//7358 2834//7358
f 2834//7359 2712//7359 2729//7359
f 2830//7074 2699//7360 2825//7075
f 2825//7077 2709//7361 2833//7078
f 2730//7081 2832//7362 2873//7082
f 2873//7084 2700//7348 2701//7028
f 2828//7087 2824//7363 2781//7088
f 2790//7090 2826//7364 2829//7091
f 2730//7093 2779//7365 2831//7094
f 2874//7098 2875//7366 2685//7099
f 2688//7102 2686//7367 2877//7103
f 2725//7106 2689//7368 2750//7107
f 2727//7112 2817//7369 2818//7113
f 2817//7116 2725//7370 2724//7117
f 2753//7119 2689//7371 2725//7120
f 2714//7122 2798//7372 2796//7123
f 2801//7130 2716//7137 2880//7131
f 2879//7134 2880//7373 2715//7135
f 2716//7137 2907//7290 2752//7138
f 2719//7139 2804//7374 2803//7140
f 2717//7142 2804//7375 2777//7143
f 2796//7146 2795//7376 2808//7147
f 2801//7150 2881//7377 2808//7151
f 2803//7153 2798//7378 2807//7154
f 2803//7158 2717//7379 2882//7159
f 2882//7161 2687//7380 2747//7162
f 2886//7165 2710//7381 2775//7166
f 2734//7172 2786//7382 2887//7173
f 2887//7175 2786//7383 2713//7176
f 2887//7178 2791//7384 2697//7179
f 2697//7181 2889//7385 2888//7182
f 2888//7184 2889//7386 2706//7185
f 2789//7187 2704//7387 2698//7188
f 2708//7193 2707//7388 2787//7194
f 2707//7198 2784//7389 2891//7199
f 2892//7207 2702//7390 2730//7208
f 2894//7211 2872//7391 2728//7212
f 2841//7214 2699//7392 2821//7215
f 2840//7218 2895//7393 2821//7219
f 2778//7221 2781//7394 2900//7222
f 2900//7224 2781//7395 2731//7225
f 2870//7228 2733//7396 2708//7229
f 2775//7231 2799//7397 2806//7232
f 2776//7235 2718//7398 2807//7236
f 2897//7240 2807//7399 2714//7241
f 2775//7243 2698//7400 2800//7244
f 2900//7247 2794//7401 2790//7248
f 2901//7251 2773//7402 2692//7252
f 2902//7255 2904//7403 2693//7256
f 2771//7259 2764//7404 2905//7260
f 2903//7263 2695//7405 2760//7264
f 2772//7269 2903//7406 2761//7270
f 2764//7272 2756//7407 2757//7273
f 2905//7277 2757//7408 2685//7278
f 2761//7280 2760//7409 2763//7281
f 2762//7283 2693//7410 2765//7284
f 2726//7289 2818//7411 2752//7138
f 2818//7297 2724//7412 2812//7298
f 2812//7300 2724//7413 2819//7301
f 2748//7304 2909//7414 2810//7305
usemtl Material.092
f 2926//7415 2923//7415 2924//7415
f 2913//7416 2911//7416 2914//7416
f 2925//7417 2923//7417 2926//7417
f 2912//7418 2914//7418 2911//7418
l 2921 2922
l 2916 2927
l 2917 2919
l 2927 2928
l 2732 2872
l 2915 2918
l 2924 2928
o Cylinder.025
v -33.673122 9.028349 21.286903
v -33.826511 9.139184 21.669031
v -33.584793 9.762213 21.423382
v -34.078671 9.208852 21.655460
v -34.229374 9.151411 21.348579
v -33.649078 9.472560 20.826889
v -33.654884 8.933388 21.340122
v -33.823643 9.089060 21.737757
v -34.177769 8.928225 20.962774
v -33.555969 8.817586 21.291346
v -34.197952 9.169193 21.925322
v -34.221775 8.882420 20.874517
v -33.214157 10.501149 20.889589
v -33.634380 10.414344 20.663830
v -34.143188 11.627743 20.391617
v -33.007263 11.526138 19.266441
v -32.988087 11.564466 19.321337
v -32.991459 11.338658 20.845314
v -33.126301 11.618657 19.406300
v -33.460587 10.867495 20.649431
v -33.251808 10.881122 20.632933
v -33.331814 10.477719 20.637968
v -33.536892 10.731339 21.262905
v -33.426105 11.095939 21.191967
v -34.208279 11.488851 20.335907
v -33.703827 10.645369 20.964579
v -32.191463 11.108671 21.329369
v -32.149139 11.138906 21.530508
v -33.300926 10.667574 21.203346
v -33.336006 10.065489 20.964607
v -33.922306 10.011351 21.105385
v -33.809528 9.848061 20.785982
v -33.535187 9.980897 21.363787
v -33.472359 10.126574 21.309381
v -33.735367 10.246536 21.322142
v -33.538288 9.418804 21.195389
v -33.714783 9.466210 21.527983
v -33.747681 9.298133 21.582848
v -34.015087 9.432205 21.602797
v -34.096405 9.521713 21.235676
v -34.184868 9.290238 21.303473
v -33.952808 9.432791 20.910172
v -34.006626 9.255471 20.979994
v -33.043739 11.380945 21.170902
v -32.201069 11.256952 21.537693
v -33.096188 11.317888 20.523609
v -33.028679 11.005127 20.879061
v -33.047073 11.539765 21.169571
v -33.547050 11.167654 20.921562
v -33.127373 11.063582 21.155729
v -31.731966 11.287953 21.511246
v -34.472389 11.867151 20.112570
v -32.952888 11.659940 18.696972
v -34.447739 11.750244 19.879129
v -31.739752 11.187560 21.481966
v -33.081341 11.746964 18.642000
v -34.524948 11.764196 20.069418
v -31.580196 11.316557 21.781029
v -34.685463 11.924076 19.987322
v -32.945778 11.680111 18.340059
v -34.706657 11.795583 19.957483
v -31.601660 11.207008 21.779310
v -33.496490 9.600363 21.098789
v -33.741875 9.832357 21.497118
v -34.067524 9.339325 21.636431
v -34.181919 9.209481 21.531609
v -33.966122 9.810064 21.339249
v -33.955860 9.682063 20.976627
v -34.094337 9.058480 21.014477
v -33.956188 8.998115 20.972263
v -33.688652 9.717640 20.765276
v -33.826603 8.960523 20.992340
v -33.730034 8.974600 21.112728
v -33.511459 9.666821 20.898232
v -33.668846 8.956423 21.632149
v -34.110172 9.169999 21.796150
v -34.272549 9.151994 21.575960
v -33.958199 8.864865 20.901096
v -34.120636 9.206201 21.697580
v -33.808605 8.871435 20.954948
v -34.110744 8.989137 20.954628
v -33.637554 8.903090 21.626900
v -34.000732 9.090132 21.950785
v -34.347942 9.134525 21.723339
v -33.997974 8.769829 20.797333
v -33.609497 8.765504 21.047192
v -33.767040 8.738699 20.859121
v -34.419403 9.075238 21.415930
v -33.765968 9.049345 21.849628
v -33.277966 10.444765 21.042454
v -33.772419 10.443255 20.957132
v -33.442516 10.284710 21.254007
v -33.835049 9.944790 21.440521
v -32.970398 11.263275 20.894737
v -33.328148 11.397418 20.564127
v -33.346684 11.240830 21.175457
v -32.974792 11.124592 20.868870
v -33.044872 11.458965 20.533455
v -33.140282 11.528550 20.578138
v -33.637630 10.462124 21.254036
v -33.134411 10.801204 20.867836
v -33.257320 10.877942 21.185932
v -33.422859 10.726927 21.251158
v -33.271755 11.025672 21.162403
v -33.596638 10.714152 20.822704
v -33.456623 11.101627 20.613464
v -33.362572 10.482400 21.199011
v -33.069473 11.036035 21.057783
v -33.360035 10.793328 20.600691
v -33.303402 11.002617 20.643248
v -33.577145 9.708762 20.737289
v -33.436592 10.083660 20.677782
v -33.311642 10.193182 20.891180
v -33.389046 9.925474 21.020124
v -33.831707 10.292442 21.040741
v -33.710876 10.222174 20.706335
v -33.758312 10.025332 20.754557
v -33.575733 9.875369 21.421387
v -33.499104 10.076788 21.346178
v -33.794083 10.092028 21.401995
v -33.872139 10.066168 21.267151
v -33.800438 10.282629 21.171848
v -33.369751 10.106257 21.138639
v -33.667686 9.841682 20.717875
v -33.410934 9.819893 21.044628
v -33.620941 9.675099 21.483755
v -33.974533 9.602306 21.548569
v -34.020382 9.684898 21.180542
v -33.982025 9.352148 20.925301
v -33.730083 9.214562 20.910080
v -33.674595 9.110783 21.049000
v -33.916286 9.147094 20.946669
v -34.106552 9.318952 21.134605
v -34.057938 9.434644 21.074034
v -34.011719 9.596481 21.380186
v -32.189476 11.213150 21.316185
v -34.116573 11.608255 20.250504
v -33.154423 11.539486 19.311047
v -34.079536 11.568826 20.193878
v -32.483906 11.093484 21.158880
v -34.203369 11.559997 20.394569
v -34.101555 11.471159 20.160145
v -32.208057 11.101290 21.390362
v -32.555489 11.226515 21.141891
v -33.640427 11.473804 20.432482
v -33.826889 11.470458 20.638983
v -33.204117 11.483431 19.926474
v -33.056171 11.446017 19.802887
v -33.850655 11.317570 20.615974
v -32.681030 11.097878 21.316692
v -31.773087 11.328568 21.596121
v -33.079884 11.669955 18.729469
v -33.010551 11.751755 18.621695
v -34.470619 11.699064 19.993843
v -32.053940 11.278459 21.577417
v -34.301811 11.771634 19.997168
v -34.349545 11.755312 20.248552
v -34.297054 11.631778 19.993090
v -32.945221 11.725606 18.517662
v -34.400589 11.651247 20.183563
v -32.996223 11.700689 18.318441
v -31.524496 11.282175 21.626627
v -33.072247 11.716072 18.344158
v -33.003128 11.734406 18.356644
v -31.601500 11.268964 21.807772
v -33.070641 11.731683 18.404335
v -31.532555 11.179004 21.606062
v -32.935276 11.683160 18.433481
v -31.656347 11.332541 21.751432
v -31.597343 11.305829 21.597904
v -34.591545 11.898365 19.830051
v -34.579479 11.910936 20.065477
v -34.633850 11.775222 19.773619
v -34.682320 11.765835 19.833481
v -34.608147 11.830317 20.053635
v -34.623131 11.827853 19.775345
v -33.018181 11.674001 18.444443
v -34.636879 11.899412 19.933344
v -34.667645 11.839190 19.861828
v -31.530354 11.234725 21.722231
v -33.120319 11.648012 18.990625
v -31.765757 11.241582 21.460558
v -33.048927 11.663893 19.061737
v -33.043781 11.604205 18.969225
v -33.822952 11.330150 20.516323
v -33.515629 11.273755 20.935520
v -33.054657 11.522367 19.997129
v -33.060726 11.454239 21.166531
v -33.037510 11.450926 19.935230
v -33.622547 9.344964 21.322414
v -33.730843 9.062214 21.490950
v -33.884857 9.424215 21.600340
v -33.908070 9.296586 21.630571
v -34.096817 9.462259 21.419401
v -33.828472 10.155514 20.896181
v -33.899330 9.901268 20.944624
v -33.639591 10.002445 20.709217
v -33.445084 9.871416 21.193802
v -33.989609 9.886107 21.152340
v -33.461746 10.467161 20.637165
v -33.588062 10.987061 20.971954
v -33.658245 10.632856 21.113409
v -33.182236 10.831298 21.018867
v -33.170261 10.830846 20.739193
v -33.262817 10.452339 20.736216
v -33.684128 10.534740 20.806225
v -33.468826 10.528489 21.243557
v -33.003601 11.477256 20.750624
v -33.039268 11.597013 20.639942
v -33.037315 11.375508 20.972452
v -34.409233 11.826500 19.978882
v -33.381824 11.385757 21.068525
v -33.372131 10.212668 21.095289
v -33.561024 10.192660 20.625168
v -33.667313 10.309101 21.321732
v -33.143841 11.124471 20.634321
v -33.975269 9.146659 21.894285
v -34.354969 8.972719 21.106220
v -34.326466 9.163734 21.683218
v -34.346878 9.097064 21.397758
v -33.721939 8.894927 21.121651
v -33.580219 9.428679 21.016094
v -33.892540 9.547509 20.838158
v -33.341320 10.187242 20.771816
v -33.770329 9.703341 21.540539
v -33.557934 9.559525 21.279341
v -34.190300 11.599502 21.759171
v -34.001225 11.553951 21.635469
v -34.415443 11.806810 22.122097
v -34.135956 11.663409 21.991133
v -32.805523 11.640221 20.480566
v -33.177986 11.324417 21.418514
v -32.986187 11.373974 21.299891
v -32.680370 11.448572 20.728996
v -32.904037 11.508516 21.320379
v -33.917519 11.504416 21.094801
v -33.644604 11.281457 21.238235
v -33.687904 11.294187 21.183439
v -33.174763 11.411316 22.408571
v -32.979042 11.305264 22.137302
v -32.989124 11.458977 22.830698
v -33.004269 11.275846 22.354607
v -33.271378 11.365693 21.793404
v -33.114807 11.325470 21.888983
vn 0.9233 -0.1336 0.3601
vn -0.1246 -0.2608 -0.9573
vn 0.9154 -0.3566 -0.1865
vn 0.2766 0.6535 -0.7046
vn 0.2853 0.4482 -0.8472
vn 0.7112 0.6757 0.1939
vn -0.5459 0.8373 -0.0304
vn -0.7669 0.6394 0.0550
vn 0.8566 0.4854 0.1752
vn 0.1689 0.6577 0.7341
vn -0.2938 -0.4193 -0.8590
vn -0.8081 0.4310 -0.4016
vn -0.9436 0.1293 -0.3047
vn 0.8830 0.1783 0.4343
vn -0.4275 -0.2587 -0.8662
vn 0.3073 0.3622 0.8800
vn 0.8907 -0.1899 -0.4130
vn 0.9280 -0.3502 -0.1271
vn -0.8238 0.1989 -0.5308
vn -0.9177 0.2796 0.2822
vn -0.8060 0.5638 0.1806
vn -0.0809 0.2404 0.9673
vn 0.9741 0.2260 0.0090
vn 0.6269 0.7517 0.2048
vn -0.4048 0.8906 0.2075
vn 0.8961 0.3733 0.2402
vn -0.2290 0.7909 -0.5675
vn -0.2711 -0.9310 -0.2444
vn -0.3999 0.0076 0.9165
vn 0.4135 0.5175 -0.7491
vn -0.0867 0.9939 -0.0678
vn -0.0874 0.9939 -0.0676
vn -0.0870 0.9939 -0.0677
vn -0.4696 -0.8755 -0.1141
vn 0.2618 0.9450 -0.1961
vn 0.8925 0.4363 -0.1146
vn 0.7712 0.0124 0.6365
vn -0.9639 -0.2076 -0.1667
vn -0.2351 -0.1618 0.9584
vn -0.3680 0.3642 0.8555
vn -0.0104 0.9808 0.1949
vn 0.4694 0.8557 0.2177
vn 0.6845 0.0445 -0.7276
vn 0.1047 -0.9903 -0.0914
vn 0.6120 0.7866 0.0818
vn 0.6250 -0.7784 -0.0593
vn 0.4305 0.1173 -0.8950
vn -0.3306 -0.9371 -0.1120
vn 0.9033 -0.0373 0.4273
vn 0.8457 -0.1402 0.5149
vn 0.3313 0.2336 0.9142
vn 0.3826 0.0408 0.9230
vn -0.9145 0.3855 0.1227
vn -0.8119 0.5615 0.1599
vn -0.7582 0.1571 0.6328
vn -0.1393 -0.1467 -0.9793
vn -0.6024 -0.2714 -0.7506
vn -0.3216 -0.0760 -0.9438
vn -0.3530 -0.0066 -0.9356
vn 0.8333 -0.3885 -0.3934
vn 0.8872 -0.4342 -0.1559
vn 0.9361 -0.2512 -0.2461
vn 0.8649 -0.3769 -0.3315
vn 0.8956 -0.3981 -0.1988
vn -0.8601 0.0840 -0.5032
vn -0.9071 0.1783 -0.3812
vn -0.2546 -0.2742 -0.9273
vn 0.8652 -0.0606 0.4977
vn 0.8652 -0.0608 0.4977
vn 0.8652 -0.0605 0.4977
vn -0.9253 0.3379 0.1725
vn -0.8609 0.4993 0.0978
vn -0.7876 0.5298 0.3145
vn 0.3435 -0.0798 -0.9357
vn -0.1843 0.1094 -0.9768
vn -0.8320 0.3162 0.4560
vn -0.9048 0.3000 0.3023
vn -0.8271 0.3420 0.4461
vn -0.8296 0.3389 0.4438
vn -0.8275 0.3415 0.4457
vn 0.8410 -0.2003 0.5026
vn 0.8447 -0.4197 -0.3321
vn 0.7424 -0.3003 -0.5989
vn -0.8259 0.2903 -0.4833
vn 0.0724 0.6073 -0.7911
vn 0.8969 0.3888 0.2108
vn 0.1912 0.0070 0.9815
vn 0.6322 0.7721 0.0639
vn 0.2581 -0.1648 -0.9519
vn -0.4951 -0.1718 -0.8517
vn 0.3049 0.3352 0.8914
vn 0.0344 -0.0309 0.9989
vn 0.3044 0.2631 0.9155
vn -0.0907 0.0459 -0.9948
vn -0.3503 0.8650 -0.3592
vn 0.6493 0.6896 -0.3207
vn 0.7571 0.6531 -0.0153
vn -0.0316 0.9990 0.0314
vn 0.9302 0.2984 0.2136
vn 0.0494 0.6458 -0.7619
vn 0.1076 0.8595 -0.4997
vn 0.2350 0.7900 0.5663
vn 0.2394 0.9244 0.2968
vn 0.9136 -0.3338 -0.2320
vn 0.9304 -0.2956 -0.2166
vn 0.7972 -0.5795 -0.1694
vn -0.9494 0.2413 0.2013
vn -0.7879 0.4526 0.4176
vn -0.9656 0.1747 0.1924
vn 0.8085 -0.2679 -0.5240
vn -0.6208 0.6187 -0.4815
vn -0.3091 -0.9160 0.2559
vn -0.2226 -0.9511 0.2139
vn -0.2383 -0.9256 0.2941
vn 0.9137 -0.2922 0.2825
vn 0.9097 -0.2966 0.2908
vn 0.9167 -0.2888 0.2761
vn -0.4770 -0.0045 -0.8789
vn -0.7210 0.3925 0.5711
vn 0.8897 -0.3713 -0.2657
vn -0.1385 0.3471 0.9275
vn -0.1398 0.3467 0.9275
vn -0.1357 0.3479 0.9277
vn 0.3228 -0.1182 0.9390
vn 0.3264 -0.1230 0.9372
vn 0.3336 -0.1329 0.9333
vn 0.0669 0.1633 0.9843
vn 0.1618 0.1706 0.9720
vn 0.0042 0.1577 0.9875
vn 0.8217 -0.4849 0.2995
vn 0.8230 -0.4680 0.3220
vn 0.8237 -0.4463 0.3498
vn -0.2075 0.0306 -0.9778
vn -0.3467 0.0297 -0.9375
vn -0.4186 0.0290 -0.9077
vn -0.8276 0.2939 0.4782
vn -0.8299 0.3385 0.4434
vn -0.0453 0.0070 -0.9989
vn -0.1162 0.0900 -0.9891
vn 0.0926 -0.1527 -0.9839
vn -0.8556 0.3199 0.4070
vn -0.8519 0.3256 0.4102
vn -0.8398 0.3436 0.4202
vn -0.7815 0.4662 0.4147
vn -0.7849 0.4733 0.3999
vn -0.7921 0.4895 0.3647
vn -0.2121 -0.2161 -0.9530
vn -0.1734 -0.1766 -0.9689
vn -0.2287 -0.2330 -0.9452
vn 0.9353 -0.2584 0.2419
vn -0.3760 -0.1340 -0.9169
vn -0.8725 0.3359 -0.3547
vn -0.0879 -0.2765 -0.9570
vn 0.0814 0.2612 0.9618
vn 0.0639 0.2484 0.9665
vn 0.0322 0.2248 0.9739
vn -0.7682 0.2380 -0.5943
vn 0.9038 -0.0978 0.4167
vn 0.8630 -0.1639 0.4778
vn 0.8632 -0.1641 0.4774
vn 0.8609 -0.1625 0.4821
vn 0.4741 -0.2849 -0.8331
vn -0.0212 -0.9648 0.2622
vn -0.0395 -0.9589 0.2809
vn -0.0196 -0.9654 0.2600
vn -0.6791 0.1055 0.7264
vn -0.5451 -0.8328 0.0967
vn -0.5226 -0.8390 -0.1514
vn -0.7126 -0.6961 0.0876
vn -0.1213 0.8291 -0.5458
vn -0.1749 0.9121 -0.3708
vn -0.2081 0.9481 -0.2404
vn 0.5558 0.8167 -0.1553
vn 0.3815 0.9203 -0.0869
vn 0.6450 0.7398 -0.1915
vn -0.5840 0.0891 0.8069
vn 0.0117 -0.9264 -0.3763
vn -0.0179 -0.9708 -0.2394
vn -0.0305 -0.9834 -0.1789
vn -0.3324 -0.9182 0.2154
vn -0.4622 -0.8336 0.3025
vn -0.2707 -0.9468 0.1740
vn -0.4821 -0.4236 0.7669
vn -0.3897 -0.2810 0.8770
vn -0.3408 -0.2101 0.9164
vn -0.6875 -0.0548 0.7241
vn 0.5302 0.1749 -0.8297
vn 0.6045 0.0515 -0.7950
vn 0.6326 -0.0024 -0.7745
vn 0.4041 0.1484 -0.9026
vn -0.0878 0.9938 -0.0675
vn 0.5811 0.3157 -0.7501
vn 0.5736 0.3049 -0.7603
vn 0.5832 0.3186 -0.7473
vn 0.4848 -0.0701 -0.8718
vn -0.1066 -0.9855 -0.1316
vn -0.0523 -0.9942 -0.0945
vn -0.2745 -0.9299 -0.2448
vn -0.0432 -0.9981 -0.0444
vn 0.0378 -0.9972 -0.0653
vn 0.0989 -0.9918 -0.0808
vn 0.3564 0.9146 -0.1911
vn 0.3810 0.9136 -0.1418
vn 0.3379 0.9135 -0.2264
vn 0.2981 0.9500 0.0936
vn 0.4529 0.8822 -0.1288
vn 0.4703 0.8685 -0.1567
vn 0.2743 0.9582 -0.0818
vn 0.2986 0.9507 -0.0836
vn 0.2340 0.9690 -0.0787
vn 0.1278 0.9730 -0.1923
vn 0.1260 0.9516 -0.2805
vn 0.1286 0.9842 -0.1218
vn 0.9935 0.0860 0.0740
vn -0.6617 0.6583 -0.3587
vn -0.6617 0.6590 -0.3576
vn -0.6603 0.6898 -0.2968
vn 0.5040 0.6907 -0.5185
vn -0.8163 0.2716 -0.5097
vn -0.8028 0.2925 -0.5197
vn -0.8623 0.1910 -0.4689
vn -0.9308 0.2521 -0.2647
vn -0.9318 0.2438 -0.2689
vn -0.9343 0.2194 -0.2810
vn 0.6104 -0.6559 0.4441
vn 0.6545 -0.4785 0.5853
vn 0.5680 -0.7462 0.3472
vn 0.9133 -0.4071 -0.0093
vn 0.9968 0.0480 0.0635
vn 0.9958 0.0636 0.0659
vn 0.9964 -0.0819 0.0204
vn -0.9458 0.3247 0.0093
vn -0.2768 0.9588 0.0637
vn -0.3435 -0.8825 -0.3211
vn -0.3548 -0.9129 -0.2019
vn -0.3600 -0.9275 -0.1009
vn -0.5171 -0.8332 -0.1959
vn -0.5152 -0.8257 -0.2298
vn -0.6947 0.0055 0.7193
vn -0.7320 -0.0195 0.6810
vn -0.7564 -0.0368 0.6531
vn -0.7497 -0.1123 0.6522
vn -0.7569 -0.3254 0.5667
vn -0.7411 -0.0544 0.6692
vn 0.4017 -0.6509 -0.6441
vn 0.3512 -0.2287 -0.9079
vn 0.3446 -0.1978 -0.9177
vn 0.2081 0.6427 -0.7373
vn 0.2527 0.4849 -0.8373
vn 0.2057 0.6499 -0.7317
vn 0.5255 0.8284 0.1941
vn 0.6244 0.0440 -0.7799
vn 0.6897 0.0926 -0.7181
vn -0.1276 -0.9617 -0.2425
vn -0.1521 -0.9604 -0.2336
vn -0.1576 -0.9597 -0.2327
vn -0.1369 -0.9617 -0.2374
vn -0.1378 -0.9603 -0.2426
vn -0.5365 -0.7803 -0.3214
vn -0.9946 0.1035 -0.0086
vn -0.9985 -0.0414 -0.0362
vn -0.9970 -0.0651 -0.0407
vn 0.0689 -0.9846 0.1605
vn 0.1112 -0.9905 -0.0815
vn 0.1148 -0.9880 -0.1035
vn -0.4805 -0.8769 0.0143
vn -0.4749 -0.8647 -0.1633
vn -0.4680 -0.8512 -0.2376
vn -0.0356 -0.9614 0.2730
vn -0.0327 -0.9607 0.2758
vn -0.2991 -0.9362 -0.1846
vn -0.3302 -0.9364 -0.1186
vn -0.3345 -0.9361 -0.1089
vn -0.3510 0.5642 0.7473
vn -0.4177 0.4295 0.8007
vn -0.3464 0.5723 0.7433
vn -0.6738 -0.4345 0.5976
vn -0.6651 -0.3811 0.6422
vn -0.6644 -0.3778 0.6448
vn 0.4145 0.9048 0.0972
vn 0.9326 -0.3607 0.0114
vn 0.7609 -0.6451 -0.0700
vn 0.9393 -0.3428 0.0162
vn 0.9876 0.1193 0.1016
vn 0.9838 0.1444 0.1059
vn -0.9252 0.3772 -0.0404
vn 0.5101 0.1636 -0.8444
vn 0.5150 0.1447 -0.8449
vn 0.5158 0.1412 -0.8450
vn 0.3784 -0.2469 -0.8921
vn 0.4607 -0.1937 -0.8662
vn 0.3118 -0.2865 -0.9059
vn -0.3547 -0.9155 -0.1897
vn -0.3740 -0.9089 -0.1844
vn -0.3815 -0.9062 -0.1823
vn 0.4994 0.1801 -0.8474
vn -0.1367 -0.9778 -0.1585
vn 0.8828 -0.1892 0.4299
vn 0.9270 -0.1847 0.3265
vn 0.8654 -0.1902 0.4635
vn 0.8633 -0.1642 0.4772
vn 0.0513 0.1790 0.9825
vn 0.0321 0.2144 0.9762
vn 0.0732 0.1378 0.9877
vn 0.0361 0.2957 0.9546
vn -0.8894 0.4272 0.1627
vn -0.8521 0.4898 0.1844
vn -0.8105 0.5488 0.2047
vn 0.2634 0.3556 0.8968
vn 0.2794 0.1729 0.9445
vn -0.8384 0.3366 0.4288
vn -0.8687 0.0111 -0.4952
vn -0.8560 0.0259 -0.5164
vn -0.8956 -0.0234 -0.4442
vn -0.7211 0.5565 0.4126
vn -0.9051 0.2251 -0.3607
vn -0.9083 0.2221 -0.3544
vn -0.9189 0.2119 -0.3328
vn -0.9037 0.1480 -0.4018
vn -0.9031 0.1493 -0.4027
vn -0.9071 0.1405 -0.3968
vn 0.8513 -0.4122 -0.3247
vn 0.8585 -0.3957 -0.3261
vn 0.8745 -0.3562 -0.3292
vn 0.0952 -0.1933 -0.9765
vn 0.9254 -0.2988 -0.2329
vn 0.7936 -0.2909 -0.5343
vn 0.6964 -0.5166 -0.4982
vn 0.6647 -0.4465 -0.5990
vn -0.8363 0.1375 -0.5307
vn -0.8388 0.1407 -0.5260
vn -0.8352 0.1310 -0.5342
vn 0.8026 -0.4091 -0.4342
vn -0.9371 0.2335 -0.2594
vn -0.9377 0.2198 -0.2691
vn -0.9365 0.2439 -0.2520
vn -0.8395 0.1450 -0.5236
vn -0.8408 0.1312 -0.5252
vn 0.1999 0.4046 0.8924
vn 0.2408 0.4565 0.8565
vn 0.2596 0.4799 0.8380
vn 0.1853 0.3838 0.9046
vn 0.1924 0.3501 0.9167
vn 0.1472 0.5394 0.8291
vn 0.1902 0.1076 0.9758
vn -0.0762 -0.0918 -0.9929
vn -0.0502 -0.1164 -0.9919
vn -0.1418 -0.0285 -0.9895
vn 0.4185 -0.0175 0.9081
vn -0.3947 -0.0113 -0.9187
vn -0.4020 -0.0155 -0.9155
vn -0.4339 -0.0343 -0.9003
vn 0.8408 -0.2261 0.4919
vn 0.8178 -0.3449 0.4607
vn 0.8510 -0.0728 0.5201
vn -0.2546 -0.3073 -0.9169
vn -0.2651 -0.0934 -0.9597
vn 0.8737 -0.1200 0.4714
vn 0.9311 -0.0250 0.3638
vn 0.9499 0.0182 0.3122
vn 0.8904 -0.2914 0.3497
vn 0.8862 -0.2937 0.3584
vn 0.9104 -0.2796 0.3050
vn 0.9544 -0.1362 0.2655
vn -0.9007 0.2490 0.3560
vn -0.9012 0.2519 0.3527
vn -0.8943 0.2152 0.3923
vn -0.8847 0.3991 0.2409
vn 0.1660 0.1532 -0.9742
vn 0.0155 -0.1159 -0.9931
vn 0.0027 0.0427 -0.9991
vn 0.7149 -0.4725 0.5154
vn 0.7400 -0.4625 0.4883
vn 0.6881 -0.4821 0.5423
vn 0.8931 -0.1857 0.4098
vn 0.9010 -0.2747 0.3359
vn 0.9008 -0.3071 0.3070
vn 0.9030 -0.2295 0.3632
vn 0.8886 -0.2392 0.3915
vn 0.9167 -0.2194 0.3340
vn 0.9405 -0.2365 -0.2439
vn 0.9232 -0.2544 -0.2882
vn 0.9113 -0.2650 -0.3151
vn 0.7533 -0.1619 -0.6375
vn 0.7735 -0.1796 -0.6078
vn 0.7465 -0.1561 -0.6468
vn -0.8371 0.3347 -0.4328
vn -0.7877 0.3629 -0.4978
vn -0.7072 0.3985 -0.5840
vn 0.9320 -0.3028 -0.1993
vn -0.9341 -0.0387 -0.3549
vn -0.8585 0.2666 -0.4381
vn 0.2204 0.1564 0.9628
vn 0.1481 0.1579 0.9763
vn 0.2536 0.1554 0.9547
vn -0.8898 0.1445 -0.4330
vn -0.8901 0.3142 -0.3302
vn 0.0948 -0.0630 0.9935
vn 0.0911 -0.0642 0.9938
vn 0.1000 -0.0612 0.9931
vn 0.3656 0.0013 0.9308
vn 0.0433 0.0475 0.9979
vn 0.4159 0.0837 0.9055
vn -0.1236 0.8705 -0.4764
vn -0.0713 0.9758 -0.2069
vn -0.0893 0.9762 -0.1977
vn 0.9486 -0.1814 -0.2595
vn 0.9453 -0.2486 -0.2110
vn 0.9325 -0.3287 -0.1495
vn 0.9747 0.1105 -0.1945
vn 0.8920 0.4517 0.0165
vn 0.9514 0.3073 0.0224
vn 0.8631 0.5048 0.0141
vn 0.5312 0.8428 0.0868
vn 0.5337 0.8456 0.0127
vn 0.5302 0.8414 0.1048
vn 0.0629 -0.0642 0.9960
vn 0.4219 0.8706 0.2530
vn 0.6797 0.7331 -0.0242
vn 0.6949 0.7177 -0.0453
vn 0.8358 -0.0149 -0.5488
vn 0.8306 0.0068 -0.5568
vn 0.8518 -0.0993 -0.5144
vn 0.7988 -0.2994 -0.5219
vn 0.7855 -0.3236 -0.5275
vn 0.8204 -0.2564 -0.5111
vn 0.6833 -0.2993 -0.6660
vn -0.8359 0.2692 0.4784
vn -0.8210 0.2932 0.4899
vn -0.7906 0.3382 0.5105
vn -0.8003 0.5256 0.2887
vn -0.8006 0.5252 0.2884
vn -0.7703 0.5547 0.3145
vn -0.5693 0.3943 0.7214
vn 0.8910 0.0737 0.4480
vn 0.8979 0.0871 0.4316
vn 0.9272 0.1589 0.3391
vn -0.6112 0.6677 0.4250
vn 0.8452 -0.2335 0.4808
vn 0.9736 0.0396 0.2246
vn 0.9701 0.0235 0.2417
vn 0.9581 -0.0185 0.2857
vn -0.9006 0.1918 -0.3901
vn -0.8862 0.2175 -0.4092
vn -0.9175 0.1584 -0.3648
vn 0.0239 -0.4123 -0.9107
vn 0.0790 -0.1885 -0.9789
vn 0.0791 -0.1901 -0.9786
vn 0.0796 -0.1975 -0.9771
vn -0.8388 0.3857 -0.3841
vn 0.2902 0.9544 -0.0701
vn 0.3933 0.9184 0.0430
vn 0.2487 0.9620 -0.1131
vn 0.4097 0.5459 0.7308
vn -0.0888 0.9150 -0.3935
vn -0.1019 0.9076 -0.4074
vn -0.1088 0.9035 -0.4146
vn 0.1117 0.9904 0.0821
vn 0.7102 0.5446 -0.4461
vn 0.7101 0.5447 -0.4461
vn 0.7100 0.5448 -0.4462
vn 0.1107 0.9668 -0.2305
vn 0.0103 0.9971 -0.0751
vn -0.0135 0.9995 -0.0296
vn 0.0222 0.9950 -0.0977
vn 0.8631 0.4982 0.0829
vn 0.6301 0.7749 -0.0497
vn -0.5533 0.7859 0.2760
vn -0.2962 0.9383 -0.1782
vn -0.2577 0.9419 -0.2153
vn -0.3200 0.9347 -0.1546
vn 0.7688 0.2878 -0.5711
vn 0.8473 0.1387 -0.5127
vn 0.8844 0.0378 -0.4651
vn -0.5195 0.7456 -0.4174
vn -0.6542 0.5769 -0.4891
vn 0.9476 0.0449 -0.3162
vn 0.9525 0.0272 -0.3034
vn 0.9550 0.0174 -0.2962
vn -0.4819 0.8470 0.2245
vn -0.5287 0.7910 0.3078
vn -0.4594 0.8684 0.1868
vn -0.0091 0.3862 -0.9224
vn -0.1532 0.2263 -0.9619
vn 0.0732 0.4690 -0.8802
vn -0.4674 0.8704 -0.1549
vn 0.8620 0.5068 0.0012
vn 0.8600 0.4287 0.2767
vn -0.8396 0.1303 -0.5273
vn -0.8472 0.1374 -0.5131
vn 0.2562 0.4176 -0.8717
vn 0.1173 0.7095 -0.6948
vn 0.2425 0.6166 -0.7489
vn 0.3152 0.9012 0.2975
vn 0.8118 -0.4300 -0.3952
vn -0.1800 -0.4534 -0.8729
vn -0.9011 0.2772 -0.3335
vn -0.9085 0.2715 -0.3177
vn -0.9187 0.2632 -0.2944
vn -0.9212 0.3393 0.1903
vn -0.9102 0.3627 0.2001
vn -0.9616 0.2331 0.1450
vn -0.9480 0.1027 -0.3014
vn 0.4347 0.2611 0.8619
vn 0.4702 0.2908 0.8333
vn 0.5181 0.3315 0.7885
vn 0.3609 0.0352 0.9319
vn 0.8544 -0.2930 0.4290
vn 0.9489 -0.0530 0.3109
vn 0.9489 -0.0894 0.3027
vn -0.2456 -0.8307 0.4996
vn -0.2753 -0.9057 0.3224
vn -0.7693 -0.6384 -0.0244
vn -0.2827 -0.9311 0.2304
vn -0.3073 -0.8818 -0.3577
vn -0.0407 -0.9793 0.1983
vn -0.1858 -0.9479 0.2588
vn -0.1516 -0.9473 0.2820
vn 0.9064 -0.3001 0.2973
vn -0.1474 0.3445 0.9271
vn 0.3163 -0.1094 0.9423
vn 0.2192 0.1743 0.9600
vn 0.8194 -0.5034 0.2741
vn -0.1617 0.0307 -0.9864
vn -0.2596 0.2594 -0.9302
vn -0.8631 0.3079 0.4002
vn -0.7741 0.4517 0.4436
vn -0.1335 -0.1358 -0.9817
vn 0.1107 0.2825 0.9528
vn -0.0759 0.7407 -0.6675
vn 0.2955 0.9538 -0.0542
vn 0.0179 -0.9144 -0.4044
vn -0.5016 -0.8001 0.3290
vn -0.2011 0.5467 0.8128
vn -0.5181 -0.4836 0.7055
vn 0.5090 0.2063 -0.8357
vn 0.5721 0.3029 -0.7622
vn 0.1124 -0.9935 0.0198
vn -0.0870 -0.9957 -0.0330
vn 0.4084 0.9090 -0.0835
vn 0.2822 0.9525 0.1142
vn 0.3384 0.9370 -0.0866
vn 0.1225 0.9171 -0.3795
vn -0.6598 0.6223 -0.4212
vn -0.7511 0.3633 -0.5512
vn -0.9265 0.2817 -0.2494
vn 0.6647 -0.3133 0.6783
vn 0.8997 -0.4364 -0.0096
vn -0.3265 -0.8372 -0.4387
vn -0.6634 0.0253 0.7478
vn -0.7510 -0.3884 0.5339
vn 0.4017 -0.6649 -0.6297
vn 0.2541 0.4792 -0.8401
vn -0.9926 0.1217 -0.0051
vn 0.0644 -0.9808 0.1843
vn -0.4798 -0.8761 0.0469
vn -0.2920 -0.9354 -0.1993
vn -0.3420 0.0452 0.9386
vn -0.3507 -0.2098 0.9127
vn -0.4249 0.4126 0.8057
vn -0.6747 -0.4413 0.5917
vn 0.7356 -0.6728 -0.0788
vn 0.5094 0.1663 -0.8443
vn 0.5023 -0.1647 -0.8489
vn -0.3481 -0.9177 -0.1915
vn 0.9376 -0.1829 0.2956
vn 0.0155 0.2449 0.9694
vn -0.9304 0.3415 0.1329
vn -0.8280 0.0557 -0.5580
vn -0.8968 0.2325 -0.3764
vn -0.8999 0.1562 -0.4072
vn 0.8363 -0.4442 -0.3214
vn -0.9380 0.2087 -0.2769
vn 0.1905 0.3926 0.8998
vn 0.2221 0.1885 0.9566
vn -0.0119 -0.1524 -0.9882
vn -0.3548 0.0117 -0.9349
vn 0.8080 -0.3809 0.4495
vn 0.8060 -0.2011 0.5567
vn 0.8715 -0.3010 0.3872
vn -0.9060 0.2963 0.3024
vn 0.7581 -0.4546 0.4676
vn 0.8861 -0.1473 0.4394
vn 0.8800 -0.2446 0.4073
vn 0.9464 -0.2296 -0.2272
vn 0.7808 -0.1862 -0.5964
vn -0.8618 0.3180 -0.3953
vn 0.1073 0.1584 0.9815
vn 0.0875 -0.0655 0.9940
vn 0.9461 -0.1221 -0.3001
vn 0.9735 0.2271 0.0253
vn 0.5338 0.8455 -0.0161
vn 0.4008 0.8751 0.2713
vn 0.8084 0.0831 -0.5827
vn 0.7492 -0.3840 -0.5398
vn -0.8735 0.2003 0.4438
vn -0.8517 0.4668 0.2381
vn 0.8579 0.0179 0.5134
vn 0.9814 0.0908 0.1690
vn -0.8665 0.2493 -0.4324
vn 0.0782 -0.1743 -0.9816
vn 0.4360 0.8951 0.0930
vn -0.0845 0.9174 -0.3889
vn 0.7104 0.5445 -0.4460
vn -0.0238 0.9997 -0.0099
vn -0.2456 0.9425 -0.2266
vn 0.6942 0.3933 -0.6028
vn 0.9433 0.0593 -0.3265
vn -0.5452 0.7665 0.3394
vn -0.2337 0.1283 -0.9638
vn -0.8335 0.1328 -0.5363
vn -0.8848 0.2885 -0.3660
vn -0.8435 0.4766 0.2477
vn 0.3825 0.2178 0.8979
vn -0.6459 -0.7430 -0.1756
vn -0.3099 -0.8956 0.3193
vn -0.5252 -0.7885 0.3200
vn -0.0505 -0.9598 0.2762
s 1
usemtl Material.093
f 3154//7419 2931//7419 3054//7419
f 2999//7420 2934//7420 3151//7420
f 3002//7421 2991//7421 3150//7421
f 3006//7422 3015//7422 3013//7422
f 2998//7423 3008//7423 3006//7423
f 3119//7424 2936//7424 3003//7424
f 3148//7425 3005//7425 2994//7425
f 3016//7426 3012//7426 3147//7426
f 3017//7427 3010//7427 3003//7427
f 3145//7428 2939//7428 3011//7428
f 3023//7429 2974//7429 3144//7429
f 2954//7430 3033//7430 3134//7430
f 3129//7431 2977//7431 3034//7431
f 3018//7432 2941//7432 3035//7432
f 2960//7433 3052//7433 2999//7433
f 3046//7434 2961//7434 2992//7434
f 3039//7435 3053//7435 3002//7435
f 3059//7436 2964//7436 2929//7436
f 3062//7437 2970//7437 3057//7437
f 3122//7438 2969//7438 2993//7438
f 3063//7439 2968//7439 3122//7439
f 3153//7440 3055//7440 3120//7440
f 3115//7441 3026//7441 3117//7441
f 3087//7442 3081//7442 3111//7442
f 3111//7443 2984//7443 3109//7443
f 3108//7444 3090//7444 2986//7444
f 2987//7445 3106//7445 3107//7445
f 3105//7446 3091//7446 3089//7446
f 2980//7447 3100//7447 3103//7447
f 2979//7448 3098//7448 3110//7448
f 2984//7449 3081//7450 3094//7451
f 3080//7452 3091//7452 3105//7452
f 3100//7453 3106//7453 2987//7453
f 3096//7454 2988//7454 3087//7454
f 3108//7455 2986//7455 3093//7455
f 3109//7456 2984//7456 3080//7456
f 2973//7457 2956//7457 3083//7457
f 2943//7458 3085//7458 3069//7458
f 3111//7459 3081//7459 2984//7459
f 2945//7460 3111//7460 2947//7460
f 3067//7461 3086//7461 3084//7461
f 2955//7462 3071//7462 3068//7462
f 3115//7463 3027//7463 3026//7463
f 2944//7464 3117//7464 3076//7464
f 3068//7465 3072//7465 3064//7465
f 3066//7466 3076//7466 3075//7466
f 3118//7467 2965//7467 2966//7467
f 3119//7468 2966//7468 2930//7468
f 2965//7469 3120//7469 2966//7469
f 2965//7470 3153//7470 3120//7470
f 3122//7471 2968//7471 2969//7471
f 3055//7472 3063//7472 3122//7472
f 2932//7473 2993//7473 2994//7473
f 3057//7474 3058//7474 3060//7474
f 2971//7475 3057//7475 3060//7475
f 2997//7476 3060//7476 2998//7476
f 2971//7477 3060//7477 2997//7477
f 2934//7478 3150//7478 3058//7478
f 3059//7479 2929//7479 3001//7479
f 3053//7480 3040//7480 3042//7480
f 3039//7481 3040//7481 3053//7481
f 3002//7482 3053//7482 2991//7482
f 3045//7483 3123//7483 3044//7483
f 3127//7484 3124//7484 2996//7484
f 2999//7485 3039//7485 2934//7485
f 3126//7486 2961//7487 3046//7486
f 2931//7488 3126//7486 3046//7486
f 2959//7489 3049//7489 3043//7489
f 3127//7490 3049//7490 2959//7490
f 3021//7491 3127//7491 2995//7491
f 3037//7492 2949//7492 2950//7492
f 3142//7493 2942//7493 3128//7493
f 3129//7494 2952//7494 2977//7494
f 3130//7495 3129//7495 2954//7495
f 3130//7496 2951//7497 3129//7498
f 3018//7499 3035//7499 3020//7499
f 3029//7500 3132//7500 2975//7500
f 3152//7501 2950//7501 3133//7501
f 2954//7502 3129//7502 3033//7502
f 3027//7503 3137//7503 3026//7503
f 3022//7504 2946//7504 3138//7504
f 3032//7505 3024//7505 2952//7505
f 3139//7506 2980//7506 3085//7506
f 3040//7507 3142//7507 2950//7507
f 3044//7508 3142//7508 3125//7508
f 3143//7509 3020//7509 3028//7509
f 2962//7510 3143//7510 2963//7510
f 2962//7511 3020//7511 3143//7511
f 3038//7512 3144//7512 2949//7512
f 3148//7513 3146//7513 3016//7513
f 2935//7514 2938//7514 3149//7514
f 2935//7515 3003//7515 2938//7515
f 2994//7516 3007//7516 2932//7516
f 2929//7517 3119//7517 2935//7517
f 2998//7518 3009//7518 2997//7518
f 2937//7519 3006//7519 2940//7519
f 2930//7520 3007//7520 2936//7520
f 2932//7521 3007//7521 2930//7521
f 3150//7522 2991//7522 2964//7522
f 3152//7523 2941//7523 3041//7523
f 3040//7524 3152//7524 3041//7524
f 3055//7525 2995//7525 3063//7525
f 3021//7526 2995//7526 3055//7526
f 2995//7527 3127//7527 3056//7527
f 3040//7528 2950//7528 3152//7528
f 3148//7529 3009//7529 2937//7529
f 2938//7530 2939//7531 2940//7532
f 3018//7533 3041//7534 2941//7535
f 3142//7536 3044//7536 2942//7536
f 3050//7537 3143//7537 3028//7537
f 3144//7538 2974//7538 2946//7538
f 3153//7539 3021//7540 3055//7541
f 2957//7542 3135//7543 3035//7544
f 3032//7545 3030//7546 2978//7547
f 2975//7548 3131//7549 3029//7550
f 3128//7551 2948//7552 3037//7553
f 3028//7554 2951//7554 3130//7554
f 3129//7498 2951//7497 2952//7555
f 3038//7556 2948//7557 3034//7558
f 3049//7559 3021//7560 3048//7561
f 2963//7562 3049//7563 3048//7564
f 3058//7565 2970//7566 2934//7567
f 3042//7568 2958//7568 3051//7568
f 3045//7569 3044//7569 3125//7569
f 3124//7570 3127//7570 2959//7570
f 3060//7571 3058//7571 3000//7571
f 2967//7572 3121//7573 3120//7574
f 3061//7575 2971//7575 2997//7575
f 3119//7576 3118//7576 2966//7576
f 3118//7577 3154//7578 2965//7579
f 3068//7580 2975//7580 3025//7580
f 3036//7581 3078//7582 2978//7583
f 3077//7584 2977//7584 3114//7584
f 3113//7585 3070//7585 3034//7585
f 3112//7586 3109//7586 3080//7586
f 3088//7587 2985//7587 3082//7587
f 3092//7588 3091//7589 3094//7590
f 3092//7591 3087//7592 2988//7593
f 3103//7594 3100//7594 2987//7594
f 2982//7595 3102//7596 3101//7597
f 3102//7598 2985//7599 2989//7600
f 3103//7601 2985//7602 2980//7603
f 3103//7604 2987//7604 2989//7604
f 3098//7605 2983//7606 3110//7607
f 3095//7608 3098//7608 3090//7608
f 3094//7451 3081//7450 3092//7609
f 3099//7610 2982//7611 3104//7612
f 2982//7613 3101//7613 3104//7613
f 2988//7614 3105//7615 3089//7616
f 2981//7617 3105//7618 3096//7619
f 3100//7620 3139//7621 3106//7622
f 3099//7623 3139//7624 3084//7625
f 2986//7626 3098//7627 3097//7628
f 3098//7629 3079//7630 3097//7631
f 3087//7632 2981//7632 3096//7632
f 3099//7633 3107//7634 3106//7635
f 2988//7636 3089//7636 3092//7636
f 3101//7637 3107//7638 3104//7639
f 3107//7640 2989//7641 2987//7642
f 3108//7643 2990//7644 3095//7645
f 2945//7646 2981//7647 3087//7648
f 3095//7649 3090//7649 3108//7649
f 3066//7650 2947//7650 3109//7650
f 2947//7651 3111//7651 3109//7651
f 3082//7652 3086//7653 3088//7654
f 3070//7655 3088//7655 3086//7655
f 3070//7656 2953//7656 3088//7656
f 2980//7657 3088//7658 3085//7659
f 3088//7660 3069//7661 3085//7662
f 2955//7663 3110//7664 2983//7665
f 3110//7666 3064//7667 2979//7668
f 2945//7669 3087//7669 3111//7669
f 3084//7670 3086//7670 2982//7670
f 3067//7671 3070//7671 3086//7671
f 3112//7672 2944//7673 3066//7674
f 2981//7675 3112//7672 3080//7676
f 3066//7677 3109//7677 3112//7677
f 3094//7678 3080//7679 2984//7680
f 3036//7681 3068//7682 3071//7683
f 3034//7684 3077//7685 3113//7686
f 2956//7687 3078//7582 3071//7688
f 3113//7689 2953//7690 3070//7691
f 3074//7692 3069//7693 3114//7694
f 3069//7695 3077//7696 3114//7697
f 2945//7698 2947//7698 3115//7698
f 2974//7699 3117//7700 3026//7701
f 3117//7702 2945//7646 3115//7703
f 2947//7704 3066//7704 3075//7704
f 3072//7705 3025//7706 3022//7707
f 3034//7708 3073//7709 3023//7710
f 2974//7711 3075//7712 3076//7713
f 3070//7714 3067//7714 3073//7714
f 3066//7715 2944//7715 3076//7715
f 3118//7716 2929//7717 2964//7718
f 2964//7719 3154//7578 3118//7577
f 2932//7720 3121//7721 2993//7722
f 3120//7723 3055//7723 2967//7723
f 2969//7724 2994//7725 2993//7726
f 2930//7727 2966//7727 3121//7727
f 2966//7728 3120//7728 3121//7728
f 2967//7729 3055//7729 3122//7729
f 2971//7730 3062//7731 3057//7732
f 2993//7733 2967//7733 3122//7733
f 3061//7734 2968//7735 3062//7736
f 2997//7737 2969//7738 3061//7739
f 2958//7740 3040//7741 3041//7742
f 2998//7743 3060//7743 3000//7743
f 3059//7744 3150//7744 2964//7744
f 3058//7745 3150//7745 3059//7745
f 3000//7746 3059//7746 3001//7746
f 3000//7747 3058//7747 3059//7747
f 3045//7748 3124//7749 3123//7750
f 2934//7751 3039//7751 3002//7751
f 3123//7752 2959//7753 3043//7754
f 2960//7755 2996//7756 3124//7749
f 2963//7757 3047//7758 2962//7759
f 2961//7760 3021//7761 2992//7762
f 2961//7763 3047//7763 3048//7763
f 3040//7764 3052//7765 3125//7766
f 2992//7767 2931//7767 3046//7767
f 3045//7768 3052//7769 2960//7770
f 3047//7771 3051//7772 2962//7773
f 3039//7774 2999//7774 3052//7774
f 3151//7775 2960//7775 2999//7775
f 3047//7776 3126//7777 3042//7778
f 3126//7779 2991//7780 3053//7781
f 3126//7782 3053//7782 3042//7782
f 3130//7783 3019//7784 3028//7785
f 3043//7786 3049//7786 3050//7786
f 3037//7787 3038//7787 2949//7787
f 3128//7788 3037//7788 2950//7788
f 2950//7789 3142//7789 3128//7789
f 2978//7790 3131//7791 3036//7792
f 3131//7793 2957//7794 3035//7795
f 3131//7796 2941//7797 3029//7798
f 2941//7799 3132//7800 3029//7801
f 3132//7802 2950//7803 2949//7804
f 3033//7805 2942//7806 3134//7807
f 3152//7808 3133//7808 2941//7808
f 2948//7809 3129//7809 3034//7809
f 3033//7810 3129//7810 2948//7810
f 2952//7811 3031//7812 3032//7813
f 2942//7814 3019//7814 3134//7814
f 3019//7815 2954//7815 3134//7815
f 2951//7816 3135//7817 3031//7818
f 2957//7819 3030//7819 3031//7819
f 3020//7820 3135//7820 3028//7820
f 3020//7821 3035//7821 3135//7821
f 3083//7822 3079//7822 2979//7822
f 3064//7823 3083//7823 2979//7823
f 3064//7824 2973//7824 3083//7824
f 3136//7825 2974//7826 3026//7827
f 3136//7828 3026//7828 3137//7828
f 3138//7829 2972//7830 3022//7831
f 3085//7832 3065//7833 3139//7834
f 2978//7835 2972//7835 3032//7835
f 3084//7836 3065//7837 3067//7838
f 3022//7839 3144//7840 2946//7841
f 3144//7842 2975//7843 3132//7844
f 3132//7845 2949//7845 3144//7845
f 3114//7846 2952//7847 3140//7848
f 3019//7849 3050//7850 3028//7851
f 2952//7852 3024//7852 3140//7852
f 3020//7853 3051//7854 3141//7855
f 2963//7856 3143//7856 3050//7856
f 3141//7857 3018//7857 3020//7857
f 3141//7858 2958//7859 3041//7860
f 3019//7861 3044//7862 3043//7863
f 3125//7864 3142//7864 3040//7864
f 3144//7865 3034//7866 3023//7867
f 3123//7868 3043//7868 3044//7868
f 3145//7869 2936//7870 3004//7871
f 3145//7872 3011//7872 3017//7872
f 3146//7873 2937//7874 2940//7875
f 3004//7876 2939//7876 3145//7876
f 3015//7877 3149//7878 2938//7879
f 3015//7880 2938//7880 3014//7880
f 3147//7881 3004//7882 3005//7883
f 2938//7884 3003//7884 3010//7884
f 2936//7885 3017//7885 3003//7885
f 2939//7886 3147//7886 3012//7886
f 3016//7887 3005//7888 3148//7889
f 3008//7890 3001//7891 3149//7892
f 2933//7893 2997//7893 3148//7893
f 2997//7894 3009//7894 3148//7894
f 3149//7895 2929//7896 2935//7897
f 3005//7898 3007//7899 2994//7900
f 3006//7901 3009//7902 2998//7903
f 2933//7904 3148//7904 2994//7904
f 2935//7905 3119//7905 3003//7905
f 2930//7906 2936//7906 3119//7906
f 2970//7907 2996//7756 3151//7908
f 3000//7909 3008//7909 2998//7909
f 3006//7910 3013//7910 2940//7910
f 3008//7911 3015//7911 3006//7911
f 2936//7912 3007//7912 3004//7912
f 2934//7913 3002//7913 3150//7913
f 2970//7914 3151//7914 2934//7914
f 3062//7915 3056//7916 2996//7917
f 3056//7918 3063//7919 2995//7920
f 3056//7921 3127//7921 2996//7921
f 2992//7922 3054//7923 2931//7924
f 2965//7925 3054//7925 3153//7925
f 3154//7926 3054//7926 2965//7926
f 2964//7927 2991//7927 3154//7927
f 2991//7928 2931//7928 3154//7928
f 2940//7532 3013//7929 3015//7930
f 2938//7530 3010//7931 3017//7932
f 3017//7932 3011//7933 2939//7531
f 2939//7531 3012//7934 3016//7935
f 3016//7935 3146//7936 2940//7532
f 2940//7532 3015//7930 2938//7530
f 2938//7530 3017//7932 2939//7531
f 2939//7531 3016//7935 2940//7532
f 3018//7533 3141//7937 3041//7534
f 3153//7539 2992//7938 3021//7540
f 2957//7542 3031//7939 3135//7543
f 3032//7545 3031//7940 3030//7546
f 2975//7548 3036//7941 3131//7549
f 3128//7551 2942//7942 2948//7552
f 3038//7556 3037//7943 2948//7557
f 3049//7559 3127//7944 3021//7560
f 2963//7562 3050//7945 3049//7563
f 3058//7565 3057//7946 2970//7566
f 2967//7572 2993//7947 3121//7573
f 3036//7581 3071//7688 3078//7582
f 3092//7588 3089//7948 3091//7589
f 3092//7591 3081//7949 3087//7592
f 2982//7595 3082//7950 3102//7596
f 3102//7598 3082//7951 2985//7599
f 3093//7952 2986//7952 3097//7952
f 3103//7601 2989//7953 2985//7602
f 3098//7605 3095//7954 2983//7606
f 3099//7610 3084//7955 2982//7611
f 2988//7614 3096//7956 3105//7615
f 2981//7617 3080//7957 3105//7618
f 3100//7620 2980//7958 3139//7621
f 3099//7623 3106//7959 3139//7624
f 2986//7626 3090//7960 3098//7627
f 3098//7629 2979//7961 3079//7630
f 3099//7633 3104//7962 3107//7634
f 3101//7637 3102//7963 3107//7638
f 3107//7640 3102//7964 2989//7641
f 3108//7643 3093//7965 2990//7644
f 2945//7646 2944//7966 2981//7647
f 3082//7652 2982//7967 3086//7653
f 2980//7657 2985//7968 3088//7658
f 3088//7660 2953//7969 3069//7661
f 2955//7663 3068//7970 3110//7664
f 3110//7666 3068//7971 3064//7667
f 3112//7672 2981//7675 2944//7673
f 3094//7678 3091//7972 3080//7679
f 3036//7681 2975//7973 3068//7682
f 3034//7684 2977//7974 3077//7685
f 3113//7689 3077//7975 2953//7690
f 2972//7976 2978//7976 3078//7976
f 3078//7977 2956//7977 2973//7977
f 3074//7692 2943//7978 3069//7693
f 3069//7695 2953//7979 3077//7696
f 2974//7699 3076//7980 3117//7700
f 3117//7702 2944//7966 2945//7646
f 3072//7705 3068//7981 3025//7706
f 3034//7708 3070//7982 3073//7709
f 2974//7711 3023//7983 3075//7712
f 3118//7716 3119//7984 2929//7717
f 2932//7720 2930//7985 3121//7721
f 2969//7724 2933//7986 2994//7725
f 2971//7730 3061//7987 3062//7731
f 3061//7734 2969//7988 2968//7735
f 2997//7737 2933//7989 2969//7738
f 2958//7740 3042//7990 3040//7741
f 3045//7748 2960//7755 3124//7749
f 3123//7752 3124//7991 2959//7753
f 2960//7755 3151//7908 2996//7756
f 2963//7757 3048//7992 3047//7758
f 2961//7760 3048//7993 3021//7761
f 3040//7764 3039//7994 3052//7765
f 3045//7768 3125//7995 3052//7769
f 3047//7771 3042//7996 3051//7772
f 3047//7776 2961//7997 3126//7777
f 3126//7779 2931//7998 2991//7780
f 3130//7783 2954//7999 3019//7784
f 2978//7790 3030//8000 3131//7791
f 3131//7793 3030//8001 2957//7794
f 3131//7796 3035//8002 2941//7797
f 2941//7799 3133//8003 3132//7800
f 3132//7802 3133//8004 2950//7803
f 3033//7805 2948//8005 2942//7806
f 2952//7811 2951//8006 3031//7812
f 2951//7816 3028//8007 3135//7817
f 3136//7825 2946//8008 2974//7826
f 3138//7829 3116//8009 2972//7830
f 3085//7832 2943//8010 3065//7833
f 3084//7836 3139//8011 3065//7837
f 3022//7839 3025//8012 3144//7840
f 3144//7842 3025//8013 2975//7843
f 3114//7846 2977//8014 2952//7847
f 3019//7849 3043//8015 3050//7850
f 3020//7853 2962//8016 3051//7854
f 3141//7858 3051//8017 2958//7859
f 3019//7861 2942//8018 3044//7862
f 3144//7865 3038//8019 3034//7866
f 3145//7869 3017//8020 2936//7870
f 3146//7873 3148//8021 2937//7874
f 3015//7877 3008//8022 3149//7878
f 3147//7881 2939//8023 3004//7882
f 3016//7887 3147//8024 3005//7888
f 3008//7890 3000//8025 3001//7891
f 3149//7895 3001//8026 2929//7896
f 3005//7898 3004//8027 3007//7899
f 3006//7901 2937//8028 3009//7902
f 2970//7907 3062//8029 2996//7756
f 3062//7915 2968//8030 3056//7916
f 3056//7918 2968//8031 3063//7919
f 2992//7922 3153//8032 3054//7923
usemtl Material.094
f 3170//8033 3167//8033 3168//8033
f 3157//8034 3155//8034 3158//8034
f 3169//8035 3167//8035 3170//8035
f 3156//8036 3158//8036 3155//8036
l 3165 3166
l 3160 3171
l 3161 3163
l 3171 3172
l 2976 3116
l 3159 3162
l 3168 3172
o Cylinder.026
v 25.036428 11.057534 18.763308
v 25.089415 10.948458 19.172121
v 24.731382 11.561100 19.230589
v 24.891171 10.801082 19.259308
v 24.667345 10.698753 19.015141
v 24.536983 11.426173 18.607822
v 25.132359 11.003800 18.753693
v 25.158302 10.908457 19.202091
v 24.618071 10.660449 18.570814
v 25.232595 11.015041 18.629599
v 24.991552 10.642117 19.490133
v 24.570557 10.612247 18.485710
v 24.223759 12.390544 19.080011
v 23.901600 12.050722 18.954214
v 22.735474 12.461385 19.480358
v 22.853485 13.446418 18.222404
v 22.872375 13.476261 18.282425
v 23.838428 13.090348 19.418789
v 22.804914 13.390760 18.414324
v 23.730001 12.468636 19.132147
v 23.836939 12.639543 19.073826
v 24.029806 12.325925 18.890507
v 24.101028 12.227701 19.584919
v 23.913191 12.551166 19.686539
v 22.748102 12.333811 19.379377
v 23.889057 12.093797 19.337139
v 24.714289 13.482145 19.499744
v 24.831829 13.501387 19.669970
v 24.246105 12.378002 19.444721
v 24.449123 12.013649 18.947968
v 24.209917 11.508771 19.181158
v 24.198078 11.544069 18.806974
v 24.599375 11.744932 19.281719
v 24.521069 11.892529 19.296314
v 24.301180 11.764025 19.433664
v 24.836365 11.418799 18.855354
v 24.885853 11.260365 19.196625
v 24.995382 11.121634 19.163471
v 24.768513 10.997421 19.315063
v 24.466330 11.049429 19.079727
v 24.587286 10.826574 19.038397
v 24.425642 11.155664 18.731104
v 24.536388 10.992780 18.710674
v 23.960867 13.024898 19.720873
v 24.735388 13.534122 19.749407
v 23.612186 13.048436 19.169888
v 24.031281 12.848482 19.284344
v 23.864603 13.121609 19.802217
v 23.650946 12.546358 19.531315
v 24.089825 12.765379 19.566071
v 24.981256 13.916682 19.627285
v 22.246021 12.403152 19.455856
v 22.494930 13.662097 17.809999
v 22.201618 12.386255 19.197954
v 25.019728 13.852771 19.553581
v 22.337252 13.626809 17.841429
v 22.251804 12.305586 19.380547
v 25.202375 14.007744 19.825903
v 22.017303 12.295511 19.435089
v 22.291706 13.736913 17.525488
v 22.064058 12.203904 19.349810
v 25.253216 13.923269 19.773523
v 24.701313 11.579391 18.858952
v 24.637167 11.472894 19.366144
v 24.810509 10.894013 19.307961
v 24.761614 10.742165 19.183523
v 24.430607 11.312490 19.280651
v 24.313408 11.298217 18.914530
v 24.619226 10.797310 18.659517
v 24.713709 10.872107 18.559572
v 24.335350 11.558537 18.692974
v 24.823820 10.944643 18.524607
v 24.938850 11.008173 18.606760
v 24.543381 11.641296 18.732107
v 25.270508 10.961011 19.008818
v 24.972437 10.730354 19.362698
v 24.765949 10.629892 19.212881
v 24.752012 10.798792 18.433151
v 24.890886 10.760609 19.302944
v 24.866499 10.908806 18.443657
v 24.617537 10.751028 18.578804
v 25.317635 10.952534 18.969341
v 25.169214 10.739694 19.421509
v 24.812214 10.537846 19.343636
v 24.727514 10.725591 18.308966
v 25.097704 10.980447 18.415600
v 24.916870 10.873085 18.286442
v 24.636253 10.495097 19.078434
v 25.277250 10.910025 19.259256
v 24.302834 12.282220 19.192402
v 23.963293 11.916437 19.244175
v 24.415298 12.022800 19.324699
v 24.484585 11.480710 19.400547
v 23.922422 13.051588 19.415417
v 23.449766 12.914061 19.301556
v 23.865965 12.704939 19.727741
v 23.987331 12.965850 19.324001
v 23.564955 13.174126 19.237743
v 23.491781 13.137392 19.333857
v 24.194920 11.984116 19.464277
v 24.082457 12.642171 19.196556
v 24.138546 12.545346 19.527706
v 24.164919 12.314091 19.544724
v 24.030058 12.630175 19.587877
v 23.834465 12.241305 19.229389
v 23.574732 12.623412 19.221937
v 24.316196 12.216028 19.361294
v 24.086773 12.808096 19.457119
v 23.806707 12.507093 19.029072
v 23.740377 12.674187 19.157522
v 24.391476 11.642793 18.637775
v 24.221514 11.993641 18.746695
v 24.348141 12.123614 18.947241
v 24.530516 11.876900 18.934767
v 24.062729 11.763701 19.250046
v 23.992655 11.865564 18.909342
v 24.106855 11.698828 18.859556
v 24.669014 11.638922 19.284851
v 24.554670 11.835154 19.307585
v 24.401077 11.610022 19.434406
v 24.296062 11.555613 19.329735
v 24.158918 11.760649 19.344919
v 24.500423 11.985556 19.120209
v 24.248762 11.659487 18.712587
v 24.593136 11.790401 18.906063
v 24.794310 11.469500 19.244371
v 24.662685 11.143171 19.347881
v 24.385147 11.218156 19.099451
v 24.464083 11.080605 18.709333
v 24.686430 11.190038 18.563656
v 24.856640 11.145675 18.610653
v 24.635626 10.999629 18.605211
v 24.524361 10.931291 18.895048
v 24.451895 11.050287 18.892698
v 24.551769 11.137877 19.215826
v 24.646704 13.550926 19.542112
v 22.685442 12.492055 19.347857
v 22.782656 13.335017 18.302389
v 22.699638 12.504819 19.271908
v 24.456123 13.275988 19.424450
v 22.741253 12.372604 19.462896
v 22.725607 12.432426 19.199476
v 24.742203 13.455137 19.550156
v 24.325935 13.306873 19.496609
v 23.147160 12.743653 19.310135
v 23.151531 12.566003 19.524246
v 23.123375 13.164095 18.791325
v 23.165565 13.273654 18.633915
v 23.214867 12.456123 19.432680
v 24.422926 13.102754 19.605194
v 24.979416 13.897034 19.728056
v 22.431410 13.565979 17.873329
v 22.365349 13.687206 17.809658
v 22.281031 12.318569 19.271540
v 24.831871 13.653814 19.756596
v 22.340366 12.492492 19.269697
v 22.459375 12.405781 19.479595
v 22.423342 12.409559 19.193302
v 22.362553 13.737452 17.694584
v 22.454744 12.312154 19.385406
v 22.237778 13.714579 17.530821
v 25.171108 14.053500 19.667620
v 22.197653 13.661899 17.578695
v 22.234749 13.724244 17.581232
v 25.232410 13.957502 19.828693
v 22.222383 13.663287 17.635740
v 25.215828 13.986261 19.599714
v 22.347338 13.731985 17.601173
v 25.131514 13.964143 19.828697
v 25.098169 14.017071 19.674253
v 22.002060 12.376382 19.269426
v 22.130817 12.355992 19.466238
v 22.018551 12.276186 19.170294
v 22.028091 12.223711 19.226652
v 22.154793 12.285658 19.422194
v 21.994860 12.316939 19.196098
v 22.309496 13.661079 17.626028
v 22.031115 12.325903 19.366037
v 22.009130 12.276178 19.283987
v 25.247965 14.004211 19.723206
v 22.563412 13.479790 18.086554
v 24.960730 13.869967 19.570208
v 22.635426 13.533017 18.135410
v 22.622952 13.514450 18.027487
v 23.169310 12.501028 19.350437
v 23.614758 12.634356 19.589508
v 23.227926 13.291521 18.832293
v 23.905207 13.058305 19.759157
v 23.246275 13.269939 18.740496
v 24.899420 11.288050 18.942625
v 25.094002 11.002011 18.962595
v 24.849222 11.092497 19.276646
v 24.927181 10.990325 19.241644
v 24.601778 10.982800 19.200163
v 24.066101 11.703785 19.060160
v 24.200323 11.483281 18.986870
v 24.166008 11.782627 18.781120
v 24.624241 11.772661 19.063517
v 24.269447 11.371680 19.172054
v 23.958412 12.220026 18.916645
v 23.760580 12.394323 19.490070
v 24.005049 12.097197 19.441633
v 24.119078 12.600302 19.347918
v 23.973213 12.653690 19.115034
v 24.139570 12.347267 18.941040
v 23.879154 12.065077 19.145361
v 24.250345 12.156364 19.447910
v 23.697689 13.182561 19.415257
v 23.545313 13.247563 19.394743
v 23.859148 13.058004 19.553509
v 22.234226 12.447409 19.309513
v 23.701130 12.785445 19.723110
v 24.412573 12.056995 19.139879
v 24.054569 11.974760 18.790356
v 24.304522 11.855193 19.448601
v 23.758478 12.873719 19.173239
v 25.120081 10.803427 19.397842
v 24.565212 10.529756 18.755426
v 24.785780 10.578884 19.320370
v 24.656517 10.567106 19.056742
v 24.995480 10.963260 18.571138
v 24.707403 11.421399 18.723581
v 24.354404 11.284796 18.715965
v 24.268610 12.116192 18.853521
v 24.720058 11.363747 19.342564
v 24.787804 11.478168 19.001482
v 23.473459 12.190103 20.600628
v 23.544811 12.326080 20.428745
v 23.416477 12.089331 21.061043
v 23.595192 12.234638 20.810490
v 23.571367 13.478764 19.228092
v 24.050106 12.847500 19.928465
v 24.069834 13.044072 19.808947
v 23.894716 13.415489 19.302597
v 24.050602 13.187593 19.874538
v 23.327457 12.445288 19.938509
v 23.699482 12.492279 19.874054
v 23.636242 12.475800 19.846333
v 24.543318 12.746618 20.785400
v 24.573399 12.873434 20.459591
v 24.856802 12.851244 21.110527
v 24.694815 12.801204 20.629189
v 24.175735 12.742111 20.280714
v 24.344797 12.821645 20.299711
vn 0.8244 0.5660 -0.0019
vn -0.4449 -0.1057 -0.8893
vn 0.6516 0.5079 -0.5634
vn -0.6067 0.7314 -0.3114
vn -0.5588 0.6327 -0.5362
vn 0.1307 0.9349 0.3301
vn -0.8341 0.1092 0.5407
vn -0.8020 -0.1969 0.5639
vn 0.3188 0.9304 0.1808
vn 0.1151 0.4226 0.8990
vn -0.3982 -0.3497 -0.8480
vn -0.9539 -0.2858 0.0920
vn -0.8036 -0.5931 0.0502
vn 0.6574 0.7178 0.2293
vn -0.5761 -0.3507 -0.7383
vn 0.4513 0.3211 0.8326
vn 0.4146 0.6289 -0.6577
vn 0.6879 0.5120 -0.5145
vn -0.8973 -0.4220 -0.1294
vn -0.5551 -0.5729 0.6030
vn -0.7118 -0.2940 0.6379
vn 0.3403 -0.0659 0.9380
vn 0.4503 0.8850 -0.1181
vn 0.0418 0.9160 0.3990
vn -0.6513 0.2126 0.7284
vn 0.4440 0.8804 0.1668
vn -0.9128 0.4083 -0.0029
vn 0.2535 -0.7492 -0.6119
vn 0.2602 -0.4472 0.8558
vn -0.4697 0.7584 -0.4518
vn -0.6741 0.5643 0.4766
vn -0.6744 0.5637 0.4769
vn -0.6742 0.5641 0.4767
vn 0.1742 -0.8873 -0.4271
vn -0.5086 0.8209 0.2596
vn 0.2103 0.9734 -0.0912
vn 0.7995 0.4967 0.3378
vn -0.5416 -0.8407 -0.0045
vn 0.4808 -0.4333 0.7623
vn 0.0357 -0.1906 0.9810
vn -0.4771 0.5727 0.6666
vn -0.1060 0.8583 0.5022
vn -0.0183 0.6674 -0.7444
vn 0.5955 -0.5229 -0.6099
vn -0.0550 0.9459 0.3196
vn 0.7973 0.0023 -0.6036
vn -0.3038 0.5450 -0.7814
vn 0.2943 -0.8196 -0.4916
vn 0.7927 0.6001 0.1077
vn 0.8670 0.4778 0.1411
vn 0.5601 0.2537 0.7886
vn 0.7090 0.1714 0.6841
vn -0.7030 -0.4791 0.5256
vn -0.7254 -0.2967 0.6212
vn -0.1961 -0.5830 0.7885
vn -0.5329 -0.0422 -0.8451
vn -0.6093 -0.5109 -0.6065
vn -0.6634 -0.1434 -0.7344
vn -0.7185 -0.1254 -0.6842
vn 0.5082 0.4581 -0.7293
vn 0.6973 0.4331 -0.5712
vn 0.5691 0.5989 -0.5633
vn 0.5541 0.4796 -0.6804
vn 0.6575 0.4688 -0.5899
vn -0.8360 -0.5258 -0.1569
vn -0.8527 -0.5224 0.0035
vn -0.4978 -0.2183 -0.8394
vn 0.8223 0.5451 0.1630
vn 0.8224 0.5451 0.1630
vn 0.8223 0.5452 0.1631
vn -0.6541 -0.5248 0.5447
vn -0.7519 -0.3630 0.5504
vn -0.6076 -0.3224 0.7259
vn -0.2617 0.3620 -0.8947
vn -0.7091 0.0826 -0.7003
vn -0.4305 -0.5121 0.7432
vn -0.5485 -0.5534 0.6268
vn -0.4483 -0.4907 0.7472
vn -0.4492 -0.4942 0.7443
vn -0.4484 -0.4913 0.7467
vn 0.8929 0.4387 0.1013
vn 0.5670 0.4376 -0.6979
vn 0.2896 0.4762 -0.8303
vn -0.9264 -0.3742 -0.0429
vn -0.7482 0.5601 -0.3556
vn 0.4192 0.8953 0.1505
vn 0.6472 -0.0055 0.7623
vn -0.0443 0.9552 0.2925
vn -0.2712 0.2462 -0.9305
vn -0.6595 -0.3506 -0.6649
vn 0.4721 0.3006 0.8287
vn 0.5860 -0.1519 0.7960
vn 0.5274 0.2514 0.8116
vn -0.6260 0.1175 -0.7709
vn -0.9144 0.3285 0.2364
vn -0.1963 0.9780 -0.0700
vn 0.0566 0.9892 0.1353
vn -0.5900 0.5939 0.5470
vn 0.4938 0.8640 0.0981
vn -0.7685 0.5618 -0.3061
vn -0.7162 0.6979 0.0046
vn -0.0155 0.5824 0.8128
vn -0.2397 0.7126 0.6594
vn 0.6121 0.5280 -0.5887
vn 0.6081 0.5622 -0.5605
vn 0.7220 0.2757 -0.6346
vn -0.5957 -0.6081 0.5247
vn -0.5058 -0.3872 0.7709
vn -0.5710 -0.6607 0.4872
vn 0.3509 0.5350 -0.7685
vn -0.9970 -0.0126 0.0765
vn 0.4962 -0.8485 -0.1838
vn 0.5453 -0.7976 -0.2579
vn 0.5648 -0.8064 -0.1750
vn 0.8696 0.4721 -0.1447
vn 0.8743 0.4649 -0.1392
vn 0.8659 0.4776 -0.1489
vn -0.7622 -0.2280 -0.6059
vn -0.3465 -0.3979 0.8495
vn 0.6016 0.4916 -0.6296
vn 0.2215 -0.0371 0.9744
vn 0.2209 -0.0384 0.9745
vn 0.2228 -0.0345 0.9743
vn 0.7759 0.0239 0.6304
vn 0.7799 0.0239 0.6255
vn 0.7878 0.0239 0.6154
vn 0.4829 -0.0036 0.8757
vn 0.5282 0.0756 0.8458
vn 0.4507 -0.0555 0.8909
vn 0.9378 0.2787 -0.2070
vn 0.9409 0.2867 -0.1802
vn 0.9438 0.2964 -0.1464
vn -0.6770 0.0158 -0.7358
vn -0.7371 -0.0976 -0.6687
vn -0.7631 -0.1578 -0.6267
vn -0.4027 -0.5262 0.7490
vn -0.4493 -0.4946 0.7439
vn -0.5784 0.1286 -0.8056
vn -0.6640 0.1245 -0.7373
vn -0.3942 0.1322 -0.9095
vn -0.4736 -0.5200 0.7108
vn -0.4730 -0.5141 0.7155
vn -0.4710 -0.4953 0.7300
vn -0.5115 -0.3734 0.7739
vn -0.5259 -0.3692 0.7662
vn -0.5590 -0.3590 0.7474
vn -0.5209 -0.1455 -0.8411
vn -0.5299 -0.0887 -0.8434
vn -0.5165 -0.1699 -0.8393
vn 0.8402 0.5161 -0.1661
vn -0.6468 -0.2254 -0.7286
vn -0.9105 -0.4018 0.0977
vn -0.4137 -0.0874 -0.9062
vn 0.4215 0.0721 0.9040
vn 0.4213 0.0500 0.9056
vn 0.4203 0.0099 0.9073
vn -0.9221 -0.3449 -0.1752
vn 0.8227 0.5644 0.0678
vn 0.8710 0.4822 0.0942
vn 0.8710 0.4823 0.0937
vn 0.8712 0.4808 0.0989
vn -0.0070 0.3177 -0.9482
vn 0.6994 -0.6596 -0.2752
vn 0.6954 -0.6729 -0.2523
vn 0.6995 -0.6584 -0.2778
vn -0.0675 -0.5695 0.8192
vn 0.2198 -0.9519 -0.2133
vn 0.1009 -0.8991 -0.4259
vn 0.0348 -0.9934 -0.1090
vn -0.8595 0.5111 0.0079
vn -0.8444 0.4939 0.2075
vn -0.8138 0.4703 0.3414
vn -0.2360 0.9594 0.1543
vn -0.3631 0.8797 0.3069
vn -0.1576 0.9855 0.0629
vn 0.0428 -0.5197 0.8533
vn 0.3465 -0.5090 -0.7880
vn 0.4300 -0.5811 -0.6910
vn 0.4631 -0.6082 -0.6447
vn 0.4614 -0.8613 -0.2125
vn 0.3823 -0.9217 -0.0653
vn 0.4923 -0.8254 -0.2765
vn 0.3834 -0.7552 0.5316
vn 0.4146 -0.6130 0.6725
vn 0.4234 -0.5377 0.7291
vn 0.0207 -0.6755 0.7370
vn -0.2428 0.6469 -0.7229
vn -0.1069 0.6212 -0.7763
vn -0.0472 0.6058 -0.7942
vn -0.3420 0.5454 -0.7652
vn -0.6746 0.5634 0.4770
vn -0.2518 0.7610 -0.5979
vn -0.2556 0.7501 -0.6099
vn -0.2508 0.7639 -0.5946
vn -0.1484 0.4660 -0.8722
vn 0.4451 -0.6753 -0.5881
vn 0.5028 -0.6450 -0.5755
vn 0.2506 -0.7510 -0.6108
vn 0.5379 -0.6485 -0.5386
vn 0.5740 -0.5826 -0.5754
vn 0.5987 -0.5300 -0.6005
vn -0.4318 0.8736 0.2247
vn -0.3896 0.8840 0.2586
vn -0.4615 0.8644 0.1997
vn -0.3313 0.8057 0.4911
vn -0.3213 0.9173 0.2353
vn -0.3181 0.9265 0.2010
vn -0.4463 0.8205 0.3571
vn -0.4285 0.8347 0.3458
vn -0.4750 0.7960 0.3753
vn -0.6026 0.7352 0.3104
vn -0.6394 0.7345 0.2274
vn -0.5701 0.7316 0.3738
vn 0.5800 0.8023 -0.1414
vn -0.9774 -0.0388 0.2078
vn -0.9771 -0.0386 0.2091
vn -0.9612 -0.0279 0.2745
vn -0.3917 0.8990 -0.1959
vn -0.9242 -0.3742 -0.0766
vn -0.9338 -0.3493 -0.0774
vn -0.8816 -0.4662 -0.0731
vn -0.8464 -0.5130 0.1430
vn -0.8444 -0.5183 0.1355
vn -0.8381 -0.5335 0.1136
vn 0.9922 -0.0125 -0.1237
vn 0.9914 0.1094 0.0725
vn 0.9672 -0.0860 -0.2392
vn 0.7772 0.4466 -0.4433
vn 0.5986 0.7827 -0.1703
vn 0.5901 0.7913 -0.1602
vn 0.6513 0.7083 -0.2724
vn -0.7479 -0.5228 0.4091
vn -0.6943 0.3760 0.6137
vn 0.1399 -0.7622 -0.6320
vn 0.2164 -0.8087 -0.5470
vn 0.2773 -0.8379 -0.4702
vn 0.0763 -0.8842 -0.4608
vn 0.0545 -0.8727 -0.4852
vn -0.0217 -0.6427 0.7658
vn -0.0501 -0.6808 0.7308
vn -0.0697 -0.7058 0.7050
vn -0.0218 -0.7476 0.6638
vn 0.0526 -0.8724 0.4859
vn -0.0415 -0.7076 0.7054
vn 0.2691 0.0040 -0.9631
vn -0.1542 0.2706 -0.9503
vn -0.1817 0.2864 -0.9407
vn -0.6590 0.6774 -0.3269
vn -0.5943 0.6291 -0.5011
vn -0.6616 0.6792 -0.3179
vn -0.0695 0.8879 0.4548
vn -0.0824 0.6294 -0.7727
vn -0.0384 0.6999 -0.7132
vn 0.3578 -0.6589 -0.6617
vn 0.3474 -0.6782 -0.6476
vn 0.3442 -0.6821 -0.6452
vn 0.3551 -0.6668 -0.6552
vn 0.3509 -0.6658 -0.6585
vn -0.0351 -0.8461 -0.5319
vn -0.6564 -0.6953 0.2928
vn -0.5885 -0.7842 0.1966
vn -0.5761 -0.7972 0.1804
vn 0.7088 -0.5869 -0.3913
vn 0.6049 -0.5196 -0.6034
vn 0.5935 -0.5118 -0.6211
vn 0.2390 -0.9169 -0.3197
vn 0.1378 -0.8768 -0.4607
vn 0.0933 -0.8512 -0.5164
vn 0.6947 -0.6702 -0.2610
vn 0.6976 -0.6681 -0.2590
vn 0.2726 -0.7834 -0.5585
vn 0.2906 -0.8179 -0.4967
vn 0.2930 -0.8225 -0.4875
vn -0.1313 -0.0357 0.9907
vn -0.0623 -0.1792 0.9818
vn -0.1356 -0.0264 0.9904
vn 0.1832 -0.8818 0.4346
vn 0.1814 -0.8489 0.4965
vn 0.1812 -0.8467 0.5002
vn -0.2335 0.8661 0.4420
vn 0.7727 0.4870 -0.4072
vn 0.7936 0.1911 -0.5777
vn 0.7687 0.5025 -0.3958
vn 0.5720 0.8141 -0.1002
vn 0.5573 0.8261 -0.0828
vn -0.7939 -0.4664 0.3902
vn -0.2561 0.6268 -0.7359
vn -0.2424 0.6188 -0.7472
vn -0.2398 0.6173 -0.7493
vn -0.1186 0.2776 -0.9534
vn -0.0869 0.3696 -0.9251
vn -0.1424 0.2041 -0.9685
vn 0.2247 -0.8123 -0.5383
vn 0.2122 -0.8238 -0.5257
vn 0.2074 -0.8281 -0.5208
vn -0.2738 0.6294 -0.7272
vn 0.4079 -0.6893 -0.5987
vn 0.8714 0.4892 0.0369
vn 0.8383 0.5423 -0.0566
vn 0.8800 0.4700 0.0683
vn 0.8710 0.4824 0.0935
vn 0.4634 -0.0055 0.8861
vn 0.4277 0.0030 0.9039
vn 0.5035 -0.0152 0.8638
vn 0.3703 0.0602 0.9269
vn -0.6907 -0.4401 0.5737
vn -0.6936 -0.3760 0.6145
vn -0.6925 -0.3106 0.6511
vn 0.4383 0.2807 0.8539
vn 0.5816 0.1713 0.7952
vn -0.4613 -0.5000 0.7330
vn -0.7939 -0.5791 -0.1855
vn -0.8066 -0.5568 -0.1985
vn -0.7616 -0.6294 -0.1547
vn -0.5301 -0.2705 0.8036
vn -0.8678 -0.4949 0.0439
vn -0.8645 -0.5002 0.0483
vn -0.8529 -0.5182 0.0634
vn -0.8441 -0.5354 -0.0298
vn -0.8450 -0.5340 -0.0300
vn -0.8389 -0.5435 -0.0287
vn 0.5705 0.4461 -0.6895
vn 0.5643 0.4622 -0.6841
vn 0.5488 0.4995 -0.6703
vn -0.3647 0.1077 -0.9249
vn 0.5981 0.5590 -0.5743
vn 0.3500 0.5110 -0.7851
vn 0.4449 0.2900 -0.8473
vn 0.3296 0.3255 -0.8862
vn -0.8685 -0.4698 -0.1578
vn -0.8693 -0.4705 -0.1517
vn -0.8659 -0.4725 -0.1642
vn 0.4798 0.4282 -0.7658
vn -0.8363 -0.5303 0.1394
vn -0.8339 -0.5377 0.1244
vn -0.8380 -0.5245 0.1506
vn -0.8710 -0.4687 -0.1473
vn -0.8645 -0.4781 -0.1554
vn 0.3694 0.2633 0.8912
vn 0.3435 0.3327 0.8783
vn 0.3306 0.3646 0.8705
vn 0.3796 0.2372 0.8942
vn 0.4104 0.2197 0.8850
vn 0.2240 0.3171 0.9215
vn 0.5843 0.0574 0.8095
vn -0.5352 0.0425 -0.8437
vn -0.5048 0.0468 -0.8620
vn -0.6096 0.0311 -0.7921
vn 0.7564 0.1648 0.6330
vn -0.7312 -0.1629 -0.6624
vn -0.7313 -0.1716 -0.6601
vn -0.7308 -0.2101 -0.6494
vn 0.9021 0.4242 0.0793
vn 0.9413 0.3375 -0.0016
vn 0.8333 0.5231 0.1787
vn -0.4726 -0.2406 -0.8478
vn -0.6283 -0.1084 -0.7704
vn 0.8479 0.5189 0.1088
vn 0.7671 0.6391 0.0550
vn 0.7245 0.6887 0.0302
vn 0.8921 0.4441 -0.0834
vn 0.8957 0.4380 -0.0764
vn 0.8725 0.4739 -0.1190
vn 0.7926 0.6032 -0.0886
vn -0.4866 -0.5907 0.6437
vn -0.4904 -0.5887 0.6426
vn -0.4430 -0.6127 0.6545
vn -0.6286 -0.4665 0.6223
vn -0.5254 0.3776 -0.7625
vn -0.4667 0.0976 -0.8790
vn -0.5710 0.1877 -0.7992
vn 0.9854 0.1704 0.0032
vn 0.9795 0.2002 -0.0201
vn 0.9898 0.1397 0.0270
vn 0.8644 0.5025 0.0196
vn 0.8810 0.4648 -0.0887
vn 0.8841 0.4490 -0.1290
vn 0.8706 0.4901 -0.0436
vn 0.8832 0.4686 -0.0218
vn 0.8567 0.5116 -0.0658
vn 0.5643 0.6111 -0.5550
vn 0.5402 0.5937 -0.5963
vn 0.5248 0.5823 -0.6209
vn 0.1935 0.5770 -0.7935
vn 0.2322 0.5767 -0.7833
vn 0.1810 0.5769 -0.7965
vn -0.9315 -0.3630 0.0242
vn -0.9544 -0.2973 -0.0269
vn -0.9748 -0.1998 -0.0995
vn 0.6227 0.5562 -0.5504
vn -0.7265 -0.6826 -0.0797
vn -0.9070 -0.4210 -0.0099
vn 0.5663 0.1130 0.8164
vn 0.5299 0.0565 0.8462
vn 0.5822 0.1391 0.8010
vn -0.8508 -0.5220 -0.0607
vn -0.8947 -0.4327 0.1110
vn 0.6378 -0.1248 0.7601
vn 0.6365 -0.1284 0.7605
vn 0.6396 -0.1197 0.7594
vn 0.7264 0.1325 0.6744
vn 0.5446 -0.0961 0.8332
vn 0.6939 0.2264 0.6835
vn -0.8472 0.5241 0.0867
vn -0.7305 0.5869 0.3491
vn -0.7364 0.5719 0.3614
vn 0.5280 0.6541 -0.5416
vn 0.5923 0.6020 -0.5355
vn 0.6656 0.5324 -0.5230
vn 0.4072 0.8458 -0.3447
vn 0.2728 0.9618 0.0244
vn 0.3963 0.9162 -0.0596
vn 0.2230 0.9732 0.0570
vn -0.1333 0.9184 0.3726
vn -0.1742 0.9338 0.3126
vn -0.1233 0.9138 0.3869
vn 0.6209 -0.1504 0.7693
vn -0.1237 0.8256 0.5505
vn -0.0414 0.9813 0.1882
vn -0.0348 0.9866 0.1593
vn 0.2045 0.7177 -0.6656
vn 0.1842 0.7285 -0.6598
vn 0.2825 0.6718 -0.6847
vn 0.3648 0.5076 -0.7805
vn 0.3682 0.4833 -0.7943
vn 0.3583 0.5493 -0.7549
vn 0.2172 0.4422 -0.8702
vn -0.3929 -0.5480 0.7385
vn -0.3919 -0.5234 0.7566
vn -0.3891 -0.4753 0.7891
vn -0.6267 -0.3306 0.7056
vn -0.6269 -0.3311 0.7053
vn -0.6120 -0.2936 0.7343
vn -0.1751 -0.3046 0.9362
vn 0.7313 0.6566 0.1848
vn 0.7184 0.6728 0.1765
vn 0.6429 0.7548 0.1302
vn -0.5235 -0.1190 0.8437
vn 0.9030 0.4247 0.0653
vn 0.6781 0.7341 -0.0367
vn 0.6947 0.7186 -0.0300
vn 0.7365 0.6763 -0.0125
vn -0.8616 -0.5075 0.0016
vn -0.8786 -0.4775 -0.0045
vn -0.8382 -0.5453 0.0094
vn -0.2419 -0.0939 -0.9657
vn -0.3784 0.0987 -0.9204
vn -0.3772 0.0977 -0.9210
vn -0.3717 0.0932 -0.9236
vn -0.9359 -0.3403 0.0908
vn -0.4283 0.8285 0.3609
vn -0.2838 0.8669 0.4097
vn -0.4809 0.8083 0.3398
vn 0.3223 0.5377 0.7791
vn -0.8073 0.5654 0.1691
vn -0.8183 0.5529 0.1571
vn -0.8240 0.5462 0.1507
vn -0.4721 0.6900 0.5486
vn -0.1434 0.9542 -0.2626
vn -0.1435 0.9542 -0.2626
vn -0.1436 0.9542 -0.2626
vn -0.6300 0.7243 0.2801
vn -0.6224 0.6417 0.4482
vn -0.6130 0.6177 0.4926
vn -0.6265 0.6531 0.4255
vn 0.2645 0.9581 0.1101
vn -0.1095 0.9734 0.2011
vn -0.6404 0.0228 0.7677
vn -0.8263 0.3869 0.4093
vn -0.8259 0.4244 0.3711
vn -0.8254 0.3626 0.4327
vn -0.0258 0.8588 -0.5117
vn 0.1407 0.8166 -0.5599
vn 0.2482 0.7744 -0.5819
vn -0.9765 0.1338 0.1692
vn -0.9964 -0.0630 0.0570
vn 0.3632 0.8036 -0.4716
vn 0.3835 0.7942 -0.4713
vn 0.3947 0.7889 -0.4711
vn -0.6622 0.1237 0.7391
vn -0.6113 0.0397 0.7904
vn -0.6820 0.1603 0.7135
vn -0.7383 0.3807 -0.5568
vn -0.7514 0.1770 -0.6357
vn -0.7151 0.4886 -0.5000
vn -0.8752 0.2097 0.4359
vn 0.2141 0.9756 0.0477
vn 0.4099 0.8815 0.2343
vn -0.8644 -0.4774 -0.1579
vn -0.8653 -0.4810 -0.1407
vn -0.5715 0.5953 -0.5648
vn -0.7290 0.6429 -0.2351
vn -0.6296 0.6894 -0.3583
vn -0.1806 0.7559 0.6292
vn 0.5189 0.4160 -0.7468
vn -0.3181 -0.2816 -0.9053
vn -0.8812 -0.4637 0.0920
vn -0.8736 -0.4754 0.1039
vn -0.8620 -0.4922 0.1213
vn -0.6428 -0.5237 0.5591
vn -0.6446 -0.5022 0.5764
vn -0.6290 -0.6136 0.4773
vn -0.7887 -0.6135 0.0404
vn 0.5767 0.3584 0.7342
vn 0.5646 0.4086 0.7172
vn 0.5445 0.4778 0.6894
vn 0.7043 0.1498 0.6939
vn 0.9152 0.4029 -0.0101
vn 0.7652 0.6437 -0.0072
vn 0.7821 0.6223 -0.0327
vn 0.6172 -0.7856 0.0443
vn 0.5466 -0.8269 -0.1323
vn -0.0943 -0.9830 -0.1573
vn 0.5069 -0.8337 -0.2191
vn 0.1409 -0.7282 -0.6707
vn 0.6613 -0.6735 -0.3302
vn 0.5898 -0.7746 -0.2285
vn 0.6225 -0.7517 -0.2176
vn 0.8780 0.4593 -0.1349
vn 0.2175 -0.0455 0.9750
vn 0.7686 0.0239 0.6393
vn 0.5535 0.1237 0.8236
vn 0.9334 0.2696 -0.2368
vn -0.6546 0.0523 -0.7542
vn -0.8167 0.1111 -0.5663
vn -0.4747 -0.5322 0.7010
vn -0.4828 -0.3813 0.7884
vn -0.5372 -0.0306 -0.8429
vn 0.4214 0.1093 0.9002
vn -0.8472 0.5101 -0.1487
vn -0.4160 0.8296 0.3724
vn 0.3277 -0.4922 -0.8064
vn 0.3537 -0.9352 -0.0166
vn 0.0038 0.0577 0.9983
vn 0.3637 -0.8104 0.4594
vn -0.2771 0.6512 -0.7065
vn -0.2563 0.7481 -0.6122
vn 0.6628 -0.5367 -0.5221
vn 0.5168 -0.6823 -0.5171
vn -0.3387 0.8927 0.2973
vn -0.3309 0.7919 0.5133
vn -0.3984 0.8571 0.3265
vn -0.6754 0.7261 0.1292
vn -0.9892 -0.0498 0.1375
vn -0.9622 -0.2606 -0.0797
vn -0.8529 -0.4937 0.1697
vn 0.9510 0.2054 0.2312
vn 0.7862 0.4179 -0.4553
vn 0.0589 -0.7022 -0.7095
vn 0.0008 -0.6110 0.7916
vn 0.0753 -0.9020 0.4251
vn 0.2852 -0.0071 -0.9584
vn -0.5917 0.6270 -0.5067
vn -0.6640 -0.6829 0.3045
vn 0.7170 -0.5917 -0.3686
vn 0.2568 -0.9211 -0.2927
vn 0.2684 -0.7751 -0.5719
vn 0.2845 -0.3829 0.8789
vn 0.4154 -0.5445 0.7287
vn -0.0540 -0.1961 0.9791
vn 0.1834 -0.8857 0.4265
vn 0.7901 0.1559 -0.5929
vn -0.2580 0.6279 -0.7343
vn -0.0698 0.4167 -0.9063
vn 0.2289 -0.8083 -0.5425
vn 0.8266 0.5565 -0.0838
vn 0.3961 0.0103 0.9181
vn -0.6810 -0.5203 0.5154
vn -0.8304 -0.5101 -0.2243
vn -0.8759 -0.4815 0.0328
vn -0.8496 -0.5265 -0.0310
vn 0.5823 0.4141 -0.6996
vn -0.8318 -0.5437 0.1124
vn 0.3749 0.2475 0.8934
vn 0.5450 0.1353 0.8274
vn -0.4588 0.0531 -0.8870
vn -0.7298 -0.1155 -0.6738
vn 0.9506 0.3093 -0.0270
vn 0.9022 0.4029 0.1540
vn 0.9071 0.4176 -0.0528
vn -0.5470 -0.5567 0.6253
vn 0.9743 0.2223 -0.0376
vn 0.8539 0.5164 0.0654
vn 0.8899 0.4561 -0.0094
vn 0.5729 0.6172 -0.5393
vn 0.2466 0.5763 -0.7791
vn -0.9157 -0.3984 0.0525
vn 0.5082 0.0247 0.8609
vn 0.6352 -0.1321 0.7610
vn 0.4694 0.6956 -0.5438
vn 0.4583 0.8827 -0.1039
vn -0.1898 0.9384 0.2889
vn -0.1288 0.8093 0.5731
vn 0.1119 0.7632 -0.6363
vn 0.3754 0.4198 -0.8264
vn -0.3936 -0.6142 0.6840
vn -0.6504 -0.3986 0.6466
vn 0.7804 0.5861 0.2181
vn 0.6220 0.7809 -0.0579
vn -0.8985 -0.4389 -0.0121
vn -0.3887 0.1073 -0.9151
vn -0.2174 0.8772 0.4282
vn -0.8037 0.5694 0.1730
vn -0.1432 0.9542 -0.2627
vn -0.6084 0.6068 0.5114
vn -0.8253 0.4359 0.3591
vn -0.1497 0.8725 -0.4652
vn 0.3465 0.8109 -0.4716
vn -0.5894 0.0068 0.8078
vn -0.7425 0.0545 -0.6676
vn -0.8671 -0.4698 -0.1655
vn -0.8960 -0.4390 0.0671
vn -0.6460 -0.3877 0.6575
vn 0.5909 0.2857 0.7545
vn -0.0422 -0.9297 -0.3658
vn 0.5185 -0.8465 -0.1211
vn 0.3279 -0.9446 -0.0121
vn 0.6867 -0.6812 -0.2538
s 1
usemtl Material.095
f 3398//8037 3175//8037 3298//8037
f 3243//8038 3178//8038 3395//8038
f 3246//8039 3235//8039 3394//8039
f 3250//8040 3259//8040 3257//8040
f 3242//8041 3252//8041 3250//8041
f 3363//8042 3180//8042 3247//8042
f 3392//8043 3249//8043 3238//8043
f 3260//8044 3256//8044 3391//8044
f 3261//8045 3254//8045 3247//8045
f 3389//8046 3183//8046 3255//8046
f 3267//8047 3218//8047 3388//8047
f 3198//8048 3277//8048 3378//8048
f 3373//8049 3221//8049 3278//8049
f 3262//8050 3185//8050 3279//8050
f 3204//8051 3296//8051 3243//8051
f 3290//8052 3205//8052 3236//8052
f 3283//8053 3297//8053 3246//8053
f 3303//8054 3208//8054 3173//8054
f 3306//8055 3214//8055 3301//8055
f 3366//8056 3213//8056 3237//8056
f 3307//8057 3212//8057 3366//8057
f 3397//8058 3299//8058 3364//8058
f 3359//8059 3270//8059 3361//8059
f 3331//8060 3325//8060 3355//8060
f 3355//8061 3228//8061 3353//8061
f 3352//8062 3334//8062 3230//8062
f 3231//8063 3350//8063 3351//8063
f 3349//8064 3335//8064 3333//8064
f 3224//8065 3344//8065 3347//8065
f 3223//8066 3342//8066 3354//8066
f 3228//8067 3325//8068 3338//8069
f 3324//8070 3335//8070 3349//8070
f 3344//8071 3350//8071 3231//8071
f 3340//8072 3232//8072 3331//8072
f 3352//8073 3230//8073 3337//8073
f 3353//8074 3228//8074 3324//8074
f 3217//8075 3200//8075 3327//8075
f 3187//8076 3329//8076 3313//8076
f 3355//8077 3325//8077 3228//8077
f 3189//8078 3355//8078 3191//8078
f 3311//8079 3330//8079 3328//8079
f 3199//8080 3315//8080 3312//8080
f 3359//8081 3271//8081 3270//8081
f 3188//8082 3361//8082 3320//8082
f 3312//8083 3316//8083 3308//8083
f 3310//8084 3320//8084 3319//8084
f 3362//8085 3209//8085 3210//8085
f 3363//8086 3210//8086 3174//8086
f 3209//8087 3364//8087 3210//8087
f 3209//8088 3397//8088 3364//8088
f 3366//8089 3212//8089 3213//8089
f 3299//8090 3307//8090 3366//8090
f 3176//8091 3237//8091 3238//8091
f 3301//8092 3302//8092 3304//8092
f 3215//8093 3301//8093 3304//8093
f 3241//8094 3304//8094 3242//8094
f 3215//8095 3304//8095 3241//8095
f 3178//8096 3394//8096 3302//8096
f 3303//8097 3173//8097 3245//8097
f 3297//8098 3284//8098 3286//8098
f 3283//8099 3284//8099 3297//8099
f 3246//8100 3297//8100 3235//8100
f 3289//8101 3367//8101 3288//8101
f 3371//8102 3368//8102 3240//8102
f 3243//8103 3283//8103 3178//8103
f 3370//8104 3205//8105 3290//8106
f 3175//8106 3370//8104 3290//8106
f 3203//8107 3293//8107 3287//8107
f 3371//8108 3293//8108 3203//8108
f 3265//8109 3371//8109 3239//8109
f 3281//8110 3193//8110 3194//8110
f 3386//8111 3186//8111 3372//8111
f 3373//8112 3196//8112 3221//8112
f 3374//8113 3373//8113 3198//8113
f 3374//8114 3195//8115 3373//8116
f 3262//8117 3279//8117 3264//8117
f 3273//8118 3376//8118 3219//8118
f 3396//8119 3194//8119 3377//8119
f 3198//8120 3373//8120 3277//8120
f 3271//8121 3381//8121 3270//8121
f 3266//8122 3190//8122 3382//8122
f 3276//8123 3268//8123 3196//8123
f 3383//8124 3224//8124 3329//8124
f 3284//8125 3386//8125 3194//8125
f 3288//8126 3386//8126 3369//8126
f 3387//8127 3264//8127 3272//8127
f 3206//8128 3387//8128 3207//8128
f 3206//8129 3264//8129 3387//8129
f 3282//8130 3388//8130 3193//8130
f 3392//8131 3390//8131 3260//8131
f 3179//8132 3182//8132 3393//8132
f 3179//8133 3247//8133 3182//8133
f 3238//8134 3251//8134 3176//8134
f 3173//8135 3363//8135 3179//8135
f 3242//8136 3253//8136 3241//8136
f 3181//8137 3250//8137 3184//8137
f 3174//8138 3251//8138 3180//8138
f 3176//8139 3251//8139 3174//8139
f 3394//8140 3235//8140 3208//8140
f 3396//8141 3185//8141 3285//8141
f 3284//8142 3396//8142 3285//8142
f 3299//8143 3239//8143 3307//8143
f 3265//8144 3239//8144 3299//8144
f 3239//8145 3371//8145 3300//8145
f 3284//8146 3194//8146 3396//8146
f 3392//8147 3253//8147 3181//8147
f 3182//8148 3183//8149 3184//8150
f 3262//8151 3285//8152 3185//8153
f 3386//8154 3288//8154 3186//8154
f 3294//8155 3387//8155 3272//8155
f 3388//8156 3218//8156 3190//8156
f 3397//8157 3265//8158 3299//8159
f 3201//8160 3379//8161 3279//8162
f 3276//8163 3274//8164 3222//8165
f 3219//8166 3375//8167 3273//8168
f 3372//8169 3192//8170 3281//8171
f 3272//8172 3195//8172 3374//8172
f 3373//8116 3195//8115 3196//8173
f 3282//8174 3192//8175 3278//8176
f 3293//8177 3265//8178 3292//8179
f 3207//8180 3293//8181 3292//8182
f 3302//8183 3214//8184 3178//8185
f 3286//8186 3202//8186 3295//8186
f 3289//8187 3288//8187 3369//8187
f 3368//8188 3371//8188 3203//8188
f 3304//8189 3302//8189 3244//8189
f 3211//8190 3365//8191 3364//8192
f 3305//8193 3215//8193 3241//8193
f 3363//8194 3362//8194 3210//8194
f 3362//8195 3398//8196 3209//8197
f 3312//8198 3219//8198 3269//8198
f 3280//8199 3322//8200 3222//8201
f 3321//8202 3221//8202 3358//8202
f 3357//8203 3314//8203 3278//8203
f 3356//8204 3353//8204 3324//8204
f 3332//8205 3229//8205 3326//8205
f 3336//8206 3335//8207 3338//8208
f 3336//8209 3331//8210 3232//8211
f 3347//8212 3344//8212 3231//8212
f 3226//8213 3346//8214 3345//8215
f 3346//8216 3229//8217 3233//8218
f 3347//8219 3229//8220 3224//8221
f 3347//8222 3231//8222 3233//8222
f 3342//8223 3227//8224 3354//8225
f 3339//8226 3342//8226 3334//8226
f 3338//8069 3325//8068 3336//8227
f 3343//8228 3226//8229 3348//8230
f 3226//8231 3345//8231 3348//8231
f 3232//8232 3349//8233 3333//8234
f 3225//8235 3349//8236 3340//8237
f 3344//8238 3383//8239 3350//8240
f 3343//8241 3383//8242 3328//8243
f 3230//8244 3342//8245 3341//8246
f 3342//8247 3323//8248 3341//8249
f 3331//8250 3225//8250 3340//8250
f 3343//8251 3351//8252 3350//8253
f 3232//8254 3333//8254 3336//8254
f 3345//8255 3351//8256 3348//8257
f 3351//8258 3233//8259 3231//8260
f 3352//8261 3234//8262 3339//8263
f 3189//8264 3225//8265 3331//8266
f 3339//8267 3334//8267 3352//8267
f 3310//8268 3191//8268 3353//8268
f 3191//8269 3355//8269 3353//8269
f 3326//8270 3330//8271 3332//8272
f 3314//8273 3332//8273 3330//8273
f 3314//8274 3197//8274 3332//8274
f 3224//8275 3332//8276 3329//8277
f 3332//8278 3313//8279 3329//8280
f 3199//8281 3354//8282 3227//8283
f 3354//8284 3308//8285 3223//8286
f 3189//8287 3331//8287 3355//8287
f 3328//8288 3330//8288 3226//8288
f 3311//8289 3314//8289 3330//8289
f 3356//8290 3188//8291 3310//8292
f 3225//8293 3356//8290 3324//8294
f 3310//8295 3353//8295 3356//8295
f 3338//8296 3324//8297 3228//8298
f 3280//8299 3312//8300 3315//8301
f 3278//8302 3321//8303 3357//8304
f 3200//8305 3322//8200 3315//8306
f 3357//8307 3197//8308 3314//8309
f 3318//8310 3313//8311 3358//8312
f 3313//8313 3321//8314 3358//8315
f 3189//8316 3191//8316 3359//8316
f 3218//8317 3361//8318 3270//8319
f 3361//8320 3189//8264 3359//8321
f 3191//8322 3310//8322 3319//8322
f 3316//8323 3269//8324 3266//8325
f 3278//8326 3317//8327 3267//8328
f 3218//8329 3319//8330 3320//8331
f 3314//8332 3311//8332 3317//8332
f 3310//8333 3188//8333 3320//8333
f 3362//8334 3173//8335 3208//8336
f 3208//8337 3398//8196 3362//8195
f 3176//8338 3365//8339 3237//8340
f 3364//8341 3299//8341 3211//8341
f 3213//8342 3238//8343 3237//8344
f 3174//8345 3210//8345 3365//8345
f 3210//8346 3364//8346 3365//8346
f 3211//8347 3299//8347 3366//8347
f 3215//8348 3306//8349 3301//8350
f 3237//8351 3211//8351 3366//8351
f 3305//8352 3212//8353 3306//8354
f 3241//8355 3213//8356 3305//8357
f 3202//8358 3284//8359 3285//8360
f 3242//8361 3304//8361 3244//8361
f 3303//8362 3394//8362 3208//8362
f 3302//8363 3394//8363 3303//8363
f 3244//8364 3303//8364 3245//8364
f 3244//8365 3302//8365 3303//8365
f 3289//8366 3368//8367 3367//8368
f 3178//8369 3283//8369 3246//8369
f 3367//8370 3203//8371 3287//8372
f 3204//8373 3240//8374 3368//8367
f 3207//8375 3291//8376 3206//8377
f 3205//8378 3265//8379 3236//8380
f 3205//8381 3291//8381 3292//8381
f 3284//8382 3296//8383 3369//8384
f 3236//8385 3175//8385 3290//8385
f 3289//8386 3296//8387 3204//8388
f 3291//8389 3295//8390 3206//8391
f 3283//8392 3243//8392 3296//8392
f 3395//8393 3204//8393 3243//8393
f 3291//8394 3370//8395 3286//8396
f 3370//8397 3235//8398 3297//8399
f 3370//8400 3297//8400 3286//8400
f 3374//8401 3263//8402 3272//8403
f 3287//8404 3293//8404 3294//8404
f 3281//8405 3282//8405 3193//8405
f 3372//8406 3281//8406 3194//8406
f 3194//8407 3386//8407 3372//8407
f 3222//8408 3375//8409 3280//8410
f 3375//8411 3201//8412 3279//8413
f 3375//8414 3185//8415 3273//8416
f 3185//8417 3376//8418 3273//8419
f 3376//8420 3194//8421 3193//8422
f 3277//8423 3186//8424 3378//8425
f 3396//8426 3377//8426 3185//8426
f 3192//8427 3373//8427 3278//8427
f 3277//8428 3373//8428 3192//8428
f 3196//8429 3275//8430 3276//8431
f 3186//8432 3263//8432 3378//8432
f 3263//8433 3198//8433 3378//8433
f 3195//8434 3379//8435 3275//8436
f 3201//8437 3274//8437 3275//8437
f 3264//8438 3379//8438 3272//8438
f 3264//8439 3279//8439 3379//8439
f 3327//8440 3323//8440 3223//8440
f 3308//8441 3327//8441 3223//8441
f 3308//8442 3217//8442 3327//8442
f 3380//8443 3218//8444 3270//8445
f 3380//8446 3270//8446 3381//8446
f 3382//8447 3216//8448 3266//8449
f 3329//8450 3309//8451 3383//8452
f 3222//8453 3216//8453 3276//8453
f 3328//8454 3309//8455 3311//8456
f 3266//8457 3388//8458 3190//8459
f 3388//8460 3219//8461 3376//8462
f 3376//8463 3193//8463 3388//8463
f 3358//8464 3196//8465 3384//8466
f 3263//8467 3294//8468 3272//8469
f 3196//8470 3268//8470 3384//8470
f 3264//8471 3295//8472 3385//8473
f 3207//8474 3387//8474 3294//8474
f 3385//8475 3262//8475 3264//8475
f 3385//8476 3202//8477 3285//8478
f 3263//8479 3288//8480 3287//8481
f 3369//8482 3386//8482 3284//8482
f 3388//8483 3278//8484 3267//8485
f 3367//8486 3287//8486 3288//8486
f 3389//8487 3180//8488 3248//8489
f 3389//8490 3255//8490 3261//8490
f 3390//8491 3181//8492 3184//8493
f 3248//8494 3183//8494 3389//8494
f 3259//8495 3393//8496 3182//8497
f 3259//8498 3182//8498 3258//8498
f 3391//8499 3248//8500 3249//8501
f 3182//8502 3247//8502 3254//8502
f 3180//8503 3261//8503 3247//8503
f 3183//8504 3391//8504 3256//8504
f 3260//8505 3249//8506 3392//8507
f 3252//8508 3245//8509 3393//8510
f 3177//8511 3241//8511 3392//8511
f 3241//8512 3253//8512 3392//8512
f 3393//8513 3173//8514 3179//8515
f 3249//8516 3251//8517 3238//8518
f 3250//8519 3253//8520 3242//8521
f 3177//8522 3392//8522 3238//8522
f 3179//8523 3363//8523 3247//8523
f 3174//8524 3180//8524 3363//8524
f 3214//8525 3240//8374 3395//8526
f 3244//8527 3252//8527 3242//8527
f 3250//8528 3257//8528 3184//8528
f 3252//8529 3259//8529 3250//8529
f 3180//8530 3251//8530 3248//8530
f 3178//8531 3246//8531 3394//8531
f 3214//8532 3395//8532 3178//8532
f 3306//8533 3300//8534 3240//8535
f 3300//8536 3307//8537 3239//8538
f 3300//8539 3371//8539 3240//8539
f 3236//8540 3298//8541 3175//8542
f 3209//8543 3298//8543 3397//8543
f 3398//8544 3298//8544 3209//8544
f 3208//8545 3235//8545 3398//8545
f 3235//8546 3175//8546 3398//8546
f 3184//8150 3257//8547 3259//8548
f 3182//8148 3254//8549 3261//8550
f 3261//8550 3255//8551 3183//8149
f 3183//8149 3256//8552 3260//8553
f 3260//8553 3390//8554 3184//8150
f 3184//8150 3259//8548 3182//8148
f 3182//8148 3261//8550 3183//8149
f 3183//8149 3260//8553 3184//8150
f 3262//8151 3385//8555 3285//8152
f 3397//8157 3236//8556 3265//8158
f 3201//8160 3275//8557 3379//8161
f 3276//8163 3275//8558 3274//8164
f 3219//8166 3280//8559 3375//8167
f 3372//8169 3186//8560 3192//8170
f 3282//8174 3281//8561 3192//8175
f 3293//8177 3371//8562 3265//8178
f 3207//8180 3294//8563 3293//8181
f 3302//8183 3301//8564 3214//8184
f 3211//8190 3237//8565 3365//8191
f 3280//8199 3315//8306 3322//8200
f 3336//8206 3333//8566 3335//8207
f 3336//8209 3325//8567 3331//8210
f 3226//8213 3326//8568 3346//8214
f 3346//8216 3326//8569 3229//8217
f 3337//8570 3230//8570 3341//8570
f 3347//8219 3233//8571 3229//8220
f 3342//8223 3339//8572 3227//8224
f 3343//8228 3328//8573 3226//8229
f 3232//8232 3340//8574 3349//8233
f 3225//8235 3324//8575 3349//8236
f 3344//8238 3224//8576 3383//8239
f 3343//8241 3350//8577 3383//8242
f 3230//8244 3334//8578 3342//8245
f 3342//8247 3223//8579 3323//8248
f 3343//8251 3348//8580 3351//8252
f 3345//8255 3346//8581 3351//8256
f 3351//8258 3346//8582 3233//8259
f 3352//8261 3337//8583 3234//8262
f 3189//8264 3188//8584 3225//8265
f 3326//8270 3226//8585 3330//8271
f 3224//8275 3229//8586 3332//8276
f 3332//8278 3197//8587 3313//8279
f 3199//8281 3312//8588 3354//8282
f 3354//8284 3312//8589 3308//8285
f 3356//8290 3225//8293 3188//8291
f 3338//8296 3335//8590 3324//8297
f 3280//8299 3219//8591 3312//8300
f 3278//8302 3221//8592 3321//8303
f 3357//8307 3321//8593 3197//8308
f 3216//8594 3222//8594 3322//8594
f 3322//8595 3200//8595 3217//8595
f 3318//8310 3187//8596 3313//8311
f 3313//8313 3197//8597 3321//8314
f 3218//8317 3320//8598 3361//8318
f 3361//8320 3188//8584 3189//8264
f 3316//8323 3312//8599 3269//8324
f 3278//8326 3314//8600 3317//8327
f 3218//8329 3267//8601 3319//8330
f 3362//8334 3363//8602 3173//8335
f 3176//8338 3174//8603 3365//8339
f 3213//8342 3177//8604 3238//8343
f 3215//8348 3305//8605 3306//8349
f 3305//8352 3213//8606 3212//8353
f 3241//8355 3177//8607 3213//8356
f 3202//8358 3286//8608 3284//8359
f 3289//8366 3204//8373 3368//8367
f 3367//8370 3368//8609 3203//8371
f 3204//8373 3395//8526 3240//8374
f 3207//8375 3292//8610 3291//8376
f 3205//8378 3292//8611 3265//8379
f 3284//8382 3283//8612 3296//8383
f 3289//8386 3369//8613 3296//8387
f 3291//8389 3286//8614 3295//8390
f 3291//8394 3205//8615 3370//8395
f 3370//8397 3175//8616 3235//8398
f 3374//8401 3198//8617 3263//8402
f 3222//8408 3274//8618 3375//8409
f 3375//8411 3274//8619 3201//8412
f 3375//8414 3279//8620 3185//8415
f 3185//8417 3377//8621 3376//8418
f 3376//8420 3377//8622 3194//8421
f 3277//8423 3192//8623 3186//8424
f 3196//8429 3195//8624 3275//8430
f 3195//8434 3272//8625 3379//8435
f 3380//8443 3190//8626 3218//8444
f 3382//8447 3360//8627 3216//8448
f 3329//8450 3187//8628 3309//8451
f 3328//8454 3383//8629 3309//8455
f 3266//8457 3269//8630 3388//8458
f 3388//8460 3269//8631 3219//8461
f 3358//8464 3221//8632 3196//8465
f 3263//8467 3287//8633 3294//8468
f 3264//8471 3206//8634 3295//8472
f 3385//8476 3295//8635 3202//8477
f 3263//8479 3186//8636 3288//8480
f 3388//8483 3282//8637 3278//8484
f 3389//8487 3261//8638 3180//8488
f 3390//8491 3392//8639 3181//8492
f 3259//8495 3252//8640 3393//8496
f 3391//8499 3183//8641 3248//8500
f 3260//8505 3391//8642 3249//8506
f 3252//8508 3244//8643 3245//8509
f 3393//8513 3245//8644 3173//8514
f 3249//8516 3248//8645 3251//8517
f 3250//8519 3181//8646 3253//8520
f 3214//8525 3306//8647 3240//8374
f 3306//8533 3212//8648 3300//8534
f 3300//8536 3212//8649 3307//8537
f 3236//8540 3397//8650 3298//8541
usemtl Material.096
f 3414//8651 3411//8651 3412//8651
f 3401//8652 3399//8652 3402//8652
f 3413//8653 3411//8653 3414//8653
f 3400//8654 3402//8654 3399//8654
l 3409 3410
l 3404 3415
l 3405 3407
l 3415 3416
l 3220 3360
l 3403 3406
l 3412 3416
o Cylinder.030
v 25.036428 11.057534 -24.500719
v 25.089415 10.948458 -24.091906
v 24.731382 11.561100 -24.033438
v 24.891171 10.801082 -24.004719
v 24.667345 10.698753 -24.248886
v 24.536983 11.426173 -24.656204
v 25.132359 11.003800 -24.510334
v 25.158302 10.908457 -24.061935
v 24.618071 10.660449 -24.693213
v 25.232595 11.015041 -24.634428
v 24.991552 10.642117 -23.773893
v 24.570557 10.612247 -24.778316
v 24.223759 12.390544 -24.184015
v 23.901600 12.050722 -24.309813
v 22.735474 12.461385 -23.783669
v 22.853485 13.446418 -25.041622
v 22.872375 13.476261 -24.981602
v 23.838428 13.090348 -23.845238
v 22.804914 13.390760 -24.849703
v 23.730001 12.468636 -24.131880
v 23.836939 12.639543 -24.190201
v 24.029806 12.325925 -24.373520
v 24.101028 12.227701 -23.679108
v 23.913191 12.551166 -23.577488
v 22.748102 12.333811 -23.884649
v 23.889057 12.093797 -23.926888
v 24.714289 13.482145 -23.764282
v 24.831829 13.501387 -23.594057
v 24.246105 12.378002 -23.819305
v 24.449123 12.013649 -24.316059
v 24.209917 11.508771 -24.082869
v 24.198078 11.544069 -24.457052
v 24.599375 11.744932 -23.982307
v 24.521069 11.892529 -23.967712
v 24.301180 11.764025 -23.830362
v 24.836365 11.418799 -24.408672
v 24.885853 11.260365 -24.067402
v 24.995382 11.121634 -24.100555
v 24.768513 10.997421 -23.948963
v 24.466330 11.049429 -24.184299
v 24.587286 10.826574 -24.225630
v 24.425642 11.155664 -24.532923
v 24.536388 10.992780 -24.553352
v 23.960867 13.024898 -23.543154
v 24.735388 13.534122 -23.514620
v 23.612186 13.048436 -24.094139
v 24.031281 12.848482 -23.979683
v 23.864603 13.121609 -23.461809
v 23.650946 12.546358 -23.732712
v 24.089825 12.765379 -23.697956
v 24.981256 13.916682 -23.636742
v 22.246021 12.403152 -23.808170
v 22.494930 13.662097 -25.454027
v 22.201618 12.386255 -24.066072
v 25.019728 13.852771 -23.710445
v 22.337252 13.626809 -25.422598
v 22.251804 12.305586 -23.883480
v 25.202375 14.007744 -23.438124
v 22.017303 12.295511 -23.828938
v 22.291706 13.736913 -25.738539
v 22.064058 12.203904 -23.914217
v 25.253216 13.923269 -23.490503
v 24.701313 11.579391 -24.405075
v 24.637167 11.472894 -23.897882
v 24.810509 10.894013 -23.956066
v 24.761614 10.742165 -24.080503
v 24.430607 11.312490 -23.983376
v 24.313408 11.298217 -24.349497
v 24.619226 10.797310 -24.604509
v 24.713709 10.872107 -24.704454
v 24.335350 11.558537 -24.571053
v 24.823820 10.944643 -24.739420
v 24.938850 11.008173 -24.657267
v 24.543381 11.641296 -24.531919
v 25.270508 10.961011 -24.255209
v 24.972437 10.730354 -23.901329
v 24.765949 10.629892 -24.051146
v 24.752012 10.798792 -24.830875
v 24.890886 10.760609 -23.961082
v 24.866499 10.908806 -24.820370
v 24.617537 10.751028 -24.685223
v 25.317635 10.952534 -24.294685
v 25.169214 10.739694 -23.842518
v 24.812214 10.537846 -23.920391
v 24.727514 10.725591 -24.955061
v 25.097704 10.980447 -24.848427
v 24.916870 10.873085 -24.977585
v 24.636253 10.495097 -24.185593
v 25.277250 10.910025 -24.004770
v 24.302834 12.282220 -24.071625
v 23.963293 11.916437 -24.019852
v 24.415298 12.022800 -23.939327
v 24.484585 11.480710 -23.863480
v 23.922422 13.051588 -23.848610
v 23.449766 12.914061 -23.962471
v 23.865965 12.704939 -23.536285
v 23.987331 12.965850 -23.940025
v 23.564955 13.174126 -24.026283
v 23.491781 13.137392 -23.930170
v 24.194920 11.984116 -23.799749
v 24.082457 12.642171 -24.067471
v 24.138546 12.545346 -23.736320
v 24.164919 12.314091 -23.719303
v 24.030058 12.630175 -23.676149
v 23.834465 12.241305 -24.034637
v 23.574732 12.623412 -24.042089
v 24.316196 12.216028 -23.902733
v 24.086773 12.808096 -23.806908
v 23.806707 12.507093 -24.234955
v 23.740377 12.674187 -24.106504
v 24.391476 11.642793 -24.626251
v 24.221514 11.993641 -24.517332
v 24.348141 12.123614 -24.316786
v 24.530516 11.876900 -24.329260
v 24.062729 11.763701 -24.013981
v 23.992655 11.865564 -24.354685
v 24.106855 11.698828 -24.404470
v 24.669014 11.638922 -23.979176
v 24.554670 11.835154 -23.956442
v 24.401077 11.610022 -23.829620
v 24.296062 11.555613 -23.934292
v 24.158918 11.760649 -23.919107
v 24.500423 11.985556 -24.143818
v 24.248762 11.659487 -24.551439
v 24.593136 11.790401 -24.357964
v 24.794310 11.469500 -24.019655
v 24.662685 11.143171 -23.916145
v 24.385147 11.218156 -24.164576
v 24.464083 11.080605 -24.554693
v 24.686430 11.190038 -24.700371
v 24.856640 11.145675 -24.653374
v 24.635626 10.999629 -24.658815
v 24.524361 10.931291 -24.368979
v 24.451895 11.050287 -24.371328
v 24.551769 11.137877 -24.048201
v 24.646704 13.550926 -23.721914
v 22.685442 12.492055 -23.916170
v 22.782656 13.335017 -24.961637
v 22.699638 12.504819 -23.992119
v 24.456123 13.275988 -23.839577
v 22.741253 12.372604 -23.801130
v 22.725607 12.432426 -24.064550
v 24.742203 13.455137 -23.713871
v 24.325935 13.306873 -23.767418
v 23.147160 12.743653 -23.953892
v 23.151531 12.566003 -23.739780
v 23.123375 13.164095 -24.472702
v 23.165565 13.273654 -24.630112
v 23.214867 12.456123 -23.831347
v 24.422926 13.102754 -23.658833
v 24.979416 13.897034 -23.535971
v 22.431410 13.565979 -25.390697
v 22.365349 13.687206 -25.454369
v 22.281031 12.318569 -23.992487
v 24.831871 13.653814 -23.507431
v 22.340366 12.492492 -23.994329
v 22.459375 12.405781 -23.784431
v 22.423342 12.409559 -24.070724
v 22.362553 13.737452 -25.569443
v 22.454744 12.312154 -23.878620
v 22.237778 13.714579 -25.733206
v 25.171108 14.053500 -23.596407
v 22.197653 13.661899 -25.685331
v 22.234749 13.724244 -25.682795
v 25.232410 13.957502 -23.435333
v 22.222383 13.663287 -25.628286
v 25.215828 13.986261 -23.664312
v 22.347338 13.731985 -25.662853
v 25.131514 13.964143 -23.435329
v 25.098169 14.017071 -23.589773
v 22.002060 12.376382 -23.994600
v 22.130817 12.355992 -23.797789
v 22.018551 12.276186 -24.093733
v 22.028091 12.223711 -24.037374
v 22.154793 12.285658 -23.841833
v 21.994860 12.316939 -24.067928
v 22.309496 13.661079 -25.637999
v 22.031115 12.325903 -23.897989
v 22.009130 12.276178 -23.980040
v 25.247965 14.004211 -23.540821
v 22.563412 13.479790 -25.177473
v 24.960730 13.869967 -23.693819
v 22.635426 13.533017 -25.128616
v 22.622952 13.514450 -25.236540
v 23.169310 12.501028 -23.913589
v 23.614758 12.634356 -23.674519
v 23.227926 13.291521 -24.431734
v 23.905207 13.058305 -23.504869
v 23.246275 13.269939 -24.523531
v 24.899420 11.288050 -24.321402
v 25.094002 11.002011 -24.301432
v 24.849222 11.092497 -23.987381
v 24.927181 10.990325 -24.022383
v 24.601778 10.982800 -24.063864
v 24.066101 11.703785 -24.203867
v 24.200323 11.483281 -24.277157
v 24.166008 11.782627 -24.482906
v 24.624241 11.772661 -24.200510
v 24.269447 11.371680 -24.091972
v 23.958412 12.220026 -24.347382
v 23.760580 12.394323 -23.773956
v 24.005049 12.097197 -23.822393
v 24.119078 12.600302 -23.916109
v 23.973213 12.653690 -24.148993
v 24.139570 12.347267 -24.322987
v 23.879154 12.065077 -24.118666
v 24.250345 12.156364 -23.816116
v 23.697689 13.182561 -23.848770
v 23.545313 13.247563 -23.869284
v 23.859148 13.058004 -23.710518
v 22.234226 12.447409 -23.954514
v 23.701130 12.785445 -23.540916
v 24.412573 12.056995 -24.124147
v 24.054569 11.974760 -24.473671
v 24.304522 11.855193 -23.815426
v 23.758478 12.873719 -24.090788
v 25.120081 10.803427 -23.866184
v 24.565212 10.529756 -24.508600
v 24.785780 10.578884 -23.943657
v 24.656517 10.567106 -24.207285
v 24.995480 10.963260 -24.692888
v 24.707403 11.421399 -24.540445
v 24.354404 11.284796 -24.548061
v 24.268610 12.116192 -24.410505
v 24.720058 11.363747 -23.921463
v 24.787804 11.478168 -24.262545
v 23.473459 12.190103 -22.663399
v 23.544811 12.326080 -22.835281
v 23.416477 12.089331 -22.202984
v 23.595192 12.234638 -22.453537
v 23.571367 13.478764 -24.035934
v 24.050106 12.847500 -23.335562
v 24.069834 13.044072 -23.455080
v 23.894716 13.415489 -23.961430
v 24.050602 13.187593 -23.389488
v 23.327457 12.445288 -23.325518
v 23.699482 12.492279 -23.389973
v 23.636242 12.475800 -23.417694
v 24.543318 12.746618 -22.478626
v 24.573399 12.873434 -22.804436
v 24.856802 12.851244 -22.153500
v 24.694815 12.801204 -22.634838
v 24.175735 12.742111 -22.983313
v 24.344797 12.821645 -22.964315
vn 0.8244 0.5660 -0.0019
vn -0.4449 -0.1057 -0.8893
vn 0.6516 0.5079 -0.5634
vn -0.6067 0.7314 -0.3114
vn -0.5588 0.6327 -0.5362
vn 0.1307 0.9349 0.3301
vn -0.8341 0.1092 0.5407
vn -0.8020 -0.1969 0.5639
vn 0.3188 0.9304 0.1808
vn 0.1151 0.4226 0.8990
vn -0.3982 -0.3497 -0.8480
vn -0.9539 -0.2858 0.0920
vn -0.8036 -0.5931 0.0502
vn 0.6574 0.7178 0.2293
vn -0.5761 -0.3507 -0.7383
vn 0.4513 0.3211 0.8326
vn 0.4146 0.6289 -0.6577
vn 0.6879 0.5120 -0.5145
vn -0.8973 -0.4220 -0.1294
vn -0.5551 -0.5729 0.6030
vn -0.7118 -0.2940 0.6379
vn 0.3403 -0.0659 0.9380
vn 0.4503 0.8850 -0.1181
vn 0.0418 0.9160 0.3990
vn -0.6513 0.2126 0.7284
vn 0.4440 0.8804 0.1668
vn -0.9128 0.4083 -0.0029
vn 0.2535 -0.7492 -0.6119
vn 0.2602 -0.4472 0.8558
vn -0.4697 0.7584 -0.4518
vn -0.6741 0.5643 0.4766
vn -0.6744 0.5637 0.4769
vn -0.6742 0.5641 0.4767
vn 0.1742 -0.8873 -0.4271
vn -0.5086 0.8209 0.2596
vn 0.2103 0.9734 -0.0912
vn 0.7995 0.4967 0.3378
vn -0.5416 -0.8407 -0.0045
vn 0.4808 -0.4333 0.7623
vn 0.0357 -0.1906 0.9810
vn -0.4771 0.5727 0.6666
vn -0.1060 0.8583 0.5022
vn -0.0183 0.6674 -0.7444
vn 0.5955 -0.5229 -0.6099
vn -0.0550 0.9459 0.3196
vn 0.7973 0.0023 -0.6036
vn -0.3038 0.5450 -0.7814
vn 0.2943 -0.8196 -0.4916
vn 0.7927 0.6001 0.1077
vn 0.8670 0.4778 0.1411
vn 0.5601 0.2537 0.7886
vn 0.7090 0.1714 0.6841
vn -0.7030 -0.4791 0.5256
vn -0.7254 -0.2967 0.6212
vn -0.1961 -0.5830 0.7885
vn -0.5329 -0.0422 -0.8451
vn -0.6093 -0.5109 -0.6065
vn -0.6634 -0.1434 -0.7344
vn -0.7185 -0.1254 -0.6842
vn 0.5082 0.4581 -0.7293
vn 0.6973 0.4331 -0.5712
vn 0.5691 0.5989 -0.5633
vn 0.5541 0.4796 -0.6804
vn 0.6575 0.4688 -0.5899
vn -0.8360 -0.5258 -0.1569
vn -0.8527 -0.5224 0.0035
vn -0.4978 -0.2183 -0.8394
vn 0.8223 0.5451 0.1630
vn 0.8224 0.5451 0.1630
vn 0.8223 0.5452 0.1631
vn -0.6541 -0.5248 0.5447
vn -0.7519 -0.3630 0.5504
vn -0.6076 -0.3224 0.7259
vn -0.2617 0.3620 -0.8947
vn -0.7091 0.0826 -0.7003
vn -0.4305 -0.5121 0.7432
vn -0.5485 -0.5534 0.6268
vn -0.4483 -0.4907 0.7472
vn -0.4492 -0.4942 0.7443
vn -0.4484 -0.4913 0.7467
vn 0.8929 0.4387 0.1013
vn 0.5670 0.4376 -0.6979
vn 0.2896 0.4762 -0.8303
vn -0.9264 -0.3742 -0.0429
vn -0.7482 0.5601 -0.3556
vn 0.4192 0.8953 0.1505
vn 0.6472 -0.0055 0.7623
vn -0.0443 0.9552 0.2925
vn -0.2712 0.2462 -0.9305
vn -0.6595 -0.3506 -0.6649
vn 0.4721 0.3006 0.8287
vn 0.5860 -0.1519 0.7960
vn 0.5274 0.2514 0.8116
vn -0.6260 0.1175 -0.7709
vn -0.9144 0.3285 0.2364
vn -0.1963 0.9780 -0.0700
vn 0.0566 0.9892 0.1353
vn -0.5900 0.5939 0.5470
vn 0.4938 0.8640 0.0981
vn -0.7685 0.5618 -0.3061
vn -0.7162 0.6979 0.0046
vn -0.0155 0.5824 0.8128
vn -0.2397 0.7126 0.6594
vn 0.6121 0.5280 -0.5887
vn 0.6081 0.5622 -0.5605
vn 0.7220 0.2757 -0.6346
vn -0.5957 -0.6081 0.5247
vn -0.5058 -0.3872 0.7709
vn -0.5710 -0.6607 0.4872
vn 0.3509 0.5350 -0.7685
vn -0.9970 -0.0126 0.0765
vn 0.4962 -0.8485 -0.1838
vn 0.5453 -0.7976 -0.2579
vn 0.5648 -0.8064 -0.1750
vn 0.8696 0.4721 -0.1447
vn 0.8743 0.4649 -0.1392
vn 0.8659 0.4776 -0.1489
vn -0.7622 -0.2280 -0.6059
vn -0.3465 -0.3979 0.8495
vn 0.6016 0.4916 -0.6296
vn 0.2215 -0.0371 0.9744
vn 0.2209 -0.0384 0.9745
vn 0.2228 -0.0345 0.9743
vn 0.7759 0.0239 0.6304
vn 0.7799 0.0239 0.6255
vn 0.7878 0.0239 0.6154
vn 0.4829 -0.0036 0.8757
vn 0.5282 0.0756 0.8458
vn 0.4507 -0.0555 0.8909
vn 0.9378 0.2787 -0.2070
vn 0.9409 0.2867 -0.1802
vn 0.9438 0.2964 -0.1464
vn -0.6770 0.0158 -0.7358
vn -0.7371 -0.0976 -0.6687
vn -0.7631 -0.1578 -0.6267
vn -0.4027 -0.5262 0.7490
vn -0.4493 -0.4946 0.7439
vn -0.5784 0.1286 -0.8056
vn -0.6640 0.1245 -0.7373
vn -0.3942 0.1322 -0.9095
vn -0.4736 -0.5200 0.7108
vn -0.4730 -0.5141 0.7155
vn -0.4710 -0.4953 0.7300
vn -0.5115 -0.3734 0.7739
vn -0.5259 -0.3692 0.7662
vn -0.5590 -0.3590 0.7474
vn -0.5209 -0.1455 -0.8411
vn -0.5299 -0.0887 -0.8434
vn -0.5165 -0.1699 -0.8393
vn 0.8402 0.5161 -0.1661
vn -0.6468 -0.2254 -0.7286
vn -0.9105 -0.4018 0.0977
vn -0.4137 -0.0874 -0.9062
vn 0.4215 0.0721 0.9040
vn 0.4213 0.0500 0.9056
vn 0.4203 0.0099 0.9073
vn -0.9221 -0.3449 -0.1752
vn 0.8227 0.5644 0.0678
vn 0.8710 0.4822 0.0942
vn 0.8710 0.4823 0.0937
vn 0.8712 0.4808 0.0989
vn -0.0070 0.3177 -0.9482
vn 0.6994 -0.6596 -0.2752
vn 0.6954 -0.6729 -0.2523
vn 0.6995 -0.6584 -0.2778
vn -0.0675 -0.5695 0.8192
vn 0.2198 -0.9519 -0.2133
vn 0.1009 -0.8991 -0.4259
vn 0.0348 -0.9934 -0.1090
vn -0.8595 0.5111 0.0079
vn -0.8444 0.4939 0.2075
vn -0.8138 0.4703 0.3414
vn -0.2360 0.9594 0.1543
vn -0.3631 0.8797 0.3069
vn -0.1576 0.9855 0.0629
vn 0.0428 -0.5197 0.8533
vn 0.3465 -0.5090 -0.7880
vn 0.4300 -0.5811 -0.6910
vn 0.4631 -0.6082 -0.6447
vn 0.4614 -0.8613 -0.2125
vn 0.3823 -0.9217 -0.0653
vn 0.4923 -0.8254 -0.2765
vn 0.3834 -0.7552 0.5316
vn 0.4146 -0.6130 0.6725
vn 0.4234 -0.5377 0.7291
vn 0.0207 -0.6755 0.7370
vn -0.2428 0.6469 -0.7229
vn -0.1069 0.6212 -0.7763
vn -0.0472 0.6058 -0.7942
vn -0.3420 0.5454 -0.7652
vn -0.6746 0.5634 0.4770
vn -0.2518 0.7610 -0.5979
vn -0.2556 0.7501 -0.6099
vn -0.2508 0.7639 -0.5946
vn -0.1484 0.4660 -0.8722
vn 0.4451 -0.6753 -0.5881
vn 0.5028 -0.6450 -0.5755
vn 0.2506 -0.7510 -0.6108
vn 0.5379 -0.6485 -0.5386
vn 0.5740 -0.5826 -0.5754
vn 0.5987 -0.5300 -0.6005
vn -0.4318 0.8736 0.2247
vn -0.3896 0.8840 0.2586
vn -0.4615 0.8644 0.1997
vn -0.3313 0.8057 0.4911
vn -0.3213 0.9173 0.2353
vn -0.3181 0.9265 0.2010
vn -0.4463 0.8205 0.3571
vn -0.4285 0.8347 0.3458
vn -0.4750 0.7960 0.3753
vn -0.6026 0.7352 0.3104
vn -0.6394 0.7345 0.2274
vn -0.5701 0.7316 0.3738
vn 0.5800 0.8023 -0.1414
vn -0.9774 -0.0388 0.2078
vn -0.9771 -0.0386 0.2091
vn -0.9612 -0.0279 0.2745
vn -0.3917 0.8990 -0.1959
vn -0.9242 -0.3742 -0.0766
vn -0.9338 -0.3493 -0.0774
vn -0.8816 -0.4662 -0.0731
vn -0.8464 -0.5130 0.1430
vn -0.8444 -0.5183 0.1355
vn -0.8381 -0.5335 0.1136
vn 0.9922 -0.0125 -0.1237
vn 0.9914 0.1094 0.0725
vn 0.9672 -0.0860 -0.2392
vn 0.7772 0.4466 -0.4433
vn 0.5986 0.7827 -0.1703
vn 0.5901 0.7913 -0.1602
vn 0.6513 0.7083 -0.2724
vn -0.7479 -0.5228 0.4091
vn -0.6943 0.3760 0.6137
vn 0.1399 -0.7622 -0.6320
vn 0.2164 -0.8087 -0.5470
vn 0.2773 -0.8379 -0.4702
vn 0.0763 -0.8842 -0.4608
vn 0.0545 -0.8727 -0.4852
vn -0.0217 -0.6427 0.7658
vn -0.0501 -0.6808 0.7308
vn -0.0697 -0.7058 0.7050
vn -0.0218 -0.7476 0.6638
vn 0.0526 -0.8724 0.4859
vn -0.0415 -0.7076 0.7054
vn 0.2691 0.0040 -0.9631
vn -0.1542 0.2706 -0.9503
vn -0.1817 0.2864 -0.9407
vn -0.6590 0.6774 -0.3269
vn -0.5943 0.6291 -0.5011
vn -0.6616 0.6792 -0.3179
vn -0.0695 0.8879 0.4548
vn -0.0824 0.6294 -0.7727
vn -0.0384 0.6999 -0.7132
vn 0.3578 -0.6589 -0.6617
vn 0.3474 -0.6782 -0.6476
vn 0.3442 -0.6821 -0.6452
vn 0.3551 -0.6668 -0.6552
vn 0.3509 -0.6658 -0.6585
vn -0.0351 -0.8461 -0.5319
vn -0.6564 -0.6953 0.2928
vn -0.5885 -0.7842 0.1966
vn -0.5761 -0.7972 0.1804
vn 0.7088 -0.5869 -0.3913
vn 0.6049 -0.5196 -0.6034
vn 0.5935 -0.5118 -0.6211
vn 0.2390 -0.9169 -0.3197
vn 0.1378 -0.8768 -0.4607
vn 0.0933 -0.8512 -0.5164
vn 0.6947 -0.6702 -0.2610
vn 0.6976 -0.6681 -0.2590
vn 0.2726 -0.7834 -0.5585
vn 0.2906 -0.8179 -0.4967
vn 0.2930 -0.8225 -0.4875
vn -0.1313 -0.0357 0.9907
vn -0.0623 -0.1792 0.9818
vn -0.1356 -0.0264 0.9904
vn 0.1832 -0.8818 0.4346
vn 0.1814 -0.8489 0.4965
vn 0.1812 -0.8467 0.5002
vn -0.2335 0.8661 0.4420
vn 0.7727 0.4870 -0.4072
vn 0.7936 0.1911 -0.5777
vn 0.7687 0.5025 -0.3958
vn 0.5720 0.8141 -0.1002
vn 0.5573 0.8261 -0.0828
vn -0.7939 -0.4664 0.3902
vn -0.2561 0.6268 -0.7359
vn -0.2424 0.6188 -0.7472
vn -0.2398 0.6173 -0.7493
vn -0.1186 0.2776 -0.9534
vn -0.0869 0.3696 -0.9251
vn -0.1424 0.2041 -0.9685
vn 0.2247 -0.8123 -0.5383
vn 0.2122 -0.8238 -0.5257
vn 0.2074 -0.8281 -0.5208
vn -0.2738 0.6294 -0.7272
vn 0.4079 -0.6893 -0.5987
vn 0.8714 0.4892 0.0369
vn 0.8383 0.5423 -0.0566
vn 0.8800 0.4700 0.0683
vn 0.8710 0.4824 0.0935
vn 0.4634 -0.0055 0.8861
vn 0.4277 0.0030 0.9039
vn 0.5035 -0.0152 0.8638
vn 0.3703 0.0602 0.9269
vn -0.6907 -0.4401 0.5737
vn -0.6936 -0.3760 0.6145
vn -0.6925 -0.3106 0.6511
vn 0.4383 0.2807 0.8539
vn 0.5816 0.1713 0.7952
vn -0.4613 -0.5000 0.7330
vn -0.7939 -0.5791 -0.1855
vn -0.8066 -0.5568 -0.1985
vn -0.7616 -0.6294 -0.1547
vn -0.5301 -0.2705 0.8036
vn -0.8678 -0.4949 0.0439
vn -0.8645 -0.5002 0.0483
vn -0.8529 -0.5182 0.0634
vn -0.8441 -0.5354 -0.0298
vn -0.8450 -0.5340 -0.0300
vn -0.8389 -0.5435 -0.0287
vn 0.5705 0.4461 -0.6895
vn 0.5643 0.4622 -0.6841
vn 0.5488 0.4995 -0.6703
vn -0.3647 0.1077 -0.9249
vn 0.5981 0.5590 -0.5743
vn 0.3500 0.5110 -0.7851
vn 0.4449 0.2900 -0.8473
vn 0.3296 0.3255 -0.8862
vn -0.8685 -0.4698 -0.1578
vn -0.8693 -0.4705 -0.1517
vn -0.8659 -0.4725 -0.1642
vn 0.4798 0.4282 -0.7658
vn -0.8363 -0.5303 0.1394
vn -0.8339 -0.5377 0.1244
vn -0.8380 -0.5245 0.1506
vn -0.8710 -0.4687 -0.1473
vn -0.8645 -0.4781 -0.1554
vn 0.3694 0.2633 0.8912
vn 0.3435 0.3327 0.8783
vn 0.3306 0.3646 0.8705
vn 0.3796 0.2372 0.8942
vn 0.4104 0.2197 0.8850
vn 0.2240 0.3171 0.9215
vn 0.5843 0.0574 0.8095
vn -0.5352 0.0425 -0.8437
vn -0.5048 0.0468 -0.8620
vn -0.6096 0.0311 -0.7921
vn 0.7564 0.1648 0.6330
vn -0.7312 -0.1629 -0.6624
vn -0.7313 -0.1716 -0.6601
vn -0.7308 -0.2101 -0.6494
vn 0.9021 0.4242 0.0793
vn 0.9413 0.3375 -0.0016
vn 0.8333 0.5231 0.1787
vn -0.4726 -0.2406 -0.8478
vn -0.6283 -0.1084 -0.7704
vn 0.8479 0.5189 0.1088
vn 0.7671 0.6391 0.0550
vn 0.7245 0.6887 0.0302
vn 0.8921 0.4441 -0.0834
vn 0.8957 0.4380 -0.0764
vn 0.8725 0.4739 -0.1190
vn 0.7926 0.6032 -0.0886
vn -0.4866 -0.5907 0.6437
vn -0.4904 -0.5887 0.6426
vn -0.4430 -0.6127 0.6545
vn -0.6286 -0.4665 0.6223
vn -0.5254 0.3776 -0.7625
vn -0.4667 0.0976 -0.8790
vn -0.5710 0.1877 -0.7992
vn 0.9854 0.1704 0.0032
vn 0.9795 0.2002 -0.0201
vn 0.9898 0.1397 0.0270
vn 0.8644 0.5025 0.0196
vn 0.8810 0.4648 -0.0887
vn 0.8841 0.4490 -0.1290
vn 0.8706 0.4901 -0.0436
vn 0.8832 0.4686 -0.0218
vn 0.8567 0.5116 -0.0658
vn 0.5643 0.6111 -0.5550
vn 0.5402 0.5937 -0.5963
vn 0.5248 0.5823 -0.6209
vn 0.1935 0.5770 -0.7935
vn 0.2322 0.5767 -0.7833
vn 0.1810 0.5769 -0.7965
vn -0.9315 -0.3630 0.0242
vn -0.9544 -0.2973 -0.0269
vn -0.9748 -0.1998 -0.0995
vn 0.6227 0.5562 -0.5504
vn -0.7265 -0.6826 -0.0797
vn -0.9070 -0.4210 -0.0099
vn 0.5663 0.1130 0.8164
vn 0.5299 0.0565 0.8462
vn 0.5822 0.1391 0.8010
vn -0.8508 -0.5220 -0.0607
vn -0.8947 -0.4327 0.1110
vn 0.6378 -0.1248 0.7601
vn 0.6365 -0.1284 0.7605
vn 0.6396 -0.1197 0.7594
vn 0.7264 0.1325 0.6744
vn 0.5446 -0.0961 0.8332
vn 0.6939 0.2264 0.6835
vn -0.8472 0.5241 0.0867
vn -0.7305 0.5869 0.3491
vn -0.7364 0.5719 0.3614
vn 0.5280 0.6541 -0.5416
vn 0.5923 0.6020 -0.5355
vn 0.6656 0.5324 -0.5230
vn 0.4072 0.8458 -0.3447
vn 0.2728 0.9618 0.0244
vn 0.3963 0.9162 -0.0596
vn 0.2230 0.9732 0.0570
vn -0.1333 0.9184 0.3726
vn -0.1742 0.9338 0.3126
vn -0.1233 0.9138 0.3869
vn 0.6209 -0.1504 0.7693
vn -0.1237 0.8256 0.5505
vn -0.0414 0.9813 0.1882
vn -0.0348 0.9866 0.1593
vn 0.2045 0.7177 -0.6656
vn 0.1842 0.7285 -0.6598
vn 0.2825 0.6718 -0.6847
vn 0.3648 0.5076 -0.7805
vn 0.3682 0.4833 -0.7943
vn 0.3583 0.5493 -0.7549
vn 0.2172 0.4422 -0.8702
vn -0.3929 -0.5480 0.7385
vn -0.3919 -0.5234 0.7566
vn -0.3891 -0.4753 0.7891
vn -0.6267 -0.3306 0.7056
vn -0.6269 -0.3311 0.7053
vn -0.6120 -0.2936 0.7343
vn -0.1751 -0.3046 0.9362
vn 0.7313 0.6566 0.1848
vn 0.7184 0.6728 0.1765
vn 0.6429 0.7548 0.1302
vn -0.5235 -0.1190 0.8437
vn 0.9030 0.4247 0.0653
vn 0.6781 0.7341 -0.0367
vn 0.6947 0.7186 -0.0300
vn 0.7365 0.6763 -0.0125
vn -0.8616 -0.5075 0.0016
vn -0.8786 -0.4775 -0.0045
vn -0.8382 -0.5453 0.0094
vn -0.2419 -0.0939 -0.9657
vn -0.3784 0.0987 -0.9204
vn -0.3772 0.0977 -0.9210
vn -0.3717 0.0932 -0.9236
vn -0.9359 -0.3403 0.0908
vn -0.4283 0.8285 0.3609
vn -0.2838 0.8669 0.4097
vn -0.4809 0.8083 0.3398
vn 0.3223 0.5377 0.7791
vn -0.8073 0.5654 0.1691
vn -0.8183 0.5529 0.1571
vn -0.8240 0.5462 0.1507
vn -0.4721 0.6900 0.5486
vn -0.1434 0.9542 -0.2626
vn -0.1435 0.9542 -0.2626
vn -0.1436 0.9542 -0.2626
vn -0.6300 0.7243 0.2801
vn -0.6224 0.6417 0.4482
vn -0.6130 0.6177 0.4926
vn -0.6265 0.6531 0.4255
vn 0.2645 0.9581 0.1101
vn -0.1095 0.9734 0.2011
vn -0.6404 0.0228 0.7677
vn -0.8263 0.3869 0.4093
vn -0.8259 0.4244 0.3711
vn -0.8254 0.3626 0.4327
vn -0.0258 0.8588 -0.5117
vn 0.1407 0.8166 -0.5599
vn 0.2482 0.7744 -0.5819
vn -0.9765 0.1338 0.1692
vn -0.9964 -0.0630 0.0570
vn 0.3632 0.8036 -0.4716
vn 0.3835 0.7942 -0.4713
vn 0.3947 0.7889 -0.4711
vn -0.6622 0.1237 0.7391
vn -0.6113 0.0397 0.7904
vn -0.6820 0.1603 0.7135
vn -0.7383 0.3807 -0.5568
vn -0.7514 0.1770 -0.6357
vn -0.7151 0.4886 -0.5000
vn -0.8752 0.2097 0.4359
vn 0.2141 0.9756 0.0477
vn 0.4099 0.8815 0.2343
vn -0.8644 -0.4774 -0.1579
vn -0.8653 -0.4810 -0.1407
vn -0.5715 0.5953 -0.5648
vn -0.7290 0.6429 -0.2351
vn -0.6296 0.6894 -0.3583
vn -0.1806 0.7559 0.6292
vn 0.5189 0.4160 -0.7468
vn -0.3181 -0.2816 -0.9053
vn -0.8812 -0.4637 0.0920
vn -0.8736 -0.4754 0.1039
vn -0.8620 -0.4922 0.1213
vn -0.6428 -0.5237 0.5591
vn -0.6446 -0.5022 0.5764
vn -0.6290 -0.6136 0.4773
vn -0.7887 -0.6135 0.0404
vn 0.5767 0.3584 0.7342
vn 0.5646 0.4086 0.7172
vn 0.5445 0.4778 0.6894
vn 0.7043 0.1498 0.6939
vn 0.9152 0.4029 -0.0101
vn 0.7652 0.6437 -0.0072
vn 0.7821 0.6223 -0.0327
vn 0.6172 -0.7856 0.0443
vn 0.5466 -0.8269 -0.1323
vn -0.0943 -0.9830 -0.1573
vn 0.5069 -0.8337 -0.2191
vn 0.1409 -0.7282 -0.6707
vn 0.6613 -0.6735 -0.3302
vn 0.5898 -0.7746 -0.2285
vn 0.6225 -0.7517 -0.2176
vn 0.8780 0.4593 -0.1349
vn 0.2175 -0.0455 0.9750
vn 0.7686 0.0239 0.6393
vn 0.5535 0.1237 0.8236
vn 0.9334 0.2696 -0.2368
vn -0.6546 0.0523 -0.7542
vn -0.8167 0.1111 -0.5663
vn -0.4747 -0.5322 0.7010
vn -0.4828 -0.3813 0.7884
vn -0.5372 -0.0306 -0.8429
vn 0.4214 0.1093 0.9002
vn -0.8472 0.5101 -0.1487
vn -0.4160 0.8296 0.3724
vn 0.3277 -0.4922 -0.8064
vn 0.3537 -0.9352 -0.0166
vn 0.0038 0.0577 0.9983
vn 0.3637 -0.8104 0.4594
vn -0.2771 0.6512 -0.7065
vn -0.2563 0.7481 -0.6122
vn 0.6628 -0.5367 -0.5221
vn 0.5168 -0.6823 -0.5171
vn -0.3387 0.8927 0.2973
vn -0.3309 0.7919 0.5133
vn -0.3984 0.8571 0.3265
vn -0.6754 0.7261 0.1292
vn -0.9892 -0.0498 0.1375
vn -0.9622 -0.2606 -0.0797
vn -0.8529 -0.4937 0.1697
vn 0.9510 0.2054 0.2312
vn 0.7862 0.4179 -0.4553
vn 0.0589 -0.7022 -0.7095
vn 0.0008 -0.6110 0.7916
vn 0.0753 -0.9020 0.4251
vn 0.2852 -0.0071 -0.9584
vn -0.5917 0.6270 -0.5067
vn -0.6640 -0.6829 0.3045
vn 0.7170 -0.5917 -0.3686
vn 0.2568 -0.9211 -0.2927
vn 0.2684 -0.7751 -0.5719
vn 0.2845 -0.3829 0.8789
vn 0.4154 -0.5445 0.7287
vn -0.0540 -0.1961 0.9791
vn 0.1834 -0.8857 0.4265
vn 0.7901 0.1559 -0.5929
vn -0.2580 0.6279 -0.7343
vn -0.0698 0.4167 -0.9063
vn 0.2289 -0.8083 -0.5425
vn 0.8266 0.5565 -0.0838
vn 0.3961 0.0103 0.9181
vn -0.6810 -0.5203 0.5154
vn -0.8304 -0.5101 -0.2243
vn -0.8759 -0.4815 0.0328
vn -0.8496 -0.5265 -0.0310
vn 0.5823 0.4141 -0.6996
vn -0.8318 -0.5437 0.1124
vn 0.3749 0.2475 0.8934
vn 0.5450 0.1353 0.8274
vn -0.4588 0.0531 -0.8870
vn -0.7298 -0.1155 -0.6738
vn 0.9506 0.3093 -0.0270
vn 0.9022 0.4029 0.1540
vn 0.9071 0.4176 -0.0528
vn -0.5470 -0.5567 0.6253
vn 0.9743 0.2223 -0.0376
vn 0.8539 0.5164 0.0654
vn 0.8899 0.4561 -0.0094
vn 0.5729 0.6172 -0.5393
vn 0.2466 0.5763 -0.7791
vn -0.9157 -0.3984 0.0525
vn 0.5082 0.0247 0.8609
vn 0.6352 -0.1321 0.7610
vn 0.4694 0.6956 -0.5438
vn 0.4583 0.8827 -0.1039
vn -0.1898 0.9384 0.2889
vn -0.1288 0.8093 0.5731
vn 0.1119 0.7632 -0.6363
vn 0.3754 0.4198 -0.8264
vn -0.3936 -0.6142 0.6840
vn -0.6504 -0.3986 0.6466
vn 0.7804 0.5861 0.2181
vn 0.6220 0.7809 -0.0579
vn -0.8985 -0.4389 -0.0121
vn -0.3887 0.1073 -0.9151
vn -0.2174 0.8772 0.4282
vn -0.8037 0.5694 0.1730
vn -0.1432 0.9542 -0.2627
vn -0.6084 0.6068 0.5114
vn -0.8253 0.4359 0.3591
vn -0.1497 0.8725 -0.4652
vn 0.3465 0.8109 -0.4716
vn -0.5894 0.0068 0.8078
vn -0.7425 0.0545 -0.6676
vn -0.8671 -0.4698 -0.1655
vn -0.8960 -0.4390 0.0671
vn -0.6460 -0.3877 0.6575
vn 0.5909 0.2857 0.7545
vn -0.0422 -0.9297 -0.3658
vn 0.5185 -0.8465 -0.1211
vn 0.3279 -0.9446 -0.0121
vn 0.6867 -0.6812 -0.2538
s 1
usemtl Material.097
f 3642//8655 3419//8655 3542//8655
f 3487//8656 3422//8656 3639//8656
f 3490//8657 3479//8657 3638//8657
f 3494//8658 3503//8658 3501//8658
f 3486//8659 3496//8659 3494//8659
f 3607//8660 3424//8660 3491//8660
f 3636//8661 3493//8661 3482//8661
f 3504//8662 3500//8662 3635//8662
f 3505//8663 3498//8663 3491//8663
f 3633//8664 3427//8664 3499//8664
f 3511//8665 3462//8665 3632//8665
f 3442//8666 3521//8666 3622//8666
f 3617//8667 3465//8667 3522//8667
f 3506//8668 3429//8668 3523//8668
f 3448//8669 3540//8669 3487//8669
f 3534//8670 3449//8670 3480//8670
f 3527//8671 3541//8671 3490//8671
f 3547//8672 3452//8672 3417//8672
f 3550//8673 3458//8673 3545//8673
f 3610//8674 3457//8674 3481//8674
f 3551//8675 3456//8675 3610//8675
f 3641//8676 3543//8676 3608//8676
f 3603//8677 3514//8677 3605//8677
f 3575//8678 3569//8678 3599//8678
f 3599//8679 3472//8679 3597//8679
f 3596//8680 3578//8680 3474//8680
f 3475//8681 3594//8681 3595//8681
f 3593//8682 3579//8682 3577//8682
f 3468//8683 3588//8683 3591//8683
f 3467//8684 3586//8684 3598//8684
f 3472//8685 3569//8686 3582//8687
f 3568//8688 3579//8688 3593//8688
f 3588//8689 3594//8689 3475//8689
f 3584//8690 3476//8690 3575//8690
f 3596//8691 3474//8691 3581//8691
f 3597//8692 3472//8692 3568//8692
f 3461//8693 3444//8693 3571//8693
f 3431//8694 3573//8694 3557//8694
f 3599//8695 3569//8695 3472//8695
f 3433//8696 3599//8696 3435//8696
f 3555//8697 3574//8697 3572//8697
f 3443//8698 3559//8698 3556//8698
f 3603//8699 3515//8699 3514//8699
f 3432//8700 3605//8700 3564//8700
f 3556//8701 3560//8701 3552//8701
f 3554//8702 3564//8702 3563//8702
f 3606//8703 3453//8703 3454//8703
f 3607//8704 3454//8704 3418//8704
f 3453//8705 3608//8705 3454//8705
f 3453//8706 3641//8706 3608//8706
f 3610//8707 3456//8707 3457//8707
f 3543//8708 3551//8708 3610//8708
f 3420//8709 3481//8709 3482//8709
f 3545//8710 3546//8710 3548//8710
f 3459//8711 3545//8711 3548//8711
f 3485//8712 3548//8712 3486//8712
f 3459//8713 3548//8713 3485//8713
f 3422//8714 3638//8714 3546//8714
f 3547//8715 3417//8715 3489//8715
f 3541//8716 3528//8716 3530//8716
f 3527//8717 3528//8717 3541//8717
f 3490//8718 3541//8718 3479//8718
f 3533//8719 3611//8719 3532//8719
f 3615//8720 3612//8720 3484//8720
f 3487//8721 3527//8721 3422//8721
f 3614//8722 3449//8723 3534//8724
f 3419//8724 3614//8722 3534//8724
f 3447//8725 3537//8725 3531//8725
f 3615//8726 3537//8726 3447//8726
f 3509//8727 3615//8727 3483//8727
f 3525//8728 3437//8728 3438//8728
f 3630//8729 3430//8729 3616//8729
f 3617//8730 3440//8730 3465//8730
f 3618//8731 3617//8731 3442//8731
f 3618//8732 3439//8733 3617//8734
f 3506//8735 3523//8735 3508//8735
f 3517//8736 3620//8736 3463//8736
f 3640//8737 3438//8737 3621//8737
f 3442//8738 3617//8738 3521//8738
f 3515//8739 3625//8739 3514//8739
f 3510//8740 3434//8740 3626//8740
f 3520//8741 3512//8741 3440//8741
f 3627//8742 3468//8742 3573//8742
f 3528//8743 3630//8743 3438//8743
f 3532//8744 3630//8744 3613//8744
f 3631//8745 3508//8745 3516//8745
f 3450//8746 3631//8746 3451//8746
f 3450//8747 3508//8747 3631//8747
f 3526//8748 3632//8748 3437//8748
f 3636//8749 3634//8749 3504//8749
f 3423//8750 3426//8750 3637//8750
f 3423//8751 3491//8751 3426//8751
f 3482//8752 3495//8752 3420//8752
f 3417//8753 3607//8753 3423//8753
f 3486//8754 3497//8754 3485//8754
f 3425//8755 3494//8755 3428//8755
f 3418//8756 3495//8756 3424//8756
f 3420//8757 3495//8757 3418//8757
f 3638//8758 3479//8758 3452//8758
f 3640//8759 3429//8759 3529//8759
f 3528//8760 3640//8760 3529//8760
f 3543//8761 3483//8761 3551//8761
f 3509//8762 3483//8762 3543//8762
f 3483//8763 3615//8763 3544//8763
f 3528//8764 3438//8764 3640//8764
f 3636//8765 3497//8765 3425//8765
f 3426//8766 3427//8767 3428//8768
f 3506//8769 3529//8770 3429//8771
f 3630//8772 3532//8772 3430//8772
f 3538//8773 3631//8773 3516//8773
f 3632//8774 3462//8774 3434//8774
f 3641//8775 3509//8776 3543//8777
f 3445//8778 3623//8779 3523//8780
f 3520//8781 3518//8782 3466//8783
f 3463//8784 3619//8785 3517//8786
f 3616//8787 3436//8788 3525//8789
f 3516//8790 3439//8790 3618//8790
f 3617//8734 3439//8733 3440//8791
f 3526//8792 3436//8793 3522//8794
f 3537//8795 3509//8796 3536//8797
f 3451//8798 3537//8799 3536//8800
f 3546//8801 3458//8802 3422//8803
f 3530//8804 3446//8804 3539//8804
f 3533//8805 3532//8805 3613//8805
f 3612//8806 3615//8806 3447//8806
f 3548//8807 3546//8807 3488//8807
f 3455//8808 3609//8809 3608//8810
f 3549//8811 3459//8811 3485//8811
f 3607//8812 3606//8812 3454//8812
f 3606//8813 3642//8814 3453//8815
f 3556//8816 3463//8816 3513//8816
f 3524//8817 3566//8818 3466//8819
f 3565//8820 3465//8820 3602//8820
f 3601//8821 3558//8821 3522//8821
f 3600//8822 3597//8822 3568//8822
f 3576//8823 3473//8823 3570//8823
f 3580//8824 3579//8825 3582//8826
f 3580//8827 3575//8828 3476//8829
f 3591//8830 3588//8830 3475//8830
f 3470//8831 3590//8832 3589//8833
f 3590//8834 3473//8835 3477//8836
f 3591//8837 3473//8838 3468//8839
f 3591//8840 3475//8840 3477//8840
f 3586//8841 3471//8842 3598//8843
f 3583//8844 3586//8844 3578//8844
f 3582//8687 3569//8686 3580//8845
f 3587//8846 3470//8847 3592//8848
f 3470//8849 3589//8849 3592//8849
f 3476//8850 3593//8851 3577//8852
f 3469//8853 3593//8854 3584//8855
f 3588//8856 3627//8857 3594//8858
f 3587//8859 3627//8860 3572//8861
f 3474//8862 3586//8863 3585//8864
f 3586//8865 3567//8866 3585//8867
f 3575//8868 3469//8868 3584//8868
f 3587//8869 3595//8870 3594//8871
f 3476//8872 3577//8872 3580//8872
f 3589//8873 3595//8874 3592//8875
f 3595//8876 3477//8877 3475//8878
f 3596//8879 3478//8880 3583//8881
f 3433//8882 3469//8883 3575//8884
f 3583//8885 3578//8885 3596//8885
f 3554//8886 3435//8886 3597//8886
f 3435//8887 3599//8887 3597//8887
f 3570//8888 3574//8889 3576//8890
f 3558//8891 3576//8891 3574//8891
f 3558//8892 3441//8892 3576//8892
f 3468//8893 3576//8894 3573//8895
f 3576//8896 3557//8897 3573//8898
f 3443//8899 3598//8900 3471//8901
f 3598//8902 3552//8903 3467//8904
f 3433//8905 3575//8905 3599//8905
f 3572//8906 3574//8906 3470//8906
f 3555//8907 3558//8907 3574//8907
f 3600//8908 3432//8909 3554//8910
f 3469//8911 3600//8908 3568//8912
f 3554//8913 3597//8913 3600//8913
f 3582//8914 3568//8915 3472//8916
f 3524//8917 3556//8918 3559//8919
f 3522//8920 3565//8921 3601//8922
f 3444//8923 3566//8818 3559//8924
f 3601//8925 3441//8926 3558//8927
f 3562//8928 3557//8929 3602//8930
f 3557//8931 3565//8932 3602//8933
f 3433//8934 3435//8934 3603//8934
f 3462//8935 3605//8936 3514//8937
f 3605//8938 3433//8882 3603//8939
f 3435//8940 3554//8940 3563//8940
f 3560//8941 3513//8942 3510//8943
f 3522//8944 3561//8945 3511//8946
f 3462//8947 3563//8948 3564//8949
f 3558//8950 3555//8950 3561//8950
f 3554//8951 3432//8951 3564//8951
f 3606//8952 3417//8953 3452//8954
f 3452//8955 3642//8814 3606//8813
f 3420//8956 3609//8957 3481//8958
f 3608//8959 3543//8959 3455//8959
f 3457//8960 3482//8961 3481//8962
f 3418//8963 3454//8963 3609//8963
f 3454//8964 3608//8964 3609//8964
f 3455//8965 3543//8965 3610//8965
f 3459//8966 3550//8967 3545//8968
f 3481//8969 3455//8969 3610//8969
f 3549//8970 3456//8971 3550//8972
f 3485//8973 3457//8974 3549//8975
f 3446//8976 3528//8977 3529//8978
f 3486//8979 3548//8979 3488//8979
f 3547//8980 3638//8980 3452//8980
f 3546//8981 3638//8981 3547//8981
f 3488//8982 3547//8982 3489//8982
f 3488//8983 3546//8983 3547//8983
f 3533//8984 3612//8985 3611//8986
f 3422//8987 3527//8987 3490//8987
f 3611//8988 3447//8989 3531//8990
f 3448//8991 3484//8992 3612//8985
f 3451//8993 3535//8994 3450//8995
f 3449//8996 3509//8997 3480//8998
f 3449//8999 3535//8999 3536//8999
f 3528//9000 3540//9001 3613//9002
f 3480//9003 3419//9003 3534//9003
f 3533//9004 3540//9005 3448//9006
f 3535//9007 3539//9008 3450//9009
f 3527//9010 3487//9010 3540//9010
f 3639//9011 3448//9011 3487//9011
f 3535//9012 3614//9013 3530//9014
f 3614//9015 3479//9016 3541//9017
f 3614//9018 3541//9018 3530//9018
f 3618//9019 3507//9020 3516//9021
f 3531//9022 3537//9022 3538//9022
f 3525//9023 3526//9023 3437//9023
f 3616//9024 3525//9024 3438//9024
f 3438//9025 3630//9025 3616//9025
f 3466//9026 3619//9027 3524//9028
f 3619//9029 3445//9030 3523//9031
f 3619//9032 3429//9033 3517//9034
f 3429//9035 3620//9036 3517//9037
f 3620//9038 3438//9039 3437//9040
f 3521//9041 3430//9042 3622//9043
f 3640//9044 3621//9044 3429//9044
f 3436//9045 3617//9045 3522//9045
f 3521//9046 3617//9046 3436//9046
f 3440//9047 3519//9048 3520//9049
f 3430//9050 3507//9050 3622//9050
f 3507//9051 3442//9051 3622//9051
f 3439//9052 3623//9053 3519//9054
f 3445//9055 3518//9055 3519//9055
f 3508//9056 3623//9056 3516//9056
f 3508//9057 3523//9057 3623//9057
f 3571//9058 3567//9058 3467//9058
f 3552//9059 3571//9059 3467//9059
f 3552//9060 3461//9060 3571//9060
f 3624//9061 3462//9062 3514//9063
f 3624//9064 3514//9064 3625//9064
f 3626//9065 3460//9066 3510//9067
f 3573//9068 3553//9069 3627//9070
f 3466//9071 3460//9071 3520//9071
f 3572//9072 3553//9073 3555//9074
f 3510//9075 3632//9076 3434//9077
f 3632//9078 3463//9079 3620//9080
f 3620//9081 3437//9081 3632//9081
f 3602//9082 3440//9083 3628//9084
f 3507//9085 3538//9086 3516//9087
f 3440//9088 3512//9088 3628//9088
f 3508//9089 3539//9090 3629//9091
f 3451//9092 3631//9092 3538//9092
f 3629//9093 3506//9093 3508//9093
f 3629//9094 3446//9095 3529//9096
f 3507//9097 3532//9098 3531//9099
f 3613//9100 3630//9100 3528//9100
f 3632//9101 3522//9102 3511//9103
f 3611//9104 3531//9104 3532//9104
f 3633//9105 3424//9106 3492//9107
f 3633//9108 3499//9108 3505//9108
f 3634//9109 3425//9110 3428//9111
f 3492//9112 3427//9112 3633//9112
f 3503//9113 3637//9114 3426//9115
f 3503//9116 3426//9116 3502//9116
f 3635//9117 3492//9118 3493//9119
f 3426//9120 3491//9120 3498//9120
f 3424//9121 3505//9121 3491//9121
f 3427//9122 3635//9122 3500//9122
f 3504//9123 3493//9124 3636//9125
f 3496//9126 3489//9127 3637//9128
f 3421//9129 3485//9129 3636//9129
f 3485//9130 3497//9130 3636//9130
f 3637//9131 3417//9132 3423//9133
f 3493//9134 3495//9135 3482//9136
f 3494//9137 3497//9138 3486//9139
f 3421//9140 3636//9140 3482//9140
f 3423//9141 3607//9141 3491//9141
f 3418//9142 3424//9142 3607//9142
f 3458//9143 3484//8992 3639//9144
f 3488//9145 3496//9145 3486//9145
f 3494//9146 3501//9146 3428//9146
f 3496//9147 3503//9147 3494//9147
f 3424//9148 3495//9148 3492//9148
f 3422//9149 3490//9149 3638//9149
f 3458//9150 3639//9150 3422//9150
f 3550//9151 3544//9152 3484//9153
f 3544//9154 3551//9155 3483//9156
f 3544//9157 3615//9157 3484//9157
f 3480//9158 3542//9159 3419//9160
f 3453//9161 3542//9161 3641//9161
f 3642//9162 3542//9162 3453//9162
f 3452//9163 3479//9163 3642//9163
f 3479//9164 3419//9164 3642//9164
f 3428//8768 3501//9165 3503//9166
f 3426//8766 3498//9167 3505//9168
f 3505//9168 3499//9169 3427//8767
f 3427//8767 3500//9170 3504//9171
f 3504//9171 3634//9172 3428//8768
f 3428//8768 3503//9166 3426//8766
f 3426//8766 3505//9168 3427//8767
f 3427//8767 3504//9171 3428//8768
f 3506//8769 3629//9173 3529//8770
f 3641//8775 3480//9174 3509//8776
f 3445//8778 3519//9175 3623//8779
f 3520//8781 3519//9176 3518//8782
f 3463//8784 3524//9177 3619//8785
f 3616//8787 3430//9178 3436//8788
f 3526//8792 3525//9179 3436//8793
f 3537//8795 3615//9180 3509//8796
f 3451//8798 3538//9181 3537//8799
f 3546//8801 3545//9182 3458//8802
f 3455//8808 3481//9183 3609//8809
f 3524//8817 3559//8924 3566//8818
f 3580//8824 3577//9184 3579//8825
f 3580//8827 3569//9185 3575//8828
f 3470//8831 3570//9186 3590//8832
f 3590//8834 3570//9187 3473//8835
f 3581//9188 3474//9188 3585//9188
f 3591//8837 3477//9189 3473//8838
f 3586//8841 3583//9190 3471//8842
f 3587//8846 3572//9191 3470//8847
f 3476//8850 3584//9192 3593//8851
f 3469//8853 3568//9193 3593//8854
f 3588//8856 3468//9194 3627//8857
f 3587//8859 3594//9195 3627//8860
f 3474//8862 3578//9196 3586//8863
f 3586//8865 3467//9197 3567//8866
f 3587//8869 3592//9198 3595//8870
f 3589//8873 3590//9199 3595//8874
f 3595//8876 3590//9200 3477//8877
f 3596//8879 3581//9201 3478//8880
f 3433//8882 3432//9202 3469//8883
f 3570//8888 3470//9203 3574//8889
f 3468//8893 3473//9204 3576//8894
f 3576//8896 3441//9205 3557//8897
f 3443//8899 3556//9206 3598//8900
f 3598//8902 3556//9207 3552//8903
f 3600//8908 3469//8911 3432//8909
f 3582//8914 3579//9208 3568//8915
f 3524//8917 3463//9209 3556//8918
f 3522//8920 3465//9210 3565//8921
f 3601//8925 3565//9211 3441//8926
f 3460//9212 3466//9212 3566//9212
f 3566//9213 3444//9213 3461//9213
f 3562//8928 3431//9214 3557//8929
f 3557//8931 3441//9215 3565//8932
f 3462//8935 3564//9216 3605//8936
f 3605//8938 3432//9202 3433//8882
f 3560//8941 3556//9217 3513//8942
f 3522//8944 3558//9218 3561//8945
f 3462//8947 3511//9219 3563//8948
f 3606//8952 3607//9220 3417//8953
f 3420//8956 3418//9221 3609//8957
f 3457//8960 3421//9222 3482//8961
f 3459//8966 3549//9223 3550//8967
f 3549//8970 3457//9224 3456//8971
f 3485//8973 3421//9225 3457//8974
f 3446//8976 3530//9226 3528//8977
f 3533//8984 3448//8991 3612//8985
f 3611//8988 3612//9227 3447//8989
f 3448//8991 3639//9144 3484//8992
f 3451//8993 3536//9228 3535//8994
f 3449//8996 3536//9229 3509//8997
f 3528//9000 3527//9230 3540//9001
f 3533//9004 3613//9231 3540//9005
f 3535//9007 3530//9232 3539//9008
f 3535//9012 3449//9233 3614//9013
f 3614//9015 3419//9234 3479//9016
f 3618//9019 3442//9235 3507//9020
f 3466//9026 3518//9236 3619//9027
f 3619//9029 3518//9237 3445//9030
f 3619//9032 3523//9238 3429//9033
f 3429//9035 3621//9239 3620//9036
f 3620//9038 3621//9240 3438//9039
f 3521//9041 3436//9241 3430//9042
f 3440//9047 3439//9242 3519//9048
f 3439//9052 3516//9243 3623//9053
f 3624//9061 3434//9244 3462//9062
f 3626//9065 3604//9245 3460//9066
f 3573//9068 3431//9246 3553//9069
f 3572//9072 3627//9247 3553//9073
f 3510//9075 3513//9248 3632//9076
f 3632//9078 3513//9249 3463//9079
f 3602//9082 3465//9250 3440//9083
f 3507//9085 3531//9251 3538//9086
f 3508//9089 3450//9252 3539//9090
f 3629//9094 3539//9253 3446//9095
f 3507//9097 3430//9254 3532//9098
f 3632//9101 3526//9255 3522//9102
f 3633//9105 3505//9256 3424//9106
f 3634//9109 3636//9257 3425//9110
f 3503//9113 3496//9258 3637//9114
f 3635//9117 3427//9259 3492//9118
f 3504//9123 3635//9260 3493//9124
f 3496//9126 3488//9261 3489//9127
f 3637//9131 3489//9262 3417//9132
f 3493//9134 3492//9263 3495//9135
f 3494//9137 3425//9264 3497//9138
f 3458//9143 3550//9265 3484//8992
f 3550//9151 3456//9266 3544//9152
f 3544//9154 3456//9267 3551//9155
f 3480//9158 3641//9268 3542//9159
usemtl Material.098
f 3658//9269 3655//9269 3656//9269
f 3645//9270 3643//9270 3646//9270
f 3657//9271 3655//9271 3658//9271
f 3644//9272 3646//9272 3643//9272
l 3653 3654
l 3648 3659
l 3649 3651
l 3659 3660
l 3464 3604
l 3647 3650
l 3656 3660
o Cylinder.031
v 32.510319 18.109613 -16.958956
v 32.563305 18.000536 -16.550142
v 32.205273 18.613178 -16.491674
v 32.365063 17.853161 -16.462955
v 32.141235 17.750832 -16.707123
v 32.010876 18.478252 -17.114441
v 32.606251 18.055880 -16.968571
v 32.632195 17.960535 -16.520172
v 32.091961 17.712526 -17.151449
v 32.706486 18.067120 -17.092665
v 32.465443 17.694195 -16.232130
v 32.044449 17.664324 -17.236553
v 31.697649 19.442621 -16.642252
v 31.375490 19.102800 -16.768049
v 30.209364 19.513462 -16.241905
v 30.327374 20.498497 -17.499859
v 30.346266 20.528339 -17.439838
v 31.312319 20.142426 -16.303474
v 30.278805 20.442839 -17.307940
v 31.203892 19.520714 -16.590117
v 31.310829 19.691622 -16.648438
v 31.503696 19.378004 -16.831757
v 31.574919 19.279779 -16.137344
v 31.387081 19.603243 -16.035725
v 30.221992 19.385889 -16.342886
v 31.362947 19.145874 -16.385124
v 32.188179 20.534224 -16.222519
v 32.305721 20.553465 -16.052294
v 31.719995 19.430080 -16.277542
v 31.923014 19.065727 -16.774296
v 31.683807 18.560850 -16.541105
v 31.671968 18.596148 -16.915289
v 32.073265 18.797010 -16.440544
v 31.994959 18.944607 -16.425949
v 31.775070 18.816103 -16.288599
v 32.310257 18.470879 -16.866909
v 32.359745 18.312443 -16.525639
v 32.469273 18.173712 -16.558792
v 32.242401 18.049500 -16.407200
v 31.940220 18.101507 -16.642536
v 32.061176 17.878653 -16.683867
v 31.899532 18.207743 -16.991159
v 32.010281 18.044857 -17.011589
v 31.434757 20.076977 -16.001390
v 32.209278 20.586201 -15.972857
v 31.086077 20.100513 -16.552376
v 31.505171 19.900560 -16.437920
v 31.338493 20.173687 -15.920045
v 31.124836 19.598436 -16.190948
v 31.563715 19.817457 -16.156193
v 32.455147 20.968761 -16.094978
v 29.719912 19.455229 -16.266407
v 29.968821 20.714176 -17.912264
v 29.675508 19.438334 -16.524309
v 32.493618 20.904850 -16.168682
v 29.811142 20.678886 -17.880835
v 29.725697 19.357664 -16.341717
v 32.676266 21.059822 -15.896360
v 29.491196 19.347589 -16.287174
v 29.765596 20.788990 -18.196775
v 29.537949 19.255983 -16.372454
v 32.727108 20.975348 -15.948740
v 32.175201 18.631470 -16.863312
v 32.111057 18.524971 -16.356119
v 32.284401 17.946093 -16.414303
v 32.235504 17.794243 -16.538740
v 31.904497 18.364569 -16.441612
v 31.787300 18.350296 -16.807734
v 32.093117 17.849388 -17.062746
v 32.187599 17.924185 -17.162691
v 31.809242 18.610615 -17.029289
v 32.297710 17.996721 -17.197657
v 32.412743 18.060251 -17.115503
v 32.017269 18.693375 -16.990156
v 32.744396 18.013090 -16.713446
v 32.446327 17.782433 -16.359566
v 32.239838 17.681971 -16.509382
v 32.225903 17.850870 -17.289112
v 32.364777 17.812687 -16.419319
v 32.340389 17.960884 -17.278606
v 32.091427 17.803106 -17.143459
v 32.791523 18.004612 -16.752922
v 32.643105 17.791771 -16.300755
v 32.286102 17.589924 -16.378628
v 32.201405 17.777668 -17.413298
v 32.571594 18.032526 -17.306664
v 32.390762 17.925163 -17.435822
v 32.110146 17.547174 -16.643829
v 32.751141 17.962103 -16.463007
v 31.776724 19.334297 -16.529861
v 31.437183 18.968515 -16.478088
v 31.889189 19.074879 -16.397564
v 31.958475 18.532787 -16.321716
v 31.396313 20.103666 -16.306847
v 30.923656 19.966139 -16.420708
v 31.339855 19.757017 -15.994523
v 31.461222 20.017929 -16.398262
v 31.038845 20.226204 -16.484520
v 30.965672 20.189470 -16.388407
v 31.668808 19.036194 -16.257986
v 31.556347 19.694248 -16.525707
v 31.612436 19.597424 -16.194557
v 31.638809 19.366169 -16.177540
v 31.503948 19.682253 -16.134386
v 31.308355 19.293385 -16.492874
v 31.048622 19.675491 -16.500326
v 31.790087 19.268106 -16.360970
v 31.560663 19.860174 -16.265144
v 31.280598 19.559172 -16.693192
v 31.214268 19.726265 -16.564741
v 31.865366 18.694870 -17.084488
v 31.695404 19.045719 -16.975569
v 31.822031 19.175694 -16.775023
v 32.004406 18.928978 -16.787497
v 31.536619 18.815781 -16.472218
v 31.466545 18.917643 -16.812922
v 31.580746 18.750906 -16.862707
v 32.142902 18.691000 -16.437412
v 32.028561 18.887232 -16.414679
v 31.874968 18.662100 -16.287857
v 31.769953 18.607691 -16.392529
v 31.632809 18.812727 -16.377344
v 31.974314 19.037634 -16.602055
v 31.722652 18.711565 -17.009676
v 32.067024 18.842478 -16.816200
v 32.268200 18.521578 -16.477892
v 32.136574 18.195250 -16.374382
v 31.859037 18.270233 -16.622812
v 31.937973 18.132683 -17.012930
v 32.160320 18.242117 -17.158607
v 32.330528 18.197754 -17.111610
v 32.109516 18.051708 -17.117052
v 31.998251 17.983370 -16.827215
v 31.925785 18.102365 -16.829565
v 32.025658 18.189955 -16.506437
v 32.120594 20.603004 -16.180151
v 30.159332 19.544134 -16.374407
v 30.256546 20.387096 -17.419874
v 30.173527 19.556896 -16.450356
v 31.930014 20.328066 -16.297813
v 30.215143 19.424683 -16.259367
v 30.199497 19.484505 -16.522787
v 32.216095 20.507215 -16.172108
v 31.799826 20.358952 -16.225655
v 30.621050 19.795731 -16.412128
v 30.625422 19.618080 -16.198017
v 30.597265 20.216173 -16.930939
v 30.639458 20.325733 -17.088348
v 30.688757 19.508202 -16.289583
v 31.896816 20.154833 -16.117069
v 32.453304 20.949112 -15.994207
v 29.905300 20.618057 -17.848934
v 29.839241 20.739285 -17.912605
v 29.754921 19.370647 -16.450724
v 32.305763 20.705893 -15.965668
v 29.814257 19.544571 -16.452566
v 29.933266 19.457859 -16.242668
v 29.897232 19.461637 -16.528961
v 29.836443 20.789530 -18.027679
v 29.928635 19.364233 -16.336857
v 29.711668 20.766657 -18.191442
v 32.645000 21.105579 -16.054644
v 29.671543 20.713978 -18.143568
v 29.708637 20.776321 -18.141031
v 32.706299 21.009581 -15.893570
v 29.696274 20.715364 -18.086523
v 32.689716 21.038340 -16.122549
v 29.821228 20.784063 -18.121090
v 32.605404 21.016220 -15.893566
v 32.572060 21.069149 -16.048010
v 29.475948 19.428459 -16.452837
v 29.604708 19.408070 -16.256025
v 29.492441 19.328264 -16.551970
v 29.501982 19.275789 -16.495611
v 29.628683 19.337736 -16.300070
v 29.468750 19.369017 -16.526165
v 29.783386 20.713158 -18.096235
v 29.505005 19.377981 -16.356226
v 29.483021 19.328257 -16.438276
v 32.721855 21.056290 -15.999058
v 30.037304 20.531868 -17.635710
v 32.434620 20.922045 -16.152056
v 30.109318 20.585096 -17.586853
v 30.096842 20.566528 -17.694777
v 30.643200 19.553106 -16.371826
v 31.088648 19.686434 -16.132755
v 30.701817 20.343599 -16.889971
v 31.379097 20.110382 -15.963107
v 30.720165 20.322018 -16.981768
v 32.373310 18.340128 -16.779638
v 32.567890 18.054089 -16.759668
v 32.323112 18.144575 -16.445618
v 32.401073 18.042404 -16.480619
v 32.075668 18.034878 -16.522100
v 31.539991 18.755863 -16.662104
v 31.674213 18.535360 -16.735394
v 31.639898 18.834705 -16.941143
v 32.098129 18.824739 -16.658747
v 31.743338 18.423759 -16.550209
v 31.432302 19.272104 -16.805618
v 31.234470 19.446402 -16.232193
v 31.478939 19.149275 -16.280630
v 31.592968 19.652380 -16.374346
v 31.447104 19.705769 -16.607229
v 31.613461 19.399345 -16.781223
v 31.353045 19.117155 -16.576902
v 31.724236 19.208443 -16.274353
v 31.171577 20.234638 -16.307007
v 31.019203 20.299643 -16.327520
v 31.333038 20.110083 -16.168755
v 29.708118 19.499487 -16.412750
v 31.175020 19.837524 -15.999152
v 31.886463 19.109074 -16.582384
v 31.528460 19.026838 -16.931908
v 31.778412 18.907272 -16.273663
v 31.232368 19.925797 -16.549025
v 32.593971 17.855505 -16.324421
v 32.039104 17.581835 -16.966837
v 32.259670 17.630962 -16.401894
v 32.130409 17.619184 -16.665522
v 32.469368 18.015337 -17.151125
v 32.181293 18.473476 -16.998682
v 31.828295 18.336874 -17.006298
v 31.742500 19.168270 -16.868742
v 32.193951 18.415825 -16.379700
v 32.261696 18.530245 -16.720781
v 30.947350 19.242182 -15.121635
v 31.018702 19.378159 -15.293518
v 30.890368 19.141409 -14.661221
v 31.069082 19.286716 -14.911774
v 31.045258 20.530842 -16.494171
v 31.523994 19.899578 -15.793797
v 31.543724 20.096151 -15.913316
v 31.368607 20.467567 -16.419666
v 31.524490 20.239672 -15.847725
v 30.801348 19.497366 -15.783754
v 31.173374 19.544357 -15.848209
v 31.110132 19.527878 -15.875932
v 32.017208 19.798697 -14.936862
v 32.047291 19.925512 -15.262673
v 32.330692 19.903322 -14.611736
v 32.168705 19.853281 -15.093074
v 31.649626 19.794189 -15.441549
v 31.818687 19.873724 -15.422553
vn 0.8244 0.5660 -0.0019
vn -0.4449 -0.1057 -0.8893
vn 0.6516 0.5079 -0.5634
vn -0.6067 0.7314 -0.3114
vn -0.5588 0.6327 -0.5362
vn 0.1307 0.9349 0.3301
vn -0.8341 0.1092 0.5407
vn -0.8020 -0.1969 0.5639
vn 0.3188 0.9304 0.1808
vn 0.1151 0.4226 0.8990
vn -0.3982 -0.3497 -0.8480
vn -0.9539 -0.2858 0.0920
vn -0.8036 -0.5931 0.0502
vn 0.6574 0.7178 0.2293
vn -0.5761 -0.3507 -0.7383
vn 0.4513 0.3211 0.8326
vn 0.4146 0.6289 -0.6577
vn 0.6879 0.5120 -0.5145
vn -0.8973 -0.4220 -0.1294
vn -0.5551 -0.5729 0.6030
vn -0.7118 -0.2940 0.6379
vn 0.3403 -0.0659 0.9380
vn 0.4503 0.8850 -0.1181
vn 0.0418 0.9160 0.3990
vn -0.6513 0.2126 0.7284
vn 0.4440 0.8804 0.1668
vn -0.9128 0.4083 -0.0029
vn 0.2535 -0.7492 -0.6119
vn 0.2602 -0.4472 0.8558
vn -0.4697 0.7584 -0.4518
vn -0.6741 0.5643 0.4766
vn -0.6744 0.5637 0.4769
vn -0.6742 0.5641 0.4767
vn 0.1742 -0.8873 -0.4271
vn -0.5086 0.8209 0.2596
vn 0.2103 0.9734 -0.0912
vn 0.7995 0.4967 0.3378
vn -0.5416 -0.8407 -0.0045
vn 0.4808 -0.4333 0.7623
vn 0.0357 -0.1906 0.9810
vn -0.4771 0.5727 0.6666
vn -0.1060 0.8583 0.5022
vn -0.0183 0.6674 -0.7444
vn 0.5955 -0.5229 -0.6099
vn -0.0550 0.9459 0.3196
vn 0.7973 0.0023 -0.6036
vn -0.3038 0.5450 -0.7814
vn 0.2943 -0.8196 -0.4916
vn 0.7927 0.6001 0.1077
vn 0.8670 0.4778 0.1411
vn 0.5601 0.2537 0.7886
vn 0.7090 0.1714 0.6841
vn -0.7030 -0.4791 0.5256
vn -0.7254 -0.2967 0.6212
vn -0.1961 -0.5830 0.7885
vn -0.5329 -0.0422 -0.8451
vn -0.6093 -0.5109 -0.6065
vn -0.6634 -0.1434 -0.7344
vn -0.7185 -0.1254 -0.6842
vn 0.5082 0.4581 -0.7293
vn 0.6973 0.4331 -0.5712
vn 0.5691 0.5989 -0.5633
vn 0.5541 0.4796 -0.6804
vn 0.6575 0.4688 -0.5899
vn -0.8360 -0.5258 -0.1569
vn -0.8527 -0.5224 0.0035
vn -0.4978 -0.2183 -0.8394
vn 0.8223 0.5451 0.1630
vn 0.8224 0.5451 0.1630
vn 0.8223 0.5452 0.1631
vn -0.6541 -0.5248 0.5447
vn -0.7519 -0.3630 0.5504
vn -0.6076 -0.3224 0.7259
vn -0.2617 0.3620 -0.8947
vn -0.7091 0.0826 -0.7003
vn -0.4305 -0.5121 0.7432
vn -0.5485 -0.5534 0.6268
vn -0.4483 -0.4907 0.7472
vn -0.4492 -0.4942 0.7443
vn -0.4484 -0.4913 0.7467
vn 0.8929 0.4387 0.1013
vn 0.5670 0.4376 -0.6979
vn 0.2896 0.4762 -0.8303
vn -0.9264 -0.3742 -0.0429
vn -0.7482 0.5601 -0.3556
vn 0.4192 0.8953 0.1505
vn 0.6472 -0.0055 0.7623
vn -0.0443 0.9552 0.2925
vn -0.2712 0.2462 -0.9305
vn -0.6595 -0.3506 -0.6649
vn 0.4721 0.3006 0.8287
vn 0.5860 -0.1519 0.7960
vn 0.5274 0.2514 0.8116
vn -0.6260 0.1175 -0.7709
vn -0.9144 0.3285 0.2364
vn -0.1963 0.9780 -0.0700
vn 0.0566 0.9892 0.1353
vn -0.5900 0.5939 0.5470
vn 0.4938 0.8640 0.0981
vn -0.7685 0.5618 -0.3061
vn -0.7162 0.6979 0.0046
vn -0.0155 0.5824 0.8128
vn -0.2397 0.7126 0.6594
vn 0.6121 0.5280 -0.5887
vn 0.6081 0.5622 -0.5605
vn 0.7220 0.2757 -0.6346
vn -0.5957 -0.6081 0.5247
vn -0.5058 -0.3872 0.7709
vn -0.5710 -0.6607 0.4872
vn 0.3509 0.5350 -0.7685
vn -0.9970 -0.0126 0.0765
vn 0.4962 -0.8485 -0.1838
vn 0.5453 -0.7976 -0.2579
vn 0.5648 -0.8064 -0.1750
vn 0.8696 0.4721 -0.1447
vn 0.8743 0.4649 -0.1392
vn 0.8659 0.4776 -0.1489
vn -0.7622 -0.2280 -0.6059
vn -0.3465 -0.3979 0.8495
vn 0.6016 0.4916 -0.6296
vn 0.2215 -0.0371 0.9744
vn 0.2209 -0.0384 0.9745
vn 0.2228 -0.0345 0.9743
vn 0.7759 0.0239 0.6304
vn 0.7799 0.0239 0.6255
vn 0.7878 0.0239 0.6154
vn 0.4829 -0.0036 0.8757
vn 0.5282 0.0756 0.8458
vn 0.4507 -0.0555 0.8909
vn 0.9378 0.2787 -0.2070
vn 0.9409 0.2867 -0.1802
vn 0.9438 0.2964 -0.1464
vn -0.6770 0.0158 -0.7358
vn -0.7371 -0.0976 -0.6687
vn -0.7631 -0.1578 -0.6267
vn -0.4027 -0.5262 0.7490
vn -0.4493 -0.4946 0.7439
vn -0.5784 0.1286 -0.8056
vn -0.6640 0.1245 -0.7373
vn -0.3942 0.1322 -0.9095
vn -0.4736 -0.5200 0.7108
vn -0.4730 -0.5141 0.7155
vn -0.4710 -0.4953 0.7300
vn -0.5115 -0.3734 0.7739
vn -0.5259 -0.3692 0.7662
vn -0.5590 -0.3590 0.7474
vn -0.5209 -0.1455 -0.8411
vn -0.5299 -0.0887 -0.8434
vn -0.5165 -0.1699 -0.8393
vn 0.8402 0.5161 -0.1661
vn -0.6468 -0.2254 -0.7286
vn -0.9105 -0.4018 0.0977
vn -0.4137 -0.0874 -0.9062
vn 0.4215 0.0721 0.9040
vn 0.4213 0.0500 0.9056
vn 0.4203 0.0099 0.9073
vn -0.9221 -0.3449 -0.1752
vn 0.8227 0.5644 0.0678
vn 0.8710 0.4822 0.0942
vn 0.8710 0.4823 0.0937
vn 0.8712 0.4808 0.0989
vn -0.0070 0.3177 -0.9482
vn 0.6994 -0.6596 -0.2752
vn 0.6954 -0.6729 -0.2523
vn 0.6995 -0.6584 -0.2778
vn -0.0675 -0.5695 0.8192
vn 0.2198 -0.9519 -0.2133
vn 0.1009 -0.8991 -0.4259
vn 0.0348 -0.9934 -0.1090
vn -0.8595 0.5111 0.0079
vn -0.8444 0.4939 0.2075
vn -0.8138 0.4703 0.3414
vn -0.2360 0.9594 0.1543
vn -0.3631 0.8797 0.3069
vn -0.1576 0.9855 0.0629
vn 0.0428 -0.5197 0.8533
vn 0.3465 -0.5090 -0.7880
vn 0.4300 -0.5811 -0.6910
vn 0.4631 -0.6082 -0.6447
vn 0.4614 -0.8613 -0.2125
vn 0.3823 -0.9217 -0.0653
vn 0.4923 -0.8254 -0.2765
vn 0.3834 -0.7552 0.5316
vn 0.4146 -0.6130 0.6725
vn 0.4234 -0.5377 0.7291
vn 0.0207 -0.6755 0.7370
vn -0.2428 0.6469 -0.7229
vn -0.1069 0.6212 -0.7763
vn -0.0472 0.6058 -0.7942
vn -0.3420 0.5454 -0.7652
vn -0.6746 0.5634 0.4770
vn -0.2518 0.7610 -0.5979
vn -0.2556 0.7501 -0.6099
vn -0.2508 0.7639 -0.5946
vn -0.1484 0.4660 -0.8722
vn 0.4451 -0.6753 -0.5881
vn 0.5028 -0.6450 -0.5755
vn 0.2506 -0.7510 -0.6108
vn 0.5379 -0.6485 -0.5386
vn 0.5740 -0.5826 -0.5754
vn 0.5987 -0.5300 -0.6005
vn -0.4318 0.8736 0.2247
vn -0.3896 0.8840 0.2586
vn -0.4615 0.8644 0.1997
vn -0.3313 0.8057 0.4911
vn -0.3213 0.9173 0.2353
vn -0.3181 0.9265 0.2010
vn -0.4463 0.8205 0.3571
vn -0.4285 0.8347 0.3458
vn -0.4750 0.7960 0.3753
vn -0.6026 0.7352 0.3104
vn -0.6394 0.7345 0.2274
vn -0.5701 0.7316 0.3738
vn 0.5800 0.8023 -0.1414
vn -0.9774 -0.0388 0.2078
vn -0.9771 -0.0386 0.2091
vn -0.9612 -0.0279 0.2745
vn -0.3917 0.8990 -0.1959
vn -0.9242 -0.3742 -0.0766
vn -0.9338 -0.3493 -0.0774
vn -0.8816 -0.4662 -0.0731
vn -0.8464 -0.5130 0.1430
vn -0.8444 -0.5183 0.1355
vn -0.8381 -0.5335 0.1136
vn 0.9922 -0.0125 -0.1237
vn 0.9914 0.1094 0.0725
vn 0.9672 -0.0860 -0.2392
vn 0.7772 0.4466 -0.4433
vn 0.5986 0.7827 -0.1703
vn 0.5901 0.7913 -0.1602
vn 0.6513 0.7083 -0.2724
vn -0.7479 -0.5228 0.4091
vn -0.6943 0.3760 0.6137
vn 0.1399 -0.7622 -0.6320
vn 0.2164 -0.8087 -0.5470
vn 0.2773 -0.8379 -0.4702
vn 0.0763 -0.8842 -0.4608
vn 0.0545 -0.8727 -0.4852
vn -0.0217 -0.6427 0.7658
vn -0.0501 -0.6808 0.7308
vn -0.0697 -0.7058 0.7050
vn -0.0218 -0.7476 0.6638
vn 0.0526 -0.8724 0.4859
vn -0.0415 -0.7076 0.7054
vn 0.2691 0.0040 -0.9631
vn -0.1542 0.2706 -0.9503
vn -0.1817 0.2864 -0.9407
vn -0.6590 0.6774 -0.3269
vn -0.5943 0.6291 -0.5011
vn -0.6616 0.6792 -0.3179
vn -0.0695 0.8879 0.4548
vn -0.0824 0.6294 -0.7727
vn -0.0384 0.6999 -0.7132
vn 0.3578 -0.6589 -0.6617
vn 0.3474 -0.6782 -0.6476
vn 0.3442 -0.6821 -0.6452
vn 0.3551 -0.6668 -0.6552
vn 0.3509 -0.6658 -0.6585
vn -0.0351 -0.8461 -0.5319
vn -0.6564 -0.6953 0.2928
vn -0.5885 -0.7842 0.1966
vn -0.5761 -0.7972 0.1804
vn 0.7088 -0.5869 -0.3913
vn 0.6049 -0.5196 -0.6034
vn 0.5935 -0.5118 -0.6211
vn 0.2390 -0.9169 -0.3197
vn 0.1378 -0.8768 -0.4607
vn 0.0933 -0.8512 -0.5164
vn 0.6947 -0.6702 -0.2610
vn 0.6976 -0.6681 -0.2590
vn 0.2726 -0.7834 -0.5585
vn 0.2906 -0.8179 -0.4967
vn 0.2930 -0.8225 -0.4875
vn -0.1313 -0.0357 0.9907
vn -0.0623 -0.1792 0.9818
vn -0.1356 -0.0264 0.9904
vn 0.1832 -0.8818 0.4346
vn 0.1814 -0.8489 0.4965
vn 0.1812 -0.8467 0.5002
vn -0.2335 0.8661 0.4420
vn 0.7727 0.4870 -0.4072
vn 0.7936 0.1911 -0.5777
vn 0.7687 0.5025 -0.3958
vn 0.5720 0.8141 -0.1002
vn 0.5573 0.8261 -0.0828
vn -0.7939 -0.4664 0.3902
vn -0.2561 0.6268 -0.7359
vn -0.2424 0.6188 -0.7472
vn -0.2398 0.6173 -0.7493
vn -0.1186 0.2776 -0.9534
vn -0.0869 0.3696 -0.9251
vn -0.1424 0.2041 -0.9685
vn 0.2247 -0.8123 -0.5383
vn 0.2122 -0.8238 -0.5257
vn 0.2074 -0.8281 -0.5208
vn -0.2738 0.6294 -0.7272
vn 0.4079 -0.6893 -0.5987
vn 0.8714 0.4892 0.0369
vn 0.8383 0.5423 -0.0566
vn 0.8800 0.4700 0.0683
vn 0.8710 0.4824 0.0935
vn 0.4634 -0.0055 0.8861
vn 0.4277 0.0030 0.9039
vn 0.5035 -0.0152 0.8638
vn 0.3703 0.0602 0.9269
vn -0.6907 -0.4401 0.5737
vn -0.6936 -0.3760 0.6145
vn -0.6925 -0.3106 0.6511
vn 0.4383 0.2807 0.8539
vn 0.5816 0.1713 0.7952
vn -0.4613 -0.5000 0.7330
vn -0.7939 -0.5791 -0.1855
vn -0.8066 -0.5568 -0.1985
vn -0.7616 -0.6294 -0.1547
vn -0.5301 -0.2705 0.8036
vn -0.8678 -0.4949 0.0439
vn -0.8645 -0.5002 0.0483
vn -0.8529 -0.5182 0.0634
vn -0.8441 -0.5354 -0.0298
vn -0.8450 -0.5340 -0.0300
vn -0.8389 -0.5435 -0.0287
vn 0.5705 0.4461 -0.6895
vn 0.5643 0.4622 -0.6841
vn 0.5488 0.4995 -0.6703
vn -0.3647 0.1077 -0.9249
vn 0.5981 0.5590 -0.5743
vn 0.3500 0.5110 -0.7851
vn 0.4449 0.2900 -0.8473
vn 0.3296 0.3255 -0.8862
vn -0.8685 -0.4698 -0.1578
vn -0.8693 -0.4705 -0.1517
vn -0.8659 -0.4725 -0.1642
vn 0.4798 0.4282 -0.7658
vn -0.8363 -0.5303 0.1394
vn -0.8339 -0.5377 0.1244
vn -0.8380 -0.5245 0.1506
vn -0.8710 -0.4687 -0.1473
vn -0.8645 -0.4781 -0.1554
vn 0.3694 0.2633 0.8912
vn 0.3435 0.3327 0.8783
vn 0.3306 0.3646 0.8705
vn 0.3796 0.2372 0.8942
vn 0.4104 0.2197 0.8850
vn 0.2240 0.3171 0.9215
vn 0.5843 0.0574 0.8095
vn -0.5352 0.0425 -0.8437
vn -0.5048 0.0468 -0.8620
vn -0.6096 0.0311 -0.7921
vn 0.7564 0.1648 0.6330
vn -0.7312 -0.1629 -0.6624
vn -0.7313 -0.1716 -0.6601
vn -0.7308 -0.2101 -0.6494
vn 0.9021 0.4242 0.0793
vn 0.9413 0.3375 -0.0016
vn 0.8333 0.5231 0.1787
vn -0.4726 -0.2406 -0.8478
vn -0.6283 -0.1084 -0.7704
vn 0.8479 0.5189 0.1088
vn 0.7671 0.6391 0.0550
vn 0.7245 0.6887 0.0302
vn 0.8921 0.4441 -0.0834
vn 0.8957 0.4380 -0.0764
vn 0.8725 0.4739 -0.1190
vn 0.7926 0.6032 -0.0886
vn -0.4866 -0.5907 0.6437
vn -0.4904 -0.5887 0.6426
vn -0.4430 -0.6127 0.6545
vn -0.6286 -0.4665 0.6223
vn -0.5254 0.3776 -0.7625
vn -0.4667 0.0976 -0.8790
vn -0.5710 0.1877 -0.7992
vn 0.9854 0.1704 0.0032
vn 0.9795 0.2002 -0.0201
vn 0.9898 0.1397 0.0270
vn 0.8644 0.5025 0.0196
vn 0.8810 0.4648 -0.0887
vn 0.8841 0.4490 -0.1290
vn 0.8706 0.4901 -0.0436
vn 0.8832 0.4686 -0.0218
vn 0.8567 0.5116 -0.0658
vn 0.5643 0.6111 -0.5550
vn 0.5402 0.5937 -0.5963
vn 0.5248 0.5823 -0.6209
vn 0.1935 0.5770 -0.7935
vn 0.2322 0.5767 -0.7833
vn 0.1810 0.5769 -0.7965
vn -0.9315 -0.3630 0.0242
vn -0.9544 -0.2973 -0.0269
vn -0.9748 -0.1998 -0.0995
vn 0.6227 0.5562 -0.5504
vn -0.7265 -0.6826 -0.0797
vn -0.9070 -0.4210 -0.0099
vn 0.5663 0.1130 0.8164
vn 0.5299 0.0565 0.8462
vn 0.5822 0.1391 0.8010
vn -0.8508 -0.5220 -0.0607
vn -0.8947 -0.4327 0.1110
vn 0.6378 -0.1248 0.7601
vn 0.6365 -0.1284 0.7605
vn 0.6396 -0.1197 0.7594
vn 0.7264 0.1325 0.6744
vn 0.5446 -0.0961 0.8332
vn 0.6939 0.2264 0.6835
vn -0.8472 0.5241 0.0867
vn -0.7305 0.5869 0.3491
vn -0.7364 0.5719 0.3614
vn 0.5280 0.6541 -0.5416
vn 0.5923 0.6020 -0.5355
vn 0.6656 0.5324 -0.5230
vn 0.4072 0.8458 -0.3447
vn 0.2728 0.9618 0.0244
vn 0.3963 0.9162 -0.0596
vn 0.2230 0.9732 0.0570
vn -0.1333 0.9184 0.3726
vn -0.1742 0.9338 0.3126
vn -0.1233 0.9138 0.3869
vn 0.6209 -0.1504 0.7693
vn -0.1237 0.8256 0.5505
vn -0.0414 0.9813 0.1882
vn -0.0348 0.9866 0.1593
vn 0.2045 0.7177 -0.6656
vn 0.1842 0.7285 -0.6598
vn 0.2825 0.6718 -0.6847
vn 0.3648 0.5076 -0.7805
vn 0.3682 0.4833 -0.7943
vn 0.3583 0.5493 -0.7549
vn 0.2172 0.4422 -0.8702
vn -0.3929 -0.5480 0.7385
vn -0.3919 -0.5234 0.7566
vn -0.3891 -0.4753 0.7891
vn -0.6267 -0.3306 0.7056
vn -0.6269 -0.3311 0.7053
vn -0.6120 -0.2936 0.7343
vn -0.1751 -0.3046 0.9362
vn 0.7313 0.6566 0.1848
vn 0.7184 0.6728 0.1765
vn 0.6429 0.7548 0.1302
vn -0.5235 -0.1190 0.8437
vn 0.9030 0.4247 0.0653
vn 0.6781 0.7341 -0.0367
vn 0.6947 0.7186 -0.0300
vn 0.7365 0.6763 -0.0125
vn -0.8616 -0.5075 0.0016
vn -0.8786 -0.4775 -0.0045
vn -0.8382 -0.5453 0.0094
vn -0.2419 -0.0939 -0.9657
vn -0.3784 0.0987 -0.9204
vn -0.3772 0.0977 -0.9210
vn -0.3717 0.0932 -0.9236
vn -0.9359 -0.3403 0.0908
vn -0.4283 0.8285 0.3609
vn -0.2838 0.8669 0.4097
vn -0.4809 0.8083 0.3398
vn 0.3223 0.5377 0.7791
vn -0.8073 0.5654 0.1691
vn -0.8183 0.5529 0.1571
vn -0.8240 0.5462 0.1507
vn -0.4721 0.6900 0.5486
vn -0.1434 0.9542 -0.2626
vn -0.1435 0.9542 -0.2626
vn -0.1436 0.9542 -0.2626
vn -0.6300 0.7243 0.2801
vn -0.6224 0.6417 0.4482
vn -0.6130 0.6177 0.4926
vn -0.6265 0.6531 0.4255
vn 0.2645 0.9581 0.1101
vn -0.1095 0.9734 0.2011
vn -0.6404 0.0228 0.7677
vn -0.8263 0.3869 0.4093
vn -0.8259 0.4244 0.3711
vn -0.8254 0.3626 0.4327
vn -0.0258 0.8588 -0.5117
vn 0.1407 0.8166 -0.5599
vn 0.2482 0.7744 -0.5819
vn -0.9765 0.1338 0.1692
vn -0.9964 -0.0630 0.0570
vn 0.3632 0.8036 -0.4716
vn 0.3835 0.7942 -0.4713
vn 0.3947 0.7889 -0.4711
vn -0.6622 0.1237 0.7391
vn -0.6113 0.0397 0.7904
vn -0.6820 0.1603 0.7135
vn -0.7383 0.3807 -0.5568
vn -0.7514 0.1770 -0.6357
vn -0.7151 0.4886 -0.5000
vn -0.8752 0.2097 0.4359
vn 0.2141 0.9756 0.0477
vn 0.4099 0.8815 0.2343
vn -0.8644 -0.4774 -0.1579
vn -0.8653 -0.4810 -0.1407
vn -0.5715 0.5953 -0.5648
vn -0.7290 0.6429 -0.2351
vn -0.6296 0.6894 -0.3583
vn -0.1806 0.7559 0.6292
vn 0.5189 0.4160 -0.7468
vn -0.3181 -0.2816 -0.9053
vn -0.8812 -0.4637 0.0920
vn -0.8736 -0.4754 0.1039
vn -0.8620 -0.4922 0.1213
vn -0.6428 -0.5237 0.5591
vn -0.6446 -0.5022 0.5764
vn -0.6290 -0.6136 0.4773
vn -0.7887 -0.6135 0.0404
vn 0.5767 0.3584 0.7342
vn 0.5646 0.4086 0.7172
vn 0.5445 0.4778 0.6894
vn 0.7043 0.1498 0.6939
vn 0.9152 0.4029 -0.0101
vn 0.7652 0.6437 -0.0072
vn 0.7821 0.6223 -0.0327
vn 0.6172 -0.7856 0.0443
vn 0.5466 -0.8269 -0.1323
vn -0.0943 -0.9830 -0.1573
vn 0.5069 -0.8337 -0.2191
vn 0.1409 -0.7282 -0.6707
vn 0.6613 -0.6735 -0.3302
vn 0.5898 -0.7746 -0.2285
vn 0.6225 -0.7517 -0.2176
vn 0.8780 0.4593 -0.1349
vn 0.2175 -0.0455 0.9750
vn 0.7686 0.0239 0.6393
vn 0.5535 0.1237 0.8236
vn 0.9334 0.2696 -0.2368
vn -0.6546 0.0523 -0.7542
vn -0.8167 0.1111 -0.5663
vn -0.4747 -0.5322 0.7010
vn -0.4828 -0.3813 0.7884
vn -0.5372 -0.0306 -0.8429
vn 0.4214 0.1093 0.9002
vn -0.8472 0.5101 -0.1487
vn -0.4160 0.8296 0.3724
vn 0.3277 -0.4922 -0.8064
vn 0.3537 -0.9352 -0.0166
vn 0.0038 0.0577 0.9983
vn 0.3637 -0.8104 0.4594
vn -0.2771 0.6512 -0.7065
vn -0.2563 0.7481 -0.6122
vn 0.6628 -0.5367 -0.5221
vn 0.5168 -0.6823 -0.5171
vn -0.3387 0.8927 0.2973
vn -0.3309 0.7919 0.5133
vn -0.3984 0.8571 0.3265
vn -0.6754 0.7261 0.1292
vn -0.9892 -0.0498 0.1375
vn -0.9622 -0.2606 -0.0797
vn -0.8529 -0.4937 0.1697
vn 0.9510 0.2054 0.2312
vn 0.7862 0.4179 -0.4553
vn 0.0589 -0.7022 -0.7095
vn 0.0008 -0.6110 0.7916
vn 0.0753 -0.9020 0.4251
vn 0.2852 -0.0071 -0.9584
vn -0.5917 0.6270 -0.5067
vn -0.6640 -0.6829 0.3045
vn 0.7170 -0.5917 -0.3686
vn 0.2568 -0.9211 -0.2927
vn 0.2684 -0.7751 -0.5719
vn 0.2845 -0.3829 0.8789
vn 0.4154 -0.5445 0.7287
vn -0.0540 -0.1961 0.9791
vn 0.1834 -0.8857 0.4265
vn 0.7901 0.1559 -0.5929
vn -0.2580 0.6279 -0.7343
vn -0.0698 0.4167 -0.9063
vn 0.2289 -0.8083 -0.5425
vn 0.8266 0.5565 -0.0838
vn 0.3961 0.0103 0.9181
vn -0.6810 -0.5203 0.5154
vn -0.8304 -0.5101 -0.2243
vn -0.8759 -0.4815 0.0328
vn -0.8496 -0.5265 -0.0310
vn 0.5823 0.4141 -0.6996
vn -0.8318 -0.5437 0.1124
vn 0.3749 0.2475 0.8934
vn 0.5450 0.1353 0.8274
vn -0.4588 0.0531 -0.8870
vn -0.7298 -0.1155 -0.6738
vn 0.9506 0.3093 -0.0270
vn 0.9022 0.4029 0.1540
vn 0.9071 0.4176 -0.0528
vn -0.5470 -0.5567 0.6253
vn 0.9743 0.2223 -0.0376
vn 0.8539 0.5164 0.0654
vn 0.8899 0.4561 -0.0094
vn 0.5729 0.6172 -0.5393
vn 0.2466 0.5763 -0.7791
vn -0.9157 -0.3984 0.0525
vn 0.5082 0.0247 0.8609
vn 0.6352 -0.1321 0.7610
vn 0.4694 0.6956 -0.5438
vn 0.4583 0.8827 -0.1039
vn -0.1898 0.9384 0.2889
vn -0.1288 0.8093 0.5731
vn 0.1119 0.7632 -0.6363
vn 0.3754 0.4198 -0.8264
vn -0.3936 -0.6142 0.6840
vn -0.6504 -0.3986 0.6466
vn 0.7804 0.5861 0.2181
vn 0.6220 0.7809 -0.0579
vn -0.8985 -0.4389 -0.0121
vn -0.3887 0.1073 -0.9151
vn -0.2174 0.8772 0.4282
vn -0.8037 0.5694 0.1730
vn -0.1432 0.9542 -0.2627
vn -0.6084 0.6068 0.5114
vn -0.8253 0.4359 0.3591
vn -0.1497 0.8725 -0.4652
vn 0.3465 0.8109 -0.4716
vn -0.5894 0.0068 0.8078
vn -0.7425 0.0545 -0.6676
vn -0.8671 -0.4698 -0.1655
vn -0.8960 -0.4390 0.0671
vn -0.6460 -0.3877 0.6575
vn 0.5909 0.2857 0.7545
vn -0.0422 -0.9297 -0.3658
vn 0.5185 -0.8465 -0.1211
vn 0.3279 -0.9446 -0.0121
vn 0.6867 -0.6812 -0.2538
s 1
usemtl Material.099
f 3886//9273 3663//9273 3786//9273
f 3731//9274 3666//9274 3883//9274
f 3734//9275 3723//9275 3882//9275
f 3738//9276 3747//9276 3745//9276
f 3730//9277 3740//9277 3738//9277
f 3851//9278 3668//9278 3735//9278
f 3880//9279 3737//9279 3726//9279
f 3748//9280 3744//9280 3879//9280
f 3749//9281 3742//9281 3735//9281
f 3877//9282 3671//9282 3743//9282
f 3755//9283 3706//9283 3876//9283
f 3686//9284 3765//9284 3866//9284
f 3861//9285 3709//9285 3766//9285
f 3750//9286 3673//9286 3767//9286
f 3692//9287 3784//9287 3731//9287
f 3778//9288 3693//9288 3724//9288
f 3771//9289 3785//9289 3734//9289
f 3791//9290 3696//9290 3661//9290
f 3794//9291 3702//9291 3789//9291
f 3854//9292 3701//9292 3725//9292
f 3795//9293 3700//9293 3854//9293
f 3885//9294 3787//9294 3852//9294
f 3847//9295 3758//9295 3849//9295
f 3819//9296 3813//9296 3843//9296
f 3843//9297 3716//9297 3841//9297
f 3840//9298 3822//9298 3718//9298
f 3719//9299 3838//9299 3839//9299
f 3837//9300 3823//9300 3821//9300
f 3712//9301 3832//9301 3835//9301
f 3711//9302 3830//9302 3842//9302
f 3716//9303 3813//9304 3826//9305
f 3812//9306 3823//9306 3837//9306
f 3832//9307 3838//9307 3719//9307
f 3828//9308 3720//9308 3819//9308
f 3840//9309 3718//9309 3825//9309
f 3841//9310 3716//9310 3812//9310
f 3705//9311 3688//9311 3815//9311
f 3675//9312 3817//9312 3801//9312
f 3843//9313 3813//9313 3716//9313
f 3677//9314 3843//9314 3679//9314
f 3799//9315 3818//9315 3816//9315
f 3687//9316 3803//9316 3800//9316
f 3847//9317 3759//9317 3758//9317
f 3676//9318 3849//9318 3808//9318
f 3800//9319 3804//9319 3796//9319
f 3798//9320 3808//9320 3807//9320
f 3850//9321 3697//9321 3698//9321
f 3851//9322 3698//9322 3662//9322
f 3697//9323 3852//9323 3698//9323
f 3697//9324 3885//9324 3852//9324
f 3854//9325 3700//9325 3701//9325
f 3787//9326 3795//9326 3854//9326
f 3664//9327 3725//9327 3726//9327
f 3789//9328 3790//9328 3792//9328
f 3703//9329 3789//9329 3792//9329
f 3729//9330 3792//9330 3730//9330
f 3703//9331 3792//9331 3729//9331
f 3666//9332 3882//9332 3790//9332
f 3791//9333 3661//9333 3733//9333
f 3785//9334 3772//9334 3774//9334
f 3771//9335 3772//9335 3785//9335
f 3734//9336 3785//9336 3723//9336
f 3777//9337 3855//9337 3776//9337
f 3859//9338 3856//9338 3728//9338
f 3731//9339 3771//9339 3666//9339
f 3858//9340 3693//9341 3778//9342
f 3663//9342 3858//9340 3778//9342
f 3691//9343 3781//9343 3775//9343
f 3859//9344 3781//9344 3691//9344
f 3753//9345 3859//9345 3727//9345
f 3769//9346 3681//9346 3682//9346
f 3874//9347 3674//9347 3860//9347
f 3861//9348 3684//9348 3709//9348
f 3862//9349 3861//9349 3686//9349
f 3862//9350 3683//9351 3861//9352
f 3750//9353 3767//9353 3752//9353
f 3761//9354 3864//9354 3707//9354
f 3884//9355 3682//9355 3865//9355
f 3686//9356 3861//9356 3765//9356
f 3759//9357 3869//9357 3758//9357
f 3754//9358 3678//9358 3870//9358
f 3764//9359 3756//9359 3684//9359
f 3871//9360 3712//9360 3817//9360
f 3772//9361 3874//9361 3682//9361
f 3776//9362 3874//9362 3857//9362
f 3875//9363 3752//9363 3760//9363
f 3694//9364 3875//9364 3695//9364
f 3694//9365 3752//9365 3875//9365
f 3770//9366 3876//9366 3681//9366
f 3880//9367 3878//9367 3748//9367
f 3667//9368 3670//9368 3881//9368
f 3667//9369 3735//9369 3670//9369
f 3726//9370 3739//9370 3664//9370
f 3661//9371 3851//9371 3667//9371
f 3730//9372 3741//9372 3729//9372
f 3669//9373 3738//9373 3672//9373
f 3662//9374 3739//9374 3668//9374
f 3664//9375 3739//9375 3662//9375
f 3882//9376 3723//9376 3696//9376
f 3884//9377 3673//9377 3773//9377
f 3772//9378 3884//9378 3773//9378
f 3787//9379 3727//9379 3795//9379
f 3753//9380 3727//9380 3787//9380
f 3727//9381 3859//9381 3788//9381
f 3772//9382 3682//9382 3884//9382
f 3880//9383 3741//9383 3669//9383
f 3670//9384 3671//9385 3672//9386
f 3750//9387 3773//9388 3673//9389
f 3874//9390 3776//9390 3674//9390
f 3782//9391 3875//9391 3760//9391
f 3876//9392 3706//9392 3678//9392
f 3885//9393 3753//9394 3787//9395
f 3689//9396 3867//9397 3767//9398
f 3764//9399 3762//9400 3710//9401
f 3707//9402 3863//9403 3761//9404
f 3860//9405 3680//9406 3769//9407
f 3760//9408 3683//9408 3862//9408
f 3861//9352 3683//9351 3684//9409
f 3770//9410 3680//9411 3766//9412
f 3781//9413 3753//9414 3780//9415
f 3695//9416 3781//9417 3780//9418
f 3790//9419 3702//9420 3666//9421
f 3774//9422 3690//9422 3783//9422
f 3777//9423 3776//9423 3857//9423
f 3856//9424 3859//9424 3691//9424
f 3792//9425 3790//9425 3732//9425
f 3699//9426 3853//9427 3852//9428
f 3793//9429 3703//9429 3729//9429
f 3851//9430 3850//9430 3698//9430
f 3850//9431 3886//9432 3697//9433
f 3800//9434 3707//9434 3757//9434
f 3768//9435 3810//9436 3710//9437
f 3809//9438 3709//9438 3846//9438
f 3845//9439 3802//9439 3766//9439
f 3844//9440 3841//9440 3812//9440
f 3820//9441 3717//9441 3814//9441
f 3824//9442 3823//9443 3826//9444
f 3824//9445 3819//9446 3720//9447
f 3835//9448 3832//9448 3719//9448
f 3714//9449 3834//9450 3833//9451
f 3834//9452 3717//9453 3721//9454
f 3835//9455 3717//9456 3712//9457
f 3835//9458 3719//9458 3721//9458
f 3830//9459 3715//9460 3842//9461
f 3827//9462 3830//9462 3822//9462
f 3826//9305 3813//9304 3824//9463
f 3831//9464 3714//9465 3836//9466
f 3714//9467 3833//9467 3836//9467
f 3720//9468 3837//9469 3821//9470
f 3713//9471 3837//9472 3828//9473
f 3832//9474 3871//9475 3838//9476
f 3831//9477 3871//9478 3816//9479
f 3718//9480 3830//9481 3829//9482
f 3830//9483 3811//9484 3829//9485
f 3819//9486 3713//9486 3828//9486
f 3831//9487 3839//9488 3838//9489
f 3720//9490 3821//9490 3824//9490
f 3833//9491 3839//9492 3836//9493
f 3839//9494 3721//9495 3719//9496
f 3840//9497 3722//9498 3827//9499
f 3677//9500 3713//9501 3819//9502
f 3827//9503 3822//9503 3840//9503
f 3798//9504 3679//9504 3841//9504
f 3679//9505 3843//9505 3841//9505
f 3814//9506 3818//9507 3820//9508
f 3802//9509 3820//9509 3818//9509
f 3802//9510 3685//9510 3820//9510
f 3712//9511 3820//9512 3817//9513
f 3820//9514 3801//9515 3817//9516
f 3687//9517 3842//9518 3715//9519
f 3842//9520 3796//9521 3711//9522
f 3677//9523 3819//9523 3843//9523
f 3816//9524 3818//9524 3714//9524
f 3799//9525 3802//9525 3818//9525
f 3844//9526 3676//9527 3798//9528
f 3713//9529 3844//9526 3812//9530
f 3798//9531 3841//9531 3844//9531
f 3826//9532 3812//9533 3716//9534
f 3768//9535 3800//9536 3803//9537
f 3766//9538 3809//9539 3845//9540
f 3688//9541 3810//9436 3803//9542
f 3845//9543 3685//9544 3802//9545
f 3806//9546 3801//9547 3846//9548
f 3801//9549 3809//9550 3846//9551
f 3677//9552 3679//9552 3847//9552
f 3706//9553 3849//9554 3758//9555
f 3849//9556 3677//9500 3847//9557
f 3679//9558 3798//9558 3807//9558
f 3804//9559 3757//9560 3754//9561
f 3766//9562 3805//9563 3755//9564
f 3706//9565 3807//9566 3808//9567
f 3802//9568 3799//9568 3805//9568
f 3798//9569 3676//9569 3808//9569
f 3850//9570 3661//9571 3696//9572
f 3696//9573 3886//9432 3850//9431
f 3664//9574 3853//9575 3725//9576
f 3852//9577 3787//9577 3699//9577
f 3701//9578 3726//9579 3725//9580
f 3662//9581 3698//9581 3853//9581
f 3698//9582 3852//9582 3853//9582
f 3699//9583 3787//9583 3854//9583
f 3703//9584 3794//9585 3789//9586
f 3725//9587 3699//9587 3854//9587
f 3793//9588 3700//9589 3794//9590
f 3729//9591 3701//9592 3793//9593
f 3690//9594 3772//9595 3773//9596
f 3730//9597 3792//9597 3732//9597
f 3791//9598 3882//9598 3696//9598
f 3790//9599 3882//9599 3791//9599
f 3732//9600 3791//9600 3733//9600
f 3732//9601 3790//9601 3791//9601
f 3777//9602 3856//9603 3855//9604
f 3666//9605 3771//9605 3734//9605
f 3855//9606 3691//9607 3775//9608
f 3692//9609 3728//9610 3856//9603
f 3695//9611 3779//9612 3694//9613
f 3693//9614 3753//9615 3724//9616
f 3693//9617 3779//9617 3780//9617
f 3772//9618 3784//9619 3857//9620
f 3724//9621 3663//9621 3778//9621
f 3777//9622 3784//9623 3692//9624
f 3779//9625 3783//9626 3694//9627
f 3771//9628 3731//9628 3784//9628
f 3883//9629 3692//9629 3731//9629
f 3779//9630 3858//9631 3774//9632
f 3858//9633 3723//9634 3785//9635
f 3858//9636 3785//9636 3774//9636
f 3862//9637 3751//9638 3760//9639
f 3775//9640 3781//9640 3782//9640
f 3769//9641 3770//9641 3681//9641
f 3860//9642 3769//9642 3682//9642
f 3682//9643 3874//9643 3860//9643
f 3710//9644 3863//9645 3768//9646
f 3863//9647 3689//9648 3767//9649
f 3863//9650 3673//9651 3761//9652
f 3673//9653 3864//9654 3761//9655
f 3864//9656 3682//9657 3681//9658
f 3765//9659 3674//9660 3866//9661
f 3884//9662 3865//9662 3673//9662
f 3680//9663 3861//9663 3766//9663
f 3765//9664 3861//9664 3680//9664
f 3684//9665 3763//9666 3764//9667
f 3674//9668 3751//9668 3866//9668
f 3751//9669 3686//9669 3866//9669
f 3683//9670 3867//9671 3763//9672
f 3689//9673 3762//9673 3763//9673
f 3752//9674 3867//9674 3760//9674
f 3752//9675 3767//9675 3867//9675
f 3815//9676 3811//9676 3711//9676
f 3796//9677 3815//9677 3711//9677
f 3796//9678 3705//9678 3815//9678
f 3868//9679 3706//9680 3758//9681
f 3868//9682 3758//9682 3869//9682
f 3870//9683 3704//9684 3754//9685
f 3817//9686 3797//9687 3871//9688
f 3710//9689 3704//9689 3764//9689
f 3816//9690 3797//9691 3799//9692
f 3754//9693 3876//9694 3678//9695
f 3876//9696 3707//9697 3864//9698
f 3864//9699 3681//9699 3876//9699
f 3846//9700 3684//9701 3872//9702
f 3751//9703 3782//9704 3760//9705
f 3684//9706 3756//9706 3872//9706
f 3752//9707 3783//9708 3873//9709
f 3695//9710 3875//9710 3782//9710
f 3873//9711 3750//9711 3752//9711
f 3873//9712 3690//9713 3773//9714
f 3751//9715 3776//9716 3775//9717
f 3857//9718 3874//9718 3772//9718
f 3876//9719 3766//9720 3755//9721
f 3855//9722 3775//9722 3776//9722
f 3877//9723 3668//9724 3736//9725
f 3877//9726 3743//9726 3749//9726
f 3878//9727 3669//9728 3672//9729
f 3736//9730 3671//9730 3877//9730
f 3747//9731 3881//9732 3670//9733
f 3747//9734 3670//9734 3746//9734
f 3879//9735 3736//9736 3737//9737
f 3670//9738 3735//9738 3742//9738
f 3668//9739 3749//9739 3735//9739
f 3671//9740 3879//9740 3744//9740
f 3748//9741 3737//9742 3880//9743
f 3740//9744 3733//9745 3881//9746
f 3665//9747 3729//9747 3880//9747
f 3729//9748 3741//9748 3880//9748
f 3881//9749 3661//9750 3667//9751
f 3737//9752 3739//9753 3726//9754
f 3738//9755 3741//9756 3730//9757
f 3665//9758 3880//9758 3726//9758
f 3667//9759 3851//9759 3735//9759
f 3662//9760 3668//9760 3851//9760
f 3702//9761 3728//9610 3883//9762
f 3732//9763 3740//9763 3730//9763
f 3738//9764 3745//9764 3672//9764
f 3740//9765 3747//9765 3738//9765
f 3668//9766 3739//9766 3736//9766
f 3666//9767 3734//9767 3882//9767
f 3702//9768 3883//9768 3666//9768
f 3794//9769 3788//9770 3728//9771
f 3788//9772 3795//9773 3727//9774
f 3788//9775 3859//9775 3728//9775
f 3724//9776 3786//9777 3663//9778
f 3697//9779 3786//9779 3885//9779
f 3886//9780 3786//9780 3697//9780
f 3696//9781 3723//9781 3886//9781
f 3723//9782 3663//9782 3886//9782
f 3672//9386 3745//9783 3747//9784
f 3670//9384 3742//9785 3749//9786
f 3749//9786 3743//9787 3671//9385
f 3671//9385 3744//9788 3748//9789
f 3748//9789 3878//9790 3672//9386
f 3672//9386 3747//9784 3670//9384
f 3670//9384 3749//9786 3671//9385
f 3671//9385 3748//9789 3672//9386
f 3750//9387 3873//9791 3773//9388
f 3885//9393 3724//9792 3753//9394
f 3689//9396 3763//9793 3867//9397
f 3764//9399 3763//9794 3762//9400
f 3707//9402 3768//9795 3863//9403
f 3860//9405 3674//9796 3680//9406
f 3770//9410 3769//9797 3680//9411
f 3781//9413 3859//9798 3753//9414
f 3695//9416 3782//9799 3781//9417
f 3790//9419 3789//9800 3702//9420
f 3699//9426 3725//9801 3853//9427
f 3768//9435 3803//9542 3810//9436
f 3824//9442 3821//9802 3823//9443
f 3824//9445 3813//9803 3819//9446
f 3714//9449 3814//9804 3834//9450
f 3834//9452 3814//9805 3717//9453
f 3825//9806 3718//9806 3829//9806
f 3835//9455 3721//9807 3717//9456
f 3830//9459 3827//9808 3715//9460
f 3831//9464 3816//9809 3714//9465
f 3720//9468 3828//9810 3837//9469
f 3713//9471 3812//9811 3837//9472
f 3832//9474 3712//9812 3871//9475
f 3831//9477 3838//9813 3871//9478
f 3718//9480 3822//9814 3830//9481
f 3830//9483 3711//9815 3811//9484
f 3831//9487 3836//9816 3839//9488
f 3833//9491 3834//9817 3839//9492
f 3839//9494 3834//9818 3721//9495
f 3840//9497 3825//9819 3722//9498
f 3677//9500 3676//9820 3713//9501
f 3814//9506 3714//9821 3818//9507
f 3712//9511 3717//9822 3820//9512
f 3820//9514 3685//9823 3801//9515
f 3687//9517 3800//9824 3842//9518
f 3842//9520 3800//9825 3796//9521
f 3844//9526 3713//9529 3676//9527
f 3826//9532 3823//9826 3812//9533
f 3768//9535 3707//9827 3800//9536
f 3766//9538 3709//9828 3809//9539
f 3845//9543 3809//9829 3685//9544
f 3704//9830 3710//9830 3810//9830
f 3810//9831 3688//9831 3705//9831
f 3806//9546 3675//9832 3801//9547
f 3801//9549 3685//9833 3809//9550
f 3706//9553 3808//9834 3849//9554
f 3849//9556 3676//9820 3677//9500
f 3804//9559 3800//9835 3757//9560
f 3766//9562 3802//9836 3805//9563
f 3706//9565 3755//9837 3807//9566
f 3850//9570 3851//9838 3661//9571
f 3664//9574 3662//9839 3853//9575
f 3701//9578 3665//9840 3726//9579
f 3703//9584 3793//9841 3794//9585
f 3793//9588 3701//9842 3700//9589
f 3729//9591 3665//9843 3701//9592
f 3690//9594 3774//9844 3772//9595
f 3777//9602 3692//9609 3856//9603
f 3855//9606 3856//9845 3691//9607
f 3692//9609 3883//9762 3728//9610
f 3695//9611 3780//9846 3779//9612
f 3693//9614 3780//9847 3753//9615
f 3772//9618 3771//9848 3784//9619
f 3777//9622 3857//9849 3784//9623
f 3779//9625 3774//9850 3783//9626
f 3779//9630 3693//9851 3858//9631
f 3858//9633 3663//9852 3723//9634
f 3862//9637 3686//9853 3751//9638
f 3710//9644 3762//9854 3863//9645
f 3863//9647 3762//9855 3689//9648
f 3863//9650 3767//9856 3673//9651
f 3673//9653 3865//9857 3864//9654
f 3864//9656 3865//9858 3682//9657
f 3765//9659 3680//9859 3674//9660
f 3684//9665 3683//9860 3763//9666
f 3683//9670 3760//9861 3867//9671
f 3868//9679 3678//9862 3706//9680
f 3870//9683 3848//9863 3704//9684
f 3817//9686 3675//9864 3797//9687
f 3816//9690 3871//9865 3797//9691
f 3754//9693 3757//9866 3876//9694
f 3876//9696 3757//9867 3707//9697
f 3846//9700 3709//9868 3684//9701
f 3751//9703 3775//9869 3782//9704
f 3752//9707 3694//9870 3783//9708
f 3873//9712 3783//9871 3690//9713
f 3751//9715 3674//9872 3776//9716
f 3876//9719 3770//9873 3766//9720
f 3877//9723 3749//9874 3668//9724
f 3878//9727 3880//9875 3669//9728
f 3747//9731 3740//9876 3881//9732
f 3879//9735 3671//9877 3736//9736
f 3748//9741 3879//9878 3737//9742
f 3740//9744 3732//9879 3733//9745
f 3881//9749 3733//9880 3661//9750
f 3737//9752 3736//9881 3739//9753
f 3738//9755 3669//9882 3741//9756
f 3702//9761 3794//9883 3728//9610
f 3794//9769 3700//9884 3788//9770
f 3788//9772 3700//9885 3795//9773
f 3724//9776 3885//9886 3786//9777
usemtl Material.100
f 3902//9887 3899//9887 3900//9887
f 3889//9888 3887//9888 3890//9888
f 3901//9889 3899//9889 3902//9889
f 3888//9890 3890//9890 3887//9890
l 3897 3898
l 3892 3903
l 3893 3895
l 3903 3904
l 3708 3848
l 3891 3894
l 3900 3904
o Cylinder.034
v 30.912861 11.057534 -2.405864
v 30.965847 10.948458 -1.997050
v 30.607815 11.561100 -1.938581
v 30.767603 10.801082 -1.909862
v 30.543777 10.698753 -2.154029
v 30.413416 11.426173 -2.561349
v 31.008791 11.003800 -2.415478
v 31.034735 10.908457 -1.967078
v 30.494503 10.660449 -2.598356
v 31.109028 11.015041 -2.539571
v 30.867985 10.642117 -1.679037
v 30.446989 10.612247 -2.683460
v 30.100191 12.390544 -2.089159
v 29.778032 12.050722 -2.214957
v 28.611906 12.461385 -1.688811
v 28.729916 13.446418 -2.946767
v 28.748808 13.476261 -2.886744
v 29.714861 13.090348 -1.750381
v 28.681347 13.390760 -2.754847
v 29.606434 12.468636 -2.037024
v 29.713371 12.639543 -2.095345
v 29.906239 12.325925 -2.278664
v 29.977461 12.227701 -1.584252
v 29.789623 12.551166 -1.482631
v 28.624535 12.333811 -1.789792
v 29.765490 12.093797 -1.832031
v 30.590721 13.482145 -1.669426
v 30.708261 13.501387 -1.499201
v 30.122538 12.378002 -1.724449
v 30.325556 12.013649 -2.221202
v 30.086349 11.508771 -1.988013
v 30.074511 11.544069 -2.362196
v 30.475807 11.744932 -1.887451
v 30.397501 11.892529 -1.872856
v 30.177612 11.764025 -1.735507
v 30.712797 11.418799 -2.313817
v 30.762285 11.260365 -1.972546
v 30.871815 11.121634 -2.005699
v 30.644945 10.997421 -1.854107
v 30.342762 11.049429 -2.089443
v 30.463718 10.826574 -2.130773
v 30.302074 11.155664 -2.438066
v 30.412821 10.992780 -2.458496
v 29.837299 13.024898 -1.448298
v 30.611820 13.534122 -1.419763
v 29.488619 13.048436 -1.999282
v 29.907713 12.848482 -1.884827
v 29.741035 13.121609 -1.366952
v 29.527378 12.546358 -1.637855
v 29.966257 12.765379 -1.603099
v 30.857689 13.916682 -1.541886
v 28.122454 12.403152 -1.713315
v 28.371363 13.662097 -3.359170
v 28.078051 12.386255 -1.971215
v 30.896160 13.852771 -1.615589
v 28.213684 13.626809 -3.327742
v 28.128239 12.305586 -1.788624
v 31.078808 14.007744 -1.343267
v 27.893738 12.295511 -1.734082
v 28.168139 13.736913 -3.643683
v 27.940491 12.203904 -1.819360
v 31.129648 13.923269 -1.395647
v 30.577745 11.579391 -2.310219
v 30.513599 11.472894 -1.803026
v 30.686941 10.894013 -1.861210
v 30.638046 10.742165 -1.985646
v 30.307039 11.312490 -1.888520
v 30.189842 11.298217 -2.254641
v 30.495659 10.797310 -2.509652
v 30.590141 10.872107 -2.609598
v 30.211784 11.558537 -2.476196
v 30.700253 10.944643 -2.644564
v 30.815283 11.008173 -2.562411
v 30.419813 11.641296 -2.437063
v 31.146940 10.961011 -2.160353
v 30.848869 10.730354 -1.806473
v 30.642382 10.629892 -1.956288
v 30.628445 10.798792 -2.736019
v 30.767319 10.760609 -1.866226
v 30.742931 10.908806 -2.725513
v 30.493969 10.751028 -2.590366
v 31.194067 10.952534 -2.199830
v 31.045647 10.739694 -1.747661
v 30.688646 10.537846 -1.825534
v 30.603947 10.725591 -2.860205
v 30.974136 10.980447 -2.753571
v 30.793303 10.873085 -2.882728
v 30.512686 10.495097 -2.090736
v 31.153683 10.910025 -1.909914
v 30.179266 12.282220 -1.976769
v 29.839725 11.916437 -1.924995
v 30.291731 12.022800 -1.844470
v 30.361017 11.480710 -1.768624
v 29.798855 13.051588 -1.753753
v 29.326199 12.914061 -1.867614
v 29.742397 12.704939 -1.441430
v 29.863764 12.965850 -1.845170
v 29.441387 13.174126 -1.931428
v 29.368214 13.137392 -1.835314
v 30.071350 11.984116 -1.704893
v 29.958889 12.642171 -1.972614
v 30.014978 12.545346 -1.641465
v 30.041351 12.314091 -1.624447
v 29.906490 12.630175 -1.581294
v 29.710897 12.241305 -1.939782
v 29.451164 12.623412 -1.947233
v 30.192629 12.216028 -1.807876
v 29.963205 12.808096 -1.712052
v 29.683140 12.507093 -2.140099
v 29.616810 12.674187 -2.011648
v 30.267908 11.642793 -2.531395
v 30.097946 11.993641 -2.422475
v 30.224573 12.123614 -2.221929
v 30.406948 11.876900 -2.234404
v 29.939161 11.763701 -1.919125
v 29.869087 11.865564 -2.259828
v 29.983288 11.698828 -2.309613
v 30.545446 11.638922 -1.884320
v 30.431103 11.835154 -1.861586
v 30.277510 11.610022 -1.734763
v 30.172495 11.555613 -1.839435
v 30.035351 11.760649 -1.824251
v 30.376856 11.985556 -2.048962
v 30.125195 11.659487 -2.456583
v 30.469568 11.790401 -2.263106
v 30.670742 11.469500 -1.924799
v 30.539118 11.143171 -1.821290
v 30.261580 11.218156 -2.069719
v 30.340515 11.080605 -2.459836
v 30.562862 11.190038 -2.605515
v 30.733070 11.145675 -2.558517
v 30.512058 10.999629 -2.563960
v 30.400793 10.931291 -2.274121
v 30.328327 11.050287 -2.276472
v 30.428202 11.137877 -1.953345
v 30.523136 13.550926 -1.627059
v 28.561874 12.492055 -1.821314
v 28.659088 13.335017 -2.866782
v 28.576069 12.504819 -1.897262
v 30.332556 13.275988 -1.744720
v 28.617685 12.372604 -1.706274
v 28.602039 12.432426 -1.969694
v 30.618635 13.455137 -1.619015
v 30.202368 13.306873 -1.672562
v 29.023592 12.743653 -1.859035
v 29.027964 12.566003 -1.644925
v 28.999807 13.164095 -2.377845
v 29.042000 13.273654 -2.535256
v 29.091299 12.456123 -1.736490
v 30.299358 13.102754 -1.563976
v 30.855848 13.897034 -1.441115
v 28.307842 13.565979 -3.295842
v 28.241783 13.687206 -3.359512
v 28.157463 12.318569 -1.897631
v 30.708303 13.653814 -1.412575
v 28.216799 12.492492 -1.899473
v 28.335808 12.405781 -1.689575
v 28.299774 12.409559 -1.975868
v 28.238985 13.737452 -3.474586
v 28.331177 12.312154 -1.783764
v 28.114210 13.714579 -3.638350
v 31.047541 14.053500 -1.501550
v 28.074085 13.661899 -3.590474
v 28.111179 13.724244 -3.587938
v 31.108843 13.957502 -1.340477
v 28.098816 13.663287 -3.533429
v 31.092260 13.986261 -1.569456
v 28.223770 13.731985 -3.567996
v 31.007946 13.964143 -1.340473
v 30.974602 14.017071 -1.494917
v 27.878490 12.376382 -1.899744
v 28.007250 12.355992 -1.702933
v 27.894983 12.276186 -1.998876
v 27.904524 12.223711 -1.942519
v 28.031225 12.285658 -1.746977
v 27.871292 12.316939 -1.973071
v 28.185928 13.661079 -3.543142
v 27.907547 12.325903 -1.803134
v 27.885563 12.276178 -1.885183
v 31.124397 14.004211 -1.445965
v 28.439846 13.479790 -3.082616
v 30.837162 13.869967 -1.598962
v 28.511860 13.533017 -3.033760
v 28.499384 13.514450 -3.141683
v 29.045742 12.501028 -1.818734
v 29.491190 12.634356 -1.579663
v 29.104359 13.291521 -2.336877
v 29.781639 13.058305 -1.410014
v 29.122707 13.269939 -2.428675
v 30.775852 11.288050 -2.226545
v 30.970434 11.002011 -2.206576
v 30.725655 11.092497 -1.892525
v 30.803614 10.990325 -1.927526
v 30.478210 10.982800 -1.969008
v 29.942533 11.703785 -2.109010
v 30.076756 11.483281 -2.182301
v 30.042440 11.782627 -2.388051
v 30.500673 11.772661 -2.105654
v 30.145880 11.371680 -1.997117
v 29.834845 12.220026 -2.252525
v 29.637012 12.394323 -1.679100
v 29.881481 12.097197 -1.727537
v 29.995510 12.600302 -1.821253
v 29.849646 12.653690 -2.054137
v 30.016003 12.347267 -2.228130
v 29.755587 12.065077 -2.023810
v 30.126778 12.156364 -1.721260
v 29.574120 13.182561 -1.753915
v 29.421745 13.247563 -1.774427
v 29.735580 13.058004 -1.615662
v 28.110661 12.447409 -1.859657
v 29.577562 12.785445 -1.446059
v 30.289005 12.056995 -2.029292
v 29.931002 11.974760 -2.378815
v 30.180954 11.855193 -1.720570
v 29.634911 12.873719 -1.995932
v 30.996513 10.803427 -1.771329
v 30.441645 10.529756 -2.413743
v 30.662212 10.578884 -1.848800
v 30.532949 10.567106 -2.112429
v 30.871912 10.963260 -2.598032
v 30.583836 11.421399 -2.445588
v 30.230837 11.284796 -2.453204
v 30.145042 12.116192 -2.315649
v 30.596491 11.363747 -1.826607
v 30.664236 11.478168 -2.167688
v 29.349892 12.190103 -0.568542
v 29.421244 12.326080 -0.740425
v 29.292910 12.089331 -0.108128
v 29.471624 12.234638 -0.358680
v 29.447800 13.478764 -1.941079
v 29.926537 12.847500 -1.240705
v 29.946266 13.044072 -1.360223
v 29.771149 13.415489 -1.866574
v 29.927032 13.187593 -1.294632
v 29.203890 12.445288 -1.230661
v 29.575916 12.492279 -1.295116
v 29.512674 12.475800 -1.322839
v 30.419750 12.746618 -0.383769
v 30.449831 12.873434 -0.709580
v 30.733234 12.851244 -0.058644
v 30.571247 12.801204 -0.539981
v 30.052168 12.742111 -0.888456
v 30.221230 12.821645 -0.869460
vn 0.8244 0.5660 -0.0019
vn -0.4449 -0.1057 -0.8893
vn 0.6516 0.5079 -0.5634
vn -0.6067 0.7314 -0.3114
vn -0.5588 0.6327 -0.5362
vn 0.1307 0.9349 0.3301
vn -0.8341 0.1092 0.5407
vn -0.8020 -0.1969 0.5639
vn 0.3188 0.9304 0.1808
vn 0.1151 0.4226 0.8990
vn -0.3982 -0.3497 -0.8480
vn -0.9539 -0.2858 0.0920
vn -0.8036 -0.5931 0.0502
vn 0.6574 0.7178 0.2293
vn -0.5761 -0.3507 -0.7383
vn 0.4513 0.3211 0.8326
vn 0.4146 0.6289 -0.6577
vn 0.6879 0.5120 -0.5145
vn -0.8973 -0.4220 -0.1294
vn -0.5551 -0.5729 0.6030
vn -0.7118 -0.2940 0.6379
vn 0.3403 -0.0659 0.9380
vn 0.4503 0.8850 -0.1181
vn 0.0418 0.9160 0.3990
vn -0.6513 0.2126 0.7284
vn 0.4440 0.8804 0.1668
vn -0.9128 0.4083 -0.0029
vn 0.2535 -0.7492 -0.6119
vn 0.2602 -0.4472 0.8558
vn -0.4697 0.7584 -0.4518
vn -0.6741 0.5643 0.4766
vn -0.6744 0.5637 0.4769
vn -0.6742 0.5641 0.4767
vn 0.1742 -0.8873 -0.4271
vn -0.5086 0.8209 0.2596
vn 0.2103 0.9734 -0.0912
vn 0.7995 0.4967 0.3378
vn -0.5416 -0.8407 -0.0045
vn 0.4808 -0.4333 0.7623
vn 0.0357 -0.1906 0.9810
vn -0.4771 0.5727 0.6666
vn -0.1060 0.8583 0.5022
vn -0.0183 0.6674 -0.7444
vn 0.5955 -0.5229 -0.6099
vn -0.0550 0.9459 0.3196
vn 0.7973 0.0023 -0.6036
vn -0.3038 0.5450 -0.7814
vn 0.2943 -0.8196 -0.4916
vn 0.7927 0.6001 0.1077
vn 0.8670 0.4778 0.1411
vn 0.5601 0.2537 0.7886
vn 0.7090 0.1714 0.6841
vn -0.7030 -0.4791 0.5256
vn -0.7254 -0.2967 0.6212
vn -0.1961 -0.5830 0.7885
vn -0.5329 -0.0422 -0.8451
vn -0.6093 -0.5109 -0.6065
vn -0.6634 -0.1434 -0.7344
vn -0.7185 -0.1254 -0.6842
vn 0.5082 0.4581 -0.7293
vn 0.6973 0.4331 -0.5712
vn 0.5691 0.5989 -0.5633
vn 0.5541 0.4796 -0.6804
vn 0.6575 0.4688 -0.5899
vn -0.8360 -0.5258 -0.1569
vn -0.8527 -0.5224 0.0035
vn -0.4978 -0.2183 -0.8394
vn 0.8223 0.5451 0.1630
vn 0.8224 0.5451 0.1630
vn 0.8223 0.5452 0.1631
vn -0.6541 -0.5248 0.5447
vn -0.7519 -0.3630 0.5504
vn -0.6076 -0.3224 0.7259
vn -0.2617 0.3620 -0.8947
vn -0.7091 0.0826 -0.7003
vn -0.4305 -0.5121 0.7432
vn -0.5485 -0.5534 0.6268
vn -0.4483 -0.4907 0.7472
vn -0.4492 -0.4942 0.7443
vn -0.4484 -0.4913 0.7467
vn 0.8929 0.4387 0.1013
vn 0.5670 0.4376 -0.6979
vn 0.2896 0.4762 -0.8303
vn -0.9264 -0.3742 -0.0429
vn -0.7482 0.5601 -0.3556
vn 0.4192 0.8953 0.1505
vn 0.6472 -0.0055 0.7623
vn -0.0443 0.9552 0.2925
vn -0.2712 0.2462 -0.9305
vn -0.6595 -0.3506 -0.6649
vn 0.4721 0.3006 0.8287
vn 0.5860 -0.1519 0.7960
vn 0.5274 0.2514 0.8116
vn -0.6260 0.1175 -0.7709
vn -0.9144 0.3285 0.2364
vn -0.1963 0.9780 -0.0700
vn 0.0566 0.9892 0.1353
vn -0.5900 0.5939 0.5470
vn 0.4938 0.8640 0.0981
vn -0.7685 0.5618 -0.3061
vn -0.7162 0.6979 0.0046
vn -0.0155 0.5824 0.8128
vn -0.2397 0.7126 0.6594
vn 0.6121 0.5280 -0.5887
vn 0.6081 0.5622 -0.5605
vn 0.7220 0.2757 -0.6346
vn -0.5957 -0.6081 0.5247
vn -0.5058 -0.3872 0.7709
vn -0.5710 -0.6607 0.4872
vn 0.3509 0.5350 -0.7685
vn -0.9970 -0.0126 0.0765
vn 0.4962 -0.8485 -0.1838
vn 0.5453 -0.7976 -0.2579
vn 0.5648 -0.8064 -0.1750
vn 0.8696 0.4721 -0.1447
vn 0.8743 0.4649 -0.1392
vn 0.8659 0.4776 -0.1489
vn -0.7622 -0.2280 -0.6059
vn -0.3465 -0.3979 0.8495
vn 0.6016 0.4916 -0.6296
vn 0.2215 -0.0371 0.9744
vn 0.2209 -0.0384 0.9745
vn 0.2228 -0.0345 0.9743
vn 0.7759 0.0239 0.6304
vn 0.7799 0.0239 0.6255
vn 0.7878 0.0239 0.6154
vn 0.4829 -0.0036 0.8757
vn 0.5282 0.0756 0.8458
vn 0.4507 -0.0555 0.8909
vn 0.9378 0.2787 -0.2070
vn 0.9409 0.2867 -0.1802
vn 0.9438 0.2964 -0.1464
vn -0.6770 0.0158 -0.7358
vn -0.7371 -0.0976 -0.6687
vn -0.7631 -0.1578 -0.6267
vn -0.4027 -0.5262 0.7490
vn -0.4493 -0.4946 0.7439
vn -0.5784 0.1286 -0.8056
vn -0.6640 0.1245 -0.7373
vn -0.3942 0.1322 -0.9095
vn -0.4736 -0.5200 0.7108
vn -0.4730 -0.5141 0.7155
vn -0.4710 -0.4953 0.7300
vn -0.5115 -0.3734 0.7739
vn -0.5259 -0.3692 0.7662
vn -0.5590 -0.3590 0.7474
vn -0.5209 -0.1455 -0.8411
vn -0.5299 -0.0887 -0.8434
vn -0.5165 -0.1699 -0.8393
vn 0.8402 0.5161 -0.1661
vn -0.6468 -0.2254 -0.7286
vn -0.9105 -0.4018 0.0977
vn -0.4137 -0.0874 -0.9062
vn 0.4215 0.0721 0.9040
vn 0.4213 0.0500 0.9056
vn 0.4203 0.0099 0.9073
vn -0.9221 -0.3449 -0.1752
vn 0.8227 0.5644 0.0678
vn 0.8710 0.4822 0.0942
vn 0.8710 0.4823 0.0937
vn 0.8712 0.4808 0.0989
vn -0.0070 0.3177 -0.9482
vn 0.6994 -0.6596 -0.2752
vn 0.6954 -0.6729 -0.2523
vn 0.6995 -0.6584 -0.2778
vn -0.0675 -0.5695 0.8192
vn 0.2198 -0.9519 -0.2133
vn 0.1009 -0.8991 -0.4259
vn 0.0348 -0.9934 -0.1090
vn -0.8595 0.5111 0.0079
vn -0.8444 0.4939 0.2075
vn -0.8138 0.4703 0.3414
vn -0.2360 0.9594 0.1543
vn -0.3631 0.8797 0.3069
vn -0.1576 0.9855 0.0629
vn 0.0428 -0.5197 0.8533
vn 0.3465 -0.5090 -0.7880
vn 0.4300 -0.5811 -0.6910
vn 0.4631 -0.6082 -0.6447
vn 0.4614 -0.8613 -0.2125
vn 0.3823 -0.9217 -0.0653
vn 0.4923 -0.8254 -0.2765
vn 0.3834 -0.7552 0.5316
vn 0.4146 -0.6130 0.6725
vn 0.4234 -0.5377 0.7291
vn 0.0207 -0.6755 0.7370
vn -0.2428 0.6469 -0.7229
vn -0.1069 0.6212 -0.7763
vn -0.0472 0.6058 -0.7942
vn -0.3420 0.5454 -0.7652
vn -0.6746 0.5634 0.4770
vn -0.2518 0.7610 -0.5979
vn -0.2556 0.7501 -0.6099
vn -0.2508 0.7639 -0.5946
vn -0.1484 0.4660 -0.8722
vn 0.4451 -0.6753 -0.5881
vn 0.5028 -0.6450 -0.5755
vn 0.2506 -0.7510 -0.6108
vn 0.5379 -0.6485 -0.5386
vn 0.5740 -0.5826 -0.5754
vn 0.5987 -0.5300 -0.6005
vn -0.4318 0.8736 0.2247
vn -0.3896 0.8840 0.2586
vn -0.4615 0.8644 0.1997
vn -0.3313 0.8057 0.4911
vn -0.3213 0.9173 0.2353
vn -0.3181 0.9265 0.2010
vn -0.4463 0.8205 0.3571
vn -0.4285 0.8347 0.3458
vn -0.4750 0.7960 0.3753
vn -0.6026 0.7352 0.3104
vn -0.6394 0.7345 0.2274
vn -0.5701 0.7316 0.3738
vn 0.5800 0.8023 -0.1414
vn -0.9774 -0.0388 0.2078
vn -0.9771 -0.0386 0.2091
vn -0.9612 -0.0279 0.2745
vn -0.3917 0.8990 -0.1959
vn -0.9242 -0.3742 -0.0766
vn -0.9338 -0.3493 -0.0774
vn -0.8816 -0.4662 -0.0731
vn -0.8464 -0.5130 0.1430
vn -0.8444 -0.5183 0.1355
vn -0.8381 -0.5335 0.1136
vn 0.9922 -0.0125 -0.1237
vn 0.9914 0.1094 0.0725
vn 0.9672 -0.0860 -0.2392
vn 0.7772 0.4466 -0.4433
vn 0.5986 0.7827 -0.1703
vn 0.5901 0.7913 -0.1602
vn 0.6513 0.7083 -0.2724
vn -0.7479 -0.5228 0.4091
vn -0.6943 0.3760 0.6137
vn 0.1399 -0.7622 -0.6320
vn 0.2164 -0.8087 -0.5470
vn 0.2773 -0.8379 -0.4702
vn 0.0763 -0.8842 -0.4608
vn 0.0545 -0.8727 -0.4852
vn -0.0217 -0.6427 0.7658
vn -0.0501 -0.6808 0.7308
vn -0.0697 -0.7058 0.7050
vn -0.0218 -0.7476 0.6638
vn 0.0526 -0.8724 0.4859
vn -0.0415 -0.7076 0.7054
vn 0.2691 0.0040 -0.9631
vn -0.1542 0.2706 -0.9503
vn -0.1817 0.2864 -0.9407
vn -0.6590 0.6774 -0.3269
vn -0.5943 0.6291 -0.5011
vn -0.6616 0.6792 -0.3179
vn -0.0695 0.8879 0.4548
vn -0.0824 0.6294 -0.7727
vn -0.0384 0.6999 -0.7132
vn 0.3578 -0.6589 -0.6617
vn 0.3474 -0.6782 -0.6476
vn 0.3442 -0.6821 -0.6452
vn 0.3551 -0.6668 -0.6552
vn 0.3509 -0.6658 -0.6585
vn -0.0351 -0.8461 -0.5319
vn -0.6564 -0.6953 0.2928
vn -0.5885 -0.7842 0.1966
vn -0.5761 -0.7972 0.1804
vn 0.7088 -0.5869 -0.3913
vn 0.6049 -0.5196 -0.6034
vn 0.5935 -0.5118 -0.6211
vn 0.2390 -0.9169 -0.3197
vn 0.1378 -0.8768 -0.4607
vn 0.0933 -0.8512 -0.5164
vn 0.6947 -0.6702 -0.2610
vn 0.6976 -0.6681 -0.2590
vn 0.2726 -0.7834 -0.5585
vn 0.2906 -0.8179 -0.4967
vn 0.2930 -0.8225 -0.4875
vn -0.1313 -0.0357 0.9907
vn -0.0623 -0.1792 0.9818
vn -0.1356 -0.0264 0.9904
vn 0.1832 -0.8818 0.4346
vn 0.1814 -0.8489 0.4965
vn 0.1812 -0.8467 0.5002
vn -0.2335 0.8661 0.4420
vn 0.7727 0.4870 -0.4072
vn 0.7936 0.1911 -0.5777
vn 0.7687 0.5025 -0.3958
vn 0.5720 0.8141 -0.1002
vn 0.5573 0.8261 -0.0828
vn -0.7939 -0.4664 0.3902
vn -0.2561 0.6268 -0.7359
vn -0.2424 0.6188 -0.7472
vn -0.2398 0.6173 -0.7493
vn -0.1186 0.2776 -0.9534
vn -0.0869 0.3696 -0.9251
vn -0.1424 0.2041 -0.9685
vn 0.2247 -0.8123 -0.5383
vn 0.2122 -0.8238 -0.5257
vn 0.2074 -0.8281 -0.5208
vn -0.2738 0.6294 -0.7272
vn 0.4079 -0.6893 -0.5987
vn 0.8714 0.4892 0.0369
vn 0.8383 0.5423 -0.0566
vn 0.8800 0.4700 0.0683
vn 0.8710 0.4824 0.0935
vn 0.4634 -0.0055 0.8861
vn 0.4277 0.0030 0.9039
vn 0.5035 -0.0152 0.8638
vn 0.3703 0.0602 0.9269
vn -0.6907 -0.4401 0.5737
vn -0.6936 -0.3760 0.6145
vn -0.6925 -0.3106 0.6511
vn 0.4383 0.2807 0.8539
vn 0.5816 0.1713 0.7952
vn -0.4613 -0.5000 0.7330
vn -0.7939 -0.5791 -0.1855
vn -0.8066 -0.5568 -0.1985
vn -0.7616 -0.6294 -0.1547
vn -0.5301 -0.2705 0.8036
vn -0.8678 -0.4949 0.0439
vn -0.8645 -0.5002 0.0483
vn -0.8529 -0.5182 0.0634
vn -0.8441 -0.5354 -0.0298
vn -0.8450 -0.5340 -0.0300
vn -0.8389 -0.5435 -0.0287
vn 0.5705 0.4461 -0.6895
vn 0.5643 0.4622 -0.6841
vn 0.5488 0.4995 -0.6703
vn -0.3647 0.1077 -0.9249
vn 0.5981 0.5590 -0.5743
vn 0.3500 0.5110 -0.7851
vn 0.4449 0.2900 -0.8473
vn 0.3296 0.3255 -0.8862
vn -0.8685 -0.4698 -0.1578
vn -0.8693 -0.4705 -0.1517
vn -0.8659 -0.4725 -0.1642
vn 0.4798 0.4282 -0.7658
vn -0.8363 -0.5303 0.1394
vn -0.8339 -0.5377 0.1244
vn -0.8380 -0.5245 0.1506
vn -0.8710 -0.4687 -0.1473
vn -0.8645 -0.4781 -0.1554
vn 0.3694 0.2633 0.8912
vn 0.3435 0.3327 0.8783
vn 0.3306 0.3646 0.8705
vn 0.3796 0.2372 0.8942
vn 0.4104 0.2197 0.8850
vn 0.2240 0.3171 0.9215
vn 0.5843 0.0574 0.8095
vn -0.5352 0.0425 -0.8437
vn -0.5048 0.0468 -0.8620
vn -0.6096 0.0311 -0.7921
vn 0.7564 0.1648 0.6330
vn -0.7312 -0.1629 -0.6624
vn -0.7313 -0.1716 -0.6601
vn -0.7308 -0.2101 -0.6494
vn 0.9021 0.4242 0.0793
vn 0.9413 0.3375 -0.0016
vn 0.8333 0.5231 0.1787
vn -0.4726 -0.2406 -0.8478
vn -0.6283 -0.1084 -0.7704
vn 0.8479 0.5189 0.1088
vn 0.7671 0.6391 0.0550
vn 0.7245 0.6887 0.0302
vn 0.8921 0.4441 -0.0834
vn 0.8957 0.4380 -0.0764
vn 0.8725 0.4739 -0.1190
vn 0.7926 0.6032 -0.0886
vn -0.4866 -0.5907 0.6437
vn -0.4904 -0.5887 0.6426
vn -0.4430 -0.6127 0.6545
vn -0.6286 -0.4665 0.6223
vn -0.5254 0.3776 -0.7625
vn -0.4667 0.0976 -0.8790
vn -0.5710 0.1877 -0.7992
vn 0.9854 0.1704 0.0032
vn 0.9795 0.2002 -0.0201
vn 0.9898 0.1397 0.0270
vn 0.8644 0.5025 0.0196
vn 0.8810 0.4648 -0.0887
vn 0.8841 0.4490 -0.1290
vn 0.8706 0.4901 -0.0436
vn 0.8832 0.4686 -0.0218
vn 0.8567 0.5116 -0.0658
vn 0.5643 0.6111 -0.5550
vn 0.5402 0.5937 -0.5963
vn 0.5248 0.5823 -0.6209
vn 0.1935 0.5770 -0.7935
vn 0.2322 0.5767 -0.7833
vn 0.1810 0.5769 -0.7965
vn -0.9315 -0.3630 0.0242
vn -0.9544 -0.2973 -0.0269
vn -0.9748 -0.1998 -0.0995
vn 0.6227 0.5562 -0.5504
vn -0.7265 -0.6826 -0.0797
vn -0.9070 -0.4210 -0.0099
vn 0.5663 0.1130 0.8164
vn 0.5299 0.0565 0.8462
vn 0.5822 0.1391 0.8010
vn -0.8508 -0.5220 -0.0607
vn -0.8947 -0.4327 0.1110
vn 0.6378 -0.1248 0.7601
vn 0.6365 -0.1284 0.7605
vn 0.6396 -0.1197 0.7594
vn 0.7264 0.1325 0.6744
vn 0.5446 -0.0961 0.8332
vn 0.6939 0.2264 0.6835
vn -0.8472 0.5241 0.0867
vn -0.7305 0.5869 0.3491
vn -0.7364 0.5719 0.3614
vn 0.5280 0.6541 -0.5416
vn 0.5923 0.6020 -0.5355
vn 0.6656 0.5324 -0.5230
vn 0.4072 0.8458 -0.3447
vn 0.2728 0.9618 0.0244
vn 0.3963 0.9162 -0.0596
vn 0.2230 0.9732 0.0570
vn -0.1333 0.9184 0.3726
vn -0.1742 0.9338 0.3126
vn -0.1233 0.9138 0.3869
vn 0.6209 -0.1504 0.7693
vn -0.1237 0.8256 0.5505
vn -0.0414 0.9813 0.1882
vn -0.0348 0.9866 0.1593
vn 0.2045 0.7177 -0.6656
vn 0.1842 0.7285 -0.6598
vn 0.2825 0.6718 -0.6847
vn 0.3648 0.5076 -0.7805
vn 0.3682 0.4833 -0.7943
vn 0.3583 0.5493 -0.7549
vn 0.2172 0.4422 -0.8702
vn -0.3929 -0.5480 0.7385
vn -0.3919 -0.5234 0.7566
vn -0.3891 -0.4753 0.7891
vn -0.6267 -0.3306 0.7056
vn -0.6269 -0.3311 0.7053
vn -0.6120 -0.2936 0.7343
vn -0.1751 -0.3046 0.9362
vn 0.7313 0.6566 0.1848
vn 0.7184 0.6728 0.1765
vn 0.6429 0.7548 0.1302
vn -0.5235 -0.1190 0.8437
vn 0.9030 0.4247 0.0653
vn 0.6781 0.7341 -0.0367
vn 0.6947 0.7186 -0.0300
vn 0.7365 0.6763 -0.0125
vn -0.8616 -0.5075 0.0016
vn -0.8786 -0.4775 -0.0045
vn -0.8382 -0.5453 0.0094
vn -0.2419 -0.0939 -0.9657
vn -0.3784 0.0987 -0.9204
vn -0.3772 0.0977 -0.9210
vn -0.3717 0.0932 -0.9236
vn -0.9359 -0.3403 0.0908
vn -0.4283 0.8285 0.3609
vn -0.2838 0.8669 0.4097
vn -0.4809 0.8083 0.3398
vn 0.3223 0.5377 0.7791
vn -0.8073 0.5654 0.1691
vn -0.8183 0.5529 0.1571
vn -0.8240 0.5462 0.1507
vn -0.4721 0.6900 0.5486
vn -0.1434 0.9542 -0.2626
vn -0.1435 0.9542 -0.2626
vn -0.1436 0.9542 -0.2626
vn -0.6300 0.7243 0.2801
vn -0.6224 0.6417 0.4482
vn -0.6130 0.6177 0.4926
vn -0.6265 0.6531 0.4255
vn 0.2645 0.9581 0.1101
vn -0.1095 0.9734 0.2011
vn -0.6404 0.0228 0.7677
vn -0.8263 0.3869 0.4093
vn -0.8259 0.4244 0.3711
vn -0.8254 0.3626 0.4327
vn -0.0258 0.8588 -0.5117
vn 0.1407 0.8166 -0.5599
vn 0.2482 0.7744 -0.5819
vn -0.9765 0.1338 0.1692
vn -0.9964 -0.0630 0.0570
vn 0.3632 0.8036 -0.4716
vn 0.3835 0.7942 -0.4713
vn 0.3947 0.7889 -0.4711
vn -0.6622 0.1237 0.7391
vn -0.6113 0.0397 0.7904
vn -0.6820 0.1603 0.7135
vn -0.7383 0.3807 -0.5568
vn -0.7514 0.1770 -0.6357
vn -0.7151 0.4886 -0.5000
vn -0.8752 0.2097 0.4359
vn 0.2141 0.9756 0.0477
vn 0.4099 0.8815 0.2343
vn -0.8644 -0.4774 -0.1579
vn -0.8653 -0.4810 -0.1407
vn -0.5715 0.5953 -0.5648
vn -0.7290 0.6429 -0.2351
vn -0.6296 0.6894 -0.3583
vn -0.1806 0.7559 0.6292
vn 0.5189 0.4160 -0.7468
vn -0.3181 -0.2816 -0.9053
vn -0.8812 -0.4637 0.0920
vn -0.8736 -0.4754 0.1039
vn -0.8620 -0.4922 0.1213
vn -0.6428 -0.5237 0.5591
vn -0.6446 -0.5022 0.5764
vn -0.6290 -0.6136 0.4773
vn -0.7887 -0.6135 0.0404
vn 0.5767 0.3584 0.7342
vn 0.5646 0.4086 0.7172
vn 0.5445 0.4778 0.6894
vn 0.7043 0.1498 0.6939
vn 0.9152 0.4029 -0.0101
vn 0.7652 0.6437 -0.0072
vn 0.7821 0.6223 -0.0327
vn 0.6172 -0.7856 0.0443
vn 0.5466 -0.8269 -0.1323
vn -0.0943 -0.9830 -0.1573
vn 0.5069 -0.8337 -0.2191
vn 0.1409 -0.7282 -0.6707
vn 0.6613 -0.6735 -0.3302
vn 0.5898 -0.7746 -0.2285
vn 0.6225 -0.7517 -0.2176
vn 0.8780 0.4593 -0.1349
vn 0.2175 -0.0455 0.9750
vn 0.7686 0.0239 0.6393
vn 0.5535 0.1237 0.8236
vn 0.9334 0.2696 -0.2368
vn -0.6546 0.0523 -0.7542
vn -0.8167 0.1111 -0.5663
vn -0.4747 -0.5322 0.7010
vn -0.4828 -0.3813 0.7884
vn -0.5372 -0.0306 -0.8429
vn 0.4214 0.1093 0.9002
vn -0.8472 0.5101 -0.1487
vn -0.4160 0.8296 0.3724
vn 0.3277 -0.4922 -0.8064
vn 0.3537 -0.9352 -0.0166
vn 0.0038 0.0577 0.9983
vn 0.3637 -0.8104 0.4594
vn -0.2771 0.6512 -0.7065
vn -0.2563 0.7481 -0.6122
vn 0.6628 -0.5367 -0.5221
vn 0.5168 -0.6823 -0.5171
vn -0.3387 0.8927 0.2973
vn -0.3309 0.7919 0.5133
vn -0.3984 0.8571 0.3265
vn -0.6754 0.7261 0.1292
vn -0.9892 -0.0498 0.1375
vn -0.9622 -0.2606 -0.0797
vn -0.8529 -0.4937 0.1697
vn 0.9510 0.2054 0.2312
vn 0.7862 0.4179 -0.4553
vn 0.0589 -0.7022 -0.7095
vn 0.0008 -0.6110 0.7916
vn 0.0753 -0.9020 0.4251
vn 0.2852 -0.0071 -0.9584
vn -0.5917 0.6270 -0.5067
vn -0.6640 -0.6829 0.3045
vn 0.7170 -0.5917 -0.3686
vn 0.2568 -0.9211 -0.2927
vn 0.2684 -0.7751 -0.5719
vn 0.2845 -0.3829 0.8789
vn 0.4154 -0.5445 0.7287
vn -0.0540 -0.1961 0.9791
vn 0.1834 -0.8857 0.4265
vn 0.7901 0.1559 -0.5929
vn -0.2580 0.6279 -0.7343
vn -0.0698 0.4167 -0.9063
vn 0.2289 -0.8083 -0.5425
vn 0.8266 0.5565 -0.0838
vn 0.3961 0.0103 0.9181
vn -0.6810 -0.5203 0.5154
vn -0.8304 -0.5101 -0.2243
vn -0.8759 -0.4815 0.0328
vn -0.8496 -0.5265 -0.0310
vn 0.5823 0.4141 -0.6996
vn -0.8318 -0.5437 0.1124
vn 0.3749 0.2475 0.8934
vn 0.5450 0.1353 0.8274
vn -0.4588 0.0531 -0.8870
vn -0.7298 -0.1155 -0.6738
vn 0.9506 0.3093 -0.0270
vn 0.9022 0.4029 0.1540
vn 0.9071 0.4176 -0.0528
vn -0.5470 -0.5567 0.6253
vn 0.9743 0.2223 -0.0376
vn 0.8539 0.5164 0.0654
vn 0.8899 0.4561 -0.0094
vn 0.5729 0.6172 -0.5393
vn 0.2466 0.5763 -0.7791
vn -0.9157 -0.3984 0.0525
vn 0.5082 0.0247 0.8609
vn 0.6352 -0.1321 0.7610
vn 0.4694 0.6956 -0.5438
vn 0.4583 0.8827 -0.1039
vn -0.1898 0.9384 0.2889
vn -0.1288 0.8093 0.5731
vn 0.1119 0.7632 -0.6363
vn 0.3754 0.4198 -0.8264
vn -0.3936 -0.6142 0.6840
vn -0.6504 -0.3986 0.6466
vn 0.7804 0.5861 0.2181
vn 0.6220 0.7809 -0.0579
vn -0.8985 -0.4389 -0.0121
vn -0.3887 0.1073 -0.9151
vn -0.2174 0.8772 0.4282
vn -0.8037 0.5694 0.1730
vn -0.1432 0.9542 -0.2627
vn -0.6084 0.6068 0.5114
vn -0.8253 0.4359 0.3591
vn -0.1497 0.8725 -0.4652
vn 0.3465 0.8109 -0.4716
vn -0.5894 0.0068 0.8078
vn -0.7425 0.0545 -0.6676
vn -0.8671 -0.4698 -0.1655
vn -0.8960 -0.4390 0.0671
vn -0.6460 -0.3877 0.6575
vn 0.5909 0.2857 0.7545
vn -0.0422 -0.9297 -0.3658
vn 0.5185 -0.8465 -0.1211
vn 0.3279 -0.9446 -0.0121
vn 0.6867 -0.6812 -0.2538
s 1
usemtl Material.101
f 4130//9891 3907//9891 4030//9891
f 3975//9892 3910//9892 4127//9892
f 3978//9893 3967//9893 4126//9893
f 3982//9894 3991//9894 3989//9894
f 3974//9895 3984//9895 3982//9895
f 4095//9896 3912//9896 3979//9896
f 4124//9897 3981//9897 3970//9897
f 3992//9898 3988//9898 4123//9898
f 3993//9899 3986//9899 3979//9899
f 4121//9900 3915//9900 3987//9900
f 3999//9901 3950//9901 4120//9901
f 3930//9902 4009//9902 4110//9902
f 4105//9903 3953//9903 4010//9903
f 3994//9904 3917//9904 4011//9904
f 3936//9905 4028//9905 3975//9905
f 4022//9906 3937//9906 3968//9906
f 4015//9907 4029//9907 3978//9907
f 4035//9908 3940//9908 3905//9908
f 4038//9909 3946//9909 4033//9909
f 4098//9910 3945//9910 3969//9910
f 4039//9911 3944//9911 4098//9911
f 4129//9912 4031//9912 4096//9912
f 4091//9913 4002//9913 4093//9913
f 4063//9914 4057//9914 4087//9914
f 4087//9915 3960//9915 4085//9915
f 4084//9916 4066//9916 3962//9916
f 3963//9917 4082//9917 4083//9917
f 4081//9918 4067//9918 4065//9918
f 3956//9919 4076//9919 4079//9919
f 3955//9920 4074//9920 4086//9920
f 3960//9921 4057//9922 4070//9923
f 4056//9924 4067//9924 4081//9924
f 4076//9925 4082//9925 3963//9925
f 4072//9926 3964//9926 4063//9926
f 4084//9927 3962//9927 4069//9927
f 4085//9928 3960//9928 4056//9928
f 3949//9929 3932//9929 4059//9929
f 3919//9930 4061//9930 4045//9930
f 4087//9931 4057//9931 3960//9931
f 3921//9932 4087//9932 3923//9932
f 4043//9933 4062//9933 4060//9933
f 3931//9934 4047//9934 4044//9934
f 4091//9935 4003//9935 4002//9935
f 3920//9936 4093//9936 4052//9936
f 4044//9937 4048//9937 4040//9937
f 4042//9938 4052//9938 4051//9938
f 4094//9939 3941//9939 3942//9939
f 4095//9940 3942//9940 3906//9940
f 3941//9941 4096//9941 3942//9941
f 3941//9942 4129//9942 4096//9942
f 4098//9943 3944//9943 3945//9943
f 4031//9944 4039//9944 4098//9944
f 3908//9945 3969//9945 3970//9945
f 4033//9946 4034//9946 4036//9946
f 3947//9947 4033//9947 4036//9947
f 3973//9948 4036//9948 3974//9948
f 3947//9949 4036//9949 3973//9949
f 3910//9950 4126//9950 4034//9950
f 4035//9951 3905//9951 3977//9951
f 4029//9952 4016//9952 4018//9952
f 4015//9953 4016//9953 4029//9953
f 3978//9954 4029//9954 3967//9954
f 4021//9955 4099//9955 4020//9955
f 4103//9956 4100//9956 3972//9956
f 3975//9957 4015//9957 3910//9957
f 4102//9958 3937//9959 4022//9960
f 3907//9960 4102//9958 4022//9960
f 3935//9961 4025//9961 4019//9961
f 4103//9962 4025//9962 3935//9962
f 3997//9963 4103//9963 3971//9963
f 4013//9964 3925//9964 3926//9964
f 4118//9965 3918//9965 4104//9965
f 4105//9966 3928//9966 3953//9966
f 4106//9967 4105//9967 3930//9967
f 4106//9968 3927//9969 4105//9970
f 3994//9971 4011//9971 3996//9971
f 4005//9972 4108//9972 3951//9972
f 4128//9973 3926//9973 4109//9973
f 3930//9974 4105//9974 4009//9974
f 4003//9975 4113//9975 4002//9975
f 3998//9976 3922//9976 4114//9976
f 4008//9977 4000//9977 3928//9977
f 4115//9978 3956//9978 4061//9978
f 4016//9979 4118//9979 3926//9979
f 4020//9980 4118//9980 4101//9980
f 4119//9981 3996//9981 4004//9981
f 3938//9982 4119//9982 3939//9982
f 3938//9983 3996//9983 4119//9983
f 4014//9984 4120//9984 3925//9984
f 4124//9985 4122//9985 3992//9985
f 3911//9986 3914//9986 4125//9986
f 3911//9987 3979//9987 3914//9987
f 3970//9988 3983//9988 3908//9988
f 3905//9989 4095//9989 3911//9989
f 3974//9990 3985//9990 3973//9990
f 3913//9991 3982//9991 3916//9991
f 3906//9992 3983//9992 3912//9992
f 3908//9993 3983//9993 3906//9993
f 4126//9994 3967//9994 3940//9994
f 4128//9995 3917//9995 4017//9995
f 4016//9996 4128//9996 4017//9996
f 4031//9997 3971//9997 4039//9997
f 3997//9998 3971//9998 4031//9998
f 3971//9999 4103//9999 4032//9999
f 4016//10000 3926//10000 4128//10000
f 4124//10001 3985//10001 3913//10001
f 3914//10002 3915//10003 3916//10004
f 3994//10005 4017//10006 3917//10007
f 4118//10008 4020//10008 3918//10008
f 4026//10009 4119//10009 4004//10009
f 4120//10010 3950//10010 3922//10010
f 4129//10011 3997//10012 4031//10013
f 3933//10014 4111//10015 4011//10016
f 4008//10017 4006//10018 3954//10019
f 3951//10020 4107//10021 4005//10022
f 4104//10023 3924//10024 4013//10025
f 4004//10026 3927//10026 4106//10026
f 4105//9970 3927//9969 3928//10027
f 4014//10028 3924//10029 4010//10030
f 4025//10031 3997//10032 4024//10033
f 3939//10034 4025//10035 4024//10036
f 4034//10037 3946//10038 3910//10039
f 4018//10040 3934//10040 4027//10040
f 4021//10041 4020//10041 4101//10041
f 4100//10042 4103//10042 3935//10042
f 4036//10043 4034//10043 3976//10043
f 3943//10044 4097//10045 4096//10046
f 4037//10047 3947//10047 3973//10047
f 4095//10048 4094//10048 3942//10048
f 4094//10049 4130//10050 3941//10051
f 4044//10052 3951//10052 4001//10052
f 4012//10053 4054//10054 3954//10055
f 4053//10056 3953//10056 4090//10056
f 4089//10057 4046//10057 4010//10057
f 4088//10058 4085//10058 4056//10058
f 4064//10059 3961//10059 4058//10059
f 4068//10060 4067//10061 4070//10062
f 4068//10063 4063//10064 3964//10065
f 4079//10066 4076//10066 3963//10066
f 3958//10067 4078//10068 4077//10069
f 4078//10070 3961//10071 3965//10072
f 4079//10073 3961//10074 3956//10075
f 4079//10076 3963//10076 3965//10076
f 4074//10077 3959//10078 4086//10079
f 4071//10080 4074//10080 4066//10080
f 4070//9923 4057//9922 4068//10081
f 4075//10082 3958//10083 4080//10084
f 3958//10085 4077//10085 4080//10085
f 3964//10086 4081//10087 4065//10088
f 3957//10089 4081//10090 4072//10091
f 4076//10092 4115//10093 4082//10094
f 4075//10095 4115//10096 4060//10097
f 3962//10098 4074//10099 4073//10100
f 4074//10101 4055//10102 4073//10103
f 4063//10104 3957//10104 4072//10104
f 4075//10105 4083//10106 4082//10107
f 3964//10108 4065//10108 4068//10108
f 4077//10109 4083//10110 4080//10111
f 4083//10112 3965//10113 3963//10114
f 4084//10115 3966//10116 4071//10117
f 3921//10118 3957//10119 4063//10120
f 4071//10121 4066//10121 4084//10121
f 4042//10122 3923//10122 4085//10122
f 3923//10123 4087//10123 4085//10123
f 4058//10124 4062//10125 4064//10126
f 4046//10127 4064//10127 4062//10127
f 4046//10128 3929//10128 4064//10128
f 3956//10129 4064//10130 4061//10131
f 4064//10132 4045//10133 4061//10134
f 3931//10135 4086//10136 3959//10137
f 4086//10138 4040//10139 3955//10140
f 3921//10141 4063//10141 4087//10141
f 4060//10142 4062//10142 3958//10142
f 4043//10143 4046//10143 4062//10143
f 4088//10144 3920//10145 4042//10146
f 3957//10147 4088//10144 4056//10148
f 4042//10149 4085//10149 4088//10149
f 4070//10150 4056//10151 3960//10152
f 4012//10153 4044//10154 4047//10155
f 4010//10156 4053//10157 4089//10158
f 3932//10159 4054//10054 4047//10160
f 4089//10161 3929//10162 4046//10163
f 4050//10164 4045//10165 4090//10166
f 4045//10167 4053//10168 4090//10169
f 3921//10170 3923//10170 4091//10170
f 3950//10171 4093//10172 4002//10173
f 4093//10174 3921//10118 4091//10175
f 3923//10176 4042//10176 4051//10176
f 4048//10177 4001//10178 3998//10179
f 4010//10180 4049//10181 3999//10182
f 3950//10183 4051//10184 4052//10185
f 4046//10186 4043//10186 4049//10186
f 4042//10187 3920//10187 4052//10187
f 4094//10188 3905//10189 3940//10190
f 3940//10191 4130//10050 4094//10049
f 3908//10192 4097//10193 3969//10194
f 4096//10195 4031//10195 3943//10195
f 3945//10196 3970//10197 3969//10198
f 3906//10199 3942//10199 4097//10199
f 3942//10200 4096//10200 4097//10200
f 3943//10201 4031//10201 4098//10201
f 3947//10202 4038//10203 4033//10204
f 3969//10205 3943//10205 4098//10205
f 4037//10206 3944//10207 4038//10208
f 3973//10209 3945//10210 4037//10211
f 3934//10212 4016//10213 4017//10214
f 3974//10215 4036//10215 3976//10215
f 4035//10216 4126//10216 3940//10216
f 4034//10217 4126//10217 4035//10217
f 3976//10218 4035//10218 3977//10218
f 3976//10219 4034//10219 4035//10219
f 4021//10220 4100//10221 4099//10222
f 3910//10223 4015//10223 3978//10223
f 4099//10224 3935//10225 4019//10226
f 3936//10227 3972//10228 4100//10221
f 3939//10229 4023//10230 3938//10231
f 3937//10232 3997//10233 3968//10234
f 3937//10235 4023//10235 4024//10235
f 4016//10236 4028//10237 4101//10238
f 3968//10239 3907//10239 4022//10239
f 4021//10240 4028//10241 3936//10242
f 4023//10243 4027//10244 3938//10245
f 4015//10246 3975//10246 4028//10246
f 4127//10247 3936//10247 3975//10247
f 4023//10248 4102//10249 4018//10250
f 4102//10251 3967//10252 4029//10253
f 4102//10254 4029//10254 4018//10254
f 4106//10255 3995//10256 4004//10257
f 4019//10258 4025//10258 4026//10258
f 4013//10259 4014//10259 3925//10259
f 4104//10260 4013//10260 3926//10260
f 3926//10261 4118//10261 4104//10261
f 3954//10262 4107//10263 4012//10264
f 4107//10265 3933//10266 4011//10267
f 4107//10268 3917//10269 4005//10270
f 3917//10271 4108//10272 4005//10273
f 4108//10274 3926//10275 3925//10276
f 4009//10277 3918//10278 4110//10279
f 4128//10280 4109//10280 3917//10280
f 3924//10281 4105//10281 4010//10281
f 4009//10282 4105//10282 3924//10282
f 3928//10283 4007//10284 4008//10285
f 3918//10286 3995//10286 4110//10286
f 3995//10287 3930//10287 4110//10287
f 3927//10288 4111//10289 4007//10290
f 3933//10291 4006//10291 4007//10291
f 3996//10292 4111//10292 4004//10292
f 3996//10293 4011//10293 4111//10293
f 4059//10294 4055//10294 3955//10294
f 4040//10295 4059//10295 3955//10295
f 4040//10296 3949//10296 4059//10296
f 4112//10297 3950//10298 4002//10299
f 4112//10300 4002//10300 4113//10300
f 4114//10301 3948//10302 3998//10303
f 4061//10304 4041//10305 4115//10306
f 3954//10307 3948//10307 4008//10307
f 4060//10308 4041//10309 4043//10310
f 3998//10311 4120//10312 3922//10313
f 4120//10314 3951//10315 4108//10316
f 4108//10317 3925//10317 4120//10317
f 4090//10318 3928//10319 4116//10320
f 3995//10321 4026//10322 4004//10323
f 3928//10324 4000//10324 4116//10324
f 3996//10325 4027//10326 4117//10327
f 3939//10328 4119//10328 4026//10328
f 4117//10329 3994//10329 3996//10329
f 4117//10330 3934//10331 4017//10332
f 3995//10333 4020//10334 4019//10335
f 4101//10336 4118//10336 4016//10336
f 4120//10337 4010//10338 3999//10339
f 4099//10340 4019//10340 4020//10340
f 4121//10341 3912//10342 3980//10343
f 4121//10344 3987//10344 3993//10344
f 4122//10345 3913//10346 3916//10347
f 3980//10348 3915//10348 4121//10348
f 3991//10349 4125//10350 3914//10351
f 3991//10352 3914//10352 3990//10352
f 4123//10353 3980//10354 3981//10355
f 3914//10356 3979//10356 3986//10356
f 3912//10357 3993//10357 3979//10357
f 3915//10358 4123//10358 3988//10358
f 3992//10359 3981//10360 4124//10361
f 3984//10362 3977//10363 4125//10364
f 3909//10365 3973//10365 4124//10365
f 3973//10366 3985//10366 4124//10366
f 4125//10367 3905//10368 3911//10369
f 3981//10370 3983//10371 3970//10372
f 3982//10373 3985//10374 3974//10375
f 3909//10376 4124//10376 3970//10376
f 3911//10377 4095//10377 3979//10377
f 3906//10378 3912//10378 4095//10378
f 3946//10379 3972//10228 4127//10380
f 3976//10381 3984//10381 3974//10381
f 3982//10382 3989//10382 3916//10382
f 3984//10383 3991//10383 3982//10383
f 3912//10384 3983//10384 3980//10384
f 3910//10385 3978//10385 4126//10385
f 3946//10386 4127//10386 3910//10386
f 4038//10387 4032//10388 3972//10389
f 4032//10390 4039//10391 3971//10392
f 4032//10393 4103//10393 3972//10393
f 3968//10394 4030//10395 3907//10396
f 3941//10397 4030//10397 4129//10397
f 4130//10398 4030//10398 3941//10398
f 3940//10399 3967//10399 4130//10399
f 3967//10400 3907//10400 4130//10400
f 3916//10004 3989//10401 3991//10402
f 3914//10002 3986//10403 3993//10404
f 3993//10404 3987//10405 3915//10003
f 3915//10003 3988//10406 3992//10407
f 3992//10407 4122//10408 3916//10004
f 3916//10004 3991//10402 3914//10002
f 3914//10002 3993//10404 3915//10003
f 3915//10003 3992//10407 3916//10004
f 3994//10005 4117//10409 4017//10006
f 4129//10011 3968//10410 3997//10012
f 3933//10014 4007//10411 4111//10015
f 4008//10017 4007//10412 4006//10018
f 3951//10020 4012//10413 4107//10021
f 4104//10023 3918//10414 3924//10024
f 4014//10028 4013//10415 3924//10029
f 4025//10031 4103//10416 3997//10032
f 3939//10034 4026//10417 4025//10035
f 4034//10037 4033//10418 3946//10038
f 3943//10044 3969//10419 4097//10045
f 4012//10053 4047//10160 4054//10054
f 4068//10060 4065//10420 4067//10061
f 4068//10063 4057//10421 4063//10064
f 3958//10067 4058//10422 4078//10068
f 4078//10070 4058//10423 3961//10071
f 4069//10424 3962//10424 4073//10424
f 4079//10073 3965//10425 3961//10074
f 4074//10077 4071//10426 3959//10078
f 4075//10082 4060//10427 3958//10083
f 3964//10086 4072//10428 4081//10087
f 3957//10089 4056//10429 4081//10090
f 4076//10092 3956//10430 4115//10093
f 4075//10095 4082//10431 4115//10096
f 3962//10098 4066//10432 4074//10099
f 4074//10101 3955//10433 4055//10102
f 4075//10105 4080//10434 4083//10106
f 4077//10109 4078//10435 4083//10110
f 4083//10112 4078//10436 3965//10113
f 4084//10115 4069//10437 3966//10116
f 3921//10118 3920//10438 3957//10119
f 4058//10124 3958//10439 4062//10125
f 3956//10129 3961//10440 4064//10130
f 4064//10132 3929//10441 4045//10133
f 3931//10135 4044//10442 4086//10136
f 4086//10138 4044//10443 4040//10139
f 4088//10144 3957//10147 3920//10145
f 4070//10150 4067//10444 4056//10151
f 4012//10153 3951//10445 4044//10154
f 4010//10156 3953//10446 4053//10157
f 4089//10161 4053//10447 3929//10162
f 3948//10448 3954//10448 4054//10448
f 4054//10449 3932//10449 3949//10449
f 4050//10164 3919//10450 4045//10165
f 4045//10167 3929//10451 4053//10168
f 3950//10171 4052//10452 4093//10172
f 4093//10174 3920//10438 3921//10118
f 4048//10177 4044//10453 4001//10178
f 4010//10180 4046//10454 4049//10181
f 3950//10183 3999//10455 4051//10184
f 4094//10188 4095//10456 3905//10189
f 3908//10192 3906//10457 4097//10193
f 3945//10196 3909//10458 3970//10197
f 3947//10202 4037//10459 4038//10203
f 4037//10206 3945//10460 3944//10207
f 3973//10209 3909//10461 3945//10210
f 3934//10212 4018//10462 4016//10213
f 4021//10220 3936//10227 4100//10221
f 4099//10224 4100//10463 3935//10225
f 3936//10227 4127//10380 3972//10228
f 3939//10229 4024//10464 4023//10230
f 3937//10232 4024//10465 3997//10233
f 4016//10236 4015//10466 4028//10237
f 4021//10240 4101//10467 4028//10241
f 4023//10243 4018//10468 4027//10244
f 4023//10248 3937//10469 4102//10249
f 4102//10251 3907//10470 3967//10252
f 4106//10255 3930//10471 3995//10256
f 3954//10262 4006//10472 4107//10263
f 4107//10265 4006//10473 3933//10266
f 4107//10268 4011//10474 3917//10269
f 3917//10271 4109//10475 4108//10272
f 4108//10274 4109//10476 3926//10275
f 4009//10277 3924//10477 3918//10278
f 3928//10283 3927//10478 4007//10284
f 3927//10288 4004//10479 4111//10289
f 4112//10297 3922//10480 3950//10298
f 4114//10301 4092//10481 3948//10302
f 4061//10304 3919//10482 4041//10305
f 4060//10308 4115//10483 4041//10309
f 3998//10311 4001//10484 4120//10312
f 4120//10314 4001//10485 3951//10315
f 4090//10318 3953//10486 3928//10319
f 3995//10321 4019//10487 4026//10322
f 3996//10325 3938//10488 4027//10326
f 4117//10330 4027//10489 3934//10331
f 3995//10333 3918//10490 4020//10334
f 4120//10337 4014//10491 4010//10338
f 4121//10341 3993//10492 3912//10342
f 4122//10345 4124//10493 3913//10346
f 3991//10349 3984//10494 4125//10350
f 4123//10353 3915//10495 3980//10354
f 3992//10359 4123//10496 3981//10360
f 3984//10362 3976//10497 3977//10363
f 4125//10367 3977//10498 3905//10368
f 3981//10370 3980//10499 3983//10371
f 3982//10373 3913//10500 3985//10374
f 3946//10379 4038//10501 3972//10228
f 4038//10387 3944//10502 4032//10388
f 4032//10390 3944//10503 4039//10391
f 3968//10394 4129//10504 4030//10395
usemtl Material.102
f 4146//10505 4143//10505 4144//10505
f 4133//10506 4131//10506 4134//10506
f 4145//10507 4143//10507 4146//10507
f 4132//10508 4134//10508 4131//10508
l 4141 4142
l 4136 4147
l 4137 4139
l 4147 4148
l 3952 4092
l 4135 4138
l 4144 4148
o Cylinder.036
v -12.498866 21.905218 -40.752735
v -12.570139 21.875305 -40.333382
v -12.637692 22.575638 -40.442497
v -12.824157 21.838688 -40.280884
v -13.023434 21.780724 -40.558578
v -12.758109 22.395235 -41.072411
v -12.434866 21.817869 -40.731365
v -12.531268 21.819283 -40.282444
v -13.005307 21.669395 -40.992859
v -12.319267 21.762363 -40.826908
v -12.843262 21.707249 -40.014454
v -13.053020 21.626160 -41.080482
v -12.709060 23.482998 -40.816578
v -13.117474 23.275730 -40.975727
v -14.070611 24.208565 -40.812420
v -13.325575 24.774117 -42.113091
v -13.306669 24.806541 -42.054424
v -12.813085 24.332619 -40.674107
v -13.426128 24.784485 -41.934006
v -13.123359 23.755213 -40.899448
v -12.945469 23.854475 -40.949936
v -12.875393 23.459106 -41.038994
v -12.976101 23.493603 -40.342148
v -13.023151 23.878197 -40.331512
v -14.095898 24.067482 -40.890446
v -13.177650 23.401968 -40.616440
v -11.883114 24.362675 -40.426231
v -11.800527 24.371265 -40.235790
v -12.758713 23.541946 -40.459187
v -12.646069 23.029415 -40.840443
v -13.114196 22.719690 -40.613674
v -13.043868 22.675034 -40.980358
v -12.685689 22.802546 -40.449120
v -12.694995 22.968304 -40.472935
v -12.969025 22.967817 -40.380005
v -12.539008 22.326359 -40.759033
v -12.622498 22.238949 -40.399303
v -12.578437 22.065052 -40.386612
v -12.859346 22.074192 -40.282280
v -13.064095 22.186804 -40.590176
v -13.044232 21.931303 -40.572063
v -12.993701 22.222424 -40.948299
v -12.961072 22.029152 -40.920097
v -12.785367 24.291891 -40.345318
v -11.886195 24.455080 -40.187630
v -12.987977 24.328732 -40.964436
v -12.721100 24.012146 -40.725121
v -12.844003 24.433403 -40.303207
v -13.230702 23.941746 -40.545460
v -12.754034 23.975899 -40.429646
v -11.483717 24.676575 -40.290920
v -14.525593 24.340332 -40.950932
v -13.479602 25.016987 -42.625381
v -14.526831 24.286610 -41.207607
v -11.463782 24.588470 -40.344181
v -13.640124 25.053118 -42.630192
v -14.548708 24.234348 -41.009727
v -11.283623 24.715639 -40.056248
v -14.770771 24.327787 -41.014641
v -13.578147 25.101149 -42.958626
v -14.753226 24.209148 -41.073521
v -11.265203 24.608925 -40.083397
v -12.591230 22.523335 -40.809185
v -12.782698 22.562294 -40.324909
v -12.864797 21.963711 -40.265808
v -12.950902 21.819586 -40.378712
v -13.019264 22.479887 -40.438713
v -13.064972 22.433273 -40.817822
v -12.961673 21.810820 -40.924335
v -12.828399 21.819736 -41.005997
v -12.895793 22.610277 -41.057365
v -12.693640 21.834629 -41.021072
v -12.578950 21.864861 -40.921326
v -12.682794 22.612488 -40.978100
v -12.375302 21.781233 -40.446560
v -12.800283 21.766201 -40.152542
v -12.999972 21.723602 -40.335526
v -12.803338 21.711870 -41.108765
v -12.849300 21.811945 -40.234035
v -12.656754 21.768497 -41.083721
v -12.968660 21.752535 -40.996540
v -12.330126 21.746876 -40.471657
v -12.631963 21.711193 -40.048092
v -13.021053 21.651453 -40.187000
v -12.834376 21.628874 -41.225079
v -12.416089 21.737253 -41.061821
v -12.599573 21.683012 -41.217709
v -13.148794 21.623848 -40.480331
v -12.435060 21.787048 -40.198044
v -12.704704 23.379599 -40.675484
v -13.170831 23.194160 -40.665218
v -12.738478 23.132132 -40.488216
v -12.920883 22.635740 -40.330929
v -12.754410 24.264660 -40.651573
v -13.212487 24.299530 -40.861889
v -13.006919 24.043226 -40.322781
v -12.717172 24.142935 -40.712543
v -12.988383 24.474344 -40.926628
v -13.085876 24.490484 -40.848042
v -12.975132 23.212841 -40.404396
v -12.747978 23.788420 -40.771095
v -12.797621 23.751503 -40.427071
v -12.875565 23.537659 -40.375500
v -12.868438 23.882511 -40.406876
v -13.144419 23.532032 -40.751823
v -13.211165 23.973425 -40.871151
v -12.750707 23.351597 -40.501747
v -12.719408 23.991825 -40.540333
v -13.020771 23.737749 -40.984055
v -13.031181 23.940966 -40.897949
v -12.800419 22.652180 -41.106804
v -12.821237 23.055988 -41.088089
v -12.688817 23.166895 -40.879974
v -12.629652 22.872490 -40.815865
v -13.148552 23.020048 -40.615837
v -13.107500 23.064823 -40.973156
v -13.068277 22.860418 -40.971806
v -12.669506 22.681253 -40.415596
v -12.691549 22.906309 -40.446617
v -12.945974 22.791283 -40.335278
v -13.043933 22.760489 -40.455276
v -13.081144 23.000622 -40.500332
v -12.642775 23.021622 -40.658741
v -12.933176 22.738504 -41.072651
v -12.605803 22.764523 -40.817081
v -12.623214 22.472162 -40.402206
v -12.897077 22.252876 -40.295235
v -13.067870 22.373726 -40.612396
v -12.987671 22.135561 -40.950314
v -12.718103 22.116198 -41.048267
v -12.594134 22.020765 -40.955143
v -12.851506 21.974123 -40.997456
v -13.030337 22.018532 -40.738415
v -13.043643 22.152727 -40.773502
v -12.974566 22.262476 -40.449093
v -11.921311 24.459631 -40.410934
v -14.078674 24.226768 -40.955963
v -13.449909 24.718922 -42.040157
v -14.047282 24.216305 -41.026939
v -12.186748 24.261410 -40.537457
v -14.100171 24.122963 -40.816750
v -14.042276 24.125704 -41.081051
v -11.878688 24.338564 -40.367504
v -12.301883 24.355040 -40.504482
v -13.555122 24.265629 -40.908085
v -13.664470 24.150953 -40.679363
v -13.306140 24.539618 -41.464359
v -13.194392 24.587498 -41.618568
v -13.638870 24.008160 -40.737877
v -12.321699 24.158007 -40.350700
v -11.511436 24.681454 -40.192165
v -13.588018 24.969069 -42.568516
v -13.583900 25.089531 -42.661171
v -14.498064 24.211124 -41.108727
v -11.750894 24.526628 -40.171467
v -14.371086 24.343706 -41.117226
v -14.339240 24.265318 -40.875195
v -14.319258 24.220755 -41.159607
v -13.544768 25.110786 -42.778606
v -14.366605 24.162811 -40.955208
v -13.636461 25.103132 -42.964199
v -11.264073 24.734537 -40.221733
v -13.702911 25.081768 -42.921715
v -13.643908 25.123865 -42.917740
v -11.278819 24.659586 -40.039848
v -13.690400 25.085781 -42.860928
v -11.241027 24.642286 -40.267456
v -13.544169 25.091578 -42.871437
v -11.365568 24.704556 -40.065853
v -11.345488 24.731518 -40.229061
v -14.720765 24.370377 -41.187565
v -14.649752 24.344847 -40.963879
v -14.731303 24.252743 -41.266239
v -14.755067 24.214191 -41.203232
v -14.650636 24.263000 -40.991482
v -14.739540 24.304018 -41.252419
v -13.612295 25.048016 -42.848232
v -14.733437 24.334768 -41.081276
v -14.759670 24.280956 -41.159401
v -11.226585 24.672644 -40.143055
v -13.545000 24.886841 -42.320107
v -11.511771 24.630295 -40.345074
v -13.467022 24.917273 -42.261799
v -13.467010 24.882124 -42.366264
v -13.645748 24.048258 -40.833797
v -13.235638 24.047211 -40.509506
v -13.166330 24.622282 -41.414696
v -12.827306 24.351639 -40.326584
v -13.143070 24.575996 -41.495602
v -12.553996 22.203619 -40.643280
v -12.506430 21.876253 -40.540092
v -12.740497 22.119915 -40.310802
v -12.708587 21.990602 -40.312298
v -12.993375 22.100723 -40.432442
v -13.137639 22.923983 -40.789936
v -13.099378 22.658552 -40.799503
v -12.966321 22.895718 -41.042747
v -12.613433 22.770624 -40.655907
v -13.118056 22.571798 -40.590572
v -12.988416 23.397423 -41.018597
v -13.190784 23.754133 -40.538868
v -13.091611 23.382748 -40.487549
v -12.759903 23.769440 -40.611404
v -12.825721 23.823368 -40.878090
v -12.777760 23.446716 -40.965702
v -13.164920 23.338594 -40.799538
v -12.849782 23.342293 -40.427612
v -12.898186 24.468950 -40.724056
v -13.002203 24.581715 -40.789848
v -12.832147 24.324730 -40.535545
v -14.491494 24.352938 -41.099903
v -13.118196 24.178143 -40.378349
v -12.693839 23.123892 -40.670631
v -12.985155 23.113056 -41.085495
v -12.929908 23.051489 -40.376118
v -12.933006 24.116247 -40.903053
v -12.644309 21.782215 -40.090981
v -13.140299 21.612572 -40.812569
v -13.022971 21.693438 -40.221027
v -13.096360 21.675880 -40.505024
v -12.541513 21.794996 -40.935837
v -12.629210 22.350075 -40.918098
v -12.999355 22.362467 -40.996620
v -12.746092 23.170736 -40.988914
v -12.751386 22.427290 -40.313343
v -12.582574 22.429947 -40.638168
v -13.727909 23.922127 -39.518692
v -13.576491 23.979288 -39.682796
v -13.902353 23.953339 -39.078262
v -13.637815 23.960342 -39.292271
v -12.851418 24.742893 -40.972031
v -12.818117 24.143215 -40.101696
v -12.695967 24.285980 -40.235901
v -12.604377 24.577230 -40.811916
v -12.663535 24.436264 -40.195488
v -13.632508 24.064243 -40.222637
v -13.270908 23.948578 -40.197483
v -13.329185 23.952267 -40.237854
v -12.573915 24.047276 -39.143085
v -12.435955 24.078911 -39.464188
v -12.308307 24.090128 -38.765537
v -12.388723 24.003864 -39.262047
v -12.813378 24.076290 -39.718987
v -12.632804 24.086323 -39.668388
vn 0.9729 0.1883 0.1339
vn -0.2835 -0.1149 -0.9521
vn 0.8936 0.0816 -0.4414
vn -0.1728 0.8230 -0.5411
vn -0.1326 0.6674 -0.7328
vn 0.4556 0.8589 0.2338
vn -0.7892 0.5373 0.2975
vn -0.8950 0.2555 0.3657
vn 0.6470 0.7499 0.1380
vn 0.1238 0.5287 0.8398
vn -0.3530 -0.3428 -0.8705
vn -0.9846 0.1325 -0.1143
vn -0.9745 -0.2101 -0.0789
vn 0.8486 0.4389 0.2954
vn -0.5308 -0.2512 -0.8094
vn 0.3908 0.2933 0.8725
vn 0.7513 0.2614 -0.6060
vn 0.9189 0.0818 -0.3858
vn -0.9533 -0.0593 -0.2960
vn -0.8426 -0.1686 0.5115
vn -0.8692 0.1496 0.4713
vn 0.1091 0.0121 0.9940
vn 0.7970 0.5938 -0.1106
vn 0.3565 0.8913 0.2801
vn -0.6159 0.5999 0.5106
vn 0.7393 0.6537 0.1620
vn -0.6362 0.7184 -0.2812
vn 0.0140 -0.9020 -0.4316
vn -0.1098 -0.3166 0.9422
vn -0.0149 0.7639 -0.6451
vn -0.4423 0.8696 0.2195
vn -0.4429 0.8692 0.2198
vn -0.4425 0.8695 0.2196
vn -0.1476 -0.9551 -0.2568
vn -0.1480 0.9888 0.0206
vn 0.6168 0.7716 -0.1557
vn 0.8616 0.2092 0.4625
vn -0.8375 -0.5452 -0.0354
vn 0.1084 -0.4096 0.9058
vn -0.2220 0.0273 0.9747
vn -0.2973 0.8420 0.4502
vn 0.1826 0.9190 0.3495
vn 0.3986 0.4445 -0.8022
vn 0.4135 -0.8309 -0.3723
vn 0.2973 0.9384 0.1761
vn 0.8150 -0.4367 -0.3810
vn 0.0996 0.4372 -0.8938
vn -0.0009 -0.9548 -0.2971
vn 0.9400 0.2547 0.2270
vn 0.9482 0.1236 0.2928
vn 0.4664 0.1814 0.8658
vn 0.5820 0.0273 0.8127
vn -0.9203 -0.0440 0.3886
vn -0.8794 0.1488 0.4522
vn -0.5608 -0.2764 0.7805
vn -0.3424 -0.0145 -0.9394
vn -0.6515 -0.3535 -0.6713
vn -0.5207 -0.0307 -0.8532
vn -0.5708 0.0175 -0.8209
vn 0.7743 0.0565 -0.6303
vn 0.9037 -0.0048 -0.4281
vn 0.8591 0.1951 -0.4731
vn 0.8156 0.0687 -0.5745
vn 0.8869 0.0385 -0.4604
vn -0.9382 -0.1820 -0.2942
vn -0.9798 -0.1379 -0.1448
vn -0.3871 -0.1847 -0.9033
vn 0.9332 0.2060 0.2944
vn 0.9333 0.2059 0.2943
vn 0.9332 0.2061 0.2944
vn -0.8997 -0.0999 0.4248
vn -0.9187 0.0842 0.3858
vn -0.8042 0.1028 0.5854
vn 0.0791 0.2324 -0.9694
vn -0.4712 0.1969 -0.8598
vn -0.7308 -0.1320 0.6697
vn -0.8326 -0.1486 0.5336
vn -0.7381 -0.1050 0.6664
vn -0.7399 -0.1084 0.6639
vn -0.7384 -0.1056 0.6660
vn 0.9615 0.0700 0.2659
vn 0.8122 0.0222 -0.5829
vn 0.6057 0.1355 -0.7840
vn -0.9740 0.0135 -0.2261
vn -0.3635 0.7146 -0.5977
vn 0.7265 0.6731 0.1383
vn 0.4382 -0.0904 0.8943
vn 0.3155 0.9367 0.1515
vn 0.0277 0.1245 -0.9918
vn -0.6177 -0.2030 -0.7598
vn 0.4012 0.2660 0.8765
vn 0.3156 -0.1907 0.9295
vn 0.4324 0.1968 0.8800
vn -0.3702 0.1808 -0.9112
vn -0.7137 0.6992 -0.0420
vn 0.2540 0.9376 -0.2374
vn 0.4471 0.8942 0.0215
vn -0.3674 0.8788 0.3045
vn 0.7886 0.6049 0.1104
vn -0.3895 0.7347 -0.5554
vn -0.3397 0.9036 -0.2609
vn 0.0910 0.7038 0.7046
vn -0.0257 0.8741 0.4851
vn 0.8716 0.1094 -0.4779
vn 0.8776 0.1477 -0.4562
vn 0.8699 -0.1692 -0.4633
vn -0.8798 -0.2014 0.4305
vn -0.7493 0.0151 0.6621
vn -0.8737 -0.2662 0.4072
vn 0.6743 0.1779 -0.7167
vn -0.9039 0.3907 -0.1739
vn 0.1120 -0.9923 0.0524
vn 0.1902 -0.9817 -0.0127
vn 0.1892 -0.9792 0.0729
vn 0.9983 0.0557 0.0196
vn 0.9985 0.0486 0.0270
vn 0.9980 0.0611 0.0140
vn -0.6671 -0.0406 -0.7439
vn -0.6263 -0.0391 0.7786
vn 0.8539 0.0720 -0.5154
vn 0.0095 0.0917 0.9957
vn 0.0084 0.0908 0.9958
vn 0.0117 0.0935 0.9955
vn 0.5881 -0.1423 0.7962
vn 0.5925 -0.1449 0.7924
vn 0.6013 -0.1502 0.7848
vn 0.2731 -0.0007 0.9620
vn 0.3523 0.0463 0.9348
vn 0.2198 -0.0315 0.9750
vn 0.9875 -0.1575 0.0008
vn 0.9890 -0.1458 0.0264
vn 0.9897 -0.1309 0.0583
vn -0.4649 0.1169 -0.8776
vn -0.5783 0.0530 -0.8141
vn -0.6343 0.0181 -0.7729
vn -0.7131 -0.1541 0.6839
vn -0.7402 -0.1089 0.6635
vn -0.3170 0.1649 -0.9340
vn -0.4068 0.2091 -0.8893
vn -0.1337 0.0743 -0.9882
vn -0.7667 -0.1294 0.6288
vn -0.7645 -0.1234 0.6327
vn -0.7572 -0.1041 0.6448
vn -0.7491 0.0304 0.6618
vn -0.7587 0.0380 0.6503
vn -0.7804 0.0559 0.6227
vn -0.3764 -0.1108 -0.9198
vn -0.3597 -0.0569 -0.9313
vn -0.3832 -0.1340 -0.9139
vn 0.9947 0.1019 -0.0137
vn -0.5419 -0.1095 -0.8333
vn -0.9964 0.0129 -0.0837
vn -0.2450 -0.1143 -0.9628
vn 0.2458 0.0971 0.9644
vn 0.2360 0.0777 0.9687
vn 0.2177 0.0424 0.9751
vn -0.9345 0.0095 -0.3557
vn 0.9585 0.2025 0.2006
vn 0.9618 0.1159 0.2481
vn 0.9619 0.1158 0.2477
vn 0.9606 0.1156 0.2530
vn 0.2957 0.0826 -0.9517
vn 0.3888 -0.9213 -0.0080
vn 0.3755 -0.9267 0.0147
vn 0.3898 -0.9208 -0.0106
vn -0.4462 -0.3074 0.8405
vn -0.1723 -0.9845 -0.0321
vn -0.2179 -0.9372 -0.2725
vn -0.3725 -0.9276 0.0270
vn -0.5471 0.7923 -0.2703
vn -0.5760 0.8142 -0.0727
vn -0.5825 0.8101 0.0664
vn 0.1714 0.9848 -0.0295
vn -0.0022 0.9955 0.0951
vn 0.2682 0.9581 -0.1010
vn -0.3332 -0.2981 0.8945
vn 0.2297 -0.7606 -0.6072
vn 0.2562 -0.8366 -0.4843
vn 0.2658 -0.8637 -0.4282
vn 0.0807 -0.9966 0.0178
vn -0.0412 -0.9883 0.1469
vn 0.1346 -0.9901 -0.0404
vn -0.0744 -0.7104 0.6998
vn -0.0110 -0.5646 0.8253
vn 0.0190 -0.4882 0.8725
vn -0.3986 -0.4543 0.7967
vn 0.1868 0.5175 -0.8350
vn 0.3059 0.4305 -0.8492
vn 0.3555 0.3898 -0.8496
vn 0.0630 0.4558 -0.8879
vn -0.4431 0.8691 0.2199
vn 0.2053 0.6503 -0.7314
vn 0.1995 0.6395 -0.7425
vn 0.2069 0.6533 -0.7283
vn 0.2199 0.2866 -0.9325
vn 0.2114 -0.9047 -0.3700
vn 0.2733 -0.8971 -0.3472
vn 0.0105 -0.9023 -0.4310
vn 0.2965 -0.9058 -0.3027
vn 0.3630 -0.8687 -0.3371
vn 0.4117 -0.8365 -0.3616
vn -0.0513 0.9987 -0.0002
vn -0.0153 0.9990 0.0416
vn -0.0772 0.9965 -0.0305
vn -0.0378 0.9565 0.2891
vn 0.0636 0.9975 0.0321
vn 0.0763 0.9971 -0.0012
vn -0.1100 0.9854 0.1299
vn -0.0862 0.9888 0.1217
vn -0.1491 0.9784 0.1433
vn -0.2768 0.9593 0.0566
vn -0.2952 0.9549 -0.0322
vn -0.2607 0.9571 0.1260
vn 0.8810 0.4644 -0.0904
vn -0.9208 0.3881 -0.0396
vn -0.9207 0.3885 -0.0384
vn -0.9135 0.4060 0.0271
vn 0.0691 0.9151 -0.3973
vn -0.9661 0.0053 -0.2579
vn -0.9640 0.0312 -0.2642
vn -0.9681 -0.0928 -0.2325
vn -0.9948 -0.1017 -0.0104
vn -0.9939 -0.1089 -0.0165
vn -0.9910 -0.1296 -0.0341
vn 0.8973 -0.4217 0.1304
vn 0.9139 -0.2696 0.3036
vn 0.8641 -0.5028 0.0224
vn 0.9579 0.0040 -0.2870
vn 0.8943 0.4335 -0.1111
vn 0.8886 0.4466 -0.1045
vn 0.9273 0.3242 -0.1868
vn -0.9583 -0.0910 0.2709
vn -0.5644 0.7382 0.3695
vn -0.0888 -0.8740 -0.4777
vn -0.0557 -0.9269 -0.3711
vn -0.0275 -0.9600 -0.2785
vn -0.2273 -0.9218 -0.3140
vn -0.2375 -0.9083 -0.3443
vn -0.4273 -0.4022 0.8097
vn -0.4626 -0.4330 0.7736
vn -0.4861 -0.4534 0.7471
vn -0.4541 -0.5183 0.7247
vn -0.4098 -0.6975 0.5879
vn -0.4619 -0.4658 0.7547
vn 0.4100 -0.3087 -0.8583
vn 0.1454 0.0968 -0.9846
vn 0.1260 0.1236 -0.9843
vn -0.2394 0.7915 -0.5624
vn -0.1719 0.6855 -0.7075
vn -0.2425 0.7960 -0.5546
vn 0.2360 0.9212 0.3094
vn 0.3305 0.4291 -0.8406
vn 0.3891 0.4881 -0.7813
vn 0.1538 -0.8721 -0.4645
vn 0.1339 -0.8823 -0.4512
vn 0.1290 -0.8841 -0.4492
vn 0.1469 -0.8767 -0.4580
vn 0.1442 -0.8749 -0.4624
vn -0.2975 -0.8599 -0.4148
vn -0.9300 -0.3062 0.2034
vn -0.8906 -0.4330 0.1390
vn -0.8823 -0.4529 0.1281
vn 0.4485 -0.8848 -0.1261
vn 0.4221 -0.8302 -0.3642
vn 0.4184 -0.8226 -0.3850
vn -0.1216 -0.9835 -0.1338
vn -0.1696 -0.9389 -0.2994
vn -0.1884 -0.9108 -0.3672
vn 0.3776 -0.9259 0.0058
vn 0.3807 -0.9247 0.0081
vn 0.0071 -0.9285 -0.3712
vn -0.0025 -0.9529 -0.3032
vn -0.0039 -0.9561 -0.2931
vn -0.3060 0.2329 0.9231
vn -0.3043 0.0757 0.9496
vn -0.3059 0.2428 0.9206
vn -0.2889 -0.7675 0.5723
vn -0.2874 -0.7238 0.6273
vn -0.2873 -0.7211 0.6305
vn 0.0833 0.9623 0.2589
vn 0.9647 0.0498 -0.2585
vn 0.8874 -0.2604 -0.3803
vn 0.9658 0.0677 -0.2505
vn 0.8717 0.4870 -0.0543
vn 0.8608 0.5072 -0.0427
vn -0.9718 -0.0268 0.2343
vn 0.1687 0.5019 -0.8483
vn 0.1795 0.4870 -0.8548
vn 0.1815 0.4842 -0.8559
vn 0.1805 0.0886 -0.9796
vn 0.2428 0.1650 -0.9559
vn 0.1308 0.0287 -0.9910
vn -0.0513 -0.9314 -0.3602
vn -0.0695 -0.9342 -0.3499
vn -0.0765 -0.9352 -0.3458
vn 0.1526 0.5130 -0.8447
vn 0.1743 -0.9051 -0.3878
vn 0.9752 0.1096 0.1924
vn 0.9848 0.1498 0.0877
vn 0.9692 0.0958 0.2270
vn 0.9620 0.1159 0.2474
vn 0.2532 0.0075 0.9674
vn 0.2219 0.0327 0.9745
vn 0.2886 -0.0216 0.9572
vn 0.1913 0.1111 0.9752
vn -0.9013 -0.0034 0.4331
vn -0.8838 0.0639 0.4635
vn -0.8614 0.1300 0.4909
vn 0.3583 0.2667 0.8947
vn 0.4493 0.1006 0.8877
vn -0.7511 -0.1114 0.6507
vn -0.9184 -0.2523 -0.3046
vn -0.9180 -0.2302 -0.3230
vn -0.9166 -0.3032 -0.2607
vn -0.7270 0.1362 0.6730
vn -0.9887 -0.0986 -0.1132
vn -0.9888 -0.1037 -0.1075
vn -0.9888 -0.1210 -0.0878
vn -0.9718 -0.1600 -0.1730
vn -0.9720 -0.1584 -0.1736
vn -0.9709 -0.1690 -0.1697
vn 0.8176 0.0303 -0.5750
vn 0.8179 0.0482 -0.5733
vn 0.8176 0.0907 -0.5686
vn -0.1152 0.0377 -0.9926
vn 0.8698 0.1457 -0.4715
vn 0.6662 0.1531 -0.7299
vn 0.6674 -0.0952 -0.7386
vn 0.5869 -0.0272 -0.8092
vn -0.9431 -0.1195 -0.3102
vn -0.9451 -0.1185 -0.3044
vn -0.9408 -0.1243 -0.3154
vn 0.7428 0.0328 -0.6687
vn -0.9925 -0.1219 -0.0093
vn -0.9909 -0.1327 -0.0221
vn -0.9935 -0.1136 0.0004
vn -0.9467 -0.1153 -0.3008
vn -0.9434 -0.1279 -0.3059
vn 0.2831 0.2859 0.9155
vn 0.2919 0.3553 0.8880
vn 0.2955 0.3872 0.8734
vn 0.2806 0.2592 0.9242
vn 0.3021 0.2296 0.9252
vn 0.1716 0.3969 0.9017
vn 0.4007 0.0005 0.9162
vn -0.3087 0.0627 -0.9491
vn -0.2766 0.0509 -0.9596
vn -0.3886 0.0924 -0.9167
vn 0.6303 -0.0079 0.7763
vn -0.6019 -0.0065 -0.7985
vn -0.6061 -0.0138 -0.7953
vn -0.6239 -0.0462 -0.7801
vn 0.9673 0.0486 0.2488
vn 0.9795 -0.0618 0.1916
vn 0.9309 0.1854 0.3148
vn -0.3728 -0.2162 -0.9024
vn -0.4684 -0.0208 -0.8833
vn 0.9543 0.1608 0.2519
vn 0.9432 0.2882 0.1652
vn 0.9308 0.3438 0.1245
vn 0.9955 0.0351 0.0876
vn 0.9949 0.0298 0.0960
vn 0.9971 0.0617 0.0449
vn 0.9758 0.2151 0.0380
vn -0.7965 -0.2023 0.5698
vn -0.7988 -0.1993 0.5677
vn -0.7690 -0.2365 0.5939
vn -0.8659 -0.0407 0.4985
vn -0.1717 0.3769 -0.9102
vn -0.2181 0.0780 -0.9728
vn -0.2865 0.2163 -0.9334
vn 0.9467 -0.2276 0.2280
vn 0.9583 -0.2037 0.2004
vn 0.9334 -0.2517 0.2558
vn 0.9776 0.1204 0.1724
vn 0.9954 0.0568 0.0772
vn 0.9986 0.0328 0.0412
vn 0.9890 0.0933 0.1148
vn 0.9872 0.0739 0.1415
vn 0.9897 0.1131 0.0873
vn 0.8586 0.2097 -0.4679
vn 0.8371 0.1945 -0.5114
vn 0.8228 0.1849 -0.5374
vn 0.5568 0.2709 -0.7852
vn 0.5892 0.2579 -0.7657
vn 0.5462 0.2750 -0.7912
vn -0.9856 0.0400 -0.1644
vn -0.9690 0.0967 -0.2273
vn -0.9329 0.1763 -0.3141
vn 0.8862 0.1389 -0.4420
vn -0.9213 -0.3482 -0.1733
vn -0.9825 -0.0289 -0.1838
vn 0.4072 0.0587 0.9115
vn 0.3456 0.0286 0.9380
vn 0.4351 0.0727 0.8974
vn -0.9667 -0.1521 -0.2061
vn -0.9978 -0.0179 -0.0632
vn 0.3794 -0.1942 0.9046
vn 0.3766 -0.1969 0.9052
vn 0.3833 -0.1905 0.9038
vn 0.5826 -0.0164 0.8126
vn 0.2960 -0.1166 0.9480
vn 0.5921 0.0824 0.8016
vn -0.5445 0.8162 -0.1932
vn -0.4603 0.8841 0.0802
vn -0.4741 0.8756 0.0924
vn 0.8423 0.2652 -0.4693
vn 0.8761 0.1949 -0.4410
vn 0.9094 0.1069 -0.4021
vn 0.7819 0.5263 -0.3341
vn 0.6470 0.7620 -0.0276
vn 0.7520 0.6552 -0.0718
vn 0.6019 0.7985 -0.0102
vn 0.2067 0.9554 0.2108
vn 0.1875 0.9721 0.1410
vn 0.2112 0.9506 0.2276
vn 0.3519 -0.2086 0.9125
vn 0.1445 0.9070 0.3956
vn 0.3475 0.9364 0.0489
vn 0.3607 0.9324 0.0221
vn 0.6040 0.4205 -0.6771
vn 0.5895 0.4393 -0.6779
vn 0.6570 0.3451 -0.6703
vn 0.6771 0.1453 -0.7214
vn 0.6722 0.1192 -0.7307
vn 0.6845 0.1908 -0.7036
vn 0.5340 0.1243 -0.8363
vn -0.7118 -0.1797 0.6790
vn -0.7036 -0.1541 0.6936
vn -0.6864 -0.1051 0.7196
vn -0.8211 0.0985 0.5622
vn -0.8214 0.0981 0.5619
vn -0.7974 0.1321 0.5888
vn -0.4497 -0.0030 0.8932
vn 0.8960 0.3458 0.2787
vn 0.8929 0.3635 0.2655
vn 0.8689 0.4562 0.1920
vn -0.6638 0.2781 0.6943
vn 0.9708 0.0457 0.2355
vn 0.9207 0.3880 0.0431
vn 0.9277 0.3691 0.0556
vn 0.9437 0.3188 0.0881
vn -0.9811 -0.1215 -0.1508
vn -0.9823 -0.0893 -0.1645
vn -0.9777 -0.1627 -0.1327
vn -0.0848 -0.1994 -0.9762
vn -0.1320 0.0359 -0.9906
vn -0.1313 0.0344 -0.9907
vn -0.1279 0.0276 -0.9914
vn -0.9916 0.0765 -0.1043
vn -0.0913 0.9863 0.1370
vn 0.0447 0.9755 0.2153
vn -0.1429 0.9840 0.1061
vn 0.3778 0.5259 0.7621
vn -0.5060 0.8556 -0.1092
vn -0.5190 0.8461 -0.1219
vn -0.5257 0.8409 -0.1286
vn -0.2221 0.9198 0.3235
vn 0.3248 0.8541 -0.4062
vn 0.3246 0.8542 -0.4062
vn 0.3245 0.8542 -0.4062
vn -0.3005 0.9535 0.0219
vn -0.3584 0.9129 0.1955
vn -0.3681 0.8973 0.2435
vn -0.3532 0.9197 0.1713
vn 0.6230 0.7804 0.0531
vn 0.2815 0.9585 0.0452
vn -0.6939 0.4340 0.5746
vn -0.6410 0.7548 0.1388
vn -0.6180 0.7801 0.0977
vn -0.6547 0.7378 0.1646
vn 0.4324 0.6693 -0.6043
vn 0.5707 0.5566 -0.6037
vn 0.6521 0.4725 -0.5928
vn -0.8397 0.5341 -0.0978
vn -0.9214 0.3411 -0.1862
vn 0.7471 0.4780 -0.4618
vn 0.7612 0.4619 -0.4553
vn 0.7688 0.4528 -0.4516
vn -0.6653 0.5267 0.5292
vn -0.6649 0.4428 0.6016
vn -0.6628 0.5616 0.4952
vn -0.3956 0.5064 -0.7662
vn -0.4800 0.3118 -0.8200
vn -0.3391 0.6064 -0.7192
vn -0.7645 0.6207 0.1742
vn 0.5967 0.8022 -0.0216
vn 0.6977 0.6824 0.2181
vn -0.9427 -0.1279 -0.3083
vn -0.9481 -0.1271 -0.2916
vn -0.1548 0.6326 -0.7589
vn -0.3324 0.8074 -0.4874
vn -0.2026 0.7840 -0.5867
vn 0.0505 0.8836 0.4656
vn 0.7690 0.0109 -0.6392
vn -0.2430 -0.3251 -0.9139
vn -0.9957 -0.0551 -0.0742
vn -0.9961 -0.0659 -0.0594
vn -0.9959 -0.0817 -0.0377
vn -0.8918 -0.1001 0.4413
vn -0.8873 -0.0764 0.4549
vn -0.9034 -0.2037 0.3773
vn -0.9682 -0.2363 -0.0821
vn 0.5352 0.2570 0.8047
vn 0.5488 0.3030 0.7791
vn 0.5654 0.3668 0.7388
vn 0.5669 0.0120 0.8237
vn 0.9856 0.0051 0.1688
vn 0.9544 0.2796 0.1044
vn 0.9648 0.2484 0.0868
vn 0.2060 -0.9334 0.2939
vn 0.1569 -0.9813 0.1118
vn -0.4742 -0.8789 -0.0528
vn 0.1339 -0.9908 0.0194
vn -0.0667 -0.8523 -0.5187
vn 0.3587 -0.9309 -0.0686
vn 0.2344 -0.9719 0.0238
vn 0.2712 -0.9617 0.0396
vn 0.9985 0.0431 0.0328
vn 0.0022 0.0859 0.9963
vn 0.5801 -0.1376 0.8029
vn 0.3992 0.0749 0.9138
vn 0.9850 -0.1705 -0.0278
vn -0.4262 0.1370 -0.8942
vn -0.5781 0.2930 -0.7615
vn -0.7712 -0.1420 0.6206
vn -0.7295 0.0153 0.6839
vn -0.3416 -0.0019 -0.9398
vn 0.2623 0.1296 0.9562
vn -0.5090 0.7528 -0.4175
vn -0.0819 0.9851 0.1510
vn 0.2234 -0.7423 -0.6317
vn -0.0809 -0.9788 0.1882
vn -0.1477 0.2661 0.9526
vn -0.1026 -0.7678 0.6324
vn 0.1553 0.5382 -0.8284
vn 0.1984 0.6374 -0.7445
vn 0.4520 -0.8504 -0.2695
vn 0.2596 -0.9233 -0.2831
vn 0.0268 0.9955 0.0904
vn -0.0472 0.9488 0.3122
vn -0.0466 0.9931 0.1079
vn -0.3135 0.9400 -0.1344
vn -0.9236 0.3676 -0.1087
vn -0.9510 0.1212 -0.2845
vn -0.9970 -0.0761 0.0112
vn 0.8909 -0.1336 0.4340
vn 0.9558 -0.0278 -0.2927
vn -0.1216 -0.8057 -0.5797
vn -0.3984 -0.3770 0.8362
vn -0.3916 -0.7459 0.5388
vn 0.4188 -0.3238 -0.8484
vn -0.1694 0.6814 -0.7120
vn -0.9335 -0.2897 0.2112
vn 0.4497 -0.8874 -0.1017
vn -0.1123 -0.9883 -0.1029
vn 0.0092 -0.9224 -0.3862
vn -0.0648 -0.2633 0.9625
vn 0.0090 -0.4913 0.8710
vn -0.3036 0.0567 0.9511
vn -0.2889 -0.7728 0.5651
vn 0.8720 -0.2939 -0.3914
vn 0.1672 0.5040 -0.8474
vn 0.2748 0.2047 -0.9395
vn -0.0451 -0.9304 -0.3638
vn 0.9853 0.1611 0.0570
vn 0.1945 0.0545 0.9794
vn -0.9165 -0.0917 0.3894
vn -0.9147 -0.1847 -0.3595
vn -0.9881 -0.0859 -0.1276
vn -0.9728 -0.1502 -0.1766
vn 0.8161 -0.0051 -0.5778
vn -0.9894 -0.1415 -0.0324
vn 0.2809 0.2700 0.9210
vn 0.3959 0.0894 0.9139
vn -0.2286 0.0333 -0.9729
vn -0.5785 0.0331 -0.8150
vn 0.9802 -0.0961 0.1731
vn 0.9452 0.0456 0.3232
vn 0.9922 0.0122 0.1240
vn -0.8323 -0.1524 0.5329
vn 0.9661 -0.1856 0.1796
vn 0.9662 0.1469 0.2120
vn 0.9857 0.0628 0.1566
vn 0.8660 0.2153 -0.4513
vn 0.6012 0.2529 -0.7581
vn -0.9916 0.0083 -0.1289
vn 0.3102 0.0117 0.9506
vn 0.3738 -0.1995 0.9058
vn 0.8083 0.3246 -0.4913
vn 0.8006 0.5917 -0.0947
vn 0.1798 0.9771 0.1138
vn 0.1291 0.8992 0.4180
vn 0.5360 0.5034 -0.6777
vn 0.6572 0.0526 -0.7519
vn -0.7310 -0.2506 0.6347
vn -0.8607 0.0339 0.5080
vn 0.9037 0.2708 0.3317
vn 0.8945 0.4470 0.0030
vn -0.9822 -0.0487 -0.1816
vn -0.1385 0.0488 -0.9892
vn 0.1048 0.9630 0.2483
vn -0.5017 0.8586 -0.1051
vn 0.3249 0.8540 -0.4062
vn -0.3720 0.8899 0.2641
vn -0.6104 0.7875 0.0849
vn 0.3201 0.7395 -0.5922
vn 0.7354 0.4910 -0.4669
vn -0.6625 0.4086 0.6278
vn -0.5185 0.1917 -0.8333
vn -0.9405 -0.1216 -0.3172
vn -0.9940 -0.0325 -0.1048
vn -0.8541 0.0444 0.5182
vn 0.5133 0.1907 0.8367
vn -0.3685 -0.8963 -0.2466
vn 0.1215 -0.9856 0.1180
vn -0.1086 -0.9763 0.1872
vn 0.3646 -0.9311 0.0121
s 1
usemtl Material.103
f 4374//10509 4151//10509 4274//10509
f 4219//10510 4154//10510 4371//10510
f 4222//10511 4211//10511 4370//10511
f 4226//10512 4235//10512 4233//10512
f 4218//10513 4228//10513 4226//10513
f 4339//10514 4156//10514 4223//10514
f 4368//10515 4225//10515 4214//10515
f 4236//10516 4232//10516 4367//10516
f 4237//10517 4230//10517 4223//10517
f 4365//10518 4159//10518 4231//10518
f 4243//10519 4194//10519 4364//10519
f 4174//10520 4253//10520 4354//10520
f 4349//10521 4197//10521 4254//10521
f 4238//10522 4161//10522 4255//10522
f 4180//10523 4272//10523 4219//10523
f 4266//10524 4181//10524 4212//10524
f 4259//10525 4273//10525 4222//10525
f 4279//10526 4184//10526 4149//10526
f 4282//10527 4190//10527 4277//10527
f 4342//10528 4189//10528 4213//10528
f 4283//10529 4188//10529 4342//10529
f 4373//10530 4275//10530 4340//10530
f 4335//10531 4246//10531 4337//10531
f 4307//10532 4301//10532 4331//10532
f 4331//10533 4204//10533 4329//10533
f 4328//10534 4310//10534 4206//10534
f 4207//10535 4326//10535 4327//10535
f 4325//10536 4311//10536 4309//10536
f 4200//10537 4320//10537 4323//10537
f 4199//10538 4318//10538 4330//10538
f 4204//10539 4301//10540 4314//10541
f 4300//10542 4311//10542 4325//10542
f 4320//10543 4326//10543 4207//10543
f 4316//10544 4208//10544 4307//10544
f 4328//10545 4206//10545 4313//10545
f 4329//10546 4204//10546 4300//10546
f 4193//10547 4176//10547 4303//10547
f 4163//10548 4305//10548 4289//10548
f 4331//10549 4301//10549 4204//10549
f 4165//10550 4331//10550 4167//10550
f 4287//10551 4306//10551 4304//10551
f 4175//10552 4291//10552 4288//10552
f 4335//10553 4247//10553 4246//10553
f 4164//10554 4337//10554 4296//10554
f 4288//10555 4292//10555 4284//10555
f 4286//10556 4296//10556 4295//10556
f 4338//10557 4185//10557 4186//10557
f 4339//10558 4186//10558 4150//10558
f 4185//10559 4340//10559 4186//10559
f 4185//10560 4373//10560 4340//10560
f 4342//10561 4188//10561 4189//10561
f 4275//10562 4283//10562 4342//10562
f 4152//10563 4213//10563 4214//10563
f 4277//10564 4278//10564 4280//10564
f 4191//10565 4277//10565 4280//10565
f 4217//10566 4280//10566 4218//10566
f 4191//10567 4280//10567 4217//10567
f 4154//10568 4370//10568 4278//10568
f 4279//10569 4149//10569 4221//10569
f 4273//10570 4260//10570 4262//10570
f 4259//10571 4260//10571 4273//10571
f 4222//10572 4273//10572 4211//10572
f 4265//10573 4343//10573 4264//10573
f 4347//10574 4344//10574 4216//10574
f 4219//10575 4259//10575 4154//10575
f 4346//10576 4181//10577 4266//10576
f 4151//10578 4346//10576 4266//10576
f 4179//10579 4269//10579 4263//10579
f 4347//10580 4269//10580 4179//10580
f 4241//10581 4347//10581 4215//10581
f 4257//10582 4169//10582 4170//10582
f 4362//10583 4162//10583 4348//10583
f 4349//10584 4172//10584 4197//10584
f 4350//10585 4349//10585 4174//10585
f 4350//10586 4171//10587 4349//10588
f 4238//10589 4255//10589 4240//10589
f 4249//10590 4352//10590 4195//10590
f 4372//10591 4170//10591 4353//10591
f 4174//10592 4349//10592 4253//10592
f 4247//10593 4357//10593 4246//10593
f 4242//10594 4166//10594 4358//10594
f 4252//10595 4244//10595 4172//10595
f 4359//10596 4200//10596 4305//10596
f 4260//10597 4362//10597 4170//10597
f 4264//10598 4362//10598 4345//10598
f 4363//10599 4240//10599 4248//10599
f 4182//10600 4363//10600 4183//10600
f 4182//10601 4240//10601 4363//10601
f 4258//10602 4364//10602 4169//10602
f 4368//10603 4366//10603 4236//10603
f 4155//10604 4158//10604 4369//10604
f 4155//10605 4223//10605 4158//10605
f 4214//10606 4227//10606 4152//10606
f 4149//10607 4339//10607 4155//10607
f 4218//10608 4229//10608 4217//10608
f 4157//10609 4226//10609 4160//10609
f 4150//10610 4227//10610 4156//10610
f 4152//10611 4227//10611 4150//10611
f 4370//10612 4211//10612 4184//10612
f 4372//10613 4161//10613 4261//10613
f 4260//10614 4372//10614 4261//10614
f 4275//10615 4215//10615 4283//10615
f 4241//10616 4215//10616 4275//10616
f 4215//10617 4347//10617 4276//10617
f 4260//10618 4170//10618 4372//10618
f 4368//10619 4229//10619 4157//10619
f 4158//10620 4159//10621 4160//10622
f 4238//10623 4261//10624 4161//10625
f 4362//10626 4264//10626 4162//10626
f 4270//10627 4363//10627 4248//10627
f 4364//10628 4194//10628 4166//10628
f 4373//10629 4241//10630 4275//10631
f 4177//10632 4355//10633 4255//10634
f 4252//10635 4250//10636 4198//10637
f 4195//10638 4351//10639 4249//10640
f 4348//10641 4168//10642 4257//10643
f 4248//10644 4171//10644 4350//10644
f 4349//10588 4171//10587 4172//10645
f 4258//10646 4168//10647 4254//10648
f 4269//10649 4241//10650 4268//10651
f 4183//10652 4269//10653 4268//10654
f 4278//10655 4190//10656 4154//10657
f 4262//10658 4178//10658 4271//10658
f 4265//10659 4264//10659 4345//10659
f 4344//10660 4347//10660 4179//10660
f 4280//10661 4278//10661 4220//10661
f 4187//10662 4341//10663 4340//10664
f 4281//10665 4191//10665 4217//10665
f 4339//10666 4338//10666 4186//10666
f 4338//10667 4374//10668 4185//10669
f 4288//10670 4195//10670 4245//10670
f 4256//10671 4298//10672 4198//10673
f 4297//10674 4197//10674 4334//10674
f 4333//10675 4290//10675 4254//10675
f 4332//10676 4329//10676 4300//10676
f 4308//10677 4205//10677 4302//10677
f 4312//10678 4311//10679 4314//10680
f 4312//10681 4307//10682 4208//10683
f 4323//10684 4320//10684 4207//10684
f 4202//10685 4322//10686 4321//10687
f 4322//10688 4205//10689 4209//10690
f 4323//10691 4205//10692 4200//10693
f 4323//10694 4207//10694 4209//10694
f 4318//10695 4203//10696 4330//10697
f 4315//10698 4318//10698 4310//10698
f 4314//10541 4301//10540 4312//10699
f 4319//10700 4202//10701 4324//10702
f 4202//10703 4321//10703 4324//10703
f 4208//10704 4325//10705 4309//10706
f 4201//10707 4325//10708 4316//10709
f 4320//10710 4359//10711 4326//10712
f 4319//10713 4359//10714 4304//10715
f 4206//10716 4318//10717 4317//10718
f 4318//10719 4299//10720 4317//10721
f 4307//10722 4201//10722 4316//10722
f 4319//10723 4327//10724 4326//10725
f 4208//10726 4309//10726 4312//10726
f 4321//10727 4327//10728 4324//10729
f 4327//10730 4209//10731 4207//10732
f 4328//10733 4210//10734 4315//10735
f 4165//10736 4201//10737 4307//10738
f 4315//10739 4310//10739 4328//10739
f 4286//10740 4167//10740 4329//10740
f 4167//10741 4331//10741 4329//10741
f 4302//10742 4306//10743 4308//10744
f 4290//10745 4308//10745 4306//10745
f 4290//10746 4173//10746 4308//10746
f 4200//10747 4308//10748 4305//10749
f 4308//10750 4289//10751 4305//10752
f 4175//10753 4330//10754 4203//10755
f 4330//10756 4284//10757 4199//10758
f 4165//10759 4307//10759 4331//10759
f 4304//10760 4306//10760 4202//10760
f 4287//10761 4290//10761 4306//10761
f 4332//10762 4164//10763 4286//10764
f 4201//10765 4332//10762 4300//10766
f 4286//10767 4329//10767 4332//10767
f 4314//10768 4300//10769 4204//10770
f 4256//10771 4288//10772 4291//10773
f 4254//10774 4297//10775 4333//10776
f 4176//10777 4298//10672 4291//10778
f 4333//10779 4173//10780 4290//10781
f 4294//10782 4289//10783 4334//10784
f 4289//10785 4297//10786 4334//10787
f 4165//10788 4167//10788 4335//10788
f 4194//10789 4337//10790 4246//10791
f 4337//10792 4165//10736 4335//10793
f 4167//10794 4286//10794 4295//10794
f 4292//10795 4245//10796 4242//10797
f 4254//10798 4293//10799 4243//10800
f 4194//10801 4295//10802 4296//10803
f 4290//10804 4287//10804 4293//10804
f 4286//10805 4164//10805 4296//10805
f 4338//10806 4149//10807 4184//10808
f 4184//10809 4374//10668 4338//10667
f 4152//10810 4341//10811 4213//10812
f 4340//10813 4275//10813 4187//10813
f 4189//10814 4214//10815 4213//10816
f 4150//10817 4186//10817 4341//10817
f 4186//10818 4340//10818 4341//10818
f 4187//10819 4275//10819 4342//10819
f 4191//10820 4282//10821 4277//10822
f 4213//10823 4187//10823 4342//10823
f 4281//10824 4188//10825 4282//10826
f 4217//10827 4189//10828 4281//10829
f 4178//10830 4260//10831 4261//10832
f 4218//10833 4280//10833 4220//10833
f 4279//10834 4370//10834 4184//10834
f 4278//10835 4370//10835 4279//10835
f 4220//10836 4279//10836 4221//10836
f 4220//10837 4278//10837 4279//10837
f 4265//10838 4344//10839 4343//10840
f 4154//10841 4259//10841 4222//10841
f 4343//10842 4179//10843 4263//10844
f 4180//10845 4216//10846 4344//10839
f 4183//10847 4267//10848 4182//10849
f 4181//10850 4241//10851 4212//10852
f 4181//10853 4267//10853 4268//10853
f 4260//10854 4272//10855 4345//10856
f 4212//10857 4151//10857 4266//10857
f 4265//10858 4272//10859 4180//10860
f 4267//10861 4271//10862 4182//10863
f 4259//10864 4219//10864 4272//10864
f 4371//10865 4180//10865 4219//10865
f 4267//10866 4346//10867 4262//10868
f 4346//10869 4211//10870 4273//10871
f 4346//10872 4273//10872 4262//10872
f 4350//10873 4239//10874 4248//10875
f 4263//10876 4269//10876 4270//10876
f 4257//10877 4258//10877 4169//10877
f 4348//10878 4257//10878 4170//10878
f 4170//10879 4362//10879 4348//10879
f 4198//10880 4351//10881 4256//10882
f 4351//10883 4177//10884 4255//10885
f 4351//10886 4161//10887 4249//10888
f 4161//10889 4352//10890 4249//10891
f 4352//10892 4170//10893 4169//10894
f 4253//10895 4162//10896 4354//10897
f 4372//10898 4353//10898 4161//10898
f 4168//10899 4349//10899 4254//10899
f 4253//10900 4349//10900 4168//10900
f 4172//10901 4251//10902 4252//10903
f 4162//10904 4239//10904 4354//10904
f 4239//10905 4174//10905 4354//10905
f 4171//10906 4355//10907 4251//10908
f 4177//10909 4250//10909 4251//10909
f 4240//10910 4355//10910 4248//10910
f 4240//10911 4255//10911 4355//10911
f 4303//10912 4299//10912 4199//10912
f 4284//10913 4303//10913 4199//10913
f 4284//10914 4193//10914 4303//10914
f 4356//10915 4194//10916 4246//10917
f 4356//10918 4246//10918 4357//10918
f 4358//10919 4192//10920 4242//10921
f 4305//10922 4285//10923 4359//10924
f 4198//10925 4192//10925 4252//10925
f 4304//10926 4285//10927 4287//10928
f 4242//10929 4364//10930 4166//10931
f 4364//10932 4195//10933 4352//10934
f 4352//10935 4169//10935 4364//10935
f 4334//10936 4172//10937 4360//10938
f 4239//10939 4270//10940 4248//10941
f 4172//10942 4244//10942 4360//10942
f 4240//10943 4271//10944 4361//10945
f 4183//10946 4363//10946 4270//10946
f 4361//10947 4238//10947 4240//10947
f 4361//10948 4178//10949 4261//10950
f 4239//10951 4264//10952 4263//10953
f 4345//10954 4362//10954 4260//10954
f 4364//10955 4254//10956 4243//10957
f 4343//10958 4263//10958 4264//10958
f 4365//10959 4156//10960 4224//10961
f 4365//10962 4231//10962 4237//10962
f 4366//10963 4157//10964 4160//10965
f 4224//10966 4159//10966 4365//10966
f 4235//10967 4369//10968 4158//10969
f 4235//10970 4158//10970 4234//10970
f 4367//10971 4224//10972 4225//10973
f 4158//10974 4223//10974 4230//10974
f 4156//10975 4237//10975 4223//10975
f 4159//10976 4367//10976 4232//10976
f 4236//10977 4225//10978 4368//10979
f 4228//10980 4221//10981 4369//10982
f 4153//10983 4217//10983 4368//10983
f 4217//10984 4229//10984 4368//10984
f 4369//10985 4149//10986 4155//10987
f 4225//10988 4227//10989 4214//10990
f 4226//10991 4229//10992 4218//10993
f 4153//10994 4368//10994 4214//10994
f 4155//10995 4339//10995 4223//10995
f 4150//10996 4156//10996 4339//10996
f 4190//10997 4216//10846 4371//10998
f 4220//10999 4228//10999 4218//10999
f 4226//11000 4233//11000 4160//11000
f 4228//11001 4235//11001 4226//11001
f 4156//11002 4227//11002 4224//11002
f 4154//11003 4222//11003 4370//11003
f 4190//11004 4371//11004 4154//11004
f 4282//11005 4276//11006 4216//11007
f 4276//11008 4283//11009 4215//11010
f 4276//11011 4347//11011 4216//11011
f 4212//11012 4274//11013 4151//11014
f 4185//11015 4274//11015 4373//11015
f 4374//11016 4274//11016 4185//11016
f 4184//11017 4211//11017 4374//11017
f 4211//11018 4151//11018 4374//11018
f 4160//10622 4233//11019 4235//11020
f 4158//10620 4230//11021 4237//11022
f 4237//11022 4231//11023 4159//10621
f 4159//10621 4232//11024 4236//11025
f 4236//11025 4366//11026 4160//10622
f 4160//10622 4235//11020 4158//10620
f 4158//10620 4237//11022 4159//10621
f 4159//10621 4236//11025 4160//10622
f 4238//10623 4361//11027 4261//10624
f 4373//10629 4212//11028 4241//10630
f 4177//10632 4251//11029 4355//10633
f 4252//10635 4251//11030 4250//10636
f 4195//10638 4256//11031 4351//10639
f 4348//10641 4162//11032 4168//10642
f 4258//10646 4257//11033 4168//10647
f 4269//10649 4347//11034 4241//10650
f 4183//10652 4270//11035 4269//10653
f 4278//10655 4277//11036 4190//10656
f 4187//10662 4213//11037 4341//10663
f 4256//10671 4291//10778 4298//10672
f 4312//10678 4309//11038 4311//10679
f 4312//10681 4301//11039 4307//10682
f 4202//10685 4302//11040 4322//10686
f 4322//10688 4302//11041 4205//10689
f 4313//11042 4206//11042 4317//11042
f 4323//10691 4209//11043 4205//10692
f 4318//10695 4315//11044 4203//10696
f 4319//10700 4304//11045 4202//10701
f 4208//10704 4316//11046 4325//10705
f 4201//10707 4300//11047 4325//10708
f 4320//10710 4200//11048 4359//10711
f 4319//10713 4326//11049 4359//10714
f 4206//10716 4310//11050 4318//10717
f 4318//10719 4199//11051 4299//10720
f 4319//10723 4324//11052 4327//10724
f 4321//10727 4322//11053 4327//10728
f 4327//10730 4322//11054 4209//10731
f 4328//10733 4313//11055 4210//10734
f 4165//10736 4164//11056 4201//10737
f 4302//10742 4202//11057 4306//10743
f 4200//10747 4205//11058 4308//10748
f 4308//10750 4173//11059 4289//10751
f 4175//10753 4288//11060 4330//10754
f 4330//10756 4288//11061 4284//10757
f 4332//10762 4201//10765 4164//10763
f 4314//10768 4311//11062 4300//10769
f 4256//10771 4195//11063 4288//10772
f 4254//10774 4197//11064 4297//10775
f 4333//10779 4297//11065 4173//10780
f 4192//11066 4198//11066 4298//11066
f 4298//11067 4176//11067 4193//11067
f 4294//10782 4163//11068 4289//10783
f 4289//10785 4173//11069 4297//10786
f 4194//10789 4296//11070 4337//10790
f 4337//10792 4164//11056 4165//10736
f 4292//10795 4288//11071 4245//10796
f 4254//10798 4290//11072 4293//10799
f 4194//10801 4243//11073 4295//10802
f 4338//10806 4339//11074 4149//10807
f 4152//10810 4150//11075 4341//10811
f 4189//10814 4153//11076 4214//10815
f 4191//10820 4281//11077 4282//10821
f 4281//10824 4189//11078 4188//10825
f 4217//10827 4153//11079 4189//10828
f 4178//10830 4262//11080 4260//10831
f 4265//10838 4180//10845 4344//10839
f 4343//10842 4344//11081 4179//10843
f 4180//10845 4371//10998 4216//10846
f 4183//10847 4268//11082 4267//10848
f 4181//10850 4268//11083 4241//10851
f 4260//10854 4259//11084 4272//10855
f 4265//10858 4345//11085 4272//10859
f 4267//10861 4262//11086 4271//10862
f 4267//10866 4181//11087 4346//10867
f 4346//10869 4151//11088 4211//10870
f 4350//10873 4174//11089 4239//10874
f 4198//10880 4250//11090 4351//10881
f 4351//10883 4250//11091 4177//10884
f 4351//10886 4255//11092 4161//10887
f 4161//10889 4353//11093 4352//10890
f 4352//10892 4353//11094 4170//10893
f 4253//10895 4168//11095 4162//10896
f 4172//10901 4171//11096 4251//10902
f 4171//10906 4248//11097 4355//10907
f 4356//10915 4166//11098 4194//10916
f 4358//10919 4336//11099 4192//10920
f 4305//10922 4163//11100 4285//10923
f 4304//10926 4359//11101 4285//10927
f 4242//10929 4245//11102 4364//10930
f 4364//10932 4245//11103 4195//10933
f 4334//10936 4197//11104 4172//10937
f 4239//10939 4263//11105 4270//10940
f 4240//10943 4182//11106 4271//10944
f 4361//10948 4271//11107 4178//10949
f 4239//10951 4162//11108 4264//10952
f 4364//10955 4258//11109 4254//10956
f 4365//10959 4237//11110 4156//10960
f 4366//10963 4368//11111 4157//10964
f 4235//10967 4228//11112 4369//10968
f 4367//10971 4159//11113 4224//10972
f 4236//10977 4367//11114 4225//10978
f 4228//10980 4220//11115 4221//10981
f 4369//10985 4221//11116 4149//10986
f 4225//10988 4224//11117 4227//10989
f 4226//10991 4157//11118 4229//10992
f 4190//10997 4282//11119 4216//10846
f 4282//11005 4188//11120 4276//11006
f 4276//11008 4188//11121 4283//11009
f 4212//11012 4373//11122 4274//11013
usemtl Material.104
f 4390//11123 4387//11123 4388//11123
f 4377//11124 4375//11124 4378//11124
f 4389//11125 4387//11125 4390//11125
f 4376//11126 4378//11126 4375//11126
l 4385 4386
l 4380 4391
l 4381 4383
l 4391 4392
l 4196 4336
l 4379 4382
l 4388 4392
o Cylinder.037
v -36.416996 17.219740 -33.697369
v -36.488270 17.189827 -33.278015
v -36.555820 17.890160 -33.387131
v -36.742287 17.153210 -33.225517
v -36.941563 17.095245 -33.503212
v -36.676239 17.709757 -34.017044
v -36.352993 17.132391 -33.675999
v -36.449398 17.133804 -33.227077
v -36.923435 16.983917 -33.937492
v -36.237396 17.076885 -33.771542
v -36.761391 17.021770 -32.959087
v -36.971149 16.940681 -34.025116
v -36.627190 18.797520 -33.761211
v -37.035603 18.590252 -33.920361
v -37.988739 19.523087 -33.757053
v -37.243702 20.088638 -35.057724
v -37.224796 20.121063 -34.999058
v -36.731213 19.647141 -33.618740
v -37.344257 20.099007 -34.878639
v -37.041489 19.069735 -33.844082
v -36.863598 19.168997 -33.894569
v -36.793522 18.773628 -33.983627
v -36.894230 18.808125 -33.286781
v -36.941280 19.192719 -33.276146
v -38.014027 19.382004 -33.835079
v -37.095779 18.716490 -33.561073
v -35.801243 19.677197 -33.370865
v -35.718655 19.685787 -33.180424
v -36.676842 18.856468 -33.403820
v -36.564198 18.343937 -33.785076
v -37.032326 18.034212 -33.558308
v -36.961998 17.989555 -33.924992
v -36.603817 18.117067 -33.393753
v -36.613125 18.282825 -33.417568
v -36.887154 18.282339 -33.324638
v -36.457138 17.640881 -33.703667
v -36.540627 17.553471 -33.343937
v -36.496567 17.379574 -33.331245
v -36.777473 17.388714 -33.226913
v -36.982224 17.501326 -33.534809
v -36.962360 17.245825 -33.516697
v -36.911831 17.536945 -33.892933
v -36.879200 17.343674 -33.864731
v -36.703495 19.606413 -33.289951
v -35.804325 19.769602 -33.132263
v -36.906105 19.643253 -33.909069
v -36.639229 19.326668 -33.669754
v -36.762131 19.747925 -33.247841
v -37.148830 19.256268 -33.490093
v -36.672165 19.290421 -33.374279
v -35.401844 19.991096 -33.235554
v -38.443722 19.654854 -33.895565
v -37.397732 20.331509 -35.570015
v -38.444958 19.601131 -34.152241
v -35.381912 19.902992 -33.288815
v -37.558254 20.367640 -35.574825
v -38.466835 19.548870 -33.954361
v -35.201752 20.030161 -33.000881
v -38.688900 19.642309 -33.959274
v -37.496277 20.415670 -35.903259
v -38.671356 19.523670 -34.018154
v -35.183331 19.923447 -33.028030
v -36.509357 17.837856 -33.753819
v -36.700829 17.876816 -33.269543
v -36.782925 17.278233 -33.210442
v -36.869030 17.134108 -33.323345
v -36.937393 17.794409 -33.383347
v -36.983101 17.747795 -33.762455
v -36.879803 17.125341 -33.868969
v -36.746529 17.134258 -33.950630
v -36.813923 17.924799 -34.001999
v -36.611771 17.149151 -33.965706
v -36.497078 17.179382 -33.865959
v -36.600922 17.927010 -33.922733
v -36.293430 17.095755 -33.391193
v -36.718410 17.080723 -33.097176
v -36.918102 17.038124 -33.280159
v -36.721466 17.026392 -34.053398
v -36.767429 17.126467 -33.178669
v -36.574883 17.083019 -34.028355
v -36.886791 17.067057 -33.941174
v -36.248257 17.061398 -33.416290
v -36.550091 17.025715 -32.992725
v -36.939182 16.965975 -33.131634
v -36.752506 16.943396 -34.169712
v -36.334217 17.051775 -34.006454
v -36.517704 16.997534 -34.162342
v -37.066925 16.938370 -33.424965
v -36.353188 17.101570 -33.142677
v -36.622833 18.694120 -33.620117
v -37.088959 18.508682 -33.609852
v -36.656609 18.446653 -33.432850
v -36.839012 17.950262 -33.275562
v -36.672539 19.579182 -33.596207
v -37.130615 19.614052 -33.806522
v -36.925049 19.357748 -33.267414
v -36.635300 19.457457 -33.657177
v -36.906513 19.788866 -33.871262
v -37.004005 19.805006 -33.792675
v -36.893261 18.527363 -33.349030
v -36.666107 19.102942 -33.715729
v -36.715752 19.066025 -33.371704
v -36.793694 18.852180 -33.320133
v -36.786568 19.197033 -33.351509
v -37.062550 18.846554 -33.696457
v -37.129295 19.287947 -33.815784
v -36.668835 18.666119 -33.446381
v -36.637535 19.306347 -33.484966
v -36.938900 19.052271 -33.928688
v -36.949310 19.255487 -33.842583
v -36.718548 17.966702 -34.051437
v -36.739365 18.370510 -34.032722
v -36.606945 18.481417 -33.824608
v -36.547783 18.187012 -33.760498
v -37.066681 18.334570 -33.560471
v -37.025627 18.379345 -33.917789
v -36.986408 18.174940 -33.916439
v -36.587635 17.995775 -33.360229
v -36.609680 18.220831 -33.391251
v -36.864105 18.105804 -33.279911
v -36.962063 18.075010 -33.399910
v -36.999275 18.315144 -33.444965
v -36.560902 18.336143 -33.603374
v -36.851303 18.053026 -34.017284
v -36.523933 18.079044 -33.761715
v -36.541344 17.786684 -33.346840
v -36.815205 17.567398 -33.239868
v -36.986000 17.688248 -33.557030
v -36.905800 17.450083 -33.894947
v -36.636234 17.430719 -33.992901
v -36.512264 17.335287 -33.899776
v -36.769634 17.288645 -33.942089
v -36.948467 17.333054 -33.683048
v -36.961773 17.467249 -33.718136
v -36.892696 17.576998 -33.393726
v -35.839439 19.774153 -33.355568
v -37.996803 19.541290 -33.900597
v -37.368038 20.033443 -34.984791
v -37.965412 19.530827 -33.971573
v -36.104877 19.575932 -33.482090
v -38.018299 19.437485 -33.761383
v -37.960407 19.440226 -34.025684
v -35.796818 19.653086 -33.312138
v -36.220013 19.669561 -33.449116
v -37.473251 19.580151 -33.852718
v -37.582600 19.465475 -33.623997
v -37.224270 19.854139 -34.408993
v -37.112522 19.902020 -34.563202
v -37.556999 19.322681 -33.682510
v -36.239826 19.472528 -33.295334
v -35.429565 19.995975 -33.136799
v -37.506145 20.283590 -35.513149
v -37.502029 20.404053 -35.605804
v -38.416191 19.525646 -34.053360
v -35.669022 19.841150 -33.116100
v -38.289215 19.658228 -34.061859
v -38.257370 19.579840 -33.819828
v -38.237389 19.535276 -34.104240
v -37.462898 20.425308 -35.723240
v -38.284733 19.477333 -33.899841
v -37.554588 20.417654 -35.908833
v -35.182201 20.049059 -33.166367
v -37.621040 20.396290 -35.866348
v -37.562038 20.438387 -35.862373
v -35.196949 19.974108 -32.984482
v -37.608528 20.400303 -35.805561
v -35.159157 19.956808 -33.212090
v -37.462299 20.406099 -35.816071
v -35.283699 20.019077 -33.010487
v -35.263618 20.046040 -33.173695
v -38.638893 19.684898 -34.132198
v -38.567879 19.659369 -33.908512
v -38.649433 19.567265 -34.210873
v -38.673195 19.528713 -34.147865
v -38.568764 19.577522 -33.936115
v -38.657669 19.618540 -34.197052
v -37.530426 20.362537 -35.792866
v -38.651566 19.649290 -34.025909
v -38.677799 19.595478 -34.104034
v -35.144714 19.987165 -33.087688
v -37.463127 20.201363 -35.264740
v -35.429901 19.944817 -33.289707
v -37.385151 20.231794 -35.206432
v -37.385139 20.196646 -35.310898
v -37.563877 19.362780 -33.778431
v -37.153767 19.361732 -33.454140
v -37.084457 19.936804 -34.359329
v -36.745434 19.666161 -33.271217
v -37.061199 19.890518 -34.440235
v -36.472126 17.518141 -33.587914
v -36.424557 17.190775 -33.484726
v -36.658627 17.434437 -33.255436
v -36.626717 17.305124 -33.256931
v -36.911503 17.415245 -33.377075
v -37.055767 18.238504 -33.734570
v -37.017506 17.973074 -33.744137
v -36.884449 18.210239 -33.987381
v -36.531563 18.085146 -33.600540
v -37.036186 17.886320 -33.535206
v -36.906544 18.711945 -33.963230
v -37.108913 19.068655 -33.483501
v -37.009739 18.697269 -33.432182
v -36.678032 19.083961 -33.556038
v -36.743851 19.137890 -33.822723
v -36.695889 18.761238 -33.910336
v -37.083050 18.653116 -33.744171
v -36.767910 18.656815 -33.372246
v -36.816315 19.783472 -33.668690
v -36.920334 19.896236 -33.734482
v -36.750275 19.639252 -33.480179
v -38.409622 19.667459 -34.044537
v -37.036324 19.492664 -33.322983
v -36.611969 18.438414 -33.615265
v -36.903286 18.427578 -34.030128
v -36.848038 18.366011 -33.320751
v -36.851135 19.430769 -33.847687
v -36.562439 17.096737 -33.035614
v -37.058430 16.927094 -33.757202
v -36.941101 17.007959 -33.165661
v -37.014488 16.990402 -33.449657
v -36.459644 17.109518 -33.880470
v -36.547340 17.664597 -33.862732
v -36.917484 17.676989 -33.941254
v -36.664223 18.485258 -33.933548
v -36.669514 17.741812 -33.257977
v -36.500702 17.744469 -33.582802
v -37.646038 19.236649 -32.463326
v -37.494621 19.293810 -32.627430
v -37.820480 19.267860 -32.022896
v -37.555943 19.274864 -32.236904
v -36.769547 20.057415 -33.916664
v -36.736248 19.457737 -33.046329
v -36.614094 19.600502 -33.180534
v -36.522507 19.891752 -33.756550
v -36.581665 19.750786 -33.140121
v -37.550636 19.378765 -33.167271
v -37.189037 19.263100 -33.142117
v -37.247314 19.266788 -33.182487
v -36.492046 19.361797 -32.087719
v -36.354084 19.393433 -32.408821
v -36.226437 19.404650 -31.710173
v -36.306854 19.318386 -32.206680
v -36.731506 19.390812 -32.663620
v -36.550934 19.400845 -32.613022
vn 0.9729 0.1883 0.1339
vn -0.2835 -0.1149 -0.9521
vn 0.8936 0.0816 -0.4414
vn -0.1728 0.8230 -0.5411
vn -0.1326 0.6674 -0.7328
vn 0.4556 0.8589 0.2338
vn -0.7892 0.5373 0.2975
vn -0.8950 0.2555 0.3657
vn 0.6470 0.7499 0.1380
vn 0.1238 0.5287 0.8398
vn -0.3530 -0.3428 -0.8705
vn -0.9846 0.1325 -0.1143
vn -0.9745 -0.2101 -0.0789
vn 0.8486 0.4389 0.2954
vn -0.5308 -0.2512 -0.8094
vn 0.3908 0.2933 0.8725
vn 0.7513 0.2614 -0.6060
vn 0.9189 0.0818 -0.3858
vn -0.9533 -0.0593 -0.2960
vn -0.8426 -0.1686 0.5115
vn -0.8692 0.1496 0.4713
vn 0.1091 0.0121 0.9940
vn 0.7970 0.5938 -0.1106
vn 0.3565 0.8913 0.2801
vn -0.6159 0.5999 0.5106
vn 0.7393 0.6537 0.1620
vn -0.6362 0.7184 -0.2812
vn 0.0140 -0.9020 -0.4316
vn -0.1098 -0.3166 0.9422
vn -0.0149 0.7639 -0.6451
vn -0.4423 0.8696 0.2195
vn -0.4429 0.8692 0.2198
vn -0.4425 0.8695 0.2196
vn -0.1476 -0.9551 -0.2568
vn -0.1480 0.9888 0.0206
vn 0.6168 0.7716 -0.1557
vn 0.8616 0.2092 0.4625
vn -0.8375 -0.5452 -0.0354
vn 0.1084 -0.4096 0.9058
vn -0.2220 0.0273 0.9747
vn -0.2973 0.8420 0.4502
vn 0.1826 0.9190 0.3495
vn 0.3986 0.4445 -0.8022
vn 0.4135 -0.8309 -0.3723
vn 0.2973 0.9384 0.1761
vn 0.8150 -0.4367 -0.3810
vn 0.0996 0.4372 -0.8938
vn -0.0009 -0.9548 -0.2971
vn 0.9400 0.2547 0.2270
vn 0.9482 0.1236 0.2928
vn 0.4664 0.1814 0.8658
vn 0.5820 0.0273 0.8127
vn -0.9203 -0.0440 0.3886
vn -0.8794 0.1488 0.4522
vn -0.5608 -0.2764 0.7805
vn -0.3424 -0.0145 -0.9394
vn -0.6515 -0.3535 -0.6713
vn -0.5207 -0.0307 -0.8532
vn -0.5708 0.0175 -0.8209
vn 0.7743 0.0565 -0.6303
vn 0.9037 -0.0048 -0.4281
vn 0.8591 0.1951 -0.4731
vn 0.8156 0.0687 -0.5745
vn 0.8869 0.0385 -0.4604
vn -0.9382 -0.1820 -0.2942
vn -0.9798 -0.1379 -0.1448
vn -0.3871 -0.1847 -0.9033
vn 0.9332 0.2060 0.2944
vn 0.9333 0.2059 0.2943
vn 0.9332 0.2061 0.2944
vn -0.8997 -0.0999 0.4248
vn -0.9187 0.0842 0.3858
vn -0.8042 0.1028 0.5854
vn 0.0791 0.2324 -0.9694
vn -0.4712 0.1969 -0.8598
vn -0.7308 -0.1320 0.6697
vn -0.8326 -0.1486 0.5336
vn -0.7381 -0.1050 0.6664
vn -0.7399 -0.1084 0.6639
vn -0.7384 -0.1056 0.6660
vn 0.9615 0.0700 0.2659
vn 0.8122 0.0222 -0.5829
vn 0.6057 0.1355 -0.7840
vn -0.9740 0.0135 -0.2261
vn -0.3635 0.7146 -0.5977
vn 0.7265 0.6731 0.1383
vn 0.4382 -0.0904 0.8943
vn 0.3155 0.9367 0.1515
vn 0.0277 0.1245 -0.9918
vn -0.6177 -0.2030 -0.7598
vn 0.4012 0.2660 0.8765
vn 0.3156 -0.1907 0.9295
vn 0.4324 0.1968 0.8800
vn -0.3702 0.1808 -0.9112
vn -0.7137 0.6992 -0.0420
vn 0.2540 0.9376 -0.2374
vn 0.4471 0.8942 0.0215
vn -0.3674 0.8788 0.3045
vn 0.7886 0.6049 0.1104
vn -0.3895 0.7347 -0.5554
vn -0.3397 0.9036 -0.2609
vn 0.0910 0.7038 0.7046
vn -0.0257 0.8741 0.4851
vn 0.8716 0.1094 -0.4779
vn 0.8776 0.1477 -0.4562
vn 0.8699 -0.1692 -0.4633
vn -0.8798 -0.2014 0.4305
vn -0.7493 0.0151 0.6621
vn -0.8737 -0.2662 0.4072
vn 0.6743 0.1779 -0.7167
vn -0.9039 0.3907 -0.1739
vn 0.1120 -0.9923 0.0524
vn 0.1902 -0.9817 -0.0127
vn 0.1892 -0.9792 0.0729
vn 0.9983 0.0557 0.0196
vn 0.9985 0.0486 0.0270
vn 0.9980 0.0611 0.0140
vn -0.6671 -0.0406 -0.7439
vn -0.6263 -0.0391 0.7786
vn 0.8539 0.0720 -0.5154
vn 0.0095 0.0917 0.9957
vn 0.0084 0.0908 0.9958
vn 0.0117 0.0935 0.9955
vn 0.5881 -0.1423 0.7962
vn 0.5925 -0.1449 0.7924
vn 0.6013 -0.1502 0.7848
vn 0.2731 -0.0007 0.9620
vn 0.3523 0.0463 0.9348
vn 0.2198 -0.0315 0.9750
vn 0.9875 -0.1575 0.0008
vn 0.9890 -0.1458 0.0264
vn 0.9897 -0.1309 0.0583
vn -0.4649 0.1169 -0.8776
vn -0.5783 0.0530 -0.8141
vn -0.6343 0.0181 -0.7729
vn -0.7131 -0.1541 0.6839
vn -0.7402 -0.1089 0.6635
vn -0.3170 0.1649 -0.9340
vn -0.4068 0.2091 -0.8893
vn -0.1337 0.0743 -0.9882
vn -0.7667 -0.1294 0.6288
vn -0.7645 -0.1234 0.6327
vn -0.7572 -0.1041 0.6448
vn -0.7491 0.0304 0.6618
vn -0.7587 0.0380 0.6503
vn -0.7804 0.0559 0.6227
vn -0.3764 -0.1108 -0.9198
vn -0.3597 -0.0569 -0.9313
vn -0.3832 -0.1340 -0.9139
vn 0.9947 0.1019 -0.0137
vn -0.5419 -0.1095 -0.8333
vn -0.9964 0.0129 -0.0837
vn -0.2450 -0.1143 -0.9628
vn 0.2458 0.0971 0.9644
vn 0.2360 0.0777 0.9687
vn 0.2177 0.0424 0.9751
vn -0.9345 0.0095 -0.3557
vn 0.9585 0.2025 0.2006
vn 0.9618 0.1159 0.2481
vn 0.9619 0.1158 0.2477
vn 0.9606 0.1156 0.2530
vn 0.2957 0.0826 -0.9517
vn 0.3888 -0.9213 -0.0080
vn 0.3755 -0.9267 0.0147
vn 0.3898 -0.9208 -0.0106
vn -0.4462 -0.3074 0.8405
vn -0.1723 -0.9845 -0.0321
vn -0.2179 -0.9372 -0.2725
vn -0.3725 -0.9276 0.0270
vn -0.5471 0.7923 -0.2703
vn -0.5760 0.8142 -0.0727
vn -0.5825 0.8101 0.0664
vn 0.1714 0.9848 -0.0295
vn -0.0022 0.9955 0.0951
vn 0.2682 0.9581 -0.1010
vn -0.3332 -0.2981 0.8945
vn 0.2297 -0.7606 -0.6072
vn 0.2562 -0.8366 -0.4843
vn 0.2658 -0.8637 -0.4282
vn 0.0807 -0.9966 0.0178
vn -0.0412 -0.9883 0.1469
vn 0.1346 -0.9901 -0.0404
vn -0.0744 -0.7104 0.6998
vn -0.0110 -0.5646 0.8253
vn 0.0190 -0.4882 0.8725
vn -0.3986 -0.4543 0.7967
vn 0.1868 0.5175 -0.8350
vn 0.3059 0.4305 -0.8492
vn 0.3555 0.3898 -0.8496
vn 0.0630 0.4558 -0.8879
vn -0.4431 0.8691 0.2199
vn 0.2053 0.6503 -0.7314
vn 0.1995 0.6395 -0.7425
vn 0.2069 0.6533 -0.7283
vn 0.2199 0.2866 -0.9325
vn 0.2114 -0.9047 -0.3700
vn 0.2733 -0.8971 -0.3472
vn 0.0105 -0.9023 -0.4310
vn 0.2965 -0.9058 -0.3027
vn 0.3630 -0.8687 -0.3371
vn 0.4117 -0.8365 -0.3616
vn -0.0513 0.9987 -0.0002
vn -0.0153 0.9990 0.0416
vn -0.0772 0.9965 -0.0305
vn -0.0378 0.9565 0.2891
vn 0.0636 0.9975 0.0321
vn 0.0763 0.9971 -0.0012
vn -0.1100 0.9854 0.1299
vn -0.0862 0.9888 0.1217
vn -0.1491 0.9784 0.1433
vn -0.2768 0.9593 0.0566
vn -0.2952 0.9549 -0.0322
vn -0.2607 0.9571 0.1260
vn 0.8810 0.4644 -0.0904
vn -0.9208 0.3881 -0.0396
vn -0.9207 0.3885 -0.0384
vn -0.9135 0.4060 0.0271
vn 0.0691 0.9151 -0.3973
vn -0.9661 0.0053 -0.2579
vn -0.9640 0.0312 -0.2642
vn -0.9681 -0.0928 -0.2325
vn -0.9948 -0.1017 -0.0104
vn -0.9939 -0.1089 -0.0165
vn -0.9910 -0.1296 -0.0341
vn 0.8973 -0.4217 0.1304
vn 0.9139 -0.2696 0.3036
vn 0.8641 -0.5028 0.0224
vn 0.9579 0.0040 -0.2870
vn 0.8943 0.4335 -0.1111
vn 0.8886 0.4466 -0.1045
vn 0.9273 0.3242 -0.1868
vn -0.9583 -0.0910 0.2709
vn -0.5644 0.7382 0.3695
vn -0.0888 -0.8740 -0.4777
vn -0.0557 -0.9269 -0.3711
vn -0.0275 -0.9600 -0.2785
vn -0.2273 -0.9218 -0.3140
vn -0.2375 -0.9083 -0.3443
vn -0.4273 -0.4022 0.8097
vn -0.4626 -0.4330 0.7736
vn -0.4861 -0.4534 0.7471
vn -0.4541 -0.5183 0.7247
vn -0.4098 -0.6975 0.5879
vn -0.4619 -0.4658 0.7547
vn 0.4100 -0.3087 -0.8583
vn 0.1454 0.0968 -0.9846
vn 0.1260 0.1236 -0.9843
vn -0.2394 0.7915 -0.5624
vn -0.1719 0.6855 -0.7075
vn -0.2425 0.7960 -0.5546
vn 0.2360 0.9212 0.3094
vn 0.3305 0.4291 -0.8406
vn 0.3891 0.4881 -0.7813
vn 0.1538 -0.8721 -0.4645
vn 0.1339 -0.8823 -0.4512
vn 0.1290 -0.8841 -0.4492
vn 0.1469 -0.8767 -0.4580
vn 0.1442 -0.8749 -0.4624
vn -0.2975 -0.8599 -0.4148
vn -0.9300 -0.3062 0.2034
vn -0.8906 -0.4330 0.1390
vn -0.8823 -0.4529 0.1281
vn 0.4485 -0.8848 -0.1261
vn 0.4221 -0.8302 -0.3642
vn 0.4184 -0.8226 -0.3850
vn -0.1216 -0.9835 -0.1338
vn -0.1696 -0.9389 -0.2994
vn -0.1884 -0.9108 -0.3672
vn 0.3776 -0.9259 0.0058
vn 0.3807 -0.9247 0.0081
vn 0.0071 -0.9285 -0.3712
vn -0.0025 -0.9529 -0.3032
vn -0.0039 -0.9561 -0.2931
vn -0.3060 0.2329 0.9231
vn -0.3043 0.0757 0.9496
vn -0.3059 0.2428 0.9206
vn -0.2889 -0.7675 0.5723
vn -0.2874 -0.7238 0.6273
vn -0.2873 -0.7211 0.6305
vn 0.0833 0.9623 0.2589
vn 0.9647 0.0498 -0.2585
vn 0.8874 -0.2604 -0.3803
vn 0.9658 0.0677 -0.2505
vn 0.8717 0.4870 -0.0543
vn 0.8608 0.5072 -0.0427
vn -0.9718 -0.0268 0.2343
vn 0.1687 0.5019 -0.8483
vn 0.1795 0.4870 -0.8548
vn 0.1815 0.4842 -0.8559
vn 0.1805 0.0886 -0.9796
vn 0.2428 0.1650 -0.9559
vn 0.1308 0.0287 -0.9910
vn -0.0513 -0.9314 -0.3602
vn -0.0695 -0.9342 -0.3499
vn -0.0765 -0.9352 -0.3458
vn 0.1526 0.5130 -0.8447
vn 0.1743 -0.9051 -0.3878
vn 0.9752 0.1096 0.1924
vn 0.9848 0.1498 0.0877
vn 0.9692 0.0958 0.2270
vn 0.9620 0.1159 0.2474
vn 0.2532 0.0075 0.9674
vn 0.2219 0.0327 0.9745
vn 0.2886 -0.0216 0.9572
vn 0.1913 0.1111 0.9752
vn -0.9013 -0.0034 0.4331
vn -0.8838 0.0639 0.4635
vn -0.8614 0.1300 0.4909
vn 0.3583 0.2667 0.8947
vn 0.4493 0.1006 0.8877
vn -0.7511 -0.1114 0.6507
vn -0.9184 -0.2523 -0.3046
vn -0.9180 -0.2302 -0.3230
vn -0.9166 -0.3032 -0.2607
vn -0.7270 0.1362 0.6730
vn -0.9887 -0.0986 -0.1132
vn -0.9888 -0.1037 -0.1075
vn -0.9888 -0.1210 -0.0878
vn -0.9718 -0.1600 -0.1730
vn -0.9720 -0.1584 -0.1736
vn -0.9709 -0.1690 -0.1697
vn 0.8176 0.0303 -0.5750
vn 0.8179 0.0482 -0.5733
vn 0.8176 0.0907 -0.5686
vn -0.1152 0.0377 -0.9926
vn 0.8698 0.1457 -0.4715
vn 0.6662 0.1531 -0.7299
vn 0.6674 -0.0952 -0.7386
vn 0.5869 -0.0272 -0.8092
vn -0.9431 -0.1195 -0.3102
vn -0.9451 -0.1185 -0.3044
vn -0.9408 -0.1243 -0.3154
vn 0.7428 0.0328 -0.6687
vn -0.9925 -0.1219 -0.0093
vn -0.9909 -0.1327 -0.0221
vn -0.9935 -0.1136 0.0004
vn -0.9467 -0.1153 -0.3008
vn -0.9434 -0.1279 -0.3059
vn 0.2831 0.2859 0.9155
vn 0.2919 0.3553 0.8880
vn 0.2955 0.3872 0.8734
vn 0.2806 0.2592 0.9242
vn 0.3021 0.2296 0.9252
vn 0.1716 0.3969 0.9017
vn 0.4007 0.0005 0.9162
vn -0.3087 0.0627 -0.9491
vn -0.2766 0.0509 -0.9596
vn -0.3886 0.0924 -0.9167
vn 0.6303 -0.0079 0.7763
vn -0.6019 -0.0065 -0.7985
vn -0.6061 -0.0138 -0.7953
vn -0.6239 -0.0462 -0.7801
vn 0.9673 0.0486 0.2488
vn 0.9795 -0.0618 0.1916
vn 0.9309 0.1854 0.3148
vn -0.3728 -0.2162 -0.9024
vn -0.4684 -0.0208 -0.8833
vn 0.9543 0.1608 0.2519
vn 0.9432 0.2882 0.1652
vn 0.9308 0.3438 0.1245
vn 0.9955 0.0351 0.0876
vn 0.9949 0.0298 0.0960
vn 0.9971 0.0617 0.0449
vn 0.9758 0.2151 0.0380
vn -0.7965 -0.2023 0.5698
vn -0.7988 -0.1993 0.5677
vn -0.7690 -0.2365 0.5939
vn -0.8659 -0.0407 0.4985
vn -0.1717 0.3769 -0.9102
vn -0.2181 0.0780 -0.9728
vn -0.2865 0.2163 -0.9334
vn 0.9467 -0.2276 0.2280
vn 0.9583 -0.2037 0.2004
vn 0.9334 -0.2517 0.2558
vn 0.9776 0.1204 0.1724
vn 0.9954 0.0568 0.0772
vn 0.9986 0.0328 0.0412
vn 0.9890 0.0933 0.1148
vn 0.9872 0.0739 0.1415
vn 0.9897 0.1131 0.0873
vn 0.8586 0.2097 -0.4679
vn 0.8371 0.1945 -0.5114
vn 0.8228 0.1849 -0.5374
vn 0.5568 0.2709 -0.7852
vn 0.5892 0.2579 -0.7657
vn 0.5462 0.2750 -0.7912
vn -0.9856 0.0400 -0.1644
vn -0.9690 0.0967 -0.2273
vn -0.9329 0.1763 -0.3141
vn 0.8862 0.1389 -0.4420
vn -0.9213 -0.3482 -0.1733
vn -0.9825 -0.0289 -0.1838
vn 0.4072 0.0587 0.9115
vn 0.3456 0.0286 0.9380
vn 0.4351 0.0727 0.8974
vn -0.9667 -0.1521 -0.2061
vn -0.9978 -0.0179 -0.0632
vn 0.3794 -0.1942 0.9046
vn 0.3766 -0.1969 0.9052
vn 0.3833 -0.1905 0.9038
vn 0.5826 -0.0164 0.8126
vn 0.2960 -0.1166 0.9480
vn 0.5921 0.0824 0.8016
vn -0.5445 0.8162 -0.1932
vn -0.4603 0.8841 0.0802
vn -0.4741 0.8756 0.0924
vn 0.8423 0.2652 -0.4693
vn 0.8761 0.1949 -0.4410
vn 0.9094 0.1069 -0.4021
vn 0.7819 0.5263 -0.3341
vn 0.6470 0.7620 -0.0276
vn 0.7520 0.6552 -0.0718
vn 0.6019 0.7985 -0.0102
vn 0.2067 0.9554 0.2108
vn 0.1875 0.9721 0.1410
vn 0.2112 0.9506 0.2276
vn 0.3519 -0.2086 0.9125
vn 0.1445 0.9070 0.3956
vn 0.3475 0.9364 0.0489
vn 0.3607 0.9324 0.0221
vn 0.6040 0.4205 -0.6771
vn 0.5895 0.4393 -0.6779
vn 0.6570 0.3451 -0.6703
vn 0.6771 0.1453 -0.7214
vn 0.6722 0.1192 -0.7307
vn 0.6845 0.1908 -0.7036
vn 0.5340 0.1243 -0.8363
vn -0.7118 -0.1797 0.6790
vn -0.7036 -0.1541 0.6936
vn -0.6864 -0.1051 0.7196
vn -0.8211 0.0985 0.5622
vn -0.8214 0.0981 0.5619
vn -0.7974 0.1321 0.5888
vn -0.4497 -0.0030 0.8932
vn 0.8960 0.3458 0.2787
vn 0.8929 0.3635 0.2655
vn 0.8689 0.4562 0.1920
vn -0.6638 0.2781 0.6943
vn 0.9708 0.0457 0.2355
vn 0.9207 0.3880 0.0431
vn 0.9277 0.3691 0.0556
vn 0.9437 0.3188 0.0881
vn -0.9811 -0.1215 -0.1508
vn -0.9823 -0.0893 -0.1645
vn -0.9777 -0.1627 -0.1327
vn -0.0848 -0.1994 -0.9762
vn -0.1320 0.0359 -0.9906
vn -0.1313 0.0344 -0.9907
vn -0.1279 0.0276 -0.9914
vn -0.9916 0.0765 -0.1043
vn -0.0913 0.9863 0.1370
vn 0.0447 0.9755 0.2153
vn -0.1429 0.9840 0.1061
vn 0.3778 0.5259 0.7621
vn -0.5060 0.8556 -0.1092
vn -0.5190 0.8461 -0.1219
vn -0.5257 0.8409 -0.1286
vn -0.2221 0.9198 0.3235
vn 0.3248 0.8541 -0.4062
vn 0.3246 0.8542 -0.4062
vn 0.3245 0.8542 -0.4062
vn -0.3005 0.9535 0.0219
vn -0.3584 0.9129 0.1955
vn -0.3681 0.8973 0.2435
vn -0.3532 0.9197 0.1713
vn 0.6230 0.7804 0.0531
vn 0.2815 0.9585 0.0452
vn -0.6939 0.4340 0.5746
vn -0.6410 0.7548 0.1388
vn -0.6180 0.7801 0.0977
vn -0.6547 0.7378 0.1646
vn 0.4324 0.6693 -0.6043
vn 0.5707 0.5566 -0.6037
vn 0.6521 0.4725 -0.5928
vn -0.8397 0.5341 -0.0978
vn -0.9214 0.3411 -0.1862
vn 0.7471 0.4780 -0.4618
vn 0.7612 0.4619 -0.4553
vn 0.7688 0.4528 -0.4516
vn -0.6653 0.5267 0.5292
vn -0.6649 0.4428 0.6016
vn -0.6628 0.5616 0.4952
vn -0.3956 0.5064 -0.7662
vn -0.4800 0.3118 -0.8200
vn -0.3391 0.6064 -0.7192
vn -0.7645 0.6207 0.1742
vn 0.5967 0.8022 -0.0216
vn 0.6977 0.6824 0.2181
vn -0.9427 -0.1279 -0.3083
vn -0.9481 -0.1271 -0.2916
vn -0.1548 0.6326 -0.7589
vn -0.3324 0.8074 -0.4874
vn -0.2026 0.7840 -0.5867
vn 0.0505 0.8836 0.4656
vn 0.7690 0.0109 -0.6392
vn -0.2430 -0.3251 -0.9139
vn -0.9957 -0.0551 -0.0742
vn -0.9961 -0.0659 -0.0594
vn -0.9959 -0.0817 -0.0377
vn -0.8918 -0.1001 0.4413
vn -0.8873 -0.0764 0.4549
vn -0.9034 -0.2037 0.3773
vn -0.9682 -0.2363 -0.0821
vn 0.5352 0.2570 0.8047
vn 0.5488 0.3030 0.7791
vn 0.5654 0.3668 0.7388
vn 0.5669 0.0120 0.8237
vn 0.9856 0.0051 0.1688
vn 0.9544 0.2796 0.1044
vn 0.9648 0.2484 0.0868
vn 0.2060 -0.9334 0.2939
vn 0.1569 -0.9813 0.1118
vn -0.4742 -0.8789 -0.0528
vn 0.1339 -0.9908 0.0194
vn -0.0667 -0.8523 -0.5187
vn 0.3587 -0.9309 -0.0686
vn 0.2344 -0.9719 0.0238
vn 0.2712 -0.9617 0.0396
vn 0.9985 0.0431 0.0328
vn 0.0022 0.0859 0.9963
vn 0.5801 -0.1376 0.8029
vn 0.3992 0.0749 0.9138
vn 0.9850 -0.1705 -0.0278
vn -0.4262 0.1370 -0.8942
vn -0.5781 0.2930 -0.7615
vn -0.7712 -0.1420 0.6206
vn -0.7295 0.0153 0.6839
vn -0.3416 -0.0019 -0.9398
vn 0.2623 0.1296 0.9562
vn -0.5090 0.7528 -0.4175
vn -0.0819 0.9851 0.1510
vn 0.2234 -0.7423 -0.6317
vn -0.0809 -0.9788 0.1882
vn -0.1477 0.2661 0.9526
vn -0.1026 -0.7678 0.6324
vn 0.1553 0.5382 -0.8284
vn 0.1984 0.6374 -0.7445
vn 0.4520 -0.8504 -0.2695
vn 0.2596 -0.9233 -0.2831
vn 0.0268 0.9955 0.0904
vn -0.0472 0.9488 0.3122
vn -0.0466 0.9931 0.1079
vn -0.3135 0.9400 -0.1344
vn -0.9236 0.3676 -0.1087
vn -0.9510 0.1212 -0.2845
vn -0.9970 -0.0761 0.0112
vn 0.8909 -0.1336 0.4340
vn 0.9558 -0.0278 -0.2927
vn -0.1216 -0.8057 -0.5797
vn -0.3984 -0.3770 0.8362
vn -0.3916 -0.7459 0.5388
vn 0.4188 -0.3238 -0.8484
vn -0.1694 0.6814 -0.7120
vn -0.9335 -0.2897 0.2112
vn 0.4497 -0.8874 -0.1017
vn -0.1123 -0.9883 -0.1029
vn 0.0092 -0.9224 -0.3862
vn -0.0648 -0.2633 0.9625
vn 0.0090 -0.4913 0.8710
vn -0.3036 0.0567 0.9511
vn -0.2889 -0.7728 0.5651
vn 0.8720 -0.2939 -0.3914
vn 0.1672 0.5040 -0.8474
vn 0.2748 0.2047 -0.9395
vn -0.0451 -0.9304 -0.3638
vn 0.9853 0.1611 0.0570
vn 0.1945 0.0545 0.9794
vn -0.9165 -0.0917 0.3894
vn -0.9147 -0.1847 -0.3595
vn -0.9881 -0.0859 -0.1276
vn -0.9728 -0.1502 -0.1766
vn 0.8161 -0.0051 -0.5778
vn -0.9894 -0.1415 -0.0324
vn 0.2809 0.2700 0.9210
vn 0.3959 0.0894 0.9139
vn -0.2286 0.0333 -0.9729
vn -0.5785 0.0331 -0.8150
vn 0.9802 -0.0961 0.1731
vn 0.9452 0.0456 0.3232
vn 0.9922 0.0122 0.1240
vn -0.8323 -0.1524 0.5329
vn 0.9661 -0.1856 0.1796
vn 0.9662 0.1469 0.2120
vn 0.9857 0.0628 0.1566
vn 0.8660 0.2153 -0.4513
vn 0.6012 0.2529 -0.7581
vn -0.9916 0.0083 -0.1289
vn 0.3102 0.0117 0.9506
vn 0.3738 -0.1995 0.9058
vn 0.8083 0.3246 -0.4913
vn 0.8006 0.5917 -0.0947
vn 0.1798 0.9771 0.1138
vn 0.1291 0.8992 0.4180
vn 0.5360 0.5034 -0.6777
vn 0.6572 0.0526 -0.7519
vn -0.7310 -0.2506 0.6347
vn -0.8607 0.0339 0.5080
vn 0.9037 0.2708 0.3317
vn 0.8945 0.4470 0.0030
vn -0.9822 -0.0487 -0.1816
vn -0.1385 0.0488 -0.9892
vn 0.1048 0.9630 0.2483
vn -0.5017 0.8586 -0.1051
vn 0.3249 0.8540 -0.4062
vn -0.3720 0.8899 0.2641
vn -0.6104 0.7875 0.0849
vn 0.3201 0.7395 -0.5922
vn 0.7354 0.4910 -0.4669
vn -0.6625 0.4086 0.6278
vn -0.5185 0.1917 -0.8333
vn -0.9405 -0.1216 -0.3172
vn -0.9940 -0.0325 -0.1048
vn -0.8541 0.0444 0.5182
vn 0.5133 0.1907 0.8367
vn -0.3685 -0.8963 -0.2466
vn 0.1215 -0.9856 0.1180
vn -0.1086 -0.9763 0.1872
vn 0.3646 -0.9311 0.0121
s 1
usemtl Material.105
f 4618//11127 4395//11127 4518//11127
f 4463//11128 4398//11128 4615//11128
f 4466//11129 4455//11129 4614//11129
f 4470//11130 4479//11130 4477//11130
f 4462//11131 4472//11131 4470//11131
f 4583//11132 4400//11132 4467//11132
f 4612//11133 4469//11133 4458//11133
f 4480//11134 4476//11134 4611//11134
f 4481//11135 4474//11135 4467//11135
f 4609//11136 4403//11136 4475//11136
f 4487//11137 4438//11137 4608//11137
f 4418//11138 4497//11138 4598//11138
f 4593//11139 4441//11139 4498//11139
f 4482//11140 4405//11140 4499//11140
f 4424//11141 4516//11141 4463//11141
f 4510//11142 4425//11142 4456//11142
f 4503//11143 4517//11143 4466//11143
f 4523//11144 4428//11144 4393//11144
f 4526//11145 4434//11145 4521//11145
f 4586//11146 4433//11146 4457//11146
f 4527//11147 4432//11147 4586//11147
f 4617//11148 4519//11148 4584//11148
f 4579//11149 4490//11149 4581//11149
f 4551//11150 4545//11150 4575//11150
f 4575//11151 4448//11151 4573//11151
f 4572//11152 4554//11152 4450//11152
f 4451//11153 4570//11153 4571//11153
f 4569//11154 4555//11154 4553//11154
f 4444//11155 4564//11155 4567//11155
f 4443//11156 4562//11156 4574//11156
f 4448//11157 4545//11158 4558//11159
f 4544//11160 4555//11160 4569//11160
f 4564//11161 4570//11161 4451//11161
f 4560//11162 4452//11162 4551//11162
f 4572//11163 4450//11163 4557//11163
f 4573//11164 4448//11164 4544//11164
f 4437//11165 4420//11165 4547//11165
f 4407//11166 4549//11166 4533//11166
f 4575//11167 4545//11167 4448//11167
f 4409//11168 4575//11168 4411//11168
f 4531//11169 4550//11169 4548//11169
f 4419//11170 4535//11170 4532//11170
f 4579//11171 4491//11171 4490//11171
f 4408//11172 4581//11172 4540//11172
f 4532//11173 4536//11173 4528//11173
f 4530//11174 4540//11174 4539//11174
f 4582//11175 4429//11175 4430//11175
f 4583//11176 4430//11176 4394//11176
f 4429//11177 4584//11177 4430//11177
f 4429//11178 4617//11178 4584//11178
f 4586//11179 4432//11179 4433//11179
f 4519//11180 4527//11180 4586//11180
f 4396//11181 4457//11181 4458//11181
f 4521//11182 4522//11182 4524//11182
f 4435//11183 4521//11183 4524//11183
f 4461//11184 4524//11184 4462//11184
f 4435//11185 4524//11185 4461//11185
f 4398//11186 4614//11186 4522//11186
f 4523//11187 4393//11187 4465//11187
f 4517//11188 4504//11188 4506//11188
f 4503//11189 4504//11189 4517//11189
f 4466//11190 4517//11190 4455//11190
f 4509//11191 4587//11191 4508//11191
f 4591//11192 4588//11192 4460//11192
f 4463//11193 4503//11193 4398//11193
f 4590//11194 4425//11195 4510//11194
f 4395//11196 4590//11194 4510//11194
f 4423//11197 4513//11197 4507//11197
f 4591//11198 4513//11198 4423//11198
f 4485//11199 4591//11199 4459//11199
f 4501//11200 4413//11200 4414//11200
f 4606//11201 4406//11201 4592//11201
f 4593//11202 4416//11202 4441//11202
f 4594//11203 4593//11203 4418//11203
f 4594//11204 4415//11205 4593//11206
f 4482//11207 4499//11207 4484//11207
f 4493//11208 4596//11208 4439//11208
f 4616//11209 4414//11209 4597//11209
f 4418//11210 4593//11210 4497//11210
f 4491//11211 4601//11211 4490//11211
f 4486//11212 4410//11212 4602//11212
f 4496//11213 4488//11213 4416//11213
f 4603//11214 4444//11214 4549//11214
f 4504//11215 4606//11215 4414//11215
f 4508//11216 4606//11216 4589//11216
f 4607//11217 4484//11217 4492//11217
f 4426//11218 4607//11218 4427//11218
f 4426//11219 4484//11219 4607//11219
f 4502//11220 4608//11220 4413//11220
f 4612//11221 4610//11221 4480//11221
f 4399//11222 4402//11222 4613//11222
f 4399//11223 4467//11223 4402//11223
f 4458//11224 4471//11224 4396//11224
f 4393//11225 4583//11225 4399//11225
f 4462//11226 4473//11226 4461//11226
f 4401//11227 4470//11227 4404//11227
f 4394//11228 4471//11228 4400//11228
f 4396//11229 4471//11229 4394//11229
f 4614//11230 4455//11230 4428//11230
f 4616//11231 4405//11231 4505//11231
f 4504//11232 4616//11232 4505//11232
f 4519//11233 4459//11233 4527//11233
f 4485//11234 4459//11234 4519//11234
f 4459//11235 4591//11235 4520//11235
f 4504//11236 4414//11236 4616//11236
f 4612//11237 4473//11237 4401//11237
f 4402//11238 4403//11239 4404//11240
f 4482//11241 4505//11242 4405//11243
f 4606//11244 4508//11244 4406//11244
f 4514//11245 4607//11245 4492//11245
f 4608//11246 4438//11246 4410//11246
f 4617//11247 4485//11248 4519//11249
f 4421//11250 4599//11251 4499//11252
f 4496//11253 4494//11254 4442//11255
f 4439//11256 4595//11257 4493//11258
f 4592//11259 4412//11260 4501//11261
f 4492//11262 4415//11262 4594//11262
f 4593//11206 4415//11205 4416//11263
f 4502//11264 4412//11265 4498//11266
f 4513//11267 4485//11268 4512//11269
f 4427//11270 4513//11271 4512//11272
f 4522//11273 4434//11274 4398//11275
f 4506//11276 4422//11276 4515//11276
f 4509//11277 4508//11277 4589//11277
f 4588//11278 4591//11278 4423//11278
f 4524//11279 4522//11279 4464//11279
f 4431//11280 4585//11281 4584//11282
f 4525//11283 4435//11283 4461//11283
f 4583//11284 4582//11284 4430//11284
f 4582//11285 4618//11286 4429//11287
f 4532//11288 4439//11288 4489//11288
f 4500//11289 4542//11290 4442//11291
f 4541//11292 4441//11292 4578//11292
f 4577//11293 4534//11293 4498//11293
f 4576//11294 4573//11294 4544//11294
f 4552//11295 4449//11295 4546//11295
f 4556//11296 4555//11297 4558//11298
f 4556//11299 4551//11300 4452//11301
f 4567//11302 4564//11302 4451//11302
f 4446//11303 4566//11304 4565//11305
f 4566//11306 4449//11307 4453//11308
f 4567//11309 4449//11310 4444//11311
f 4567//11312 4451//11312 4453//11312
f 4562//11313 4447//11314 4574//11315
f 4559//11316 4562//11316 4554//11316
f 4558//11159 4545//11158 4556//11317
f 4563//11318 4446//11319 4568//11320
f 4446//11321 4565//11321 4568//11321
f 4452//11322 4569//11323 4553//11324
f 4445//11325 4569//11326 4560//11327
f 4564//11328 4603//11329 4570//11330
f 4563//11331 4603//11332 4548//11333
f 4450//11334 4562//11335 4561//11336
f 4562//11337 4543//11338 4561//11339
f 4551//11340 4445//11340 4560//11340
f 4563//11341 4571//11342 4570//11343
f 4452//11344 4553//11344 4556//11344
f 4565//11345 4571//11346 4568//11347
f 4571//11348 4453//11349 4451//11350
f 4572//11351 4454//11352 4559//11353
f 4409//11354 4445//11355 4551//11356
f 4559//11357 4554//11357 4572//11357
f 4530//11358 4411//11358 4573//11358
f 4411//11359 4575//11359 4573//11359
f 4546//11360 4550//11361 4552//11362
f 4534//11363 4552//11363 4550//11363
f 4534//11364 4417//11364 4552//11364
f 4444//11365 4552//11366 4549//11367
f 4552//11368 4533//11369 4549//11370
f 4419//11371 4574//11372 4447//11373
f 4574//11374 4528//11375 4443//11376
f 4409//11377 4551//11377 4575//11377
f 4548//11378 4550//11378 4446//11378
f 4531//11379 4534//11379 4550//11379
f 4576//11380 4408//11381 4530//11382
f 4445//11383 4576//11380 4544//11384
f 4530//11385 4573//11385 4576//11385
f 4558//11386 4544//11387 4448//11388
f 4500//11389 4532//11390 4535//11391
f 4498//11392 4541//11393 4577//11394
f 4420//11395 4542//11290 4535//11396
f 4577//11397 4417//11398 4534//11399
f 4538//11400 4533//11401 4578//11402
f 4533//11403 4541//11404 4578//11405
f 4409//11406 4411//11406 4579//11406
f 4438//11407 4581//11408 4490//11409
f 4581//11410 4409//11354 4579//11411
f 4411//11412 4530//11412 4539//11412
f 4536//11413 4489//11414 4486//11415
f 4498//11416 4537//11417 4487//11418
f 4438//11419 4539//11420 4540//11421
f 4534//11422 4531//11422 4537//11422
f 4530//11423 4408//11423 4540//11423
f 4582//11424 4393//11425 4428//11426
f 4428//11427 4618//11286 4582//11285
f 4396//11428 4585//11429 4457//11430
f 4584//11431 4519//11431 4431//11431
f 4433//11432 4458//11433 4457//11434
f 4394//11435 4430//11435 4585//11435
f 4430//11436 4584//11436 4585//11436
f 4431//11437 4519//11437 4586//11437
f 4435//11438 4526//11439 4521//11440
f 4457//11441 4431//11441 4586//11441
f 4525//11442 4432//11443 4526//11444
f 4461//11445 4433//11446 4525//11447
f 4422//11448 4504//11449 4505//11450
f 4462//11451 4524//11451 4464//11451
f 4523//11452 4614//11452 4428//11452
f 4522//11453 4614//11453 4523//11453
f 4464//11454 4523//11454 4465//11454
f 4464//11455 4522//11455 4523//11455
f 4509//11456 4588//11457 4587//11458
f 4398//11459 4503//11459 4466//11459
f 4587//11460 4423//11461 4507//11462
f 4424//11463 4460//11464 4588//11457
f 4427//11465 4511//11466 4426//11467
f 4425//11468 4485//11469 4456//11470
f 4425//11471 4511//11471 4512//11471
f 4504//11472 4516//11473 4589//11474
f 4456//11475 4395//11475 4510//11475
f 4509//11476 4516//11477 4424//11478
f 4511//11479 4515//11480 4426//11481
f 4503//11482 4463//11482 4516//11482
f 4615//11483 4424//11483 4463//11483
f 4511//11484 4590//11485 4506//11486
f 4590//11487 4455//11488 4517//11489
f 4590//11490 4517//11490 4506//11490
f 4594//11491 4483//11492 4492//11493
f 4507//11494 4513//11494 4514//11494
f 4501//11495 4502//11495 4413//11495
f 4592//11496 4501//11496 4414//11496
f 4414//11497 4606//11497 4592//11497
f 4442//11498 4595//11499 4500//11500
f 4595//11501 4421//11502 4499//11503
f 4595//11504 4405//11505 4493//11506
f 4405//11507 4596//11508 4493//11509
f 4596//11510 4414//11511 4413//11512
f 4497//11513 4406//11514 4598//11515
f 4616//11516 4597//11516 4405//11516
f 4412//11517 4593//11517 4498//11517
f 4497//11518 4593//11518 4412//11518
f 4416//11519 4495//11520 4496//11521
f 4406//11522 4483//11522 4598//11522
f 4483//11523 4418//11523 4598//11523
f 4415//11524 4599//11525 4495//11526
f 4421//11527 4494//11527 4495//11527
f 4484//11528 4599//11528 4492//11528
f 4484//11529 4499//11529 4599//11529
f 4547//11530 4543//11530 4443//11530
f 4528//11531 4547//11531 4443//11531
f 4528//11532 4437//11532 4547//11532
f 4600//11533 4438//11534 4490//11535
f 4600//11536 4490//11536 4601//11536
f 4602//11537 4436//11538 4486//11539
f 4549//11540 4529//11541 4603//11542
f 4442//11543 4436//11543 4496//11543
f 4548//11544 4529//11545 4531//11546
f 4486//11547 4608//11548 4410//11549
f 4608//11550 4439//11551 4596//11552
f 4596//11553 4413//11553 4608//11553
f 4578//11554 4416//11555 4604//11556
f 4483//11557 4514//11558 4492//11559
f 4416//11560 4488//11560 4604//11560
f 4484//11561 4515//11562 4605//11563
f 4427//11564 4607//11564 4514//11564
f 4605//11565 4482//11565 4484//11565
f 4605//11566 4422//11567 4505//11568
f 4483//11569 4508//11570 4507//11571
f 4589//11572 4606//11572 4504//11572
f 4608//11573 4498//11574 4487//11575
f 4587//11576 4507//11576 4508//11576
f 4609//11577 4400//11578 4468//11579
f 4609//11580 4475//11580 4481//11580
f 4610//11581 4401//11582 4404//11583
f 4468//11584 4403//11584 4609//11584
f 4479//11585 4613//11586 4402//11587
f 4479//11588 4402//11588 4478//11588
f 4611//11589 4468//11590 4469//11591
f 4402//11592 4467//11592 4474//11592
f 4400//11593 4481//11593 4467//11593
f 4403//11594 4611//11594 4476//11594
f 4480//11595 4469//11596 4612//11597
f 4472//11598 4465//11599 4613//11600
f 4397//11601 4461//11601 4612//11601
f 4461//11602 4473//11602 4612//11602
f 4613//11603 4393//11604 4399//11605
f 4469//11606 4471//11607 4458//11608
f 4470//11609 4473//11610 4462//11611
f 4397//11612 4612//11612 4458//11612
f 4399//11613 4583//11613 4467//11613
f 4394//11614 4400//11614 4583//11614
f 4434//11615 4460//11464 4615//11616
f 4464//11617 4472//11617 4462//11617
f 4470//11618 4477//11618 4404//11618
f 4472//11619 4479//11619 4470//11619
f 4400//11620 4471//11620 4468//11620
f 4398//11621 4466//11621 4614//11621
f 4434//11622 4615//11622 4398//11622
f 4526//11623 4520//11624 4460//11625
f 4520//11626 4527//11627 4459//11628
f 4520//11629 4591//11629 4460//11629
f 4456//11630 4518//11631 4395//11632
f 4429//11633 4518//11633 4617//11633
f 4618//11634 4518//11634 4429//11634
f 4428//11635 4455//11635 4618//11635
f 4455//11636 4395//11636 4618//11636
f 4404//11240 4477//11637 4479//11638
f 4402//11238 4474//11639 4481//11640
f 4481//11640 4475//11641 4403//11239
f 4403//11239 4476//11642 4480//11643
f 4480//11643 4610//11644 4404//11240
f 4404//11240 4479//11638 4402//11238
f 4402//11238 4481//11640 4403//11239
f 4403//11239 4480//11643 4404//11240
f 4482//11241 4605//11645 4505//11242
f 4617//11247 4456//11646 4485//11248
f 4421//11250 4495//11647 4599//11251
f 4496//11253 4495//11648 4494//11254
f 4439//11256 4500//11649 4595//11257
f 4592//11259 4406//11650 4412//11260
f 4502//11264 4501//11651 4412//11265
f 4513//11267 4591//11652 4485//11268
f 4427//11270 4514//11653 4513//11271
f 4522//11273 4521//11654 4434//11274
f 4431//11280 4457//11655 4585//11281
f 4500//11289 4535//11396 4542//11290
f 4556//11296 4553//11656 4555//11297
f 4556//11299 4545//11657 4551//11300
f 4446//11303 4546//11658 4566//11304
f 4566//11306 4546//11659 4449//11307
f 4557//11660 4450//11660 4561//11660
f 4567//11309 4453//11661 4449//11310
f 4562//11313 4559//11662 4447//11314
f 4563//11318 4548//11663 4446//11319
f 4452//11322 4560//11664 4569//11323
f 4445//11325 4544//11665 4569//11326
f 4564//11328 4444//11666 4603//11329
f 4563//11331 4570//11667 4603//11332
f 4450//11334 4554//11668 4562//11335
f 4562//11337 4443//11669 4543//11338
f 4563//11341 4568//11670 4571//11342
f 4565//11345 4566//11671 4571//11346
f 4571//11348 4566//11672 4453//11349
f 4572//11351 4557//11673 4454//11352
f 4409//11354 4408//11674 4445//11355
f 4546//11360 4446//11675 4550//11361
f 4444//11365 4449//11676 4552//11366
f 4552//11368 4417//11677 4533//11369
f 4419//11371 4532//11678 4574//11372
f 4574//11374 4532//11679 4528//11375
f 4576//11380 4445//11383 4408//11381
f 4558//11386 4555//11680 4544//11387
f 4500//11389 4439//11681 4532//11390
f 4498//11392 4441//11682 4541//11393
f 4577//11397 4541//11683 4417//11398
f 4436//11684 4442//11684 4542//11684
f 4542//11685 4420//11685 4437//11685
f 4538//11400 4407//11686 4533//11401
f 4533//11403 4417//11687 4541//11404
f 4438//11407 4540//11688 4581//11408
f 4581//11410 4408//11674 4409//11354
f 4536//11413 4532//11689 4489//11414
f 4498//11416 4534//11690 4537//11417
f 4438//11419 4487//11691 4539//11420
f 4582//11424 4583//11692 4393//11425
f 4396//11428 4394//11693 4585//11429
f 4433//11432 4397//11694 4458//11433
f 4435//11438 4525//11695 4526//11439
f 4525//11442 4433//11696 4432//11443
f 4461//11445 4397//11697 4433//11446
f 4422//11448 4506//11698 4504//11449
f 4509//11456 4424//11463 4588//11457
f 4587//11460 4588//11699 4423//11461
f 4424//11463 4615//11616 4460//11464
f 4427//11465 4512//11700 4511//11466
f 4425//11468 4512//11701 4485//11469
f 4504//11472 4503//11702 4516//11473
f 4509//11476 4589//11703 4516//11477
f 4511//11479 4506//11704 4515//11480
f 4511//11484 4425//11705 4590//11485
f 4590//11487 4395//11706 4455//11488
f 4594//11491 4418//11707 4483//11492
f 4442//11498 4494//11708 4595//11499
f 4595//11501 4494//11709 4421//11502
f 4595//11504 4499//11710 4405//11505
f 4405//11507 4597//11711 4596//11508
f 4596//11510 4597//11712 4414//11511
f 4497//11513 4412//11713 4406//11514
f 4416//11519 4415//11714 4495//11520
f 4415//11524 4492//11715 4599//11525
f 4600//11533 4410//11716 4438//11534
f 4602//11537 4580//11717 4436//11538
f 4549//11540 4407//11718 4529//11541
f 4548//11544 4603//11719 4529//11545
f 4486//11547 4489//11720 4608//11548
f 4608//11550 4489//11721 4439//11551
f 4578//11554 4441//11722 4416//11555
f 4483//11557 4507//11723 4514//11558
f 4484//11561 4426//11724 4515//11562
f 4605//11566 4515//11725 4422//11567
f 4483//11569 4406//11726 4508//11570
f 4608//11573 4502//11727 4498//11574
f 4609//11577 4481//11728 4400//11578
f 4610//11581 4612//11729 4401//11582
f 4479//11585 4472//11730 4613//11586
f 4611//11589 4403//11731 4468//11590
f 4480//11595 4611//11732 4469//11596
f 4472//11598 4464//11733 4465//11599
f 4613//11603 4465//11734 4393//11604
f 4469//11606 4468//11735 4471//11607
f 4470//11609 4401//11736 4473//11610
f 4434//11615 4526//11737 4460//11464
f 4526//11623 4432//11738 4520//11624
f 4520//11626 4432//11739 4527//11627
f 4456//11630 4617//11740 4518//11631
usemtl Material.106
f 4634//11741 4631//11741 4632//11741
f 4621//11742 4619//11742 4622//11742
f 4633//11743 4631//11743 4634//11743
f 4620//11744 4622//11744 4619//11744
l 4629 4630
l 4624 4635
l 4625 4627
l 4635 4636
l 4440 4580
l 4623 4626
l 4632 4636
o Cylinder.040
v 15.124009 5.485951 28.820230
v 15.052736 5.653001 29.206038
v 14.985183 6.223878 28.785952
v 14.798718 5.644753 29.269510
v 14.599442 5.465143 29.049931
v 14.864766 5.773064 28.310452
v 15.188009 5.418333 28.879509
v 15.091607 5.626820 29.277084
v 14.617568 5.165912 28.716084
v 15.303608 5.324988 28.820377
v 14.779613 5.651148 29.566530
v 14.569855 5.087109 28.658314
v 14.913815 6.856089 28.035254
v 14.505402 6.598760 27.989758
v 13.552264 7.501642 27.704004
v 14.297300 7.402908 26.289141
v 14.316206 7.458751 26.326210
v 14.809791 7.675536 27.769432
v 14.196747 7.494775 26.443214
v 14.499516 7.059310 27.836081
v 14.677406 7.124059 27.745476
v 14.747482 6.732224 27.848986
v 14.646774 7.084508 28.451216
v 14.599724 7.430581 28.283112
v 13.526978 7.340473 27.699917
v 14.445225 6.876599 28.250198
v 15.739761 7.816624 27.975443
v 15.822349 7.912158 28.140413
v 14.864162 7.073361 28.325075
v 14.976807 6.442711 28.223469
v 14.508679 6.272645 28.567608
v 14.579007 6.063759 28.262945
v 14.937186 6.422106 28.675331
v 14.927880 6.558152 28.577688
v 14.653851 6.600620 28.660347
v 15.083867 5.856628 28.620237
v 15.000378 5.945150 28.979694
v 15.044438 5.796749 29.071226
v 14.763529 5.853019 29.159557
v 14.558780 5.810782 28.834448
v 14.578643 5.592493 28.968458
v 14.629174 5.677058 28.500319
v 14.661803 5.518632 28.614555
v 14.837508 7.791185 28.079895
v 15.736680 8.008738 28.144442
v 14.634898 7.538064 27.513683
v 14.901775 7.367703 27.872118
v 14.778872 7.936155 28.051926
v 14.392173 7.388188 28.063988
v 14.868841 7.471949 28.150959
v 16.139158 8.157539 27.950569
v 13.097282 7.554590 27.520308
v 14.143273 7.381865 25.722584
v 13.096045 7.388445 27.317415
v 16.159092 8.054796 27.943993
v 13.982751 7.411696 25.701635
v 13.074167 7.433432 27.517075
v 16.339252 8.300524 28.140709
v 12.852104 7.514051 27.469582
v 14.044728 7.302690 25.388121
v 12.869649 7.381628 27.472118
v 16.357672 8.193326 28.165888
v 15.031645 6.008209 28.484818
v 14.840178 6.266323 28.896423
v 14.758079 5.762617 29.225170
v 14.671973 5.582649 29.191547
v 14.603611 6.140686 28.833509
v 14.557903 5.924331 28.518732
v 14.661202 5.322999 28.711586
v 14.794477 5.293211 28.635029
v 14.727082 5.970768 28.224527
v 14.929235 5.299462 28.614780
v 15.043925 5.372325 28.689306
v 14.940082 6.009319 28.293823
v 15.247573 5.517306 29.149067
v 14.822592 5.639698 29.416821
v 14.622903 5.517438 29.274164
v 14.819537 5.150085 28.593658
v 14.773575 5.642656 29.323416
v 14.966122 5.211879 28.589733
v 14.654215 5.237964 28.674440
v 15.292749 5.475244 29.142664
v 14.990912 5.639118 29.534870
v 14.601822 5.522000 29.439222
v 14.788499 5.022768 28.528791
v 15.206786 5.194273 28.623585
v 15.023302 5.074196 28.510340
v 14.474081 5.362103 29.191763
v 15.187816 5.637186 29.366835
v 14.918171 6.829500 28.208147
v 14.452044 6.669741 28.302856
v 14.884398 6.696426 28.488504
v 14.701992 6.328696 28.857178
v 14.868465 7.625654 27.820791
v 14.410388 7.559499 27.618130
v 14.615956 7.581003 28.214676
v 14.905704 7.489529 27.822897
v 14.634492 7.684687 27.480001
v 14.536999 7.735283 27.542263
v 14.647743 6.806715 28.525604
v 14.874897 7.148017 27.934610
v 14.825254 7.274080 28.256828
v 14.747311 7.108191 28.401293
v 14.754437 7.399617 28.214266
v 14.478456 6.929480 28.070063
v 14.411710 7.265944 27.760450
v 14.872169 6.884861 28.375193
v 14.903467 7.434980 28.045418
v 14.602104 7.004762 27.769091
v 14.591694 7.224779 27.751661
v 14.822456 5.985118 28.161329
v 14.801639 6.351965 27.991524
v 14.934058 6.546417 28.124939
v 14.993223 6.314853 28.317715
v 14.474323 6.538085 28.427034
v 14.515375 6.412858 28.089399
v 14.554598 6.232159 28.184956
v 14.953369 6.329986 28.761061
v 14.931326 6.515307 28.629654
v 14.676901 6.464667 28.781519
v 14.578942 6.381954 28.689283
v 14.541731 6.574173 28.538467
v 14.980101 6.519677 28.388250
v 14.689699 6.077459 28.151775
v 15.017072 6.218515 28.366474
v 14.999661 6.150687 28.869461
v 14.725799 6.005545 29.065578
v 14.555005 5.966338 28.728445
v 14.635204 5.599075 28.538631
v 14.904772 5.536682 28.460676
v 15.028741 5.495013 28.587339
v 14.771369 5.434106 28.571337
v 14.592538 5.593081 28.780626
v 14.579232 5.695925 28.687551
v 14.648309 5.943036 28.924664
v 15.701564 7.909692 27.944254
v 13.544201 7.451527 27.568268
v 14.172966 7.387614 26.379314
v 13.575593 7.409480 27.510136
v 15.436128 7.675449 27.923523
v 13.522704 7.423707 27.739677
v 13.580599 7.304132 27.503960
v 15.744187 7.822346 28.038670
v 15.320992 7.773727 27.909550
v 14.067753 7.508101 27.592798
v 13.958405 7.511959 27.848631
v 14.316735 7.494359 26.972862
v 14.428483 7.465646 26.813963
v 13.984005 7.358279 27.862640
v 15.301176 7.669934 28.136921
v 16.111439 8.207455 28.035917
v 14.034857 7.365609 25.795149
v 14.038975 7.429697 25.657347
v 13.124811 7.367129 27.439974
v 15.871982 8.079669 28.125753
v 13.251789 7.480816 27.371233
v 13.283635 7.523007 27.622120
v 13.303617 7.352185 27.390394
v 14.078107 7.394339 25.543360
v 13.256270 7.395140 27.598459
v 13.986414 7.301877 25.382257
v 16.358801 8.240896 27.985186
v 13.919964 7.302538 25.429810
v 13.978968 7.341716 25.413900
v 16.344055 8.258370 28.181131
v 13.932475 7.334157 25.481880
v 16.381847 8.137955 27.987213
v 14.078706 7.334448 25.469879
v 16.257307 8.286257 28.137302
v 16.277388 8.234834 27.980082
v 12.902110 7.472005 27.296528
v 12.973124 7.552617 27.506737
v 12.891572 7.331338 27.281038
v 12.867808 7.326224 27.354725
v 12.972239 7.467271 27.520035
v 12.883335 7.383202 27.269627
v 14.010580 7.306516 25.510574
v 12.889439 7.489484 27.407251
v 12.863205 7.405682 27.362787
v 16.396290 8.222310 28.083549
v 14.077875 7.407339 26.053463
v 16.111105 8.091487 27.923895
v 14.155853 7.461250 26.091137
v 14.155866 7.381847 26.014696
v 13.977127 7.349568 27.759041
v 14.387238 7.498340 28.047195
v 14.456545 7.590615 26.978756
v 14.795569 7.852835 28.068932
v 14.479805 7.512207 26.928354
v 15.068879 5.801184 28.779575
v 15.116446 5.558418 29.022230
v 14.882379 5.880411 29.113148
v 14.914289 5.765012 29.171515
v 14.629500 5.807236 29.014105
v 14.485236 6.372500 28.316942
v 14.523498 6.132628 28.430986
v 14.656554 6.230723 28.105730
v 15.009442 6.298332 28.506634
v 14.504819 6.152117 28.656370
v 14.634459 6.686923 27.895554
v 14.432091 7.224805 28.156443
v 14.531264 6.919048 28.373405
v 14.862972 7.204898 28.085032
v 14.797154 7.129629 27.823566
v 14.845116 6.755066 27.919718
v 14.457955 6.735861 28.117033
v 14.773093 6.910831 28.445250
v 14.724689 7.773413 27.662188
v 14.620672 7.843074 27.551769
v 14.790729 7.732502 27.895988
v 13.131381 7.497004 27.382339
v 14.504679 7.675032 28.103102
v 14.929036 6.604909 28.330492
v 14.637720 6.403786 27.967478
v 14.692967 6.676635 28.625170
v 14.689869 7.377911 27.666220
v 14.978566 5.682320 29.464037
v 14.482576 5.198732 28.902246
v 14.599904 5.543535 29.389658
v 14.526515 5.396861 29.145838
v 15.081362 5.303653 28.708687
v 14.993665 5.804237 28.468184
v 14.623520 5.778983 28.392809
v 14.876783 6.499535 28.026525
v 14.871490 6.151904 28.969006
v 15.040301 6.004313 28.679632
v 13.894966 7.844766 28.983864
v 14.046384 7.819718 28.811905
v 13.720522 8.075767 29.360151
v 13.985060 7.983187 29.167076
v 14.771458 7.901950 27.315758
v 14.804758 7.771760 28.364637
v 14.926908 7.836451 28.179680
v 15.018498 7.828909 27.534264
v 14.959340 7.988420 28.146156
v 13.990367 7.645876 28.293806
v 14.351967 7.554884 28.369514
v 14.293691 7.539520 28.331999
v 15.048960 8.129173 29.259285
v 15.186920 8.009007 28.959841
v 15.314569 8.341471 29.574415
v 15.234152 8.035747 29.173796
v 14.809497 7.889061 28.735023
v 14.990071 7.921319 28.775276
vn 0.9729 0.2288 0.0319
vn -0.2835 -0.5414 -0.7915
vn 0.8936 -0.1314 -0.4292
vn -0.1728 0.4802 -0.8599
vn -0.1326 0.2537 -0.9581
vn 0.4556 0.8699 -0.1891
vn -0.7892 0.6140 0.0159
vn -0.8950 0.3955 0.2065
vn 0.6470 0.7289 -0.2237
vn 0.1238 0.8566 0.5009
vn -0.3530 -0.7060 -0.6140
vn -0.9846 0.0648 -0.1626
vn -0.9745 -0.2228 0.0270
vn 0.8486 0.5257 0.0595
vn -0.5308 -0.5965 -0.6020
vn 0.3908 0.6629 0.6386
vn 0.7513 -0.0479 -0.6582
vn 0.9189 -0.1055 -0.3800
vn -0.9533 -0.1893 -0.2352
vn -0.8426 0.0865 0.5316
vn -0.8692 0.3503 0.3491
vn 0.1091 0.4695 0.8761
vn 0.7970 0.4757 -0.3722
vn 0.3565 0.9200 -0.1630
vn -0.6159 0.7679 0.1760
vn 0.7393 0.6546 -0.1581
vn -0.6362 0.5075 -0.5811
vn 0.0140 -0.9993 0.0335
vn -0.1098 0.1541 0.9819
vn -0.0149 0.3799 -0.9249
vn -0.4423 0.8727 -0.2067
vn -0.4429 0.8725 -0.2063
vn -0.4425 0.8727 -0.2065
vn -0.1476 -0.9658 0.2131
vn -0.1480 0.8866 -0.4381
vn 0.6168 0.6126 -0.4943
vn 0.8616 0.3990 0.3137
vn -0.8375 -0.5000 0.2203
vn 0.1084 0.0547 0.9926
vn -0.2220 0.4742 0.8520
vn -0.2973 0.9547 0.0107
vn 0.1826 0.9765 -0.1142
vn 0.3986 0.0240 -0.9168
vn 0.4135 -0.9089 0.0533
vn 0.2973 0.9137 -0.2770
vn 0.8150 -0.5632 -0.1364
vn 0.0996 -0.0248 -0.9947
vn -0.0009 -0.9842 0.1772
vn 0.9400 0.3308 0.0838
vn 0.9482 0.2448 0.2027
vn 0.4664 0.5605 0.6843
vn 0.5820 0.3994 0.7083
vn -0.9203 0.1404 0.3651
vn -0.8794 0.3408 0.3324
vn -0.5608 0.1151 0.8199
vn -0.3424 -0.4465 -0.8267
vn -0.6515 -0.6234 -0.4323
vn -0.5207 -0.4211 -0.7426
vn -0.5708 -0.3634 -0.7363
vn 0.7743 -0.2408 -0.5852
vn 0.9037 -0.2019 -0.3775
vn 0.8591 -0.0453 -0.5098
vn 0.8156 -0.2043 -0.5413
vn 0.8869 -0.1784 -0.4262
vn -0.9382 -0.2973 -0.1770
vn -0.9798 -0.1892 -0.0648
vn -0.3871 -0.5808 -0.7161
vn 0.9332 0.3186 0.1660
vn 0.9333 0.3185 0.1661
vn 0.9332 0.3187 0.1660
vn -0.8997 0.1075 0.4230
vn -0.9187 0.2528 0.3034
vn -0.8042 0.3614 0.4718
vn 0.0791 -0.2414 -0.9672
vn -0.4712 -0.2223 -0.8536
vn -0.7308 0.1921 0.6550
vn -0.8326 0.1145 0.5420
vn -0.7381 0.2145 0.6397
vn -0.7399 0.2103 0.6390
vn -0.7384 0.2138 0.6396
vn 0.9615 0.1848 0.2035
vn 0.8122 -0.2494 -0.5273
vn 0.6057 -0.2418 -0.7580
vn -0.9740 -0.0924 -0.2068
vn -0.3635 0.3580 -0.8601
vn 0.7265 0.6609 -0.1881
vn 0.4382 0.3326 0.8351
vn 0.3155 0.9009 -0.2980
vn 0.0277 -0.3474 -0.9373
vn -0.6177 -0.5308 -0.5803
vn 0.4012 0.6406 0.6547
vn 0.3156 0.2599 0.9126
vn 0.4324 0.5808 0.6897
vn -0.3702 -0.2602 -0.8918
vn -0.7137 0.6009 -0.3600
vn 0.2540 0.7222 -0.6434
vn 0.4471 0.8032 -0.3937
vn -0.3674 0.9201 -0.1356
vn 0.7886 0.5875 -0.1813
vn -0.3895 0.3954 -0.8319
vn -0.3397 0.6812 -0.6485
vn 0.0910 0.9495 0.3001
vn -0.0257 0.9993 0.0269
vn 0.8716 -0.1236 -0.4745
vn 0.8776 -0.0796 -0.4728
vn 0.8699 -0.3640 -0.3329
vn -0.8798 0.0201 0.4749
vn -0.7493 0.3190 0.5803
vn -0.8737 -0.0482 0.4841
vn 0.6743 -0.1731 -0.7179
vn -0.9039 0.2663 -0.3346
vn 0.1120 -0.8561 0.5046
vn 0.1902 -0.8767 0.4419
vn 0.1892 -0.8350 0.5167
vn 0.9983 0.0585 -0.0083
vn 0.9985 0.0556 0.0015
vn 0.9980 0.0607 -0.0158
vn -0.6671 -0.3794 -0.6411
vn -0.6263 0.3247 0.7087
vn 0.8539 -0.1740 -0.4904
vn 0.0095 0.5410 0.8410
vn 0.0084 0.5403 0.8414
vn 0.0117 0.5425 0.8399
vn 0.5881 0.2412 0.7720
vn 0.5925 0.2373 0.7699
vn 0.6013 0.2291 0.7655
vn 0.2731 0.4435 0.8537
vn 0.3523 0.4726 0.8078
vn 0.2198 0.4222 0.8795
vn 0.9875 -0.1393 0.0734
vn 0.9890 -0.1171 0.0907
vn 0.9897 -0.0892 0.1122
vn -0.4649 -0.3014 -0.8325
vn -0.5783 -0.3288 -0.7466
vn -0.6343 -0.3407 -0.6940
vn -0.7131 0.1790 0.6779
vn -0.7402 0.2097 0.6389
vn -0.3170 -0.2849 -0.9046
vn -0.4068 -0.2251 -0.8853
vn -0.1337 -0.3902 -0.9109
vn -0.7667 0.1755 0.6176
vn -0.7645 0.1826 0.6182
vn -0.7572 0.2053 0.6201
vn -0.7491 0.3324 0.5730
vn -0.7587 0.3339 0.5593
vn -0.7804 0.3370 0.5266
vn -0.3764 -0.5229 -0.7648
vn -0.3597 -0.4804 -0.7999
vn -0.3832 -0.5408 -0.7489
vn 0.9947 0.0841 -0.0592
vn -0.5419 -0.4818 -0.6886
vn -0.9964 -0.0272 -0.0802
vn -0.2450 -0.5458 -0.8013
vn 0.2458 0.5313 0.8107
vn 0.2360 0.5161 0.8234
vn 0.2177 0.4878 0.8454
vn -0.9345 -0.1558 -0.3199
vn 0.9585 0.2722 0.0845
vn 0.9618 0.2173 0.1666
vn 0.9619 0.2171 0.1662
vn 0.9606 0.2193 0.1710
vn 0.2957 -0.3660 -0.8824
vn 0.3888 -0.8209 0.4182
vn 0.3755 -0.8153 0.4408
vn 0.3898 -0.8217 0.4157
vn -0.4462 0.1153 0.8875
vn -0.1723 -0.8882 0.4260
vn -0.2179 -0.9571 0.1909
vn -0.3725 -0.8104 0.4522
vn -0.5471 0.5780 -0.6055
vn -0.5760 0.6887 -0.4403
vn -0.5825 0.7493 -0.3151
vn 0.1714 0.8599 -0.4808
vn -0.0022 0.9270 -0.3751
vn 0.2682 0.8032 -0.5319
vn -0.3332 0.1485 0.9311
vn 0.2297 -0.9550 -0.1875
vn 0.2562 -0.9657 -0.0434
vn 0.2658 -0.9638 0.0188
vn 0.0807 -0.8758 0.4758
vn -0.0412 -0.8089 0.5865
vn 0.1346 -0.8969 0.4212
vn -0.0744 -0.3071 0.9488
vn -0.0110 -0.1198 0.9927
vn 0.0190 -0.0303 0.9994
vn -0.3986 -0.0353 0.9164
vn 0.1868 0.0736 -0.9796
vn 0.3059 -0.0102 -0.9520
vn 0.3555 -0.0464 -0.9335
vn 0.0630 -0.0055 -0.9980
vn -0.4431 0.8724 -0.2061
vn 0.2053 0.2393 -0.9490
vn 0.1995 0.2245 -0.9538
vn 0.2069 0.2433 -0.9476
vn 0.2199 -0.1762 -0.9595
vn 0.2114 -0.9733 0.0894
vn 0.2733 -0.9561 0.1061
vn 0.0105 -0.9994 0.0342
vn 0.2965 -0.9432 0.1497
vn 0.3630 -0.9262 0.1020
vn 0.4117 -0.9090 0.0654
vn -0.0513 0.8858 -0.4612
vn -0.0153 0.9054 -0.4243
vn -0.0772 0.8699 -0.4871
vn -0.0378 0.9820 -0.1851
vn 0.0636 0.8997 -0.4319
vn 0.0763 0.8839 -0.4613
vn -0.1100 0.9341 -0.3396
vn -0.0862 0.9333 -0.3485
vn -0.1491 0.9340 -0.3245
vn -0.2768 0.8770 -0.3926
vn -0.2952 0.8322 -0.4694
vn -0.2607 0.9072 -0.3300
vn 0.8810 0.3702 -0.2946
vn -0.9208 0.3260 -0.2143
vn -0.9207 0.3269 -0.2134
vn -0.9135 0.3726 -0.1634
vn 0.0691 0.6284 -0.7748
vn -0.9661 -0.1144 -0.2313
vn -0.9640 -0.0942 -0.2488
vn -0.9681 -0.1897 -0.1634
vn -0.9948 -0.0950 0.0377
vn -0.9939 -0.1042 0.0357
vn -0.9910 -0.1307 0.0296
vn 0.8973 -0.3139 0.3104
vn 0.9139 -0.0990 0.3938
vn 0.8641 -0.4357 0.2519
vn 0.9579 -0.1290 -0.2565
vn 0.8943 0.3332 -0.2986
vn 0.8886 0.3479 -0.2989
vn 0.9273 0.2014 -0.3154
vn -0.9583 0.0443 0.2823
vn -0.5644 0.8254 -0.0130
vn -0.0888 -0.9958 -0.0202
vn -0.0557 -0.9936 0.0987
vn -0.0275 -0.9802 0.1961
vn -0.2273 -0.9627 0.1470
vn -0.2375 -0.9647 0.1139
vn -0.4273 0.0170 0.9039
vn -0.4626 -0.0270 0.8861
vn -0.4861 -0.0573 0.8720
vn -0.4541 -0.1252 0.8821
vn -0.4098 -0.3473 0.8435
vn -0.4619 -0.0648 0.8846
vn 0.4100 -0.6700 -0.6188
vn 0.1454 -0.3686 -0.9181
vn 0.1260 -0.3447 -0.9302
vn -0.2394 0.4425 -0.8642
vn -0.1719 0.2814 -0.9441
vn -0.2425 0.4501 -0.8594
vn 0.2360 0.9600 -0.1508
vn 0.3305 -0.0074 -0.9438
vn 0.3891 0.0723 -0.9184
vn 0.1538 -0.9881 -0.0095
vn 0.1339 -0.9910 0.0071
vn 0.1290 -0.9916 0.0096
vn 0.1469 -0.9892 -0.0016
vn 0.1442 -0.9895 -0.0063
vn -0.2975 -0.9543 0.0290
vn -0.9300 -0.1777 0.3218
vn -0.8906 -0.3200 0.3232
vn -0.8823 -0.3426 0.3227
vn 0.4485 -0.8431 0.2966
vn 0.4221 -0.9045 0.0602
vn 0.4184 -0.9074 0.0382
vn -0.1216 -0.9342 0.3353
vn -0.1696 -0.9711 0.1678
vn -0.1884 -0.9775 0.0947
vn 0.3776 -0.8187 0.4326
vn 0.3807 -0.8165 0.4340
vn 0.0071 -0.9950 0.0993
vn -0.0025 -0.9853 0.1710
vn -0.0039 -0.9834 0.1813
vn -0.3060 0.6328 0.7113
vn -0.3043 0.5055 0.8074
vn -0.3059 0.6404 0.7045
vn -0.2889 -0.4166 0.8620
vn -0.2874 -0.3525 0.8906
vn -0.2873 -0.3486 0.8922
vn 0.0833 0.9732 -0.2146
vn 0.9647 -0.0752 -0.2523
vn 0.8874 -0.4066 -0.2172
vn 0.9658 -0.0555 -0.2534
vn 0.8717 0.4070 -0.2730
vn 0.8608 0.4302 -0.2721
vn -0.9718 0.0843 0.2202
vn 0.1687 0.0536 -0.9842
vn 0.1795 0.0374 -0.9830
vn 0.1815 0.0344 -0.9828
vn 0.1805 -0.3736 -0.9099
vn 0.2428 -0.2949 -0.9242
vn 0.1308 -0.4320 -0.8923
vn -0.0513 -0.9926 0.1104
vn -0.0695 -0.9902 0.1209
vn -0.0765 -0.9892 0.1250
vn 0.1526 0.0651 -0.9861
vn 0.1743 -0.9819 0.0738
vn 0.9752 0.1860 0.1201
vn 0.9848 0.1733 0.0087
vn 0.9692 0.1898 0.1572
vn 0.9620 0.2170 0.1660
vn 0.2532 0.4532 0.8547
vn 0.2219 0.4788 0.8494
vn 0.2886 0.4227 0.8591
vn 0.1913 0.5487 0.8138
vn -0.9013 0.1969 0.3858
vn -0.8838 0.2707 0.3817
vn -0.8614 0.3420 0.3755
vn 0.3583 0.6496 0.6706
vn 0.4493 0.4990 0.7410
vn -0.7511 0.2016 0.6287
vn -0.9184 -0.3644 -0.1538
vn -0.9180 -0.3533 -0.1803
vn -0.9166 -0.3893 -0.0913
vn -0.7270 0.4315 0.5341
vn -0.9887 -0.1397 -0.0549
vn -0.9888 -0.1416 -0.0474
vn -0.9888 -0.1479 -0.0220
vn -0.9718 -0.2218 -0.0796
vn -0.9720 -0.2207 -0.0809
vn -0.9709 -0.2283 -0.0725
vn 0.8176 -0.2386 -0.5241
vn 0.8179 -0.2219 -0.5309
vn 0.8176 -0.1820 -0.5463
vn -0.1152 -0.4248 -0.8979
vn 0.8698 -0.0884 -0.4855
vn 0.6662 -0.2012 -0.7182
vn 0.6674 -0.4254 -0.6112
vn 0.5869 -0.3976 -0.7053
vn -0.9431 -0.2492 -0.2200
vn -0.9451 -0.2456 -0.2154
vn -0.9408 -0.2558 -0.2224
vn 0.7428 -0.2796 -0.6084
vn -0.9925 -0.1124 0.0480
vn -0.9909 -0.1279 0.0417
vn -0.9935 -0.1006 0.0528
vn -0.9467 -0.2411 -0.2137
vn -0.9434 -0.2547 -0.2123
vn 0.2831 0.6762 0.6801
vn 0.2919 0.7251 0.6237
vn 0.2955 0.7466 0.5960
vn 0.2806 0.6565 0.7002
vn 0.3021 0.6308 0.7147
vn 0.1716 0.7683 0.6167
vn 0.4007 0.4234 0.8125
vn -0.3087 -0.3825 -0.8709
vn -0.2766 -0.3979 -0.8748
vn -0.3886 -0.3412 -0.8559
vn 0.6303 0.3514 0.6923
vn -0.6019 -0.3744 -0.7054
vn -0.6061 -0.3793 -0.6991
vn -0.6239 -0.4011 -0.6707
vn 0.9673 0.1579 0.1983
vn 0.9795 0.0336 0.1985
vn 0.9309 0.3098 0.1937
vn -0.3728 -0.6084 -0.7007
vn -0.4684 -0.4262 -0.7739
vn 0.9543 0.2589 0.1493
vn 0.9432 0.3319 0.0135
vn 0.9308 0.3624 -0.0482
vn 0.9955 0.0716 0.0615
vn 0.9949 0.0708 0.0714
vn 0.9971 0.0755 0.0113
vn 0.9758 0.2084 -0.0656
vn -0.7965 0.0836 0.5989
vn -0.7988 0.0853 0.5955
vn -0.7690 0.0644 0.6360
vn -0.8659 0.1940 0.4610
vn -0.1717 -0.0859 -0.9814
vn -0.2181 -0.3799 -0.8990
vn -0.2865 -0.2390 -0.9278
vn 0.9467 -0.0967 0.3073
vn 0.9583 -0.0882 0.2718
vn 0.9334 -0.1052 0.3431
vn 0.9776 0.1864 0.0973
vn 0.9954 0.0860 0.0422
vn 0.9986 0.0481 0.0214
vn 0.9890 0.1358 0.0587
vn 0.9872 0.1308 0.0914
vn 0.9897 0.1407 0.0253
vn 0.8586 -0.0299 -0.5118
vn 0.8371 -0.0636 -0.5434
vn 0.8228 -0.0841 -0.5621
vn 0.5568 -0.1221 -0.8216
vn 0.5892 -0.1247 -0.7983
vn 0.5462 -0.1213 -0.8289
vn -0.9856 -0.0404 -0.1642
vn -0.9690 -0.0191 -0.2463
vn -0.9329 0.0114 -0.3601
vn 0.8862 -0.0809 -0.4562
vn -0.9213 -0.3889 0.0070
vn -0.9825 -0.1105 -0.1497
vn 0.4072 0.4729 0.7814
vn 0.3456 0.4584 0.8188
vn 0.4351 0.4787 0.7625
vn -0.9667 -0.2300 -0.1126
vn -0.9978 -0.0451 -0.0478
vn 0.3794 0.2453 0.8921
vn 0.3766 0.2432 0.8939
vn 0.3833 0.2482 0.8896
vn 0.5826 0.3606 0.7284
vn 0.2960 0.3342 0.8948
vn 0.5921 0.4432 0.6731
vn -0.5445 0.6349 -0.5481
vn -0.4603 0.8213 -0.3370
vn -0.4741 0.8194 -0.3222
vn 0.8423 0.0186 -0.5387
vn 0.8761 -0.0307 -0.4811
vn 0.9094 -0.0908 -0.4060
vn 0.7819 0.3126 -0.5394
vn 0.6470 0.6632 -0.3762
vn 0.7520 0.5481 -0.3662
vn 0.6019 0.7037 -0.3776
vn 0.2067 0.9448 -0.2540
vn 0.1875 0.9274 -0.3236
vn 0.2112 0.9483 -0.2369
vn 0.3519 0.2362 0.9058
vn 0.1445 0.9872 -0.0678
vn 0.3475 0.8532 -0.3889
vn 0.3607 0.8373 -0.4108
vn 0.6040 0.0604 -0.7947
vn 0.5895 0.0768 -0.8041
vn 0.6570 -0.0033 -0.7538
vn 0.6771 -0.2041 -0.7070
vn 0.6722 -0.2316 -0.7033
vn 0.6845 -0.1556 -0.7122
vn 0.5340 -0.2757 -0.7992
vn -0.7118 0.1541 0.6853
vn -0.7036 0.1835 0.6865
vn -0.6864 0.2389 0.6869
vn -0.8211 0.3469 0.4533
vn -0.8214 0.3464 0.4532
vn -0.7974 0.3890 0.4613
vn -0.4497 0.4096 0.7937
vn 0.8960 0.4354 0.0876
vn 0.8929 0.4451 0.0677
vn 0.8689 0.4933 -0.0402
vn -0.6638 0.5672 0.4875
vn 0.9708 0.1493 0.1878
vn 0.9207 0.3641 -0.1408
vn 0.9277 0.3531 -0.1211
vn 0.9437 0.3235 -0.0690
vn -0.9811 -0.1773 -0.0777
vn -0.9823 -0.1551 -0.1048
vn -0.9777 -0.2056 -0.0426
vn -0.0848 -0.6275 -0.7740
vn -0.1320 -0.4255 -0.8953
vn -0.1313 -0.4268 -0.8948
vn -0.1279 -0.4331 -0.8922
vn -0.9916 0.0197 -0.1279
vn -0.0913 0.9382 -0.3337
vn 0.0447 0.9647 -0.2594
vn -0.1429 0.9219 -0.3601
vn 0.3778 0.8183 0.4332
vn -0.5060 0.7086 -0.4918
vn -0.5190 0.6942 -0.4987
vn -0.5257 0.6865 -0.5023
vn -0.2221 0.9653 -0.1376
vn 0.3248 0.5701 -0.7546
vn 0.3246 0.5702 -0.7547
vn 0.3245 0.5702 -0.7547
vn -0.3005 0.8560 -0.4207
vn -0.3584 0.9000 -0.2479
vn -0.3681 0.9084 -0.1982
vn -0.3532 0.8950 -0.2726
vn 0.6230 0.7168 -0.3132
vn 0.2815 0.8712 -0.4023
vn -0.6939 0.6502 0.3094
vn -0.6410 0.7337 -0.2253
vn -0.6180 0.7371 -0.2735
vn -0.6547 0.7304 -0.1946
vn 0.4324 0.3147 -0.8450
vn 0.5707 0.2151 -0.7925
vn 0.6521 0.1455 -0.7440
vn -0.8397 0.4286 -0.3334
vn -0.9214 0.2167 -0.3226
vn 0.7471 0.2109 -0.6303
vn 0.7612 0.1995 -0.6171
vn 0.7688 0.1932 -0.6096
vn -0.6653 0.7115 0.2263
vn -0.6649 0.6705 0.3292
vn -0.6628 0.7268 0.1800
vn -0.3956 0.0955 -0.9135
vn -0.4800 -0.1020 -0.8713
vn -0.3391 0.2060 -0.9179
vn -0.7645 0.6310 -0.1320
vn 0.5967 0.7016 -0.3895
vn 0.6977 0.7061 -0.1215
vn -0.9427 -0.2557 -0.2144
vn -0.9481 -0.2473 -0.2000
vn -0.1548 0.2108 -0.9652
vn -0.3324 0.4912 -0.8051
vn -0.2026 0.4247 -0.8824
vn 0.0505 0.9987 0.0051
vn 0.7690 -0.2854 -0.5720
vn -0.2430 -0.7103 -0.6606
vn -0.9957 -0.0831 -0.0404
vn -0.9961 -0.0859 -0.0223
vn -0.9959 -0.0899 0.0042
vn -0.8918 0.1149 0.4377
vn -0.8873 0.1422 0.4388
vn -0.9034 -0.0065 0.4288
vn -0.9682 -0.2475 0.0362
vn 0.5352 0.5994 0.5952
vn 0.5488 0.6284 0.5512
vn 0.5654 0.6664 0.4861
vn 0.5669 0.3909 0.7251
vn 0.9856 0.0825 0.1474
vn 0.9544 0.2962 -0.0365
vn 0.9648 0.2604 -0.0377
vn 0.2060 -0.6923 0.6916
vn 0.1569 -0.8188 0.5522
vn -0.4742 -0.8040 0.3589
vn 0.1339 -0.8700 0.4746
vn -0.0667 -0.9955 -0.0667
vn 0.3587 -0.8575 0.3689
vn 0.2344 -0.8511 0.4697
vn 0.2712 -0.8348 0.4791
vn 0.9985 0.0533 0.0092
vn 0.0022 0.5361 0.8442
vn 0.5801 0.2486 0.7757
vn 0.3992 0.4883 0.7761
vn 0.9850 -0.1640 0.0541
vn -0.4262 -0.2912 -0.8565
vn -0.5781 -0.0916 -0.8108
vn -0.7712 0.1605 0.6161
vn -0.7295 0.3292 0.5996
vn -0.3416 -0.4356 -0.8328
vn 0.2623 0.5564 0.7884
vn -0.5090 0.4750 -0.7178
vn -0.0819 0.9436 -0.3208
vn 0.2234 -0.9501 -0.2177
vn -0.0809 -0.7814 0.6188
vn -0.1477 0.6757 0.7222
vn -0.1026 -0.3892 0.9154
vn 0.1553 0.0951 -0.9833
vn 0.1984 0.2217 -0.9547
vn 0.4520 -0.8787 0.1535
vn 0.2596 -0.9497 0.1751
vn 0.0268 0.9248 -0.3794
vn -0.0472 0.9858 -0.1610
vn -0.0466 0.9307 -0.3627
vn -0.3135 0.7718 -0.5532
vn -0.9236 0.2759 -0.2662
vn -0.9510 -0.0238 -0.3083
vn -0.9970 -0.0623 0.0450
vn 0.8909 0.0818 0.4467
vn 0.9558 -0.1598 -0.2469
vn -0.1216 -0.9823 -0.1423
vn -0.3984 0.0516 0.9158
vn -0.3916 -0.4129 0.8223
vn 0.4188 -0.6789 -0.6031
vn -0.1694 0.2757 -0.9462
vn -0.9335 -0.1594 0.3211
vn 0.4497 -0.8341 0.3194
vn -0.1123 -0.9242 0.3650
vn 0.0092 -0.9965 0.0832
vn -0.0648 0.2108 0.9754
vn 0.0090 -0.0337 0.9994
vn -0.3036 0.4894 0.8175
vn -0.2889 -0.4247 0.8580
vn 0.8720 -0.4414 -0.2116
vn 0.1672 0.0559 -0.9843
vn 0.2748 -0.2521 -0.9279
vn -0.0451 -0.9933 0.1068
vn 0.9853 0.1692 -0.0238
vn 0.1945 0.5005 0.8436
vn -0.9165 0.0984 0.3878
vn -0.9147 -0.3298 -0.2337
vn -0.9881 -0.1350 -0.0735
vn -0.9728 -0.2147 -0.0873
vn 0.8161 -0.2713 -0.5102
vn -0.9894 -0.1404 0.0366
vn 0.2809 0.6647 0.6923
vn 0.3959 0.5012 0.7695
vn -0.2286 -0.4196 -0.8784
vn -0.5785 -0.3469 -0.7382
vn 0.9802 -0.0054 0.1980
vn 0.9452 0.1897 0.2657
vn 0.9922 0.0681 0.1043
vn -0.8323 0.1108 0.5431
vn 0.9661 -0.0817 0.2450
vn 0.9662 0.2282 0.1202
vn 0.9857 0.1280 0.1099
vn 0.8660 -0.0174 -0.4997
vn 0.6012 -0.1256 -0.7892
vn -0.9916 -0.0521 -0.1182
vn 0.3102 0.4492 0.8379
vn 0.3738 0.2411 0.8956
vn 0.8083 0.0611 -0.5856
vn 0.8006 0.4811 -0.3572
vn 0.1798 0.9193 -0.3501
vn 0.1291 0.9906 -0.0443
vn 0.5360 0.1337 -0.8336
vn 0.6572 -0.3005 -0.6913
vn -0.7310 0.0707 0.6787
vn -0.8607 0.2646 0.4350
vn 0.9037 0.3933 0.1692
vn 0.8945 0.3979 -0.2037
vn -0.9822 -0.1270 -0.1386
vn -0.1385 -0.4134 -0.9000
vn 0.1048 0.9689 -0.2243
vn -0.5017 0.7132 -0.4896
vn 0.3249 0.5701 -0.7546
vn -0.3720 0.9113 -0.1765
vn -0.6104 0.7378 -0.2883
vn 0.3201 0.3827 -0.8667
vn 0.7354 0.2201 -0.6408
vn -0.6625 0.6523 0.3683
vn -0.5185 -0.2146 -0.8277
vn -0.9405 -0.2543 -0.2252
vn -0.9940 -0.0773 -0.0780
vn -0.8541 0.2786 0.4392
vn 0.5133 0.5555 0.6542
vn -0.3685 -0.9089 0.1950
vn 0.1215 -0.8198 0.5596
vn -0.1086 -0.7796 0.6168
vn 0.3646 -0.8204 0.4405
s 1
usemtl Material.107
f 4862//11745 4639//11745 4762//11745
f 4707//11746 4642//11746 4859//11746
f 4710//11747 4699//11747 4858//11747
f 4714//11748 4723//11748 4721//11748
f 4706//11749 4716//11749 4714//11749
f 4827//11750 4644//11750 4711//11750
f 4856//11751 4713//11751 4702//11751
f 4724//11752 4720//11752 4855//11752
f 4725//11753 4718//11753 4711//11753
f 4853//11754 4647//11754 4719//11754
f 4731//11755 4682//11755 4852//11755
f 4662//11756 4741//11756 4842//11756
f 4837//11757 4685//11757 4742//11757
f 4726//11758 4649//11758 4743//11758
f 4668//11759 4760//11759 4707//11759
f 4754//11760 4669//11760 4700//11760
f 4747//11761 4761//11761 4710//11761
f 4767//11762 4672//11762 4637//11762
f 4770//11763 4678//11763 4765//11763
f 4830//11764 4677//11764 4701//11764
f 4771//11765 4676//11765 4830//11765
f 4861//11766 4763//11766 4828//11766
f 4823//11767 4734//11767 4825//11767
f 4795//11768 4789//11768 4819//11768
f 4819//11769 4692//11769 4817//11769
f 4816//11770 4798//11770 4694//11770
f 4695//11771 4814//11771 4815//11771
f 4813//11772 4799//11772 4797//11772
f 4688//11773 4808//11773 4811//11773
f 4687//11774 4806//11774 4818//11774
f 4692//11775 4789//11776 4802//11777
f 4788//11778 4799//11778 4813//11778
f 4808//11779 4814//11779 4695//11779
f 4804//11780 4696//11780 4795//11780
f 4816//11781 4694//11781 4801//11781
f 4817//11782 4692//11782 4788//11782
f 4681//11783 4664//11783 4791//11783
f 4651//11784 4793//11784 4777//11784
f 4819//11785 4789//11785 4692//11785
f 4653//11786 4819//11786 4655//11786
f 4775//11787 4794//11787 4792//11787
f 4663//11788 4779//11788 4776//11788
f 4823//11789 4735//11789 4734//11789
f 4652//11790 4825//11790 4784//11790
f 4776//11791 4780//11791 4772//11791
f 4774//11792 4784//11792 4783//11792
f 4826//11793 4673//11793 4674//11793
f 4827//11794 4674//11794 4638//11794
f 4673//11795 4828//11795 4674//11795
f 4673//11796 4861//11796 4828//11796
f 4830//11797 4676//11797 4677//11797
f 4763//11798 4771//11798 4830//11798
f 4640//11799 4701//11799 4702//11799
f 4765//11800 4766//11800 4768//11800
f 4679//11801 4765//11801 4768//11801
f 4705//11802 4768//11802 4706//11802
f 4679//11803 4768//11803 4705//11803
f 4642//11804 4858//11804 4766//11804
f 4767//11805 4637//11805 4709//11805
f 4761//11806 4748//11806 4750//11806
f 4747//11807 4748//11807 4761//11807
f 4710//11808 4761//11808 4699//11808
f 4753//11809 4831//11809 4752//11809
f 4835//11810 4832//11810 4704//11810
f 4707//11811 4747//11811 4642//11811
f 4834//11812 4669//11813 4754//11812
f 4639//11814 4834//11812 4754//11812
f 4667//11815 4757//11815 4751//11815
f 4835//11816 4757//11816 4667//11816
f 4729//11817 4835//11817 4703//11817
f 4745//11818 4657//11818 4658//11818
f 4850//11819 4650//11819 4836//11819
f 4837//11820 4660//11820 4685//11820
f 4838//11821 4837//11821 4662//11821
f 4838//11822 4659//11823 4837//11824
f 4726//11825 4743//11825 4728//11825
f 4737//11826 4840//11826 4683//11826
f 4860//11827 4658//11827 4841//11827
f 4662//11828 4837//11828 4741//11828
f 4735//11829 4845//11829 4734//11829
f 4730//11830 4654//11830 4846//11830
f 4740//11831 4732//11831 4660//11831
f 4847//11832 4688//11832 4793//11832
f 4748//11833 4850//11833 4658//11833
f 4752//11834 4850//11834 4833//11834
f 4851//11835 4728//11835 4736//11835
f 4670//11836 4851//11836 4671//11836
f 4670//11837 4728//11837 4851//11837
f 4746//11838 4852//11838 4657//11838
f 4856//11839 4854//11839 4724//11839
f 4643//11840 4646//11840 4857//11840
f 4643//11841 4711//11841 4646//11841
f 4702//11842 4715//11842 4640//11842
f 4637//11843 4827//11843 4643//11843
f 4706//11844 4717//11844 4705//11844
f 4645//11845 4714//11845 4648//11845
f 4638//11846 4715//11846 4644//11846
f 4640//11847 4715//11847 4638//11847
f 4858//11848 4699//11848 4672//11848
f 4860//11849 4649//11849 4749//11849
f 4748//11850 4860//11850 4749//11850
f 4763//11851 4703//11851 4771//11851
f 4729//11852 4703//11852 4763//11852
f 4703//11853 4835//11853 4764//11853
f 4748//11854 4658//11854 4860//11854
f 4856//11855 4717//11855 4645//11855
f 4646//11856 4647//11857 4648//11858
f 4726//11859 4749//11860 4649//11861
f 4850//11862 4752//11862 4650//11862
f 4758//11863 4851//11863 4736//11863
f 4852//11864 4682//11864 4654//11864
f 4861//11865 4729//11866 4763//11867
f 4665//11868 4843//11869 4743//11870
f 4740//11871 4738//11872 4686//11873
f 4683//11874 4839//11875 4737//11876
f 4836//11877 4656//11878 4745//11879
f 4736//11880 4659//11880 4838//11880
f 4837//11824 4659//11823 4660//11881
f 4746//11882 4656//11883 4742//11884
f 4757//11885 4729//11886 4756//11887
f 4671//11888 4757//11889 4756//11890
f 4766//11891 4678//11892 4642//11893
f 4750//11894 4666//11894 4759//11894
f 4753//11895 4752//11895 4833//11895
f 4832//11896 4835//11896 4667//11896
f 4768//11897 4766//11897 4708//11897
f 4675//11898 4829//11899 4828//11900
f 4769//11901 4679//11901 4705//11901
f 4827//11902 4826//11902 4674//11902
f 4826//11903 4862//11904 4673//11905
f 4776//11906 4683//11906 4733//11906
f 4744//11907 4786//11908 4686//11909
f 4785//11910 4685//11910 4822//11910
f 4821//11911 4778//11911 4742//11911
f 4820//11912 4817//11912 4788//11912
f 4796//11913 4693//11913 4790//11913
f 4800//11914 4799//11915 4802//11916
f 4800//11917 4795//11918 4696//11919
f 4811//11920 4808//11920 4695//11920
f 4690//11921 4810//11922 4809//11923
f 4810//11924 4693//11925 4697//11926
f 4811//11927 4693//11928 4688//11929
f 4811//11930 4695//11930 4697//11930
f 4806//11931 4691//11932 4818//11933
f 4803//11934 4806//11934 4798//11934
f 4802//11777 4789//11776 4800//11935
f 4807//11936 4690//11937 4812//11938
f 4690//11939 4809//11939 4812//11939
f 4696//11940 4813//11941 4797//11942
f 4689//11943 4813//11944 4804//11945
f 4808//11946 4847//11947 4814//11948
f 4807//11949 4847//11950 4792//11951
f 4694//11952 4806//11953 4805//11954
f 4806//11955 4787//11956 4805//11957
f 4795//11958 4689//11958 4804//11958
f 4807//11959 4815//11960 4814//11961
f 4696//11962 4797//11962 4800//11962
f 4809//11963 4815//11964 4812//11965
f 4815//11966 4697//11967 4695//11968
f 4816//11969 4698//11970 4803//11971
f 4653//11972 4689//11973 4795//11974
f 4803//11975 4798//11975 4816//11975
f 4774//11976 4655//11976 4817//11976
f 4655//11977 4819//11977 4817//11977
f 4790//11978 4794//11979 4796//11980
f 4778//11981 4796//11981 4794//11981
f 4778//11982 4661//11982 4796//11982
f 4688//11983 4796//11984 4793//11985
f 4796//11986 4777//11987 4793//11988
f 4663//11989 4818//11990 4691//11991
f 4818//11992 4772//11993 4687//11994
f 4653//11995 4795//11995 4819//11995
f 4792//11996 4794//11996 4690//11996
f 4775//11997 4778//11997 4794//11997
f 4820//11998 4652//11999 4774//12000
f 4689//12001 4820//11998 4788//12002
f 4774//12003 4817//12003 4820//12003
f 4802//12004 4788//12005 4692//12006
f 4744//12007 4776//12008 4779//12009
f 4742//12010 4785//12011 4821//12012
f 4664//12013 4786//11908 4779//12014
f 4821//12015 4661//12016 4778//12017
f 4782//12018 4777//12019 4822//12020
f 4777//12021 4785//12022 4822//12023
f 4653//12024 4655//12024 4823//12024
f 4682//12025 4825//12026 4734//12027
f 4825//12028 4653//11972 4823//12029
f 4655//12030 4774//12030 4783//12030
f 4780//12031 4733//12032 4730//12033
f 4742//12034 4781//12035 4731//12036
f 4682//12037 4783//12038 4784//12039
f 4778//12040 4775//12040 4781//12040
f 4774//12041 4652//12041 4784//12041
f 4826//12042 4637//12043 4672//12044
f 4672//12045 4862//11904 4826//11903
f 4640//12046 4829//12047 4701//12048
f 4828//12049 4763//12049 4675//12049
f 4677//12050 4702//12051 4701//12052
f 4638//12053 4674//12053 4829//12053
f 4674//12054 4828//12054 4829//12054
f 4675//12055 4763//12055 4830//12055
f 4679//12056 4770//12057 4765//12058
f 4701//12059 4675//12059 4830//12059
f 4769//12060 4676//12061 4770//12062
f 4705//12063 4677//12064 4769//12065
f 4666//12066 4748//12067 4749//12068
f 4706//12069 4768//12069 4708//12069
f 4767//12070 4858//12070 4672//12070
f 4766//12071 4858//12071 4767//12071
f 4708//12072 4767//12072 4709//12072
f 4708//12073 4766//12073 4767//12073
f 4753//12074 4832//12075 4831//12076
f 4642//12077 4747//12077 4710//12077
f 4831//12078 4667//12079 4751//12080
f 4668//12081 4704//12082 4832//12075
f 4671//12083 4755//12084 4670//12085
f 4669//12086 4729//12087 4700//12088
f 4669//12089 4755//12089 4756//12089
f 4748//12090 4760//12091 4833//12092
f 4700//12093 4639//12093 4754//12093
f 4753//12094 4760//12095 4668//12096
f 4755//12097 4759//12098 4670//12099
f 4747//12100 4707//12100 4760//12100
f 4859//12101 4668//12101 4707//12101
f 4755//12102 4834//12103 4750//12104
f 4834//12105 4699//12106 4761//12107
f 4834//12108 4761//12108 4750//12108
f 4838//12109 4727//12110 4736//12111
f 4751//12112 4757//12112 4758//12112
f 4745//12113 4746//12113 4657//12113
f 4836//12114 4745//12114 4658//12114
f 4658//12115 4850//12115 4836//12115
f 4686//12116 4839//12117 4744//12118
f 4839//12119 4665//12120 4743//12121
f 4839//12122 4649//12123 4737//12124
f 4649//12125 4840//12126 4737//12127
f 4840//12128 4658//12129 4657//12130
f 4741//12131 4650//12132 4842//12133
f 4860//12134 4841//12134 4649//12134
f 4656//12135 4837//12135 4742//12135
f 4741//12136 4837//12136 4656//12136
f 4660//12137 4739//12138 4740//12139
f 4650//12140 4727//12140 4842//12140
f 4727//12141 4662//12141 4842//12141
f 4659//12142 4843//12143 4739//12144
f 4665//12145 4738//12145 4739//12145
f 4728//12146 4843//12146 4736//12146
f 4728//12147 4743//12147 4843//12147
f 4791//12148 4787//12148 4687//12148
f 4772//12149 4791//12149 4687//12149
f 4772//12150 4681//12150 4791//12150
f 4844//12151 4682//12152 4734//12153
f 4844//12154 4734//12154 4845//12154
f 4846//12155 4680//12156 4730//12157
f 4793//12158 4773//12159 4847//12160
f 4686//12161 4680//12161 4740//12161
f 4792//12162 4773//12163 4775//12164
f 4730//12165 4852//12166 4654//12167
f 4852//12168 4683//12169 4840//12170
f 4840//12171 4657//12171 4852//12171
f 4822//12172 4660//12173 4848//12174
f 4727//12175 4758//12176 4736//12177
f 4660//12178 4732//12178 4848//12178
f 4728//12179 4759//12180 4849//12181
f 4671//12182 4851//12182 4758//12182
f 4849//12183 4726//12183 4728//12183
f 4849//12184 4666//12185 4749//12186
f 4727//12187 4752//12188 4751//12189
f 4833//12190 4850//12190 4748//12190
f 4852//12191 4742//12192 4731//12193
f 4831//12194 4751//12194 4752//12194
f 4853//12195 4644//12196 4712//12197
f 4853//12198 4719//12198 4725//12198
f 4854//12199 4645//12200 4648//12201
f 4712//12202 4647//12202 4853//12202
f 4723//12203 4857//12204 4646//12205
f 4723//12206 4646//12206 4722//12206
f 4855//12207 4712//12208 4713//12209
f 4646//12210 4711//12210 4718//12210
f 4644//12211 4725//12211 4711//12211
f 4647//12212 4855//12212 4720//12212
f 4724//12213 4713//12214 4856//12215
f 4716//12216 4709//12217 4857//12218
f 4641//12219 4705//12219 4856//12219
f 4705//12220 4717//12220 4856//12220
f 4857//12221 4637//12222 4643//12223
f 4713//12224 4715//12225 4702//12226
f 4714//12227 4717//12228 4706//12229
f 4641//12230 4856//12230 4702//12230
f 4643//12231 4827//12231 4711//12231
f 4638//12232 4644//12232 4827//12232
f 4678//12233 4704//12082 4859//12234
f 4708//12235 4716//12235 4706//12235
f 4714//12236 4721//12236 4648//12236
f 4716//12237 4723//12237 4714//12237
f 4644//12238 4715//12238 4712//12238
f 4642//12239 4710//12239 4858//12239
f 4678//12240 4859//12240 4642//12240
f 4770//12241 4764//12242 4704//12243
f 4764//12244 4771//12245 4703//12246
f 4764//12247 4835//12247 4704//12247
f 4700//12248 4762//12249 4639//12250
f 4673//12251 4762//12251 4861//12251
f 4862//12252 4762//12252 4673//12252
f 4672//12253 4699//12253 4862//12253
f 4699//12254 4639//12254 4862//12254
f 4648//11858 4721//12255 4723//12256
f 4646//11856 4718//12257 4725//12258
f 4725//12258 4719//12259 4647//11857
f 4647//11857 4720//12260 4724//12261
f 4724//12261 4854//12262 4648//11858
f 4648//11858 4723//12256 4646//11856
f 4646//11856 4725//12258 4647//11857
f 4647//11857 4724//12261 4648//11858
f 4726//11859 4849//12263 4749//11860
f 4861//11865 4700//12264 4729//11866
f 4665//11868 4739//12265 4843//11869
f 4740//11871 4739//12266 4738//11872
f 4683//11874 4744//12267 4839//11875
f 4836//11877 4650//12268 4656//11878
f 4746//11882 4745//12269 4656//11883
f 4757//11885 4835//12270 4729//11886
f 4671//11888 4758//12271 4757//11889
f 4766//11891 4765//12272 4678//11892
f 4675//11898 4701//12273 4829//11899
f 4744//11907 4779//12014 4786//11908
f 4800//11914 4797//12274 4799//11915
f 4800//11917 4789//12275 4795//11918
f 4690//11921 4790//12276 4810//11922
f 4810//11924 4790//12277 4693//11925
f 4801//12278 4694//12278 4805//12278
f 4811//11927 4697//12279 4693//11928
f 4806//11931 4803//12280 4691//11932
f 4807//11936 4792//12281 4690//11937
f 4696//11940 4804//12282 4813//11941
f 4689//11943 4788//12283 4813//11944
f 4808//11946 4688//12284 4847//11947
f 4807//11949 4814//12285 4847//11950
f 4694//11952 4798//12286 4806//11953
f 4806//11955 4687//12287 4787//11956
f 4807//11959 4812//12288 4815//11960
f 4809//11963 4810//12289 4815//11964
f 4815//11966 4810//12290 4697//11967
f 4816//11969 4801//12291 4698//11970
f 4653//11972 4652//12292 4689//11973
f 4790//11978 4690//12293 4794//11979
f 4688//11983 4693//12294 4796//11984
f 4796//11986 4661//12295 4777//11987
f 4663//11989 4776//12296 4818//11990
f 4818//11992 4776//12297 4772//11993
f 4820//11998 4689//12001 4652//11999
f 4802//12004 4799//12298 4788//12005
f 4744//12007 4683//12299 4776//12008
f 4742//12010 4685//12300 4785//12011
f 4821//12015 4785//12301 4661//12016
f 4680//12302 4686//12302 4786//12302
f 4786//12303 4664//12303 4681//12303
f 4782//12018 4651//12304 4777//12019
f 4777//12021 4661//12305 4785//12022
f 4682//12025 4784//12306 4825//12026
f 4825//12028 4652//12292 4653//11972
f 4780//12031 4776//12307 4733//12032
f 4742//12034 4778//12308 4781//12035
f 4682//12037 4731//12309 4783//12038
f 4826//12042 4827//12310 4637//12043
f 4640//12046 4638//12311 4829//12047
f 4677//12050 4641//12312 4702//12051
f 4679//12056 4769//12313 4770//12057
f 4769//12060 4677//12314 4676//12061
f 4705//12063 4641//12315 4677//12064
f 4666//12066 4750//12316 4748//12067
f 4753//12074 4668//12081 4832//12075
f 4831//12078 4832//12317 4667//12079
f 4668//12081 4859//12234 4704//12082
f 4671//12083 4756//12318 4755//12084
f 4669//12086 4756//12319 4729//12087
f 4748//12090 4747//12320 4760//12091
f 4753//12094 4833//12321 4760//12095
f 4755//12097 4750//12322 4759//12098
f 4755//12102 4669//12323 4834//12103
f 4834//12105 4639//12324 4699//12106
f 4838//12109 4662//12325 4727//12110
f 4686//12116 4738//12326 4839//12117
f 4839//12119 4738//12327 4665//12120
f 4839//12122 4743//12328 4649//12123
f 4649//12125 4841//12329 4840//12126
f 4840//12128 4841//12330 4658//12129
f 4741//12131 4656//12331 4650//12132
f 4660//12137 4659//12332 4739//12138
f 4659//12142 4736//12333 4843//12143
f 4844//12151 4654//12334 4682//12152
f 4846//12155 4824//12335 4680//12156
f 4793//12158 4651//12336 4773//12159
f 4792//12162 4847//12337 4773//12163
f 4730//12165 4733//12338 4852//12166
f 4852//12168 4733//12339 4683//12169
f 4822//12172 4685//12340 4660//12173
f 4727//12175 4751//12341 4758//12176
f 4728//12179 4670//12342 4759//12180
f 4849//12184 4759//12343 4666//12185
f 4727//12187 4650//12344 4752//12188
f 4852//12191 4746//12345 4742//12192
f 4853//12195 4725//12346 4644//12196
f 4854//12199 4856//12347 4645//12200
f 4723//12203 4716//12348 4857//12204
f 4855//12207 4647//12349 4712//12208
f 4724//12213 4855//12350 4713//12214
f 4716//12216 4708//12351 4709//12217
f 4857//12221 4709//12352 4637//12222
f 4713//12224 4712//12353 4715//12225
f 4714//12227 4645//12354 4717//12228
f 4678//12233 4770//12355 4704//12082
f 4770//12241 4676//12356 4764//12242
f 4764//12244 4676//12357 4771//12245
f 4700//12248 4861//12358 4762//12249
usemtl Material.108
f 4878//12359 4875//12359 4876//12359
f 4865//12360 4863//12360 4866//12360
f 4877//12361 4875//12361 4878//12361
f 4864//12362 4866//12362 4863//12362
l 4873 4874
l 4868 4879
l 4869 4871
l 4879 4880
l 4684 4824
l 4867 4870
l 4876 4880
